Date,Open,High,Low,Close,Volume,SMA_20,SMA_50,RSI_14,MACD,MACD_Signal,MACD_Hist,BB_Upper,BB_Middle,BB_Lower,Daily_Return,Daily_Return_2,Daily_Return_5,Price_to_SMA20,Price_to_SMA50,SMA20_to_SMA50,Volatility_7,Volatility_20,Volume_to_Avg20,BB_Position,Momentum_10,Target_Next_Day_Return,Target_Is_Up
2024-02-13 00:00:00+00:00,0.5599989891052246,0.563696026802063,0.5355449914932251,0.5449960231781006,461202155,0.5127546474337578,0.5340829598903656,55.81600514453243,0.005930206993470466,-0.0019407655542188057,0.007870972547689271,0.563477928432385,0.5127546474337578,0.46203136643513054,-0.02684668117888478,0.006623435200635797,0.029714651236646406,1.0628787586923003,1.0204332736808812,0.9600655440102676,0.028645325394370227,0.02886137465426966,1.1368806893614232,0.8178163469474246,0.0626583205297766,0.05927741582122237,1
2024-02-14 00:00:00+00:00,0.5449889898300171,0.5808830261230469,0.5409680008888245,0.5773019790649414,575223913,0.5182957962155342,0.5334530198574066,62.9742095291021,0.00927720488356909,0.00030282853333877353,0.008974376350230316,0.5718669580644746,0.5182957962155342,0.4647246343665939,0.05927741582122237,0.030839332758677118,0.06751207761415645,1.113846539524834,1.0821983521983918,0.9715865819900619,0.033190847348455906,0.030309090235929908,1.378104723588219,1.050727115232188,0.16802222125880473,0.05380371936664208,1
2024-02-15 00:00:00+00:00,0.5773209929466248,0.6107410192489624,0.5734739899635315,0.6083629727363586,779142077,0.5244492441415787,0.5329495787620544,68.29298760524517,0.01427157361018594,0.003096577548708207,0.011174996061477732,0.589171419317192,0.5244492441415787,0.45972706896596544,0.05380371936664208,0.11627048063348933,0.10328209722501769,1.1600035266179674,1.141501929975207,0.9840503962115507,0.0330223597136178,0.031130372453042374,1.7778494544620607,1.148261035472722,0.23315155974089974,-0.015600829146760087,0
2024-02-16 00:00:00+00:00,0.6085270047187805,0.6122689843177795,0.5859950184822083,0.5988720059394836,550329852,0.5300767943263054,0.5325785791873932,65.21047618216477,0.017264787385303793,0.005930219516027324,0.011334567869276469,0.6001882214740821,0.5300767943263054,0.4599653671785286,-0.015600829146760087,0.0373635075865828,0.10613393534303905,1.12978348109091,1.124476329583591,0.9953025056604698,0.03570536371407854,0.03166838792258228,1.2127754538917483,0.9906134022074301,0.20143721828811012,0.01581970668048127,1
2024-02-17 00:00:00+00:00,0.5988940000534058,0.6099179983139038,0.5710020065307617,0.6083459854125977,466411549,0.5360081434249878,0.5325756192207336,66.82040378901456,0.020168907225370458,0.008777957057895951,0.011390950167474507,0.6116010350076753,0.5360081434249878,0.46041525184230037,0.01581970668048127,-2.7923007352992357e-05,0.08627199010277087,1.134956610034663,1.1422715638067162,1.0064451395827634,0.03565572045449551,0.031672075032491157,1.0141020251394943,0.9784698698057008,0.21239282643614188,0.017075836694638857,1
2024-02-18 00:00:00+00:00,0.6086390018463135,0.6374850273132324,0.6086390018463135,0.6187340021133423,682968263,0.5406810939311981,0.5329110193252563,68.53953071658933,0.023043043392714346,0.011630974324859631,0.011412069067854715,0.6245788924118338,0.5406810939311981,0.4567832954505624,0.017075836694638857,0.03316567810295301,0.13530003119150225,1.144360343015945,1.1610456148884865,1.0145804352399765,0.032608839262217436,0.02827338169926542,1.4477817660138725,0.9651666050579348,0.16903507566731157,0.019926143239420657,1
2024-02-19 00:00:00+00:00,0.6187689900398254,0.6364780068397522,0.617451012134552,0.6310629844665527,623936416,0.5465259939432144,0.5336481785774231,70.49356788338696,0.026015769256926835,0.014507933311273072,0.011507835945653763,0.6385408871792231,0.5465259939432144,0.4545111007072058,0.019926143239420657,0.03734223550196969,0.09312458185001948,1.1546806400065244,1.1825449983710503,1.0241316580525404,0.031974898048352095,0.02747954296765594,1.3043902334971536,0.9593658023734793,0.16692369346182034,-0.014099955796846864,0
2024-02-20 00:00:00+00:00,0.631060004234314,0.6390209794044495,0.6004310250282288,0.6221650242805481,820804617,0.552721445262432,0.5336292791366577,67.24725699632609,0.027338543189754816,0.01707405528696942,0.010264487902785394,0.6476902665093396,0.552721445262432,0.4577526240155245,-0.014099955796846864,0.005545229703696419,0.022687198535619624,1.1256393787745005,1.165912457590651,1.035777958354652,0.029267738922180406,0.026373729838771398,1.655108299275017,0.8656125142249111,0.12831247720555639,-0.03810409019871919,0
2024-02-21 00:00:00+00:00,0.6220899820327759,0.6226670145988464,0.5773760080337524,0.5984579920768738,559139405,0.5572931960225105,0.5334850990772247,59.39871349301058,0.026172194919287017,0.018893683213432943,0.0072785117058540745,0.6518014294641289,0.5572931960225105,0.4627849625808921,-0.03810409019871919,-0.051666780008085,-0.0006913227843408087,1.0738655995590165,1.1217895178553878,1.0446274825416246,0.03031106650878338,0.028546690718486624,1.1068333283512848,0.7177841789826305,0.10536923975100376,-0.02098061453166633,0
2024-02-22 00:00:00+00:00,0.5984799861907959,0.6068919897079468,0.5822240114212036,0.5859019756317139,507615418,0.5608903959393501,0.5340574181079865,55.69137847905908,0.023958511117234904,0.019906648794193335,0.004051862323041569,0.653918748762776,0.5608903959393501,0.46786204311592416,-0.02098061453166633,-0.05828525750184632,-0.03689349534485975,1.0445926332014932,1.097076748240663,1.0502436197336706,0.02268784648692571,0.029271847437660304,0.9958799012083086,0.6344298750502304,0.04619561949266271,-0.004539968446980236,0
2024-02-23 00:00:00+00:00,0.5858209729194641,0.5940210223197937,0.570497989654541,0.5832419991493225,459892758,0.5644094452261925,0.5343109178543091,54.90949355970604,0.02173892014418588,0.020273103064191843,0.001465817079994037,0.6550828347658709,0.5644094452261925,0.47373605568651406,-0.004539968446980236,-0.02542533165067451,-0.05736229598307774,1.033366829847404,1.0915779177627725,1.056331484845478,0.022217983161095852,0.029316156114661037,0.8863979647784881,0.6038482956175855,0.07017661477269788,0.023067646093678285,1
2024-02-24 00:00:00+00:00,0.5831609964370728,0.5989239811897278,0.5711889863014221,0.5966960191726685,388866047,0.5695314466953277,0.5354199981689454,58.112777174085736,0.020825442544437855,0.020383570960241047,0.0004418715841968089,0.6549395931414607,0.5695314466953277,0.4841233002491948,0.023067646093678285,0.01842295126128657,-0.05445885139806639,1.047696352211913,1.1144447745942956,1.063709701996635,0.023408514033318666,0.02767839571426658,0.7388444675741511,0.6590279944459014,0.033594272687475835,-0.008910789022123722,0
2024-02-25 00:00:00+00:00,0.5967050194740295,0.5997750163078308,0.5814059972763062,0.5913789868354797,340380261,0.5744333967566491,0.5367855179309845,56.40729391903541,0.01944827725797138,0.020196512219787112,-0.0007482349618157316,0.6523546978192496,0.5744333967566491,0.49651209569404847,-0.008910789022123722,0.01395130614397666,-0.04948210883546267,1.029499660316598,1.101704437025282,1.0701357945921801,0.02178689609457458,0.027879332632581726,0.6428243809105824,0.6087352870636549,-0.027917520726954415,0.047950687448200524,1
2024-02-26 00:00:00+00:00,0.5913609862327576,0.6216980218887329,0.5752559900283813,0.6197360157966614,587054943,0.5804970473051071,0.5392967581748962,62.69533142648727,0.020409767993307293,0.02023916337449115,0.00017060461881614197,0.652148518350585,0.5804970473051071,0.5088455762596292,0.047950687448200524,0.03861261996676024,0.03555474904085565,1.0675954661160068,1.14915583378248,1.076396322628829,0.028831328224662445,0.029179435773963855,1.0768561981782405,0.7738183035115144,0.03483884644841129,0.007228891328590725,1
2024-02-27 00:00:00+00:00,0.6197460293769836,0.6289939880371094,0.6112080216407776,0.6242160201072693,746587622,0.5866191983222961,0.54096235871315,63.58891927072151,0.02128786201308286,0.020448903102209495,0.0008389589108733636,0.6504453461552226,0.5866191983222961,0.5227930504893696,0.007228891328590725,0.05552620908548578,0.06539326725131045,1.0640906773806558,1.153899176260922,1.084399291140617,0.0284929884319709,0.029174736179052634,1.33833016812015,0.7945252303443713,0.02608718570552937,0.01096250436973345,1
2024-02-28 00:00:00+00:00,0.6241959929466248,0.6580229997634888,0.603052020072937,0.6310589909553528,1200627089,0.5917086988687515,0.5433529984951019,64.96922335670136,0.022279108711465323,0.020814944224060664,0.0014641644874046587,0.6524380011926877,0.5917086988687515,0.5309793965448154,0.01096250436973345,0.018270642451102104,0.081984822553542,1.0665028115385704,1.1614162297864663,1.0889950005016593,0.022786512231912828,0.027329214750807095,2.0561665804999003,0.823981097927841,0.019919688913027755,0.03896154801933194,1
2024-02-29 00:00:00+00:00,0.6308599710464478,0.7052800059318542,0.6257200241088867,0.655646026134491,1639531217,0.5974514007568359,0.5451329791545868,69.4504074207032,0.024763192449998694,0.02160459386924827,0.0031585985807504255,0.6596126963374239,0.5974514007568359,0.5352901051762479,0.03896154801933194,0.05035116852947885,0.09879403426146194,1.0974047852326325,1.2027267679737375,1.0959736864267255,0.021376466195112666,0.028007791308877924,2.5631390404363064,0.9680937296601997,0.03895497323253494,0.09675183853693414,1
2024-03-01 00:00:00+00:00,0.6554409861564636,0.7190809845924377,0.6545929908752441,0.7190809845924377,935379844,0.6058348506689072,0.5478710186481476,77.46127485522527,0.03148754884634952,0.02358118486466852,0.007906363981681003,0.6848053448401623,0.6058348506689072,0.5268643564976521,0.09675183853693414,0.13948298795938152,0.2159393563175156,1.1869257501421295,1.3125004975929275,1.1057983175744235,0.03487175820863232,0.03405347302777524,1.4030930401916548,1.2170154822505315,0.15577211275088976,0.03038184867479976,1
2024-03-02 00:00:00+00:00,0.7190340161323547,0.7613030076026917,0.7188779711723328,0.7409279942512512,1245213176,0.6158107489347457,0.5517429184913635,79.45903350933031,0.03813986817414983,0.026492921526564784,0.011646946647585043,0.7095425487109243,0.6158107489347457,0.5220789491585672,0.03038184867479976,0.1300731869291718,0.19555419624725112,1.2031748317692381,1.3428862780462656,1.116118990015429,0.03470859283487864,0.03337238541588806,1.7719077834405395,1.1674215453841281,0.2380618256595639,-0.017127180758555238,0
2024-03-03 00:00:00+00:00,0.7410719990730286,0.7416639924049377,0.7019559741020203,0.7282379865646362,907825948,0.6242210984230041,0.5553209578990936,75.28481091035691,0.04190484859358934,0.0295753069399697,0.01232954165361964,0.726660464125853,0.6242210984230041,0.5217817327201553,-0.017127180758555238,0.01273431250221213,0.16664417942924814,1.1666346882609613,1.3113821407348416,1.12407264581653,0.03641584035955997,0.03388879687340121,1.254064975038421,1.0076997862489665,0.24293485404185078,0.05912354476736659,1
2024-03-04 00:00:00+00:00,0.7281789779663086,0.796567976474762,0.7259200215339661,0.7712939977645874,1639201127,0.6355359971523284,0.5602272176742553,79.26491737003693,0.04781173900546998,0.033222593353069756,0.014589145652400222,0.7503713014841737,0.6355359971523284,0.5207006928204831,0.05912354476736659,0.040983744370494124,0.22222170798475505,1.2136118193470633,1.3767520988476092,1.1344254207974978,0.037524410265950284,0.03392073154373692,2.094005307253058,1.0910987104625607,0.3224253378349722,-0.10087459465357707,0
2024-03-05 00:00:00+00:00,0.7712979912757874,0.7806950211524963,0.5958080291748047,0.6934900283813477,2145482141,0.6413453996181488,0.563533798456192,60.35145166276525,0.04568819702403015,0.03571571408726184,0.009972482936768313,0.7555303230930336,0.6413453996181488,0.5271604761432641,-0.10087459465357707,-0.04771511349910118,0.0577201732922481,1.081305064001777,1.2306094688218743,1.1380779668852563,0.06310252497812062,0.04168940075971163,2.490924877058555,0.728334123176376,0.16221661633152196,0.05815649078559959,1
2024-03-06 00:00:00+00:00,0.6934890151023865,0.7542889714241028,0.6679329872131348,0.7338209748268127,1221400314,0.6476182997226715,0.5674966979026794,65.01193891123171,0.0467210735695599,0.03791678598372145,0.008804287585838448,0.7678009156565027,0.6476182997226715,0.5274356837888403,0.05815649078559959,-0.04858461630244926,0.020498372993035474,1.1331072255695303,1.293084131658959,1.141184260835527,0.06486120960071394,0.04194049411301096,1.3825622803919158,0.858632046882728,0.2408641347802234,0.014882378412396369,1
2024-03-07 00:00:00+00:00,0.7338460087776184,0.7546200156211853,0.7213649749755859,0.7447419762611389,941680283,0.6549117982387542,0.5718509578704833,66.17150483904501,0.04786906444107997,0.03990724167519316,0.007961822765886806,0.7802334858187274,0.6549117982387542,0.529590110658781,0.014882378412396369,0.07390437610100431,0.005147574446477732,1.1371637803196764,1.302335802731685,1.1452491059516299,0.06455003608803879,0.041502894005133704,1.0428353980569707,0.8583983736456635,0.2017084004772327,-0.02670452912943788,0
2024-03-08 00:00:00+00:00,0.7447389960289001,0.7544599771499634,0.7041710019111633,0.7248539924621582,927800736,0.6607371985912323,0.5763105571269989,62.133085024962156,0.04663646525456222,0.04125308639106698,0.005383378863495242,0.7877648171117974,0.6607371985912323,0.5337095800706672,-0.02670452912943788,-0.012219577624870692,-0.004646824478961253,1.0970382687816431,1.2577489402166644,1.146495045805015,0.05650813041608713,0.042365489186434374,1.00186957347371,0.7523734390113981,0.16122298869803853,0.026017693235245165,1
2024-03-09 00:00:00+00:00,0.7248550057411194,0.7461429834365845,0.7233999967575073,0.7437130212783813,605198969,0.6669861495494842,0.5811217975616455,64.35463828159591,0.046643707902834564,0.0423312106934205,0.004312497209414061,0.7975604326973138,0.6669861495494842,0.5364118664016546,0.026017693235245165,-0.001381626141074066,-0.03575935579188083,1.1150351799369782,1.279788547597009,1.14775620592468,0.056172943950936055,0.042494894533770484,0.656269239732404,0.7938054488188568,0.178515847072368,-0.03561325189137443,0
2024-03-10 00:00:00+00:00,0.7437139749526978,0.7442259788513184,0.7053009867668152,0.7172269821166992,644622507,0.6712943494319916,0.5851662373542785,59.10972713711446,0.04400498368669914,0.04266596529207623,0.0013390183946229081,0.8025620646161057,0.6712943494319916,0.5400266342478776,-0.03561325189137443,-0.010522133318948579,0.034228255294103116,1.0684239823016133,1.22568073195663,1.1471857167753312,0.05763347836574622,0.04361904956291918,0.6982364374711456,0.67495784329103,0.09392408941341812,0.0794211985102391,1
2024-03-11 00:00:00+00:00,0.7171519994735718,0.7868829965591431,0.6959819793701172,0.7741900086402893,1342617498,0.6788955986499786,0.5905879378318787,65.60269711118475,0.04598018496440992,0.04332880922654297,0.0026513757378669525,0.8156754896669882,0.6788955986499786,0.542115707632969,0.0794211985102391,0.04097949947080459,0.05501210131395329,1.140366810714061,1.3108801569541642,1.14952499900741,0.06152513253783138,0.04614111622960998,1.4143149719061863,0.8483494879318924,0.0766381328788528,-0.03375789808305696,0
2024-03-12 00:00:00+00:00,0.7741889953613281,0.7750030159950256,0.7166979908943176,0.7480549812316895,998599295,0.6863754481077194,0.595978997349739,60.830082375193136,0.044918871129857374,0.04364682160720585,0.0012720495226515235,0.8209784565797156,0.6863754481077194,0.5517724396357233,-0.03375789808305696,0.04298220770223926,0.004448527243197553,1.0898626739840642,1.2551700388071017,1.1516772422517652,0.046078422795135444,0.045902326606271616,1.0281283125629286,0.7291164730422883,0.009619000814836909,0.022090662519083315,1
2024-03-13 00:00:00+00:00,0.7480549812316895,0.772146999835968,0.7387189865112305,0.7645800113677979,824896066,0.6953093498945236,0.601735617518425,62.67889606428984,0.044893697496779295,0.04389619678512054,0.0009975007116587511,0.8254793601820588,0.6953093498945236,0.5651393396069885,0.022090662519083315,-0.0124129698978801,0.05480554610825794,1.0996256723482611,1.270624488742993,1.1555063879416003,0.04184981035760416,0.04526870163573215,0.8356399794227745,0.7660776522958739,0.0499040498760579,-0.018449390544893918,0
2024-03-14 00:00:00+00:00,0.7645620107650757,0.8069850206375122,0.7193260192871094,0.7504739761352539,1613619970,0.7036709487438202,0.6072191768884658,60.072366712481404,0.04323709770875994,0.043764376969848424,-0.0005272792610884827,0.8246936244578071,0.7036709487438202,0.5826482730298332,-0.018449390544893918,0.003233712713979209,0.009090811460112702,1.066512661173501,1.2359194253067887,1.1588417749742292,0.04264171718756439,0.045679546892844564,1.5443862869529892,0.6933647025869902,-0.026993625893207196,-0.03202369591157528,0
2024-03-15 00:00:00+00:00,0.7504739761352539,0.7619619965553284,0.6788529753684998,0.7264410257339478,1420031176,0.7101581990718842,0.6124184173345566,55.81374326759595,0.039529302997144744,0.04291736217530769,-0.0033880591781629485,0.8204725543801529,0.7101581990718842,0.5998438437636154,-0.03202369591157528,-0.04988226878390556,0.0128467609933689,1.0229284498627824,1.1861841596724907,1.1595964114905668,0.043278176330895625,0.04673245349050504,1.2951909468265212,0.5738019390883532,0.04751473850245547,-0.0921011239403009,0
2024-03-16 00:00:00+00:00,0.7264469861984253,0.7336540222167969,0.6547409892082214,0.6595349907875061,959186468,0.7135659992694855,0.6159032368659973,46.03049583656246,0.030836625686081698,0.0405012148774625,-0.009664589191380801,0.812002103688216,0.7135659992694855,0.615129894850755,-0.0921011239403009,-0.12117540146569772,-0.1480967418504301,0.9242802928708854,1.07084189741156,1.1585683538544818,0.05371206434843884,0.05199653202121625,0.8508496388104458,0.22555289138555995,-0.10123175350341918,0.03269577369909027,1
2024-03-17 00:00:00+00:00,0.6595349907875061,0.6867949962615967,0.6337869763374329,0.681098997592926,802801116,0.7166341483592987,0.6197987967729568,49.125699217009,0.02539491465264887,0.03747995483249977,-0.012085040179850903,0.8061800039747037,0.7166341483592987,0.6270882927438938,0.03269577369909027,-0.0624166677469945,-0.08950676797649137,0.9504138187557364,1.0989033879044856,1.156236753105241,0.05567667328435964,0.05146977749836881,0.705377774338364,0.3015812651397602,-0.08545641402908766,-0.02913088318881385,0
2024-03-18 00:00:00+00:00,0.681098997592926,0.6964100003242493,0.6453189849853516,0.6612579822540283,802980597,0.7184862464666366,0.6232295763492585,46.484115087341515,0.019259306042125335,0.03383582507442488,-0.014576519032299548,0.80125986318868,0.7184862464666366,0.6357126297445932,-0.02913088318881385,0.0026124337458803826,-0.13513566608801508,0.9203488382776361,1.0610182946187052,1.1528436289486945,0.04113065124606794,0.052062852502911955,0.7037918497119918,0.15430854371881125,-0.08773630395841403,-0.11242810121589308,0
2024-03-19 00:00:00+00:00,0.6612579822540283,0.6644840240478516,0.5807110071182251,0.5869140028953552,1139892364,0.7162789970636367,0.6244623565673828,38.19624450686944,0.008302152155785336,0.028729090490696975,-0.02042693833491164,0.8104398689166089,0.7162789970636367,0.6221181252106646,-0.11242810121589308,-0.13828385452104652,-0.217942231764238,0.8193930092902217,0.9398709093076039,1.1470331070089834,0.053820589158797526,0.058170001750654864,1.0017526380473847,-0.18693604690852342,-0.21083269204229016,0.08956508943073094,1
2024-03-20 00:00:00+00:00,0.5869140028953552,0.6431609988212585,0.5724959969520569,0.6394810080528259,971939779,0.7154707461595535,0.6269686770439148,45.584069031598084,0.0038162553382428133,0.023746523460206146,-0.019930268121963333,0.8120689809210888,0.7154707461595535,0.6188725113980182,0.08956508943073094,-0.03293264472509094,-0.1197069199020846,0.89379057282968,1.0199568678102156,1.1411586772291653,0.06914342983663124,0.06107292283154773,0.8799669779573329,0.10667118661993313,-0.10839800509795006,-0.011904971622406446,0
2024-03-21 00:00:00+00:00,0.6394860148429871,0.6465219855308533,0.620028018951416,0.6318680047988892,656574365,0.711110097169876,0.6296409171819687,44.74977332381723,-0.00034913137767567104,0.018927392492629782,-0.019276523870305453,0.8146468889064267,0.711110097169876,0.6075733054333254,-0.011904971622406446,0.07659384796029323,-0.04194923146622087,0.8885656487140882,1.0035370757461064,1.1293899074293523,0.06926132587610001,0.05674356205356726,0.6020424469888751,0.11732399158833116,-0.18383342881337417,-0.029444430923689535,0
2024-03-22 00:00:00+00:00,0.6318730115890503,0.6418319940567017,0.6009119749069214,0.6132630109786987,590758984,0.7047268480062485,0.6317657178640366,42.69329203747765,-0.005092791344434189,0.01412335572521699,-0.019216147069651177,0.8159775343878227,0.7047268480062485,0.5934761616246743,-0.029444430923689535,-0.0409988674315116,-0.0995978365171093,0.8702137753282548,0.9707127082680358,1.1154876373933194,0.06920712975640528,0.05636197694695133,0.5584496108334047,0.08892911135019116,-0.1801899240495033,0.02054418930947155,1
2024-03-23 00:00:00+00:00,0.6133040189743042,0.6386299729347229,0.6130160093307495,0.6258620023727417,412657715,0.6996080487966537,0.634003798365593,44.5515842081112,-0.007746248798700894,0.009749434820433413,-0.017495683619134308,0.8156227896298194,0.6996080487966537,0.5835933079634881,0.02054418930947155,-0.009505153577223813,-0.05352824590583005,0.8945894825670497,0.9871581274215705,1.103476115758585,0.06295582818820025,0.05666534782684588,0.3994375026172214,0.18216949891754655,-0.1814303368288377,0.03242731439392421,1
2024-03-24 00:00:00+00:00,0.6258590221405029,0.6473039984703064,0.6255459785461426,0.6461570262908936,404827847,0.693351200222969,0.6366697186231614,47.5046160150573,-0.008117915850040847,0.0061759646863385614,-0.014293880536379408,0.8065509946028122,0.693351200222969,0.5801514058431259,0.03242731439392421,0.053637696589102335,0.1009398704124993,0.9319332339557519,1.014901458935803,1.089028078361234,0.06292859523571893,0.05534979221670706,0.4167560685319103,0.2915447894997278,-0.1390014219834318,0.016701756599840856,1
2024-03-25 00:00:00+00:00,0.6461520195007324,0.667585015296936,0.6399009823799133,0.656948983669281,582546405,0.6915241479873657,0.6399235785007477,49.05824815025673,-0.00745569923785705,0.0034496319014994396,-0.010905331139356489,0.8058880717944419,0.6915241479873657,0.5771602241802896,0.016701756599840856,0.049670664105958995,0.027315863014671482,0.950001508380129,1.026605372485917,1.0806355183966045,0.06247528716271709,0.0509615396168824,0.6521784385992943,0.34883710191506473,-0.09566095471336655,0.012306910638259172,1
2024-03-26 00:00:00+00:00,0.656948983669281,0.6825870275497437,0.6540799736976624,0.6650339961051941,618252702,0.6880847990512848,0.6433574587106705,50.246252499906454,-0.006206945068319758,0.0015183165075356,-0.007725261575855358,0.8012236357353741,0.6880847990512848,0.5749459623671955,0.012306910638259172,0.029214214264076332,0.052488796796826165,0.9665000549672473,1.0336928360758648,1.0695217561171215,0.03766750445026886,0.049137533093197065,0.7163377978882681,0.3981304580209973,0.008337700644391877,-0.024887476216497784,0
2024-03-27 00:00:00+00:00,0.6650239825248718,0.6701580286026001,0.6327040195465088,0.6484829783439636,656276131,0.683271849155426,0.6463578581809998,47.78926362920333,-0.006478151109397978,-8.097701585111565e-05,-0.006397174093546862,0.7944349455304874,0.683271849155426,0.5721087527803647,-0.024887476216497784,-0.012886853524046726,0.057430444580470974,0.9490848761668376,1.0032878383639434,1.0571107638086288,0.024140854614492255,0.04914873661265889,0.7731774406404521,0.34352329169526874,-0.047887339967069065,0.00356378034436311,1
2024-03-28 00:00:00+00:00,0.6484379768371582,0.6574159860610962,0.6363760232925415,0.6507940292358398,460284723,0.6795688509941101,0.6493382787704468,48.170370784417734,-0.0064324520549432496,-0.0013512720236695424,-0.005081180031273707,0.7898301213015761,0.6795688509941101,0.5693075806866441,0.00356378034436311,-0.021412389370695895,0.039836300603930175,0.9576572385326713,1.002241898426425,1.046555968147922,0.02332343038138599,0.04893455907449186,0.5576314258758984,0.3695152809412088,-0.01582431259660566,0.020911365944370486,1
2024-03-29 00:00:00+00:00,0.6507959961891174,0.6667490005493164,0.6380280256271362,0.6644030213356018,561835326,0.6756033509969711,0.6520409595966339,50.46342536862319,-0.005237726052128133,-0.0021285628293612607,-0.0031091632227668725,0.781780339008155,0.6756033509969711,0.5694263629857872,0.020911365944370486,0.0245496698036598,0.028237710498088875,0.9834217375552663,1.0189590263572021,1.0361363669774877,0.018361654534661816,0.048781570396858605,0.682451826539903,0.447256322338935,0.13202789174901075,-0.03015789327784857,0
2024-03-30 00:00:00+00:00,0.6644240021705627,0.668271005153656,0.6430690288543701,0.6443660259246826,401576882,0.6719603031873703,0.6541124403476715,47.15546966178294,-0.005840390771566839,-0.0028709284178023765,-0.0029694623537644626,0.7771190138990457,0.6719603031873703,0.566801592475695,-0.03015789327784857,-0.009877170075922481,-0.019153629973393538,0.9589346615688498,0.9850997874038163,1.0272856190140833,0.023539721413236972,0.04861325897650352,0.49509682514471093,0.3687969970535973,0.007639035108691017,0.00940607925430692,1
2024-03-31 00:00:00+00:00,0.6443639993667603,0.6530830264091492,0.6432440280914307,0.650426983833313,321124603,0.6657721519470214,0.6560927402973175,48.260311524943354,-0.00576251160723007,-0.0034492450556879153,-0.0023132665515421544,0.7595513892776783,0.6657721519470214,0.5719929146163646,0.00940607925430692,-0.02103548155785595,-0.02196430912919911,0.9769513217565016,0.9913643969579103,1.0147531150021833,0.02036730578737458,0.04463232241089165,0.42251395648609424,0.4181846187360065,0.02937160750896184,-0.0441909234249549,0
2024-04-01 00:00:00+00:00,0.650426983833313,0.6509559750556946,0.6077139973640442,0.6216840147972107,627776275,0.6594536036252976,0.6576982200145721,43.604393049202166,-0.007928711938823385,-0.0043451384323150094,-0.0035835735065083757,0.7466906180019101,0.6594536036252976,0.5722165892486851,-0.0441909234249549,-0.03520050749870407,-0.0413256237121129,0.9427259345912262,0.9452420515649814,1.0026689803276136,0.0250653398432579,0.04501221752837678,0.8466393385498093,0.2835231461210311,0.01373147192600599,-0.06546257778069242,0
2024-04-02 00:00:00+00:00,0.6216850280761719,0.6216959953308105,0.5756779909133911,0.5809869766235352,678945520,0.6502739518880845,0.6581173396110535,38.012514784556906,-0.01278200912485139,-0.0060325125708222856,-0.0067494965540291045,0.7291730067089873,0.6502739518880845,0.5713748970671816,-0.06546257778069242,-0.10676064944374053,-0.10726443310223954,0.8934495606607444,0.8828015030980612,0.9880820831622451,0.03125374907483342,0.046151732007502666,0.9247489168630288,0.06091378140189725,-0.07170115069948046,-0.01671121897411232,0
2024-04-03 00:00:00+00:00,0.5809879899024963,0.5940030217170715,0.5667549967765808,0.5712779760360718,485562333,0.6413141518831253,0.6586429786682129,36.800041500112236,-0.017213293187835155,-0.00826866869422486,-0.008944624493610295,0.7126381687495986,0.6413141518831253,0.5699901350166521,-0.01671121897411232,-0.08107983728290169,-0.14016348858909078,0.8907927173579399,0.8673560556148422,0.9736901062543373,0.031136015639826667,0.04614177862545079,0.7163888689083733,0.009028102145667747,-0.11588367410418277,0.02044018365574085,1
2024-04-04 00:00:00+00:00,0.5712770223617554,0.5960729718208313,0.5620200037956238,0.582955002784729,495438691,0.6341398507356644,0.6587560391426086,39.30744056434441,-0.019557433346259034,-0.010526421624631695,-0.00903101172162734,0.6978721721352221,0.6341398507356644,0.5704075293361066,0.02044018365574085,0.00338738429668628,-0.09530456397329012,0.9192846059247721,0.8849330680041476,0.962632314628974,0.03359681952104621,0.04646456108967934,0.7844657168229526,0.09843885467436826,-0.11263276559356361,-0.01393077270555021,0
2024-04-05 00:00:00+00:00,0.582955002784729,0.5842999815940857,0.5620239973068237,0.5748339891433716,449048347,0.6299048006534577,0.6580854594707489,38.17314240557295,-0.021818963808195035,-0.012784930061344364,-0.009034033746850672,0.6976615650920134,0.6299048006534577,0.562148036214902,-0.01393077270555021,0.006224663397622843,-0.11622056982388951,0.9125728023457574,0.8734944388615872,0.9571778126811145,0.02972920686609119,0.042285202626662355,0.7409365831186698,0.09361392204592145,-0.13563217443030506,0.016533504270065613,1
2024-04-06 00:00:00+00:00,0.5748410224914551,0.5883229970932007,0.5732830166816711,0.5843380093574524,255666150,0.625066751241684,0.6577947795391083,40.342828540128416,-0.02258401353983408,-0.014744746757042307,-0.007839266782791773,0.6912316219982952,0.625066751241684,0.5589018804850727,0.016533504270065613,0.0023724070745030357,-0.060072327019603855,0.9348409720988604,0.8883287425401518,0.9502458375842454,0.03222609425806995,0.041656850084145575,0.4417952424699155,0.1922177779651906,-0.09891542434979372,0.008789455672502777,1
2024-04-07 00:00:00+00:00,0.5843790173530579,0.595881998538971,0.5826889872550964,0.5894740223884583,307767311,0.6214775532484055,0.6574173402786255,41.53683186229545,-0.02251633336084058,-0.01629906407780196,-0.006217269283038618,0.6871624363622336,0.6214775532484055,0.5557926701345773,0.008789455672502777,0.025468280445461344,0.014607979363403967,0.9485041242557068,0.8966511624695332,0.9453318541689392,0.03215407411386572,0.04144905743838023,0.5555992198682265,0.2563858734095108,-0.09422337036402029,0.04187625692220398,1
2024-04-08 00:00:00+00:00,0.5894719958305359,0.6158120036125183,0.5803520083427429,0.6141589879989624,442630355,0.6228398025035858,0.6573258399963379,47.024742676007754,-0.02023754014214907,-0.017086759290671383,-0.003150780851477686,0.6866086305667418,0.6228398025035858,0.5590709744404299,0.04187625692220398,0.051033782098654834,0.07506155280206883,0.986062524473019,0.9343295982436717,0.9475358560482817,0.03481014373584489,0.034087038111222254,0.8527298799486329,0.4319352827369977,-0.07562282488667404,-0.036254408291713114,0
2024-04-09 00:00:00+00:00,0.6141589879989624,0.623212993144989,0.5913619995117188,0.5918930172920227,510684784,0.6204604029655456,0.6565424406528473,43.09515539098424,-0.019997736393105203,-0.017668954711158147,-0.0023287816819470564,0.6851592913545496,0.6204604029655456,0.5557615145765417,-0.036254408291713114,0.004103649714304769,0.015332254572990145,0.9539577617894993,0.9015304733437506,0.9450423377787691,0.02660914393491069,0.028364972831062808,1.0295819824548198,0.27922815689072844,-0.08143354323710617,-0.009525375675318304,0
2024-04-10 00:00:00+00:00,0.5918939709663391,0.5934380292892456,0.5648109912872314,0.5862550139427185,504006711,0.6181797534227371,0.6558242404460907,42.13502082609291,-0.020031716784048137,-0.018141507125736145,-0.001890209658311992,0.6843837321011462,0.6181797534227371,0.551975774744328,-0.009525375675318304,-0.045434447108166465,0.019868388117353142,0.9483568665857176,0.8939209284852733,0.9425997322121734,0.02585144468102464,0.028332711367876233,1.0319898702083161,0.25889108088884294,-0.09866129709501725,-0.00010919375863116532,0
2024-04-11 00:00:00+00:00,0.5862540006637573,0.5938820242881775,0.5773509740829468,0.5861909985542297,341309183,0.6168261528015136,0.6555789005756378,42.123545307813714,-0.019835164565389585,-0.018480238613666832,-0.0013549259517227526,0.6845431391723985,0.6168261528015136,0.5491091664306288,-0.00010919375863116532,-0.009633529322377155,0.0031710913325917467,0.950334216362026,0.8941578169149719,0.9408877440379839,0.024818158468217288,0.027662298489024163,0.7171703426316798,0.27380007669349266,-0.057091730522552564,-0.14093695019031172,0
2024-04-12 00:00:00+00:00,0.5861909985542297,0.5914559960365295,0.4611929953098297,0.5035750269889832,1135242920,0.6107118040323257,0.6539323616027832,30.55699112320353,-0.02604557677460395,-0.019993306245854256,-0.006052270528749695,0.6950395098595464,0.6107118040323257,0.526384098205105,-0.14093695019031172,-0.14103075451362157,-0.14572142645307007,0.8245706463573256,0.7700720388798692,0.9339066849902882,0.05962133099482619,0.0410820435885829,2.2170974247622586,-0.13524067204469806,-0.13324214268009826,-0.11054363291755176,0
2024-04-13 00:00:00+00:00,0.5035790205001831,0.515500009059906,0.409072995185852,0.4479080140590668,1242820013,0.6007993534207344,0.6512256819009781,25.480090784138326,-0.03505514205230531,-0.023005673407144468,-0.012049468645160842,0.7104030376308481,0.6007993534207344,0.49119566921062074,-0.11054363291755176,-0.23590090062150637,-0.2706969647738453,0.7455201333171222,0.687792306887512,0.9225670456775518,0.06661385848415846,0.045517581578226225,2.2436013520500655,-0.19747354052702365,-0.21595434648650824,0.04689127550127248,1
2024-04-14 00:00:00+00:00,0.4479100108146667,0.4772740006446838,0.4382700026035309,0.4689109921455383,961018766,0.5913974538445472,0.6486699813604355,30.192650267393148,-0.04003897822534652,-0.02641233437078488,-0.013626643854561641,0.7123893549341292,0.5913974538445472,0.4704055527549652,0.04689127550127248,-0.06883588936232776,-0.20777745564416528,0.7928863898504281,0.7228806721749413,0.9117077571621668,0.07213905235873273,0.04716848606902804,1.6775705848597013,-0.006176283684973111,-0.1956308979156396,-0.01730820344829387,0
2024-04-15 00:00:00+00:00,0.4689109921455383,0.494594007730484,0.4421370029449463,0.460794985294342,718712831,0.5811855033040046,0.6460583013296127,29.41845485148751,-0.04413483926955852,-0.029956835350539612,-0.014178003919018911,0.7102178749032456,0.5811855033040046,0.4521531317047637,-0.01730820344829387,0.02877146831665267,-0.2140024829888021,0.7928535427582936,0.713240561023685,0.8995867743017969,0.06550112222448227,0.046708925032114455,1.2436922551158305,0.03348715319446684,-0.19838597926154755,-0.004752642559550657,0
2024-04-16 00:00:00+00:00,0.460792988538742,0.4768469929695129,0.4404790103435516,0.4586049914360046,518202801,0.5716916039586067,0.6428356808423996,29.200869169900116,-0.0470155864436711,-0.033368585569165915,-0.013647000874505183,0.7076318196262985,0.5716916039586067,0.435751388290915,-0.004752642559550657,-0.021978586303506797,-0.2176526207889593,0.8021894816373931,0.7134093596594215,0.889327741125753,0.06673209518992704,0.04674876857179296,0.9075630087855044,0.08405755071389484,-0.21517172579566723,-0.03120332877790355,0
2024-04-17 00:00:00+00:00,0.4586069881916046,0.4642679989337921,0.4309110045433044,0.4442949891090393,486409083,0.5613666519522666,0.639237260222435,27.756252016817143,-0.04987833058116775,-0.036670534571566285,-0.013207796009601466,0.703248282922128,0.5613666519522666,0.4194850209824053,-0.03120332877790355,-0.035807673069104595,-0.11771838296747139,0.7914524091588148,0.6950392549934249,0.8781819942049814,0.06591830782417589,0.04662636743658803,0.8499361867586873,0.08743192461575296,-0.24628571873477267,0.031170776947190726,1
2024-04-18 00:00:00+00:00,0.4442990124225616,0.4599049985408783,0.4364219903945923,0.4581440091133117,409488158,0.5510537013411522,0.6357789605855941,31.29856413065606,-0.05044804213492071,-0.03942603608423717,-0.011022006050683542,0.6913771384836012,0.5510537013411522,0.4107302641987032,0.031170776947190726,-0.0010051838320586093,0.022852895534249296,0.8313963013010942,0.7206026583379403,0.8667378688240888,0.069771789580552,0.04712854439142088,0.7251793223907266,0.16894449665766306,-0.2540302786970111,0.023224128494280905,1
2024-04-19 00:00:00+00:00,0.4581429958343506,0.4752619862556457,0.4257020056247711,0.4687840044498443,598092967,0.5422746002674103,0.6320417201519013,33.97704525568976,-0.04947071632101602,-0.04143497213159294,-0.008035744189423079,0.6799625228342235,0.5422746002674103,0.404586677700597,0.023224128494280905,0.05511881957055986,-0.0002708140730779407,0.8644771564419101,0.7416978808569463,0.8579727935318622,0.05270523574249242,0.04786779097066875,1.041071686845945,0.2331262087206504,-0.20799200065818657,0.07919213878438636,1
2024-04-20 00:00:00+00:00,0.4687840044498443,0.507407009601593,0.4667750000953674,0.5059080123901367,536707766,0.5350486516952515,0.6277782607078553,42.413187932836195,-0.04517977704342052,-0.04218393311395846,-0.002995843929462061,0.6637111093825394,0.5350486516952515,0.4063861940079636,0.07919213878438636,0.10425543568553275,0.09790259993167649,0.945536468108488,0.8058705502476257,0.8522892320163398,0.03865456738314379,0.052071065698860386,0.917015669950859,0.3867554691985573,-0.13705128253356358,-0.013077527932092048,0
2024-04-21 00:00:00+00:00,0.5059080123901367,0.5122659802436829,0.4915710091590881,0.4992919862270355,354417377,0.5289290502667428,0.622945540547371,41.397979662756235,-0.04183083494386031,-0.04211331347993884,0.00028247853607853146,0.6517515543240883,0.5289290502667428,0.40610654620939723,-0.013077527932092048,0.0650789734453392,0.08871904046144374,0.9439677892058281,0.8015018227569568,0.8490775129427565,0.03786645933618064,0.05149325243975955,0.6200350640681097,0.3793500251962386,-0.14824351199783048,0.03523588770533892,1
2024-04-22 00:00:00+00:00,0.4992899894714355,0.5218070149421692,0.496845006942749,0.516884982585907,402921410,0.5257239505648613,0.6187184804677963,45.15722714010556,-0.03732688532789763,-0.041156027849530596,0.0038291425216329666,0.6461487025463858,0.5257239505648613,0.40529919858333685,0.03523588770533892,0.021697561467568294,0.16338242666755032,0.9831870547852017,0.8354122252742543,0.8496981537829218,0.03683582369276318,0.05065836352936378,0.722330703309083,0.4633008669998739,0.026430928627473538,-0.0322876521395391,0
2024-04-23 00:00:00+00:00,0.516884982585907,0.520421028137207,0.4985989928245544,0.5001959800720215,403597295,0.5221698507666588,0.613296520113945,42.37992119630409,-0.03470408870307562,-0.0398656400202396,0.005161551317163983,0.6411204816226621,0.5221698507666588,0.4032192199106555,-0.0322876521395391,0.0018105514807420509,0.09178766964583218,0.9579181550555343,0.8155858767616838,0.8514149903698204,0.04081515701893897,0.05097392393184208,0.7288976495187689,0.4076344928290545,0.11673817920582996,-0.050552163658844185,0
2024-04-24 00:00:00+00:00,0.5001959800720215,0.5098400115966797,0.4706850051879883,0.4749099910259247,496433039,0.5167676001787186,0.6089249193668366,38.51483852691326,-0.03427081880749833,-0.03874667577769135,0.004475856970193023,0.6338945427113953,0.5167676001787186,0.39964065764604184,-0.050552163658844185,-0.08120760512326552,0.013067823385462418,0.9190010961633084,0.7799155132618627,0.8486556942291938,0.04478403314474514,0.05155354567478291,0.8964787236032599,0.32131519764926747,0.012793470361907033,-0.008190979354999572,0
2024-04-25 00:00:00+00:00,0.4749009907245636,0.4792329967021942,0.4635689854621887,0.4710200130939483,348258880,0.5115769013762475,0.6036689001321792,37.9415599655804,-0.03385112332482476,-0.037767565287118034,0.0039164419622932725,0.627058676911817,0.5115769013762475,0.3960951258406779,-0.008190979354999572,-0.05832907128496356,-0.06896115191250252,0.9207218148958783,0.7802621817867607,0.847446176644569,0.044211064124099066,0.05153991423237097,0.634675731069026,0.32440134777020624,0.022189971952656817,-0.01760223739496003,0
2024-04-26 00:00:00+00:00,0.4710200130939483,0.4781500101089477,0.4622350037097931,0.4627290070056915,317917276,0.5054964512586594,0.5980286407470703,36.68810794554339,-0.033797925089601555,-0.03697363724761474,0.003175712158013183,0.6176041933840588,0.5054964512586594,0.39338870913326,-0.01760223739496003,-0.025649037186855628,-0.07322965364943457,0.9153951642064366,0.7737572675911314,0.8452713077875038,0.04406690467951816,0.05122836497897031,0.576112488832182,0.3092574007728658,0.008992522206907383,0.00929913286281625,1
2024-04-27 00:00:00+00:00,0.4627290070056915,0.4689350128173828,0.4508860111236572,0.4670319855213165,313367220,0.4993743494153023,0.5928722006082535,37.83594046941996,-0.03302782647569191,-0.036184475093230174,0.0031566486175382616,0.6053796847459273,0.4993743494153023,0.3933690140846773,0.00929913286281625,-0.008466790076362196,-0.0964489175428982,0.935234230729203,0.7877447872276149,0.8422967865637355,0.027758307304504373,0.051238485780680465,0.5675791380398991,0.34744935812376,0.051175450927035016,-0.014041803222042182,0
2024-04-28 00:00:00+00:00,0.4670319855213165,0.4773350059986114,0.4599190056324005,0.4604740142822265,250671885,0.4916901007294655,0.5872074204683304,36.74261782586539,-0.032571230378730665,-0.03546182615033028,0.0028905957715996133,0.5840659258587713,0.4916901007294655,0.39931427560015975,-0.014041803222042182,-0.004873246953021049,-0.0794128049251327,0.9365126806479789,0.7841760819626105,0.8373363203368844,0.027772579390715594,0.0497470512891488,0.462056051212461,0.3310375771824318,0.005085748416582492,-0.006751755750328159,0
2024-04-29 00:00:00+00:00,0.4604820013046264,0.4630610048770904,0.4481160044670105,0.4573650062084198,301014261,0.48496370017528534,0.5820101809501648,36.20843419055463,-0.03209032832142955,-0.03478752658455014,0.0026971982631205857,0.5654436295626811,0.48496370017528534,0.40448377078788955,-0.006751755750328159,-0.0206987521467209,-0.03694381072001307,0.9430912170191496,0.7858367794558944,0.8332563863119276,0.01933331219135151,0.04945993373505995,0.5657838516207105,0.3285367906200732,-0.024358762528225775,-0.036192131650070625,0
2024-04-30 00:00:00+00:00,0.4573630094528198,0.4623849987983703,0.4277440011501312,0.4408119916915893,409016669,0.4776915490627288,0.5753426206111908,33.42233128699007,-0.0326683198525628,-0.03436368523815267,0.0016953653855898698,0.5448090421055395,0.4776915490627288,0.41057405601991814,-0.036192131650070625,-0.04269952696741375,-0.06413320148316881,0.9227962951333338,0.7661730174331799,0.8302731832299743,0.019890750637479217,0.04975977836704715,0.7757091128963326,0.22526121209849115,-0.12867165394555535,0.02053938031785929,1
2024-05-01 00:00:00+00:00,0.4408150017261505,0.4560829997062683,0.4195039868354797,0.4498659968376159,526114091,0.4708752989768981,0.5693788409233094,36.30910717888675,-0.032026616854165746,-0.03389627156135529,0.0018696547071895414,0.5155271814873235,0.4708752989768981,0.42622341646647277,0.02053938031785929,-0.01639611528868612,-0.02779814961528304,0.9553824501201688,0.790099604172346,0.8269982393678748,0.01842785996420798,0.05025150069254861,0.9806025489517838,0.26474337745584475,-0.09899215439629527,0.018707786513121993,1
2024-05-02 00:00:00+00:00,0.4498659968376159,0.4610069990158081,0.4408609867095947,0.4582819938659668,357372995,0.4686106473207473,0.5632528805732727,38.95857511790173,-0.03048752081778483,-0.033214521412641196,0.002727000594856366,0.5108063108164981,0.4686106473207473,0.4264149838249965,0.018707786513121993,0.0396314131730795,-0.018735315624223592,0.9779589868180888,0.8136345319699605,0.8319720386406199,0.02091214947934713,0.040385803707561896,0.7181532838391009,0.3776100125096907,-0.1133772322553408,0.020210254118513626,1
2024-05-03 00:00:00+00:00,0.4582839906215668,0.4728150069713592,0.4473670125007629,0.4675439894199371,331867585,0.4695924460887908,0.5575942808389663,41.82664117426903,-0.028195391561981198,-0.032210695442509193,0.004015303880527996,0.5106585333742809,0.4695924460887908,0.4285263588033007,0.020210254118513626,0.03929612975106056,0.015353689716304686,0.9956377989341285,0.8385021250871907,0.8421758655455246,0.02160096904938807,0.031909448507453475,0.7340902020900697,0.4750590230983911,-0.06527839477514985,-0.008484735603055737,0
2024-05-04 00:00:00+00:00,0.4675439894199371,0.4745520055294037,0.4633669853210449,0.463577002286911,245730966,0.46932574659585946,0.5523370003700256,40.939389643127186,-0.02639470360793794,-0.031047497075594944,0.004652793467657002,0.5104796563179818,0.46932574659585946,0.4281718368737372,-0.008484735603055737,0.011554039852791576,0.013582141165519035,0.98775105702032,0.8393010100289282,0.8497090477035675,0.021601528459044218,0.03022433696817527,0.5902514596987862,0.43015555086059976,-0.02386344560688558,-0.011309886690912152,0
2024-05-05 00:00:00+00:00,0.463577002286911,0.4652009904384613,0.4535560011863708,0.4583339989185333,239700527,0.469202697277069,0.5483129805326462,39.73955661583425,-0.025101359142185642,-0.029858269488913083,0.0047569103467274415,0.5104785399931949,0.469202697277069,0.42792685456094304,-0.011309886690912152,-0.019698660895695053,0.03974938875801537,0.976835814411106,0.8358985017522204,0.8557205718917554,0.02134683712378231,0.030074433906729096,0.6109119270114883,0.3683406849705652,-0.026933068283204076,-0.00882760846723718,0
2024-05-06 00:00:00+00:00,0.4583339989185333,0.4746440052986145,0.4530990123748779,0.4542880058288574,351154325,0.46898684799671164,0.5437767606973648,38.79466682083341,-0.024124756982243423,-0.02871156698757915,0.004586810005335729,0.5105402555973437,0.46898684799671164,0.4274334403960796,-0.00882760846723718,-0.02003765590663309,0.00982961375682212,0.9686583062389902,0.8354310788240696,0.8624621019023706,0.021462772364662926,0.030123207747096554,0.9144341718057357,0.3231331313532194,-0.01824178093233353,-0.02732846057198879,0
2024-05-07 00:00:00+00:00,0.4542889893054962,0.4557110071182251,0.4418120086193084,0.4418730139732361,307476823,0.46886574923992147,0.5393890613317489,35.968568416905924,-0.024075056555019292,-0.027784264901067182,0.0037092083460478903,0.5107350591842337,0.46886574923992147,0.4269964392956092,-0.02732846057198879,-0.035914824089284036,-0.035805421361437606,0.9424297140270038,0.819210187322401,0.8692533513421542,0.019162553584233622,0.029924076464868846,0.8197937453691452,0.17765488250717867,-0.053869911115396296,0.02416981738066437,1
2024-05-08 00:00:00+00:00,0.4418730139732361,0.4674730002880096,0.4380050003528595,0.4525530040264129,505082625,0.4685861989855765,0.5367018413543702,40.016700700949016,-0.02290979283651312,-0.026809370488156372,0.003899577651643251,0.5108299098857315,0.4685861989855765,0.4263424880854215,0.02416981738066437,-0.0038191670926441823,-0.03206326192348852,0.9657838942037277,0.843211200625645,0.8730847611834097,0.0198326935576022,0.029581041065559314,1.3297043858237578,0.3102297996847528,-0.017201861582049616,0.024191646593888283,1
2024-05-09 00:00:00+00:00,0.4525530040264129,0.464136004447937,0.4484330117702484,0.4635010063648224,318406873,0.46832204908132546,0.5331822413206101,43.92998055859885,-0.02086241175557091,-0.02561997874163928,0.004757566986068371,0.5106265774664711,0.46832204908132546,0.4260175206961798,0.024191646593888283,0.04894617165486448,-0.00016393376227408218,0.9897057105768131,0.869310660491621,0.8783526771659987,0.020735598025607885,0.02962213278383654,0.8702934795643803,0.44301977943576504,0.013415980831744001,-0.032903942919063955,0
2024-05-10 00:00:00+00:00,0.4635030031204223,0.4676989912986755,0.4444650113582611,0.4482499957084656,309333437,0.46543914824724186,0.5295098811388016,40.01375011046062,-0.020237194815675152,-0.024543421956446456,0.004306227140771304,0.5047085488788683,0.46543914824724186,0.42616974761561544,-0.032903942919063955,-0.009508296883819156,-0.02200142959907303,0.963068958415923,0.8465375466543273,0.878999929607046,0.022518579717160106,0.02386384894945963,0.8726085727016714,0.2811380838222847,0.01687341578057655,-0.0209124211293914,0
2024-05-11 00:00:00+00:00,0.4482499957084656,0.4505470097064972,0.4385429918766022,0.4388760030269623,188484210,0.4624183490872382,0.5260221409797669,37.78414720268441,-0.020264512073077,-0.02368763997977257,0.0034231279066955674,0.4999808980920232,0.4624183490872382,0.42485580008245327,-0.0209124211293914,-0.05312826293731443,-0.033925621200972755,0.9490886421208287,0.8343299052194143,0.879085333225593,0.02324511231720701,0.02405384878568768,0.5444434507751773,0.18662475412308982,-0.024429483197016544,-0.002786659319235385,0
2024-05-12 00:00:00+00:00,0.4388760030269623,0.4425640106201172,0.4352509975433349,0.4376530051231384,158134071,0.4584567502140998,0.5222579610347747,37.490634539194374,-0.02015254095854785,-0.022980620175527627,0.0028280792169797786,0.4876018028812032,0.4584567502140998,0.42931169754699644,-0.002786659319235385,-0.02364080465539875,-0.009550275116717688,0.9546222297277857,0.8380015964830781,0.8778358290713989,0.02323918666097724,0.02202782767852478,0.47351661478673807,0.1430998885371203,-0.04501374485348364,-0.0025431049686903684,0
2024-05-13 00:00:00+00:00,0.4376530051231384,0.4521450102329254,0.426158994436264,0.4365400075912475,378773938,0.4552739515900611,0.5180656206607819,37.20736536929853,-0.01992394184334345,-0.022369284509090794,0.0024453426657473423,0.4785362459401325,0.4552739515900611,0.43201165723998974,-0.0025431049686903684,-0.005322677520764985,-0.03538369272261155,0.9588512720014298,0.8426345817629238,0.8787959158713692,0.023248571671175673,0.02129747418909407,1.1384316073672542,0.09733241018945031,-0.06631243803851472,-0.01940489294949188,0
2024-05-14 00:00:00+00:00,0.4365440011024475,0.4378139972686767,0.4269979894161224,0.428068995475769,313435137,0.45293190181255333,0.5134880208969116,35.03748764488354,-0.020193536758382813,-0.0219341349589492,0.0017405982005663859,0.47727687754747794,0.45293190181255333,0.4285869260776287,-0.01940489294949188,-0.021898649238505485,-0.07644430195943264,0.9451067451038724,0.8336494291104575,0.8820690714876178,0.022173542939773964,0.018917523402324193,0.9686908933101259,-0.010637320149732577,-0.07659570391968207,0.05821258608210811,1
2024-05-15 00:00:00+00:00,0.428068995475769,0.4545879960060119,0.4267500042915344,0.4529879987239837,357450532,0.45203030109405506,0.5092471009492874,45.16778472869887,-0.01818679135568274,-0.02118466623829591,0.0029978748826131676,0.4748420499451245,0.45203030109405506,0.4292185522429856,0.05821258608210811,0.03767808413137974,0.010570001251265282,1.0021186580360004,0.8895249435481692,0.887644328757936,0.03131187594142341,0.023581703314770643,1.1031563355004392,0.5209913241676721,-0.01166398348619968,0.014806159704547905,1
2024-05-16 00:00:00+00:00,0.4529959857463836,0.4619759917259216,0.4495519995689392,0.4596950113773346,367462393,0.45187860131263724,0.5054713416099549,47.5390422775555,-0.01587226569910416,-0.02012218613045756,0.004249920431353402,0.4744296459885418,0.45187860131263724,0.42932755663673267,0.014806159704547905,0.07388065063300253,0.04743710799128231,1.0172975884274933,0.9094383272317278,0.8939747204527526,0.030315938569432127,0.023544039265728674,1.1254503757814165,0.6733048330361622,0.01190215343372758,0.04852126169504256,1
2024-05-17 00:00:00+00:00,0.4596959948539734,0.4899449944496155,0.4559740126132965,0.4819999933242798,447612110,0.4526270017027854,0.5020954608917236,54.574608386092066,-0.012098695576967466,-0.018517488019759543,0.006418792442792077,0.47809971906549886,0.4526270017027854,0.42715428434007197,0.04852126169504256,0.06404583494931337,0.10132910703689535,1.0648944749451381,0.9599767989701515,0.9014759880499974,0.03153710231317141,0.025882661952556073,1.3433141227209635,1.076557875691937,0.09081111107064377,0.0008464601641871017,1
2024-05-18 00:00:00+00:00,0.4819999933242798,0.4855139851570129,0.4765500128269195,0.4824079871177673,240076401,0.45372370034456255,0.4984555602073669,54.6942967892797,-0.008971771382913052,-0.016608344692390246,0.0076365733094771945,0.48231651631527417,0.45372370034456255,0.42513088437385094,0.0008464601641871017,0.049408793174370746,0.10507165146125175,1.063219723262024,0.9678054086046838,0.9102590813829119,0.0288428835457778,0.025612916943209385,0.7216327821168097,1.0015995416923398,0.06597013570947796,-0.03069180646158498,0
2024-05-19 00:00:00+00:00,0.4824079871177673,0.483018010854721,0.4656000137329101,0.467602014541626,250323995,0.45423555076122285,0.49492027997970583,49.588085284494134,-0.007600762816631912,-0.01480682831723858,0.007206065500606668,0.48346231219647956,0.45423555076122285,0.42500878932596614,-0.03069180646158498,-0.02987132568893447,0.09235197943247164,1.029426282812966,0.9448026954175326,0.917795388743918,0.03314870203132071,0.02661465797596335,0.7582118041906504,0.7286682328798658,0.008847894870751771,0.07304494803099026,1
2024-05-20 00:00:00+00:00,0.467602014541626,0.5017579793930054,0.4622139930725097,0.5017579793930054,541119800,0.45728285014629366,0.4919468998908997,59.07916364338962,-0.0037153000735195008,-0.012588522668494764,0.008873222594975264,0.49267519436183943,0.45728285014629366,0.4218905059307479,0.07304494803099026,0.04011126016144151,0.10766285377626161,1.0972595609751892,1.0199433709294266,0.9295370094774588,0.0399991748074552,0.02953383378108372,1.606861869539393,1.128315674370849,0.11937085152665672,-0.013918992666042795,0
2024-05-21 00:00:00+00:00,0.5017489790916443,0.5089679956436157,0.4911060035228729,0.4947740137577057,554313310,0.4595282509922981,0.48940869987010954,56.7273906825288,-0.0011859199685007038,-0.010308002128495954,0.00912208215999525,0.4984605181531287,0.4595282509922981,0.4205959838314675,-0.013918992666042795,0.05810924326901268,0.076309295320103,1.0766998823016831,1.0109628494324276,0.9389458158677159,0.03912521661665482,0.02970107552986487,1.6391770944654949,0.9526548970267525,0.1273662955942234,-0.023540071802793827,0
2024-05-22 00:00:00+00:00,0.4947740137577057,0.4949240088462829,0.4760960042476654,0.4831269979476928,416480856,0.4607705011963844,0.48745150029659273,52.94242343246229,-0.00011980382584025895,-0.008270362467964816,0.008150558642124557,0.5010959163624258,0.4607705011963844,0.42044508603034303,-0.023540071802793827,-0.03713141038205536,0.002338183898386026,1.0485198090877348,0.9911283433402736,0.9452642999683576,0.038553411386221315,0.030186712466519338,1.220918270203091,0.7772010735568959,0.10390421702179276,-0.03683709114004441,0
2024-05-23 00:00:00+00:00,0.483130007982254,0.4876349866390228,0.4485819935798645,0.4653300046920776,612724804,0.46065980195999146,0.48533254086971284,47.70465023762207,-0.0007028655256187677,-0.006756863079495606,0.006053997553876839,0.5009190267478936,0.46065980195999146,0.4204005771720893,-0.03683709114004441,-0.059510015172395514,-0.0354015333115133,1.0101380730687062,0.958785915855156,0.9491632296785458,0.04221779052336506,0.0311611263522572,1.7251890712624405,0.5580016475315931,0.06595042058043732,-0.012541658436811653,0
2024-05-24 00:00:00+00:00,0.4653300046920776,0.4689159989356994,0.4555329978466034,0.4594939947128296,355406774,0.4604556515812874,0.48286332070827487,46.09421462949707,-0.0016172210377428664,-0.0057289346711450586,0.004111713633402192,0.5006939944077146,0.4604556515812874,0.42021730875486024,-0.012541658436811653,-0.04891675136197193,-0.017339574203384056,0.9979115103373033,0.9516026067973715,0.9535941783813286,0.03712223904378823,0.031233859342639666,0.9854681623660408,0.4880504911371968,0.07341106122888874,0.005610563196666751,1
2024-05-25 00:00:00+00:00,0.4594979882240295,0.4642710089683532,0.4581339955329895,0.4620720148086548,238476411,0.46064255237579343,0.4806080812215805,46.94624240607894,-0.0021095125448655216,-0.0050050502458891515,0.00289553770102363,0.500874125969448,0.46064255237579343,0.4204109787821389,0.005610563196666751,-0.007001461007395626,-0.07909383849233476,1.0031031923244798,0.9614320542305242,0.9584577754185075,0.037316847083215025,0.03114005585976978,0.6613571219519614,0.5177654302973471,0.020053546915723475,-0.008000934434531648,0
2024-05-26 00:00:00+00:00,0.4620720148086548,0.462363988161087,0.4564299881458282,0.4583750069141388,225636000,0.46084690243005755,0.47808882117271423,45.82759252372382,-0.002766088998784888,-0.004557257996468299,0.0017911689976834108,0.5009839807396986,0.46084690243005755,0.42070982412041646,-0.008000934434531648,-0.002435260986142218,-0.07356693324923036,0.99463618936596,0.9587653729066097,0.9639357416884092,0.03572063302034315,0.031127068506163653,0.636831209007974,0.46920683293326565,-0.002871478764237212,0.020917377723356667,1
2024-05-27 00:00:00+00:00,0.4583750069141388,0.4739989936351776,0.4571979939937591,0.4679630100727081,323304261,0.46215140223503115,0.4756586009263992,49.20786921371996,-0.0024841234158582415,-0.004142631080346288,0.0016585076644880462,0.5013775352060871,0.46215140223503115,0.4229252692639752,0.020917377723356667,0.01274908472111802,-0.03138716722394086,1.0125751167465276,0.983821188476981,0.9716031652427576,0.01883500333469567,0.030690725218272825,0.9104548970940741,0.574078266164615,-0.029122372294573706,-0.02344844838310578,0
2024-05-28 00:00:00+00:00,0.4679630100727081,0.468436986207962,0.4531149864196777,0.4569900035858154,418594476,0.46237325221300124,0.4725152212381363,45.69377572908693,-0.003110240659917385,-0.003936152996260507,0.0008259123363431225,0.5014205962211732,0.46237325221300124,0.42332590820482935,-0.02344844838310578,-0.0030215507116051477,-0.017922766686367053,0.9883573528498444,0.9671434549523293,0.9785362067309494,0.0195178234732438,0.030834179741085155,1.1933333483181414,0.43106767228445453,-0.05268980657599842,-0.013118460627466688,0
2024-05-29 00:00:00+00:00,0.4569900035858154,0.4631069898605346,0.4509139955043793,0.450994998216629,350482630,0.4617479518055916,0.46969726085662844,43.851267135202704,-0.0040435780667942844,-0.003957638010367263,-8.594005642702154e-05,0.5011184575294624,0.4617479518055916,0.42237744608172084,-0.013118460627466688,-0.0362593014636835,-0.018496425620344037,0.9767125039820644,0.9601823042231703,0.9830756750922094,0.018796690012999495,0.030479429884683457,0.9946119518194958,0.36343897047729556,-0.03551527967918677,-0.009787230865028307,0
2024-05-30 00:00:00+00:00,0.450994998216629,0.4545460045337677,0.4438070058822632,0.4465810060501098,356151973,0.4616645023226738,0.46690378069877625,42.49266251995682,-0.005080857996385468,-0.004182282007570904,-0.0008985759888145645,0.5011623412321213,0.4616645023226738,0.4221666634132263,-0.009787230865028307,-0.02277729808974016,-0.03352509622327993,0.9673280137487772,0.9564733131561903,0.9887786764796351,0.014578701732628818,0.02962975185600531,1.00403067212448,0.3090592208456731,-0.10996730616949058,0.0019705338192665955,1
2024-05-31 00:00:00+00:00,0.4465810060501098,0.4549570083618164,0.4444609880447387,0.4474610090255737,290913148,0.4620937526226044,0.4641291809082031,42.872669987298266,-0.005765440518718912,-0.004498913709800506,-0.0012665268089184058,0.5007259316781247,0.4620937526226044,0.4234615735670841,0.0019705338192665955,-0.00783598311517808,-0.02381019410730978,0.9683338207582707,0.9640872141458261,0.9956145220569501,0.014486301509065326,0.02920955345829324,0.8084431868995238,0.3106145711325104,-0.09562548439599639,0.0056183771471196575,1
2024-06-01 00:00:00+00:00,0.4474610090255737,0.4525839984416961,0.4452539980411529,0.4499750137329101,167918462,0.462709853053093,0.46305718064308166,44.01092299736039,-0.00603554393684258,-0.004806239755208921,-0.0012293041816336591,0.5000730408957288,0.462709853053093,0.42534666521045716,0.0056183771471196575,0.007599982168564168,-0.03843892776269464,0.9724777001480415,0.9717482689891487,0.9992499250535186,0.014487138252427203,0.02920713332484161,0.4660092812062771,0.32958039643433584,-0.06861960593303873,-0.007735986567281139,0
2024-06-02 00:00:00+00:00,0.4499759972095489,0.4532549977302551,0.4424220025539398,0.4464940130710602,253094562,0.4632075533270836,0.4630289006233215,42.741042951821235,-0.006456068958974881,-0.005136205595962113,-0.0013198633630127684,0.49934814319484366,0.4632075533270836,0.4270669634593235,-0.007735986567281139,-0.002161073110301337,-0.022967658881807962,0.9639178158128576,0.9642897289348411,1.0003858348874586,0.014474346812766086,0.02927065405154516,0.7148576390125746,0.26877051097977467,-0.04047878157670426,0.023610564060400074,1
2024-06-03 00:00:00+00:00,0.446494996547699,0.4623570144176483,0.4444450139999389,0.4570359885692596,317221002,0.46465590298175813,0.4627914005517959,47.66585784958685,-0.005871011384333491,-0.005283166753636388,-0.0005878446306971027,0.4969883577543292,0.46465590298175813,0.43232344820918706,0.023610564060400074,0.015691926486701924,0.013394805655314368,0.9836009520946564,0.9875637015388056,1.0040288182272599,0.015251297525197667,0.02923205721503433,0.8955019714912448,0.38216307010869427,-0.005349375991532179,0.00973448482525896,1
2024-06-04 00:00:00+00:00,0.4570379853248596,0.4651800096035003,0.4531109929084778,0.4614849984645843,309168258,0.46508075296878815,0.4628052008152007,49.63466971280826,-0.004990820057744372,-0.005224697414457986,0.0002338773567136139,0.496988171494581,0.46508075296878815,0.4331733344429953,0.00973448482525896,0.03357488556322097,0.03337354749208066,0.9922685372782022,0.9971473908497767,1.0049168681544183,0.01291165153107483,0.026338682681125502,0.8787580908549935,0.44365331527373225,-0.0012704001221834904,-0.0006717526214464753,0
2024-06-05 00:00:00+00:00,0.4614849984645843,0.464711993932724,0.4577569961547851,0.4611749947071075,300839736,0.4651547521352768,0.4628566008806228,49.494946604825465,-0.004269065670753913,-0.005033571065717171,0.0007645053949632578,0.4970164108730515,0.4651547521352768,0.4332930933975021,-0.0006717526214464753,0.009056193038112781,0.03064844847911652,0.9914442292379033,0.9963668959882696,1.0049651474134356,0.011327612076366492,0.026146184409318544,0.8632591773751858,0.4375462925373222,0.006108508864431039,-0.006663429074930782,0
2024-06-06 00:00:00+00:00,0.4611749947071075,0.4618650078773498,0.4523389935493469,0.4581019878387451,281512944,0.4639598518610001,0.4631327408552169,48.0509494708226,-0.0039000784149383905,-0.004806872535561415,0.0009067941206230244,0.49494187980396603,0.4639598518610001,0.43297782391803413,-0.006663429074930782,-0.00733070552042836,0.01806094529208435,0.9873742005935248,0.9891375569622177,1.0017859048450253,0.010776604804072118,0.02359698452498275,0.8275217002101449,0.4054635152831415,-0.02107222584201862,-0.018465324325407595,0
2024-06-07 00:00:00+00:00,0.4580999910831451,0.4884360134601593,0.4344229996204376,0.4496429860591888,864294102,0.46232160180807114,0.46296272039413444,44.226018650534726,-0.004241332662284714,-0.004693764560906075,0.000452431898621361,0.4926545626910017,0.46232160180807114,0.43198864092514055,-0.018465324325407595,-0.025005711021350296,0.007052665648234369,0.9725761986909153,0.9712293587621782,0.9986151831285303,0.013694548481613882,0.023856008491380348,2.3271317166336964,0.2910092622046493,-0.01607697645238959,-0.029071918072658076,0
2024-06-08 00:00:00+00:00,0.4496389925479889,0.4496389925479889,0.4334540069103241,0.4365710020065307,384756660,0.46077005118131636,0.4623184603452682,39.05258931053686,-0.00550314218036313,-0.0048556400847974855,-0.0006475020955656443,0.4930761037190145,0.46077005118131636,0.4284639986436182,-0.029071918072658076,-0.04700042000209237,-0.04477762599569901,0.9474812889580292,0.944307959670248,0.9966507736619571,0.017419943903741863,0.02376047947708835,1.0175503613311085,0.1254718965347494,-0.03198260793830332,0.01725953061842489,1
2024-06-09 00:00:00+00:00,0.4365560114383697,0.4457190036773681,0.4332570135593414,0.4441060125827789,331925354,0.45788745284080506,0.461082420349121,43.178682359836344,-0.005827942045363632,-0.005050100476910715,-0.0007778415684529172,0.4845982917788334,0.45788745284080506,0.43117661390277673,0.01725953061842489,-0.012314155114344527,-0.03765883168386275,0.9699021229506858,0.9631814031133783,0.9930707236552268,0.019054769383957212,0.016512009834397805,0.9028032537159933,0.24202531994595097,-0.00554209299947972,-0.008207506177976054,0
2024-06-10 00:00:00+00:00,0.4441010057926178,0.4500879943370819,0.4360269904136657,0.4404610097408294,477499641,0.45517180263996126,0.4599058008193969,41.70772871566441,-0.006306769037580984,-0.005301434189044769,-0.0010053348485362145,0.47661717891623373,0.45517180263996126,0.4337264263636888,-0.008207506177976054,0.008910366736269104,-0.04491567236734839,0.9676807903876945,0.9577200569248672,0.9897065917172576,0.015837636103735737,0.016416116854574753,1.3124608493493233,0.15701714183937804,-0.015643819558687433,-0.04216038533043809,0
2024-06-11 00:00:00+00:00,0.4404650032520294,0.4409379959106445,0.4145309925079345,0.4218910038471222,600659902,0.4521100029349327,0.4580059212446212,35.139808795270085,-0.008091414370154315,-0.005859430225266678,-0.002231984144887637,0.47422535150921086,0.4521100029349327,0.42999465436065454,-0.04216038533043809,-0.050021859885348685,-0.0790456818632479,0.9331600741155033,0.9211474880076714,0.9871269823462839,0.01944199561468338,0.0179402822044371,1.6102228337146554,-0.18321326671191407,-0.06241237630687113,0.037699293594313676,1
2024-06-12 00:00:00+00:00,0.421900987625122,0.4438050091266632,0.4159930050373077,0.4377959966659546,451504328,0.45073330253362653,0.45675792157649986,43.36593160746175,-0.00812865656402817,-0.0063132754930189765,-0.001815381071009193,0.4728115714459304,0.45073330253362653,0.4286550336213227,0.037699293594313676,-0.006050508480745953,-0.026347546299042457,0.9712972043668622,0.9584858323965172,0.9868100392827794,0.02721196378760782,0.019036666310231154,1.237106511810013,0.2070126756979983,-0.01948070108550659,-0.03794235206054519,0
2024-06-13 00:00:00+00:00,0.4378179907798767,0.4386430084705353,0.4197529852390289,0.4211849868297577,385849589,0.44881785213947295,0.4556834214925765,37.95215155609808,-0.00939029545996184,-0.00692867948640755,-0.0024616159735542896,0.47410925500791845,0.44881785213947295,0.42352644927102745,-0.03794235206054519,-0.00167345833622079,-0.03524287024574957,0.9384318935220781,0.9242929783360995,0.9849334668998586,0.02959460898611512,0.02050626975931036,1.0528238368494127,-0.04628969087735057,-0.0784424041785694,-0.022560143293994472,0
2024-06-14 00:00:00+00:00,0.4211780130863189,0.4241209924221039,0.4034099876880646,0.4116829931735992,370827765,0.4462984010577202,0.4544966810941695,35.241870891232736,-0.011029740864276216,-0.0077488917619812836,-0.0032808491022949327,0.4757306918739897,0.4462984010577202,0.41686611024145065,-0.022560143293994472,-0.059646510455142576,-0.07300738672871765,0.922438870939078,0.9057997787409595,0.9819618483974129,0.029793752800501262,0.020766919969963552,0.9938892324985305,-0.08805154006201835,-0.10791684552408487,0.004887290518191589,1
2024-06-15 00:00:00+00:00,0.4116860032081604,0.4150510132312774,0.4089049994945526,0.4136950075626373,209246354,0.4440644010901451,0.4535160011053085,36.279537435013175,-0.01202800901195794,-0.008604715211976616,-0.003423293799981325,0.4762874902918354,0.4440644010901451,0.4118413118884548,0.004887290518191589,-0.01778311075021255,-0.06076815333539165,0.9316103847708728,0.912194953550438,0.9791592799545596,0.029338631941294383,0.020886522386227437,0.5620546709945805,0.02876346930270791,-0.10295438323715878,0.0064878645020376435,1
2024-06-16 00:00:00+00:00,0.4137240052223205,0.4181280136108398,0.4101049900054931,0.4163790047168731,172902870,0.4414852008223534,0.4525029414892196,37.71335569598989,-0.012458948568214445,-0.009375561883224182,-0.003083386684990263,0.47391114137907014,0.4414852008223534,0.4090592602656366,0.0064878645020376435,0.011406863098893494,-0.013064983799100927,0.9431324174429516,0.9201686144769358,0.975651560118911,0.028092478615002477,0.020184973507978213,0.47400753624601033,0.11286865277559827,-0.09107793510941664,-0.03511468925611472,0
2024-06-17 00:00:00+00:00,0.4163880050182342,0.4199869930744171,0.393655002117157,0.4017579853534698,385694374,0.43872359991073606,0.45132862091064446,33.31549255235596,-0.013820946077824026,-0.010264638722144151,-0.0035563073556798743,0.47479274884490685,0.43872359991073606,0.40265445097656527,-0.03511468925611472,-0.028854644100001825,-0.08231690464721719,0.9157428171979183,0.8901673121080685,0.9720713014510906,0.029783388969363254,0.020883531068119653,1.0621584971033027,-0.012427041524206763,-0.10649560248987322,-0.045246110364244196,0
2024-06-18 00:00:00+00:00,0.4017260074615478,0.4022159874439239,0.366576999425888,0.3835799992084503,593952964,0.43535284996032714,0.4498529207706451,28.816273393767162,-0.01618063024560723,-0.011447837026836768,-0.004732793218770463,0.47849926415648597,0.43535284996032714,0.3922064357641683,-0.045246110364244196,-0.07877199651487055,-0.08928377980506519,0.8810784154586452,0.8526786900734971,0.967767085327627,0.030310751336739036,0.02260728451961669,1.58262240235412,-0.09996701599000975,-0.12138003338409475,0.0005500819723143202,1
2024-06-19 00:00:00+00:00,0.3835650086402893,0.3972490131855011,0.3809620141983032,0.3837909996509552,295424813,0.4322133496403694,0.4487125009298324,28.936240275896395,-0.017828159056911486,-0.012723901432851712,-0.0051042576240597735,0.4807239793998794,0.4322133496403694,0.3837027198808594,0.0005500819723143202,-0.044720917461558596,-0.0677511434408038,0.8879665562627697,0.8553160405730944,0.9632300164241623,0.022060943535096574,0.022677950952846956,0.7935973300001922,0.0009099012992970171,-0.13581219623902596,0.0011803176747366972,1
2024-06-20 00:00:00+00:00,0.3837909996509552,0.3967899978160858,0.3790139853954315,0.3842439949512481,286206619,0.42905249893665315,0.44740006089210504,29.21206608570121,-0.018879651702133182,-0.013955051486708007,-0.004924600215425175,0.4814614857665454,0.42905249893665315,0.3766435121067609,0.0011803176747366972,0.0017310489185253797,-0.07119015717618982,0.8955640531253013,0.8588376009271763,0.9589907030435639,0.021230815410312166,0.022661629746393793,0.7693208991295009,0.07251125526578747,-0.12763221612432807,-0.02131979388337424,0
2024-06-21 00:00:00+00:00,0.3842479884624481,0.3903419971466064,0.3746080100536346,0.3760519921779632,272257203,0.4253563478589058,0.44575546085834494,27.15909385576461,-0.0201418110989407,-0.015192403409154545,-0.004949407689786153,0.48182227696763646,0.4253563478589058,0.36889041875017514,-0.02131979388337424,-0.020164640338179773,-0.09685169540748395,0.884086940446232,0.8436284581995674,0.9542369868892718,0.021141066585149686,0.022651408544775795,0.721704469920673,0.06341499680274233,-0.10865131337517064,0.02329466514706402,1
2024-06-22 00:00:00+00:00,0.3760510087013244,0.3895919919013977,0.3719370067119598,0.3848119974136352,241766850,0.42227224707603456,0.4441008210182189,32.61286315919075,-0.02020234227594203,-0.016194391182512043,-0.004007951093429989,0.48058486261578615,0.42227224707603456,0.36395963153628297,0.02329466514706402,0.0014782338041721133,-0.042179592086826534,0.9112888665504597,0.8664969286283949,0.9508477064011354,0.024555575625937926,0.023755828315967727,0.6418437285716125,0.17879806697349407,-0.12102440327417396,-0.011717415258870822,0
2024-06-23 00:00:00+00:00,0.3847939968109131,0.3922950029373169,0.3803029954433441,0.3803029954433441,202392727,0.4184355974197388,0.44243534088134756,31.313260885722713,-0.02037923332933167,-0.01703135961187597,-0.0033478737174557002,0.47721299751796853,0.4184355974197388,0.35965819732150905,-0.011717415258870822,0.011304296623348753,-0.0085432081231257,0.908868647381969,0.8595673995792616,0.9457553652612822,0.02345470116245497,0.02263635349429176,0.5456297985884585,0.1756185037729905,-0.09706421801529697,-0.006673614479159706,0
2024-06-24 00:00:00+00:00,0.3802250027656555,0.3808999955654144,0.3666630089282989,0.3777649998664856,385357807,0.4142495974898338,0.4408239609003066,30.574712363622538,-0.020488042396331285,-0.017722696168767035,-0.0027653462275642506,0.4720343392160125,0.4142495974898338,0.3564648557636551,-0.006673614479159706,-0.018312832225900633,-0.015701253520666314,0.9119260517223711,0.8569520565419493,0.9397166085160179,0.021271255285428205,0.022218839063390738,1.0283238354102713,0.18430595574662495,-0.08238861908199102,0.037308896004872416,1
2024-06-25 00:00:00+00:00,0.3777549862861633,0.3967339992523193,0.3773669898509979,0.3918589949607849,262214296,0.4107837975025177,0.43957538068294516,39.15676151713961,-0.019215502399747786,-0.018021257414963184,-0.0011942449847846016,0.46491759582577374,0.4107837975025177,0.35664999917926166,0.037308896004872416,0.03038629633713308,0.019818136677719478,0.9539300170630104,0.8914489122479384,0.9345013746318197,0.020410553872847112,0.02453546257106706,0.7033412125508615,0.325203448419371,-0.052782876763496356,-0.018141695020749915,0
2024-06-26 00:00:00+00:00,0.3918609917163849,0.3945339918136596,0.3837330043315887,0.3847500085830688,258516129,0.4071161985397339,0.4384329205751418,36.692914342303695,-0.018566616673014458,-0.018130329266573438,-0.0004362874064410202,0.457565641622696,0.4071161985397339,0.35666675545677184,-0.018141695020749915,0.018490354371241136,0.02312982402972974,0.9450619011552737,0.8775572967430203,0.9285712350379022,0.02198207608260016,0.024640911594503913,0.6955668568443548,0.2783306555051081,-0.0759620340495103,0.015467153232655573,1
2024-06-27 00:00:00+00:00,0.3847509920597076,0.393204003572464,0.3780690133571625,0.3907009959220886,254822331,0.4041690990328789,0.43719588041305535,40.09122788585251,-0.01737192240795382,-0.017978647894849514,0.0006067254868956928,0.45090839450365705,0.4041690990328789,0.35742980356210075,0.015467153232655573,-0.0029551421648804643,0.015303573038351281,0.966677058827561,0.8936520526061702,0.924457702234126,0.022700598264512997,0.025075586891096038,0.7468657669996471,0.3559231266203974,-0.02752151751670384,-0.013501325349453808,0
2024-06-28 00:00:00+00:00,0.3907090127468109,0.3951709866523742,0.3851920068264007,0.3854260146617889,296816495,0.4016118496656418,0.4356343805789947,38.137004177907976,-0.016658733982782614,-0.017714665112436134,0.00105593112965352,0.4464443981782678,0.4016118496656418,0.35677930115301576,-0.013501325349453808,0.0017570008151777117,0.013470888422723482,0.9596978151483123,0.8847465485839877,0.9219011803702589,0.02148730565440892,0.02458131640453823,0.8813052715613905,0.31948566899677205,0.004812595696198851,-0.0037906861424920058,0
2024-06-29 00:00:00+00:00,0.3854149878025055,0.4020240008831024,0.3837949931621551,0.3839649856090545,230567794,0.3986047983169555,0.43434868037700647,37.59046012131934,-0.01602667432643884,-0.017377066955236678,0.001350392628797839,0.43931457588782635,0.3986047983169555,0.35789502074608465,-0.0037906861424920058,-0.01724083220503836,0.016412282092730157,0.9632723620746282,0.8840017316865799,0.917706939896707,0.019742680417007077,0.023979776397095684,0.6950590383126873,0.32019291701588365,0.0004533351700730659,0.021426486295464287,1
2024-06-30 00:00:00+00:00,0.3839679956436157,0.3932330012321472,0.3791939914226532,0.392192006111145,194815973,0.3961913481354713,0.43341500043869013,42.580525397644884,-0.014692544192937973,-0.016840162402776936,0.0021476182098389626,0.4318647056875312,0.3961913481354713,0.3605179905834114,0.021426486295464287,0.01755457906828961,0.0008498239281031772,0.989905529125894,0.9048879381520705,0.91411544993703,0.020467195862773454,0.024801083357210273,0.6134200050385961,0.4439449732410267,0.020684802532581648,0.027320821472699208,1
2024-07-01 00:00:00+00:00,0.3921349942684173,0.4075619876384735,0.3914720118045807,0.4029070138931274,256575826,0.3952421486377716,0.4327200806140899,48.37063307694316,-0.012625090684732776,-0.015997148059168104,0.0033720573744353277,0.42899481981337145,0.3952421486377716,0.3614894774621717,0.027320821472699208,0.049332696975028956,0.04719169565954262,1.0193928336888494,0.9311031124817373,0.9133898941710032,0.021363937380446767,0.024254887317269186,0.8541547222055123,0.6135445727462426,0.0714130553055421,0.03690179296053153,1
2024-07-02 00:00:00+00:00,0.402877002954483,0.4187830090522766,0.4028500020503998,0.4177750051021576,260819618,0.3942410990595817,0.4323447805643081,55.13164986894107,-0.009675364669495756,-0.014732791381233635,0.005057426711737879,0.42357855845465286,0.3942410990595817,0.36490363966451056,0.03690179296053153,0.06523080173072793,0.06929598199813114,1.059694197532204,0.9663005635383556,0.9118673724822295,0.02127580424183868,0.024186713076906386,0.8967452114709007,0.9010897079678566,0.08566003115825516,-0.026418507422099724,0
2024-07-03 00:00:00+00:00,0.4177840054035187,0.4219099879264831,0.4012979865074157,0.4067380130290985,391834481,0.39351875036954875,0.43191816091537466,49.90697161844559,-0.00813450901473084,-0.013413134907933076,0.0052786258932022365,0.42069468789112036,0.39351875036954875,0.36634281284797715,-0.026418507422099724,0.009508395247215251,0.05529465463303218,1.033592459437157,0.9417015764446874,0.9110956333383966,0.023203143882876944,0.023411735952962358,1.345813452770913,0.743216313127314,0.06951041117869017,-0.1078802593490279,0
2024-07-04 00:00:00+00:00,0.4067209959030151,0.4126319885253906,0.3628590106964111,0.3628590106964111,575895856,0.3910775512456894,0.43011558115482323,35.502243705466654,-0.01033490424036032,-0.012797488774418525,0.002462584534058204,0.42009266840453113,0.3910775512456894,0.36206243408684763,-0.1078802593490279,-0.1314487313388173,-0.05496848854372649,0.9278441310185295,0.8436314018714829,0.9092382800820187,0.049123688275469146,0.03318706532851953,1.9107102897141046,0.013726923885963156,-0.03945836479118703,-0.03575499970103946,0
2024-07-05 00:00:00+00:00,0.3627130091190338,0.3627130091190338,0.3209550082683563,0.3498849868774414,772752357,0.3878870502114296,0.4279193806648254,32.513994582328735,-0.012976048790268702,-0.01283320077758856,-0.0001428480126801409,0.4202683572126587,0.3878870502114296,0.3555057432102005,-0.03575499970103946,-0.1397780004092949,-0.10787323192332998,0.9020280174002354,0.8176423005984259,0.9064488960719642,0.050141363913571574,0.03374118951388572,2.3446624070947255,-0.08679013994935034,-0.10711508124891722,0.06098009300018248,1
2024-07-06 00:00:00+00:00,0.3499079942703247,0.3729360103607178,0.3485420048236847,0.3712210059165954,288462471,0.3856291502714157,0.4257038009166717,41.268918577551126,-0.013195427773081803,-0.01290564617668721,-0.0002897815963945928,0.41587241406380826,0.3856291502714157,0.35538588647902314,0.06098009300018248,0.02304475009215201,-0.07864347574980868,0.9626373049218933,0.8720171281469462,0.9058625961079912,0.057477468531051915,0.03699709258574065,0.8601644534945532,0.2617958092465446,-0.0351630990634596,-0.06627590796805749,0
2024-07-07 00:00:00+00:00,0.3711839914321899,0.3711839914321899,0.345892995595932,0.3466179966926574,254988837,0.3828721508383751,0.4229880011081695,35.54291944884153,-0.015179563862687317,-0.01336042971388723,-0.0018191341488000869,0.4167584037188975,0.3828721508383751,0.34898589795785273,-0.06627590796805749,-0.009337325999438706,-0.17032375690379153,0.9053100256408517,0.8194511328561724,0.9051607843137478,0.060648678738251395,0.0389349566953245,0.7754614377850781,-0.03493896586241277,-0.11283052689791961,0.06459270697824793,1
2024-07-08 00:00:00+00:00,0.3466449975967407,0.3788749873638153,0.3333429992198944,0.3690069913864136,506143395,0.38214350044727324,0.4210161006450652,43.258366115281476,-0.014775083286520996,-0.013643360428413985,-0.0011317228581070107,0.4165877929461601,0.38214350044727324,0.3476992079483864,0.06459270697824793,-0.005964141292907454,-0.09276492590818064,0.9656241463076455,0.8764676477242432,0.9076695638522307,0.0664333136933346,0.04089622489324613,1.5600928038963102,0.30930789823474814,-0.04259967581530011,0.017129791904582747,1
2024-07-09 00:00:00+00:00,0.3689649999141693,0.3805429935455322,0.3637779951095581,0.375328004360199,272785226,0.38172035068273547,0.41848750114440914,45.250893283212946,-0.013785565181512971,-0.013671801379033784,-0.00011376380247918663,0.4162871425535146,0.38172035068273547,0.3471535588119563,0.017129791904582747,0.08282895851192174,0.03436319147719935,0.9832538498115091,0.896867895298701,0.9121427752056416,0.06447083720049301,0.041099448877606776,0.8437536381838535,0.40753630903277105,-0.02249418976356754,0.035987212240066846,1
2024-07-10 00:00:00+00:00,0.3753710091114044,0.3896229863166809,0.3725129961967468,0.3888350129127502,251166038,0.38194990158081055,0.41636872112751,49.34432628665106,-0.011775719087282976,-0.013292584920683624,0.001516865833400648,0.4166479843189448,0.38194990158081055,0.3472518188426763,0.035987212240066846,0.05373345760154802,0.11132237019633062,1.0180262157509234,0.9338718140493368,0.9173357224013018,0.06664471938712367,0.041894401309498626,0.7811162307732521,0.5992145788558614,-0.008559565585443019,0.017956198516486888,1
2024-07-11 00:00:00+00:00,0.3888030052185058,0.4041309952735901,0.3856379985809326,0.3958170115947723,313288172,0.382938152551651,0.4146225214004516,51.368436482885045,-0.009509888559194657,-0.01253604564838583,0.0030261570891911733,0.4180523245212469,0.382938152551651,0.34782398058205505,0.017956198516486888,0.054589604283591386,0.06625704172490443,1.0336316947196433,0.9546442635528799,0.9235826149969332,0.04863774313185135,0.04169108886415215,0.9681366206882582,0.6833854868380869,-0.017597118079050733,0.052314531245353235,1
2024-07-12 00:00:00+00:00,0.3958359956741333,0.4176590144634247,0.3942590057849884,0.4165239930152893,354134954,0.3845237523317337,0.4136464011669158,56.87248447101442,-0.005974451438865491,-0.011223726806481763,0.005249275367616272,0.42272264718790065,0.3845237523317337,0.34632485747556674,0.052314531245353235,0.07121009987017857,0.20168022719436807,1.083220452545539,1.0069566466437414,0.9295953047022149,0.045024738510333194,0.042906816693517924,1.0756867781538426,0.9188634357623228,-0.0029944636983784134,0.05975890773374726,1
2024-07-13 00:00:00+00:00,0.4165270030498504,0.4451799988746643,0.412321001291275,0.441415011882782,365695869,0.3875793531537056,0.41328482151031487,62.38373567086847,-0.0011508288116980347,-0.009209147207525019,0.008058318395826984,0.43337766534056393,0.3875793531537056,0.3417810409668473,0.05975890773374726,0.1151996982249257,0.19622397999647867,1.1389022874697,1.068064900786019,0.9378020507439137,0.04486915281047059,0.044403838183953694,1.0839200500342792,1.0877471915277737,0.0852563511225164,-0.020540758049695573,0
2024-07-14 00:00:00+00:00,0.4414370059967041,0.4444949924945831,0.4261650145053863,0.4323480129241943,355552828,0.39030850380659105,0.4126903414726257,59.40570284922805,0.0019181841993485826,-0.006983680926150299,0.00890186512549888,0.43998535799021493,0.39030850380659105,0.34063164962296716,-0.020540758049695573,0.0379906564189787,0.15192047462910252,1.1077084119551621,1.0476329816235173,0.9457660249906303,0.030107697477689876,0.04475902498649772,1.0585317736615865,0.9231297433026836,0.1915041384652887,0.030609576270859362,1
2024-07-15 00:00:00+00:00,0.4323689937591553,0.4455820024013519,0.4321660101413727,0.4455820024013519,466472243,0.39299465417861934,0.41243448138236993,62.23912966848447,0.005356524787955008,-0.0045156397833292375,0.009872164571284245,0.44849325405697127,0.39299465417861934,0.3374960543002674,0.030609576270859362,0.009440074320980374,0.14594104852727097,1.1338118665574295,1.0803703921841847,0.9528656596834642,0.026597515535181825,0.044550690821740326,1.347775323931277,0.9737718459384507,0.2735099221545949,-0.01659178887438917,0
2024-07-16 00:00:00+00:00,0.4454919993877411,0.4521940052509308,0.4273859858512878,0.4381889998912811,485890791,0.39566660374402995,0.4118390011787414,59.73093611627074,0.007399583170954904,-0.0021325951924724093,0.009532178363427313,0.4545370551096657,0.39566660374402995,0.3367961523783942,-0.01659178887438917,0.013509919769449485,0.10704943712699277,1.107470268516168,1.0639813097766901,0.9607312629730944,0.031425986080394444,0.044505234917001264,1.3592336374661784,0.8611522857464669,0.18039925787424815,-0.003288539631180365,0
2024-07-17 00:00:00+00:00,0.4382260143756866,0.4552229940891266,0.4367240071296692,0.4367479979991913,389017769,0.3979689538478851,0.4114341610670089,59.229902420752715,0.008800992486233061,5.4122343268684725e-05,0.008746870142964377,0.4595605203961206,0.3979689538478851,0.3363773872996496,-0.003288539631180365,-0.019825765750304036,0.048554237746298634,1.0974423853327226,1.0615258511022365,0.9672725104201283,0.032173241594941636,0.04452577700705652,1.0681906113460735,0.8148080680894545,0.2600268946405897,-0.029403682649086993,0
2024-07-18 00:00:00+00:00,0.4366900026798248,0.4486640095710754,0.4208140075206756,0.423905998468399,338163499,0.3998929530382156,0.4108923810720443,54.81689340831324,0.008774233525818187,0.0017981445797785854,0.006976088946039602,0.4622342793405628,0.3998929530382156,0.33755162673586836,-0.029403682649086993,-0.03259552710457325,-0.03966565010940892,1.0600486836483178,1.0316715957652984,0.9732303918482731,0.036649585344560996,0.045041627604533944,0.9233102830475273,0.6925933153372715,0.14877497815345397,0.035687125740609504,1
2024-07-19 00:00:00+00:00,0.4238980114459991,0.4427649974822998,0.4159309864044189,0.4390339851379394,340393258,0.40264640301465987,0.4107414406538009,58.718819772606494,0.009860068222484197,0.003410529308319708,0.006449538914164489,0.466861969411382,0.40264640301465987,0.3384308366179377,0.035687125740609504,0.0052341101715875915,0.015464329692472578,1.090371059696154,1.0688816410613537,0.9802916461843838,0.033917901716368715,0.04546448458866337,0.9156695365132962,0.7833236874255531,0.1697341526282765,-0.0031819492549860495,0
2024-07-20 00:00:00+00:00,0.4390330016613006,0.4416719973087311,0.4288130104541778,0.4376370012760162,250105075,0.40491865277290345,0.41054496049880973,58.218829687955505,0.010486987654277191,0.004825820977511205,0.005661166676765986,0.47077187116388797,0.40491865277290345,0.33906543438191894,-0.0031819492549860495,0.032391621862460696,-0.017830614976633075,1.0808022754176816,1.0659904356012306,0.9862955138480561,0.025122404024737095,0.04540713279149541,0.6678249618384263,0.7484187508411279,0.12550821490506192,0.019285361779887156,1
2024-07-21 00:00:00+00:00,0.4376370012760162,0.4484730064868927,0.4189580082893371,0.4460769891738891,333865949,0.4070771515369415,0.41046700000762937,60.412049741133714,0.011531929404324015,0.006167042662873767,0.005364886741450248,0.47543511013903733,0.4070771515369415,0.3387191929348457,0.019285361779887156,0.016042047482353494,0.018001340254011566,1.0958045360436015,1.0867548162595235,0.9917414835525759,0.024449190661873347,0.04524843611306665,0.8823762016222586,0.7852618658784222,0.12697781072272796,-0.043781676204881714,0
2024-07-22 00:00:00+00:00,0.446056991815567,0.4494009912014007,0.4253439903259277,0.4265469908714294,546207226,0.40751575082540514,0.4100680595636368,53.42361456712502,0.010661249379186388,0.007065884006136292,0.0035953653730500966,0.4762741119724937,0.40751575082540514,0.3387573896783166,-0.043781676204881714,-0.025340659889935502,-0.02335673471771882,1.0467006244727408,1.04018584457743,0.9937758899316674,0.02732446325099701,0.0459484062215159,1.3911116866883375,0.6383921877174503,0.024063434578118548,-0.038565476349344485,0
2024-07-23 00:00:00+00:00,0.4265469908714294,0.429298996925354,0.4046249985694885,0.4100970029830932,348574391,0.40768370032310486,0.40912927985191344,48.35017511936044,0.008545347198835984,0.007361776644676231,0.001183570554159753,0.4764504715631451,0.40768370032310486,0.33891692908306464,-0.038565476349344485,-0.08065869135601211,-0.03257560764697509,1.005919546594764,1.0023653235757901,0.9964666925590566,0.029898871782948727,0.04642247132398491,0.8926868106063764,0.5175470115614733,-0.07094912510135765,-0.00792496125887776,0
2024-07-24 00:00:00+00:00,0.4100889861583709,0.4208729863166809,0.4046860039234161,0.4068470001220703,335809825,0.4098830997943878,0.4080365198850632,47.39257895172367,0.006530946718778019,0.007195610659496589,-0.0006646639407185701,0.47534795904384186,0.4098830997943878,0.34441824054493375,-0.00792496125887776,-0.04618480770222355,-0.07331319694022387,0.992592766879531,0.9970847713255472,1.004525526072629,0.02980153683187878,0.03878465359174116,0.8872743199327751,0.47681122584600366,-0.05898260669604416,-0.02992772965940793,0
2024-07-25 00:00:00+00:00,0.4068470001220703,0.4078739881515503,0.3828249871730804,0.3946709930896759,359539415,0.41212240010499956,0.40670643985271454,43.88575658228754,0.003906980576903085,0.006537884642977889,-0.0026309040660748035,0.4717496145783557,0.41212240010499956,0.35249518563164345,-0.02992772965940793,-0.03761551482016867,-0.0981772749129175,0.9576547962186054,0.9704075333368285,1.013316632641092,0.029859890872663938,0.03847153554080502,1.004825297342641,0.3536623992126811,-0.11425732870112326,0.05846894814535797,1
2024-07-26 00:00:00+00:00,0.3946720063686371,0.4195719957351684,0.3945859968662262,0.4177469909191131,265380415,0.41444869935512535,0.4058993399143219,51.24838253915714,0.003647462992575512,0.005959800312897414,-0.002312337320321902,0.47090296769227424,0.41444869935512535,0.35799443101797646,0.05846894814535797,0.02679137561238587,-0.06350921240578145,1.0079582625524457,1.0291886431924033,1.021062757684228,0.036207419658648675,0.03828886588587641,0.7440737357189605,0.5292120654570361,-0.04665112309355057,0.001079597350780892,1
2024-07-27 00:00:00+00:00,0.4177460074424743,0.4286850094795227,0.4141010046005249,0.4181979894638061,430162296,0.41802769899368275,0.40527043998241424,51.38264366967293,0.003438547811923154,0.005455549812702563,-0.002017002000779409,0.46458387705263987,0.41802769899368275,0.37147152093472563,0.001079597350780892,0.059611668417659525,-0.019573462212372883,1.0004073664748372,1.0318985748922442,1.0314783851786034,0.036308550621320795,0.03429390971789374,1.1771805575853156,0.5018288708096668,-0.04247302476569004,-0.025851394159628893,0
2024-07-28 00:00:00+00:00,0.4181950092315674,0.420287013053894,0.4056000113487243,0.4073869884014129,261455853,0.41994669884443275,0.40468675971031187,47.97208651587385,0.0023732660578658082,0.0048390930617352125,-0.0024658270038694042,0.46081120638226336,0.41994669884443275,0.37908219130660215,-0.025851394159628893,-0.024799705905496627,-0.006608228204467048,0.9700921319834627,1.0066723919829597,1.0377080266847485,0.03507545144909415,0.032636982802554296,0.7402842508854613,0.3463249504304854,-0.03896856880221178,-0.008279589534149201,0
2024-07-29 00:00:00+00:00,0.4073869884014129,0.4264369904994964,0.4037829935550689,0.404013991355896,328634235,0.4213809981942176,0.40388491928577425,46.92555328623777,0.0012425268445562243,0.004119779818299415,-0.0028772529737431905,0.45737497975374675,0.4213809981942176,0.38538701663468844,-0.008279589534149201,-0.033916944761250956,-0.006963327160638522,0.9587855007398387,1.0003195763544477,1.0433194657017233,0.03222529890983762,0.032653394885831896,0.9231933948765388,0.25875123998717775,-0.07976602032537528,-0.005777024385422269,0
2024-07-30 00:00:00+00:00,0.404008001089096,0.4069769978523254,0.3960820138454437,0.4016799926757812,277821308,0.42202324718236917,0.4031092989444733,46.17489946173059,0.0001562722745231948,0.003327078309544171,-0.003170806035020976,0.4559723752252822,0.42202324718236917,0.3880741191394561,-0.005777024385422269,-0.014008782528931452,0.01775909481270821,0.9517958912396193,0.9964542959628203,1.0469201486728819,0.029157887484858026,0.03183819904668771,0.7775395434520235,0.20038620018644834,-0.08216171963384111,-0.03213253991053966,0
2024-07-31 00:00:00+00:00,0.4016770124435425,0.4074009954929352,0.3879599869251251,0.3887729942798614,282132846,0.4216710463166236,0.40244693875312804,42.158602310302086,-0.0017261808620663288,0.002316426475222071,-0.0040426073372884,0.45688740697638835,0.4216710463166236,0.38645468565685887,-0.03213253991053966,-0.037723933829333145,-0.06935776263882609,0.9219817145992524,0.9660229879853687,1.0477680551454962,0.03125462843385206,0.032488848218600666,0.7930638023435145,0.03291522149889887,-0.1284621181651886,0.010116475535522973,1
2024-08-01 00:00:00+00:00,0.3887740075588226,0.3950749933719635,0.3699960112571716,0.3927060067653656,348062632,0.4204801470041274,0.4015451389551163,43.763771510361885,-0.0028676211455983536,0.0012796169510579858,-0.004147238096656339,0.45796706770183654,0.4204801470041274,0.38299322630641824,0.010116475535522973,-0.02234113242891589,-0.06095673183681516,0.9339466073805165,0.977987201606396,1.0471553661396151,0.029788254560139633,0.030172782139773056,0.9792254358169176,0.12954892370688786,-0.07933705976199046,-0.07355118874690036,0
2024-08-02 00:00:00+00:00,0.3927060067653656,0.3942629992961883,0.3602890074253082,0.3638220131397247,391092412,0.41660049706697455,0.4003978794813156,35.88718523710625,-0.006033368766415637,-0.00018298019243673876,-0.005850388573978898,0.46048040663830764,0.41660049706697455,0.37272058749564146,-0.07355118874690036,-0.06417879201294407,-0.10693757165057538,0.8733115195521118,0.9086511986802425,1.0404662921957732,0.02809416544986557,0.03041627443541367,1.0963669416607624,-0.10139690854935422,-0.11283913197794393,0.0007503374265771523,1
2024-08-03 00:00:00+00:00,0.3638220131397247,0.3724839985370636,0.3503499925136566,0.364095002412796,309403901,0.4131878465414046,0.39944611966609955,36.00441727518587,-0.008423122102635239,-0.001831008574476439,-0.0065921135281588,0.4622244381310328,0.4131878465414046,0.3641512549517764,0.0007503374265771523,-0.0728560395300093,-0.09880595671731407,0.881185169071305,0.9114996603725833,1.0344019536021325,0.028054802349296543,0.030370190223156204,0.8730130102485459,-0.0005735771712189391,-0.10508126567591003,-0.05536195012180156,0
2024-08-04 00:00:00+00:00,0.3641059994697571,0.3669930100440979,0.3355689942836761,0.3439379930496216,317908629,0.4081056460738182,0.3980509793758392,31.433903837905646,-0.01180741253345785,-0.0038262893662727214,-0.00798112316718513,0.46364392189918363,0.4081056460738182,0.3525673702484528,-0.05536195012180156,-0.054653152838409214,-0.14375124646242077,0.8427670539686922,0.8640551358243884,1.0252597461605173,0.03124827238454794,0.030683520194526893,0.9162131355221671,-0.07768855866146657,-0.12854504366508368,-0.08950159107238742,0
2024-08-05 00:00:00+00:00,0.3439379930496216,0.3454689979553222,0.2798860073089599,0.3131549954414367,1211794401,0.401853945851326,0.3959864991903305,26.004757928421668,-0.01677998846329143,-0.006417029185676463,-0.010362959277614965,0.4698792014600856,0.401853945851326,0.3338286902425664,-0.08950159107238742,-0.13990855857341766,-0.1945042478541873,0.7792756514509745,0.7908224045055614,1.014817289662634,0.038830796024836474,0.03520443541938306,3.1616734614836415,-0.15195602439211955,-0.25037163103809923,0.056288422874647415,1
2024-08-06 00:00:00+00:00,0.3131560087203979,0.3361400067806244,0.312514990568161,0.3307819962501526,401715322,0.39655564576387403,0.3945669794082642,33.12728855204651,-0.019078513831402577,-0.008949326114821687,-0.01012918771658089,0.4694687239662697,0.39655564576387403,0.32364256756147836,0.056288422874647415,-0.03825107160397634,-0.15768541720374407,0.8341376545351573,0.8383418114365006,1.0050401236276596,0.051614577809547334,0.03868976317686118,1.0463757769465782,0.048958491841863114,-0.20903016134949426,-0.02141586395130024,0
2024-08-07 00:00:00+00:00,0.3307819962501526,0.340582013130188,0.3170709908008575,0.3236980140209198,346795316,0.3915452465415001,0.39336933970451354,31.802415228757766,-0.021227037829475104,-0.011404868457752371,-0.009822169371722733,0.47009877013064616,0.3915452465415001,0.312991722952354,-0.02141586395130024,0.03366709371703047,-0.11028469325575241,0.8267193048060945,0.822885724301928,0.9953628994969875,0.05156815822575354,0.03855335544137112,0.902307456844275,0.06814647249028757,-0.2054286876193291,0.08685869718030714,1
2024-08-08 00:00:00+00:00,0.3237009942531585,0.3530629873275757,0.3203170001506805,0.3518140017986297,326623648,0.3871842473745346,0.392729799747467,41.7583628956493,-0.02042557996729899,-0.013209010759661695,-0.007216569207637295,0.46430840096018144,0.3871842473745346,0.31006009378888777,0.08685869718030714,0.06358267918720628,-0.0337302092387487,0.9086475087358339,0.8958169255932528,0.9858794713910217,0.06626027172943559,0.04333370548658139,0.8513489527513184,0.27069281196956,-0.1292034203619531,-0.009286128943366556,0
2024-08-09 00:00:00+00:00,0.3518140017986297,0.3538700044155121,0.3375079929828644,0.3485470116138458,275869404,0.3827297478914261,0.392015860080719,41.009203700481685,-0.01982550160036539,-0.014532308927802435,-0.005293192672562957,0.4578495061207047,0.3827297478914261,0.30760998966214753,-0.009286128943366556,0.07676598717507144,0.013400725297479044,0.9106870148821634,0.8891145667985918,0.9763118966988203,0.060814564938557775,0.043303751645793476,0.7166509923937954,0.272478392613774,-0.13227689212995486,-0.006478330563131518,0
2024-08-10 00:00:00+00:00,0.3485470116138458,0.3517650067806244,0.3452729880809784,0.3462890088558197,155114866,0.3777403488755226,0.3914206004142761,40.46880738665004,-0.019309548665654708,-0.01548775687537289,-0.003821791790281817,0.44825920532441826,0.3777403488755226,0.30722149242662694,-0.006478330563131518,-0.015704300893551126,0.10580707284479329,0.9167382036011538,0.8846979655370986,0.9650497405494896,0.06077143471044275,0.04275311102410193,0.41253414241753994,0.2770004960127552,-0.10927710013072367,-0.0518844521349443,0
2024-08-11 00:00:00+00:00,0.3462919890880584,0.3562749922275543,0.3280369937419891,0.3283219933509826,203353395,0.37282909899950023,0.39029080033302305,36.36275930478096,-0.02011852639336803,-0.01641391077897192,-0.0037046156143961118,0.44271471433819576,0.37282909899950023,0.3029434836608047,-0.0518844521349443,-0.05802665806605867,-0.007436931051439721,0.8806233049728308,0.8412240131482362,0.9552597670285252,0.06030889046407969,0.043109892539398516,0.5666614665744473,0.18157176957792254,-0.16394965267962203,0.032452945348761864,1
2024-08-12 00:00:00+00:00,0.3283190131187439,0.3439779877662658,0.3280520141124725,0.3389770090579986,276146893,0.3692730993032455,0.3894642806053162,40.23542740149146,-0.019673097133399986,-0.017065748049857533,-0.0026073490835424526,0.43840784340231104,0.3692730993032455,0.3001383552041799,0.032452945348761864,-0.02111531007576828,0.04720138640112692,0.9179574945957061,0.8703673890995887,0.9481565260087805,0.04826158729538936,0.043737148495958965,0.7773511760643217,0.28089099308855064,-0.06828889727512011,0.003472162083582253,1
2024-08-13 00:00:00+00:00,0.3389770090579986,0.3446559906005859,0.3318899869918823,0.3401539921760559,208538494,0.3659384489059448,0.3887120604515076,40.664974601764705,-0.01900602886465247,-0.01745380421281652,-0.0015522246518359477,0.4338654802038607,0.3659384489059448,0.2980114176080289,0.003472162083582253,0.03603778931868473,-0.033142539986932396,0.9295388150466908,0.8750795943427915,0.9414126448273559,0.04420802096224303,0.043820134306394025,0.5977416803385597,0.31020474296305667,-0.06575484441721824,-0.013814307294916617,0
2024-08-14 00:00:00+00:00,0.340146005153656,0.345194011926651,0.3324370086193084,0.3354550004005432,206602286,0.3629776492714881,0.38758398056030274,39.44601491234522,-0.018641652455393676,-0.017691373861331953,-0.0009502785940617223,0.43079356474163455,0.3629776492714881,0.2951617338013417,-0.013814307294916617,-0.01039011072533469,-0.037561679707663664,0.9241753619646167,0.8655027483736548,0.9365135492616516,0.04354461752560162,0.0435429695989425,0.6054626706449082,0.29707824719213005,-0.024664308161658877,-0.03011433366838423,0
2024-08-15 00:00:00+00:00,0.3354560136795044,0.3413679897785187,0.3214839994907379,0.3253529965877533,243240095,0.3583579495549202,0.38639604032039643,36.88613541856639,-0.01894958973285915,-0.017943017035637394,-0.0010065726972217567,0.42297722898718465,0.3583579495549202,0.2937386701226557,-0.03011433366838423,-0.043512632304024135,-0.06045820610143382,0.9078994814872701,0.8420194894284456,0.927436909699625,0.0263487566816193,0.04093992851725363,0.7151524614426159,0.2446199241376292,0.03895196092631936,0.015733667612130908,1
2024-08-16 00:00:00+00:00,0.3253529965877533,0.3449530005455017,0.3210189938545227,0.3304719924926758,333621595,0.35397164970636363,0.38519146025180817,39.04481881308305,-0.018566548442357,-0.018067723316981317,-0.0004988251253756834,0.4131704179205945,0.35397164970636363,0.29477288149213277,0.015733667612130908,-0.014854474972552434,0.006548446906494032,0.9336114707684021,0.8579421575873954,0.9189498891667135,0.028220067665140687,0.04130867597697308,0.9950050711336862,0.3015190355933898,-0.0009371844930833317,0.0194085924536469,1
2024-08-17 00:00:00+00:00,0.3304719924926758,0.3386040031909942,0.3285149931907654,0.3368859887123108,164578014,0.3504465997219085,0.3842206597328186,41.733928489692374,-0.017543202451452966,-0.017962819143875645,0.00041961669242267935,0.4044184229881266,0.3504465997219085,0.2964747764556904,0.0194085924536469,0.035447628408262766,-0.006168619964813105,0.9613047721953686,0.8768034205827879,0.9120972307048869,0.029976983324737555,0.041683870977112375,0.49803836154906,0.3743732359873273,0.04074159902179275,-0.006099954900992022,0
2024-08-18 00:00:00+00:00,0.336887001991272,0.339598000049591,0.3337959945201874,0.3348309993743896,147715225,0.3469874501228332,0.3832379800081253,41.10819151688775,-0.016705443887798765,-0.017711344092660272,0.0010059002048615068,0.3950479740604428,0.3469874501228332,0.29892692618522365,-0.006099954900992022,0.013190246013995877,-0.015648773567564778,0.9649657336478877,0.873689500626453,0.9054098712123377,0.02145217981339336,0.041687672912589756,0.4595899875328639,0.37352977295644246,-0.048272673450787784,0.00574024322424882,1
2024-08-19 00:00:00+00:00,0.3348309993743896,0.3375450074672699,0.3288420140743255,0.3367530107498169,205948260,0.343741101026535,0.38212920010089874,41.98434226018699,-0.015705382067092044,-0.017310151687546627,0.0016047696204545825,0.3844565712656717,0.343741101026535,0.3030256307873983,0.00574024322424882,-0.0003947269015318611,0.0038694022975476194,0.9796704838151471,0.8812543261831324,0.8995415711120018,0.01731842283951974,0.04180688960061416,0.648017345610318,0.41418384417919635,-0.03383761865987667,0.020584791119226065,1
2024-08-20 00:00:00+00:00,0.3367840051651001,0.3481540083885193,0.3362320065498352,0.3436850011348724,232812455,0.34148670136928555,0.3809447598457336,45.1536082168192,-0.014189899845598375,-0.016686101319156977,0.002496201473558602,0.37626357083191425,0.34148670136928555,0.30670983190665685,0.020584791119226065,0.026443196051219697,0.05634496912394238,1.006437438871769,0.902191176678871,0.896420524349969,0.0191361413232707,0.041863206991277366,0.73827420832004,0.5316057741762686,-0.007519752733565754,0.07382921925693875,1
2024-08-21 00:00:00+00:00,0.3436850011348724,0.377265989780426,0.3434779942035675,0.3690589964389801,369934783,0.3403043508529663,0.3799704396724701,54.87164530693268,-0.010816711586885686,-0.01551222337270272,0.004695511785817034,0.36878758965824493,0.3403043508529663,0.31182111204768764,0.07382921925693875,0.09593376943306442,0.11676331072794177,1.0844968496992202,0.9712834418306447,0.8956074350054823,0.031815332558478966,0.045375324972877634,1.1690501640030906,1.0047643244258597,0.12407637597536403,0.020259674819004037,1
2024-08-22 00:00:00+00:00,0.3690600097179413,0.3771939873695373,0.3647390007972717,0.3765360116958618,253221746,0.3409400507807731,0.3793663996458054,57.27405076478444,-0.007454175847038891,-0.013900613867569956,0.006446438020531065,0.37207717115947464,0.3409400507807731,0.3098029304020716,0.020259674819004037,0.09558465005022931,0.11769567245912027,1.1044053370484688,0.9925391706999193,0.8987091400268739,0.025127407298654852,0.04235053622146022,0.8180399035601633,1.071600078654626,0.11080103261940377,0.03983678912231392,1
2024-08-23 00:00:00+00:00,0.3765380084514618,0.3922829926013946,0.3742170035839081,0.391535997390747,360713833,0.34231210052967065,0.37993993937969206,61.68118371281426,-0.0035381825954639012,-0.011828127613148746,0.008289945017684845,0.3795633636775321,0.34231210052967065,0.3050608373818092,0.03983678912231392,0.06090354433476941,0.16935408645647243,1.143798296305946,1.0305207660715723,0.9009637183407082,0.025869868210189557,0.04315627657175797,1.1557176032138392,1.1607010434208898,0.15105512913720842,0.0063110415711404855,1
2024-08-24 00:00:00+00:00,0.3915260136127472,0.4011769890785217,0.3884840011596679,0.394006997346878,259095804,0.3448155507445335,0.38082237958908083,62.36978480909258,-0.00023265873980393703,-0.009509033838479786,0.009276375098675849,0.3886711569994087,0.3448155507445335,0.30095994448965835,0.0063110415711404855,0.04639924232566628,0.17001774229005084,1.1426601743921618,1.0346214363032544,0.9054498086919162,0.026781884884030837,0.040790436221475934,0.8380318350954474,1.0608341874977063,0.1745450116302394,-0.022913267478430033,0
2024-08-25 00:00:00+00:00,0.3940100073814392,0.3940260112285614,0.378711998462677,0.3849790096282959,271365361,0.34840675145387645,0.38109753966331483,58.25106365578955,0.0016396091779892208,-0.007279305235185984,0.008918914413175206,0.3931010832895543,0.34840675145387645,0.3037124196181986,-0.022913267478430033,-0.016746832490876495,0.12015074372482881,1.1049700042315656,1.0101849777576895,0.9142193669412837,0.030336632394967755,0.03471141718468941,1.0351516662491755,0.9091375424167899,0.18326560279416526,-0.04681294392398938,0
2024-08-26 00:00:00+00:00,0.3849759995937347,0.3876760005950928,0.3669550120830536,0.3669570088386535,288310031,0.3502155020833015,0.38150431990623473,51.00944762915776,0.0016501482622375274,-0.005493414535701282,0.00714356279793881,0.39483451889968957,0.3502155020833015,0.3055964852669134,-0.04681294392398938,-0.06865357389683635,-0.005695532748445364,1.0478034428966252,0.9618685548012755,0.9179856788237067,0.03967100328479905,0.03527328071146846,1.124103035197488,0.6876050611362087,0.11040274871942835,-0.04481722376467079,0
2024-08-27 00:00:00+00:00,0.3669520020484924,0.3724910020828247,0.3462690114974975,0.3505110144615173,307613758,0.35155615210533137,0.3811344003677368,45.45597737351418,0.0003276690957405015,-0.0043291978094129255,0.004656866905153427,0.39439620333063374,0.35155615210533137,0.308716100880029,-0.04481722376467079,-0.08953214150573585,-0.06911688769722679,0.997027110356183,0.9196520023470129,0.922394178447637,0.04494209922641882,0.03658668499424189,1.2085987453420999,0.4878018628138707,0.040444026186087,-0.0009101113679065298,0
2024-08-28 00:00:00+00:00,0.3505110144615173,0.3601889908313751,0.3420299887657165,0.3501920104026794,316985233,0.3514750525355339,0.3806316804885864,45.3528345490787,-0.0007376430433396197,-0.0036108868561982644,0.0028732438128586447,0.3943191893965897,0.3514750525355339,0.3086309156744781,-0.0009101113679065298,-0.045686546467751166,-0.10559434448834837,0.9963495499222529,0.9200285429556624,0.9233993662439592,0.03270955506158896,0.031046795851335605,1.2477813937321998,0.4850266310998931,0.04587690822232959,0.019557816037351294,1
2024-08-29 00:00:00+00:00,0.3501909971237182,0.3673549890518188,0.3498719930648803,0.3570410013198852,263189476,0.3518997520208359,0.37999580025672913,48.07693671136056,-0.0010175248678179205,-0.0030922144585221957,0.002074689590704275,0.39479005093667296,0.3518997520208359,0.30900945310499883,0.019557816037351294,0.018629904878737724,-0.0938206587088819,1.0146099827281063,0.9395919667498024,0.9260622138010177,0.03261297816946694,0.03125099596187852,1.0386116799403085,0.5599348737244509,0.060245907007319355,-0.02769152512606521,0
2024-08-30 00:00:00+00:00,0.3570489883422851,0.3615800142288208,0.338822990655899,0.3471539914608001,297382538,0.3519430011510849,0.37902253985404966,44.61913593837576,-0.002013917113728614,-0.0028765549895634797,0.0008626378758348659,0.39481121699271277,0.3519430011510849,0.30907478530945703,-0.02769152512606521,-0.008675294842923176,-0.09825215718648272,0.986392655416867,0.9159191207849507,0.9285542788210108,0.025658733415041695,0.031895347878784217,1.1415027315890196,0.4441426521227606,0.010093516779821288,-0.005190772589389714,0
2024-08-31 00:00:00+00:00,0.3471539914608001,0.3501150012016296,0.3450370132923126,0.3453519940376282,120909139,0.35279450118541716,0.37759909987449647,43.998023497955934,-0.002915364769054407,-0.002884316945461665,-3.104782359274194e-05,0.39434342474856804,0.35279450118541716,0.3112455776222663,-0.005190772589389714,-0.03273855730587216,-0.058876147016243,0.9789041293932258,0.9145996220658726,0.9343096985736362,0.024266035038260834,0.029467421737925083,0.47157139994054975,0.41043682351388716,-0.06423634874125506,-0.03941486474475098,0
2024-09-01 00:00:00+00:00,0.3453510105609894,0.3456340134143829,0.3288620114326477,0.331739991903305,212136963,0.3524326503276825,0.3754055994749069,39.52247995962732,-0.004674261367058452,-0.0032423058297810226,-0.0014319555372774295,0.39460956478027964,0.3524326503276825,0.31025573587508537,-0.03941486474475098,-0.04440104373460918,-0.053553302988352036,0.9412862048815908,0.8836841868297155,0.9388049907104277,0.025545713598723364,0.03005528517540238,0.8378377570382678,0.2546921260962072,-0.1189687530571173,0.012744908590128556,1
2024-09-02 00:00:00+00:00,0.331739991903305,0.3369620144367218,0.3257049918174743,0.3359679877758026,232651288,0.3522233501076698,0.37347799897193906,41.512568496385015,-0.005661770297408664,-0.003726198723306551,-0.0019355715741021127,0.39469732002070534,0.3522233501076698,0.30974938019463427,0.012744908590128556,-0.027172295002886537,-0.04061778168645491,0.953849276810018,0.8995656737494871,0.9430899573126764,0.025337399587210534,0.030193461604493214,0.9145047682514832,0.3086432423770409,-0.14192311814305125,-0.05184120058031361,0
2024-09-03 00:00:00+00:00,0.3359659910202026,0.3394089937210083,0.3185510039329529,0.3185510039329529,228558971,0.3513781502842903,0.3709373790025711,36.22442743513596,-0.007760327055974181,-0.004533024389840077,-0.003227302666134104,0.39588135693635923,0.3513781502842903,0.3068749436322214,-0.05184120058031361,-0.03975700335278365,-0.10780273762577708,0.9065760169641228,0.8587729950255159,0.9472708068114504,0.026931241518558177,0.03222558989116878,0.8945583610224319,0.13118223583320904,-0.19150927247998784,0.01561129698587238,1
2024-09-04 00:00:00+00:00,0.3185440003871918,0.3291020095348358,0.3082930147647857,0.323523998260498,320645799,0.35128670036792753,0.36864407896995544,38.628352397271534,-0.008919352580789963,-0.005410290028030055,-0.0035090625527599085,0.396021994474475,0.35128670036792753,0.30655140626138005,0.01561129698587238,-0.037039211972804686,-0.06806775604356075,0.9209685363028214,0.8776053020150779,0.9529156180928583,0.028848565302808313,0.03175126413584556,1.2362509168849365,0.18970023935344846,-0.15963210936392047,0.00475392385025919,1
2024-09-05 00:00:00+00:00,0.323523998260498,0.339150995016098,0.3201729953289032,0.3250620067119598,302516707,0.35101620107889175,0.36641035914421083,39.389276689644085,-0.009603085835377612,-0.006248849189499566,-0.0033542366458780455,0.3963429450268934,0.35101620107889175,0.30568945713089013,0.00475392385025919,0.02043943575320606,-0.05875161480451063,0.92605983915512,0.8871528836443806,0.9579865642956337,0.026707730519508192,0.031562842334187206,1.1733900840272034,0.2136988882688512,-0.1141686931100816,-0.031821616974585076,0
2024-09-06 00:00:00+00:00,0.3250620067119598,0.3313210010528564,0.305103987455368,0.3147180080413818,341107574,0.34990780204534533,0.3642265993356705,36.14350238179489,-0.010854499694198882,-0.007169979290439429,-0.003684520403759453,0.39770620568158,0.34990780204534533,0.30210939840911066,-0.031821616974585076,-0.027218970668215214,-0.051311220465950824,0.8994312393199989,0.8640720052171103,0.9606871180840667,0.027128581014728103,0.03195111962640454,1.2792777457383304,0.13189362691092965,-0.10211663811798766,0.03290245700264327,1
2024-09-07 00:00:00+00:00,0.3147189915180206,0.3276199996471405,0.3147130012512207,0.3250730037689209,171441808,0.34941990226507186,0.3619473797082901,41.35340125669733,-0.010885214600261428,-0.007913026352403828,-0.0029721882478575996,0.3980581185716562,0.34941990226507186,0.30078168595848753,0.03290245700264327,3.3830643797250204e-05,-0.032428637260976556,0.9303219469230998,0.8981222741021417,0.9653886776212754,0.032403112271871336,0.032921941547460226,0.6401212690533109,0.2497143157688635,-0.07172923963877587,0.04179364188770429,1
2024-09-08 00:00:00+00:00,0.3250710070133209,0.3405809998512268,0.3241640031337738,0.3386589884757995,212278974,0.349515201151371,0.3599678194522858,47.41531004241348,-0.009701448699901194,-0.008270710821903303,-0.001430737877997891,0.3980562893213029,0.349515201151371,0.30097411298143917,0.04179364188770429,0.0760712123955416,0.06312328102748288,0.9689392259912901,0.9408035112446744,0.9709623534769883,0.03384986116072336,0.0342679166167865,0.7916614995117501,0.3881750174453623,-0.05148431910097806,0.014017059869705806,1
2024-09-09 00:00:00+00:00,0.3386540114879608,0.3483819961547851,0.3385140001773834,0.3434059917926788,257206648,0.3495012506842613,0.3579143995046616,49.38395706470948,-0.008284760636450228,-0.008273520784812688,-1.1239851637539697e-05,0.3980495537233248,0.3495012506842613,0.3009529476451978,0.014017059869705806,0.056396525737922865,0.06145446284999245,0.9825601228045705,0.9594640290190565,0.9764939638303356,0.03391144652287001,0.03409978784013803,0.9548688603063066,0.43722479973524425,-0.01079636057862976,0.00020680749884172123,1
2024-09-10 00:00:00+00:00,0.3434059917926788,0.3454369902610779,0.3378730118274688,0.3434770107269287,186507920,0.3482221513986587,0.35625299990177156,49.41446930852893,-0.00707474129128266,-0.008033764886106683,0.0009590235948240232,0.395941767482788,0.3482221513986587,0.3005025353145294,0.00020680749884172123,0.014226766201640428,0.05665074242677215,0.9863732371629123,0.9641378762329986,0.977457457185407,0.023970465737220316,0.029421186241533108,0.7168088771966487,0.45028102632506156,-0.0054291949751856805,0.027882437543687022,1
2024-09-11 00:00:00+00:00,0.3434770107269287,0.3564249873161316,0.3305059969425201,0.3530539870262146,263880950,0.34704805016517637,0.355112139582634,53.48643860668875,-0.005282121287105368,-0.0074834361663064205,0.0022013148792010525,0.3929555545001282,0.34704805016517637,0.30114054583022454,0.027882437543687022,0.028095011339698717,0.12181056693709147,1.0173057790072,0.9942042179722768,0.9772914284852796,0.02479285902641666,0.02978778493145018,1.0121047540182806,0.5654134541622816,0.0642490976159491,0.009174250746590173,1
2024-09-12 00:00:00+00:00,0.3530539870262146,0.3604629933834076,0.3527800142765045,0.3562929928302765,256108848,0.3452858999371528,0.3541010594367981,54.81131654958644,-0.003559069581091423,-0.006698562849263422,0.0031394932681719986,0.38646537382445334,0.3452858999371528,0.3041064260498523,0.009174250746590173,0.03731248876372906,0.09603993164424196,1.0318781997617834,1.0061901350901483,0.9751055263328895,0.02460880739496653,0.028226560226259165,1.002403801430088,0.6336478086539881,0.060496850277405256,0.012930430576328478,1
2024-09-13 00:00:00+00:00,0.3562929928302765,0.364547997713089,0.3507820069789886,0.3609000146389007,222228805,0.343630550801754,0.3534256398677826,56.70049270881516,-0.0018010293870183158,-0.005719056156814401,0.003918026769796085,0.37878452702568616,0.343630550801754,0.3084765745778218,0.012930430576328478,0.022223308335287406,0.06567381029277053,1.0502559036059333,1.0211483659587186,0.9722852901399769,0.014709068111365098,0.028396109030045368,0.8761191854703138,0.7456260385331602,0.13294263770350967,-0.017788905592538984,0
2024-09-14 00:00:00+00:00,0.3609000146389007,0.3617540001869201,0.3525680005550384,0.3544799983501434,160253934,0.3421056002378463,0.3521603000164032,53.35312679386303,-0.000915260968690712,-0.004758297119189663,0.003843036150498951,0.37195281007307407,0.3421056002378463,0.31225839040261855,-0.017788905592538984,-0.005088493225003599,0.032247563589834494,1.0361712819190738,1.00658705235551,0.9714485142757757,0.01904709686146669,0.02823908048754281,0.645935781826044,0.7072957268134983,0.09568378313846115,-0.04501522778624334,0
2024-09-15 00:00:00+00:00,0.3544799983501434,0.3559969961643219,0.3357219994068146,0.3385230004787445,195851407,0.34068389981985087,0.35056680023670195,46.072657701038175,-0.0014837754458539854,-0.004103392784522528,0.0026196173386685423,0.3681616748045551,0.34068389981985087,0.31320612483514665,-0.04501522778624334,-0.062003361741466145,-0.014423120306362391,0.9936571721110126,0.9656447793977482,0.9718087953275149,0.02438526576554284,0.02809725269765539,0.8044076267941134,0.4606791426469347,0.04141054164694369,-0.0242731126397544,0
2024-09-16 00:00:00+00:00,0.3385240137577057,0.3385460078716278,0.3269670009613037,0.3303059935569763,211465289,0.3396736487746238,0.3490251803398132,42.831432307877726,-0.0025677713810277614,-0.0037962685038235747,0.0012284971227958133,0.367115837477252,0.3396736487746238,0.3122314600719956,-0.0242731126397544,-0.068195680731438,-0.06443205375145422,0.9724216015830448,0.9463672312564618,0.973206713750324,0.02505492633163095,0.02686119711582581,0.8860323993099166,0.3293201879930532,0.04953000818925135,0.010920192037880527,1
2024-09-17 00:00:00+00:00,0.3303050100803375,0.3428379893302917,0.3288969993591308,0.3339129984378814,209019175,0.33885969817638395,0.3476231604814529,44.67149517877645,-0.0031000553126042107,-0.003657025865579702,0.0005569705529754913,0.36595174021319965,0.33885969817638395,0.31176765613956825,0.010920192037880527,-0.013617987653257058,-0.06281345646069436,0.9854019236718801,0.9605602744518428,0.9747903382129899,0.025762394402492252,0.027030525448953062,0.8960507737999026,0.4087056684066043,0.027193875118723954,0.027022040989584495,1
2024-09-18 00:00:00+00:00,0.3339129984378814,0.3429360091686249,0.3280850052833557,0.3429360091686249,254109953,0.33815444856882093,0.3464482808113098,49.086187084897624,-0.002761974285459823,-0.0034780155495557265,0.0007160412640959037,0.36395737786120547,0.33815444856882093,0.3123515192764364,0.027022040989584495,0.03823731890432658,-0.049775574235567,1.0141401676661095,0.9898620606964482,0.9760604029465338,0.02558784581710677,0.02739332907326993,1.0914760180766347,0.592655383147044,0.012629284437643218,0.02335417249100824,1
2024-09-19 00:00:00+00:00,0.3429389894008636,0.3561669886112213,0.3429389894008636,0.3509449958801269,297282683,0.33834399878978727,0.3456917208433151,52.6942660494088,-0.0018267269705634637,-0.0031477578337572743,0.0013210308631938106,0.36447885453477935,0.33834399878978727,0.3122091430447952,0.02335417249100824,0.05100729088692235,-0.009972360884872078,1.0372431523402565,1.015196415534617,0.9787448711944762,0.027296105215044487,0.027217115890911754,1.2769428112150636,0.7410764615135519,0.021953618363186767,0.0033309951969131557,1
2024-09-20 00:00:00+00:00,0.3509460091590881,0.3609310090541839,0.3495199978351593,0.3521139919757843,245398498,0.3386820986866951,0.3448798805475235,53.215416775556804,-0.0009799126966114624,-0.002714188806328112,0.0017342761097166497,0.36536783403251016,0.3386820986866951,0.31199636334088,0.0033309951969131557,0.026762960324316687,0.04014791159779163,1.039659295076929,1.0209757420954104,0.9820291579462711,0.026664441747709454,0.027183455775539277,1.026631882185404,0.7516680375306886,0.0251457331324052,0.018352033455818928,1
2024-09-21 00:00:00+00:00,0.3521130084991455,0.3595559895038605,0.3510780036449432,0.3585759997367859,155658003,0.3400238990783691,0.34477496027946475,56.094832043275744,0.0002102006749876706,-0.002129310910064956,0.0023395115850526264,0.3679115538591783,0.3400238990783691,0.31213624429755993,0.018352033455818928,0.02174415918802719,0.0855873242727978,1.054561166755343,1.0400291234784986,0.9862198194519562,0.026868593965548575,0.025652800429777096,0.6589851611694729,0.8326221011453312,0.01564070344335544,-0.018975027373262288,0
2024-09-22 00:00:00+00:00,0.358594000339508,0.3590629994869232,0.343733012676239,0.3517720103263855,176346122,0.34081410020589825,0.34452850043773653,52.43545297671004,0.0005974618459238523,-0.0015839563588671943,0.0021814182047910466,0.3691104844589662,0.34081410020589825,0.3125177159528303,-0.018975027373262288,-0.0009712242546223715,0.05348402719286893,1.032152161879063,1.0210244141760285,0.9892188883441603,0.02027509214436689,0.02607461946881076,0.755574576792002,0.6936273910914813,-0.012688945881247249,0.03399641293140765,1
2024-09-23 00:00:00+00:00,0.3517720103263855,0.3652200102806091,0.347137987613678,0.3637309968471527,260276216,0.3430730998516082,0.34492436051368713,57.66323689754481,0.001848056139955867,-0.0008975538591025822,0.0027456099990584492,0.3710983988605136,0.3430730998516082,0.31504780084270284,0.03399641293140765,0.014376302692179266,0.06063809901136019,1.0602142721317405,1.0545239434682356,0.994632850346314,0.017731967979673992,0.02358267538675421,1.1076560958688144,0.8685580123334311,0.007844228576949552,0.06598836997319157,1
2024-09-24 00:00:00+00:00,0.3637349903583526,0.3912180066108703,0.3589720129966736,0.3877330124378204,329591997,0.34628355056047433,0.34641592085361483,65.79011730728709,0.004721496717840945,0.00022625625628612327,0.0044952404615548214,0.37916910368567835,0.34628355056047433,0.3133979974352703,0.06598836997319157,0.10222815077887826,0.10482559087481413,1.1196980388189344,1.119270186781239,0.9996178862310533,0.02628882443111274,0.027002416909751838,1.3999778751825793,1.1302077650866469,0.09380787136776836,-0.017150979146222767,0
2024-09-25 00:00:00+00:00,0.3877319991588592,0.392982006072998,0.379393994808197,0.3810830116271972,280504960,0.3490846008062362,0.3474219411611557,62.22611812585903,0.0063884772003184875,0.0014587004450925963,0.004929776755225891,0.38384896258907847,0.3490846008062362,0.31432023902339395,-0.017150979146222767,0.0477056256696653,0.08227170834326047,1.0916637707508676,1.0968881537923,1.00478570708437,0.029898971955512384,0.02763912452455458,1.1970714906815445,0.9602185856429791,0.12572265721461662,0.05457861031620803,1
2024-09-26 00:00:00+00:00,0.3810830116271972,0.4033229947090149,0.3787719905376434,0.401881992816925,352325723,0.3534428000450134,0.3489856207370758,68.05499569171968,0.009280890867533365,0.0030231385295807498,0.006257752337952615,0.39174159192115476,0.3534428000450134,0.315144008168872,0.05457861031620803,0.03649155456262232,0.1207721462449467,1.1370495954811997,1.15157178100384,1.0127718136309565,0.03338244921325991,0.027782904008602272,1.4999803289366687,1.132385388664013,0.2166960353615326,0.001109832151791501,1
2024-09-27 00:00:00+00:00,0.4018810093402862,0.414669007062912,0.4004409909248352,0.4023280143737793,316360073,0.3573055505752563,0.3499959009885788,68.1684314101755,0.011476841860712461,0.004713879195807093,0.006762962664905369,0.39899055971235853,0.3573055505752563,0.3156205414381541,0.001109832151791501,0.0557490155645286,0.14371809741339647,1.1260054978883969,1.149522075079697,1.0208849576981647,0.033577477162966274,0.027471673884459594,1.3065559947749814,1.0400318331518636,0.20488874723643113,-0.0031715818679386443,0
2024-09-28 00:00:00+00:00,0.4023239910602569,0.4056389927864074,0.3935799896717071,0.4010519981384277,205321418,0.36042520105838777,0.3510460007190704,67.43071461402371,0.01296473559601602,0.006364050475848879,0.00660068512016714,0.4054402931489808,0.36042520105838777,0.31541010896779476,-0.0031715818679386443,-0.002065269639676126,0.10260605121580557,1.1127190800219835,1.1424485603508565,1.0267178669465122,0.034688587512310735,0.02665292947295942,0.8491902992708878,0.9512575137942444,0.16946598611995456,-0.008614875509323272,0
2024-09-29 00:00:00+00:00,0.4010510146617889,0.4039500057697296,0.3936260044574737,0.3975969851016998,190459764,0.36313475072383883,0.35207216024398796,65.36795121090711,0.013707104455833785,0.00783266127184586,0.005874443183987926,0.41030846733044835,0.36313475072383883,0.3159610341172293,-0.008614875509323272,-0.011759134594302001,0.025440115614249414,1.094902055804814,1.1293053811075628,1.0314213724600787,0.03310121562047796,0.026900157077835413,0.7987489681741878,0.8652694429956409,0.13293248164025084,-0.06132586410712537,0
2024-09-30 00:00:00+00:00,0.397599995136261,0.3976210057735443,0.3718290030956268,0.3732140064239502,278179362,0.36462160050868986,0.3529700005054473,53.0370972529484,0.012187445241160277,0.008703618065708744,0.0034838271754515336,0.41105527253735363,0.36462160050868986,0.3181879284800261,-0.06132586410712537,-0.06941242493166411,-0.020649057982529695,1.0235652684955387,1.0573533328314413,1.0330101707979649,0.043460406183909076,0.031006772081454005,1.1446242660596455,0.5925234376247068,0.05992381708482908,-0.05565973732778062,0
2024-10-01 00:00:00+00:00,0.3732140064239502,0.3856750130653381,0.3473309874534607,0.3524410128593445,440800413,0.3645909518003464,0.35323928058147425,45.2121648531202,0.009200835882730574,0.00880306162911311,0.0003977742536174639,0.411057569727964,0.3645909518003464,0.3181243338727288,-0.05565973732778062,-0.11357221994730426,-0.12302362594310878,0.9666751495586886,0.9977401501871034,1.032135925540857,0.03884621886755924,0.03325332286760449,1.7500612669255373,0.36926163896920333,-0.01710930704214675,-0.02393598894905602,0
2024-10-02 00:00:00+00:00,0.3524419963359833,0.3621209859848022,0.3366270065307617,0.3440049886703491,346156714,0.36397655159235,0.3533163005113601,42.47170196364902,0.006083087750562544,0.008259066853402997,-0.002175979102840453,0.4112235448475205,0.36397655159235,0.3167295583371795,-0.02393598894905602,-0.0782634554192515,-0.14496386932987892,0.9451295342113994,0.9736459602131728,1.0301719764006392,0.03905433121337043,0.03361775373285069,1.3501730038403892,0.28864726042841615,-0.02207970341025678,0.003581338194968753,1
2024-10-03 00:00:00+00:00,0.3439880013465881,0.349249005317688,0.3332549929618835,0.345236986875534,314859654,0.36319340020418167,0.3535119402408599,43.01493554474166,0.0036693637118067612,0.007341126225083749,-0.003671762513276988,0.4111687490267442,0.36319340020418167,0.3152180513816191,0.003581338194968753,-0.02044037362554496,-0.13917150773957365,0.9505596375965178,0.9765921531258948,1.0273865147432515,0.02708097636641305,0.03347538684051887,1.2063076732080602,0.3128579179792971,-0.050845295374675636,0.01784572493418013,1
2024-10-04 00:00:00+00:00,0.345236986875534,0.3556050062179565,0.3433809876441955,0.3513979911804199,229796454,0.3630392998456955,0.35403284013271324,45.772651751214134,0.0022279293956579127,0.006318486859198583,-0.00409055746354067,0.41115209563429667,0.3630392998456955,0.3149265040570943,0.01784572493418013,0.021490974705472343,-0.11619553380029479,0.9679337507806357,0.9925576142842975,1.0254396165892579,0.029959057804720066,0.0335213758772083,0.868834448190468,0.3790206589071922,-0.0937114459997842,-0.00192944425220698,0
2024-10-05 00:00:00+00:00,0.3513979911804199,0.3554779887199402,0.3459819853305816,0.3507199883460998,149913415,0.3636491492390633,0.3544378000497817,45.51163065792568,0.001019125310516733,0.005258614549462213,-0.00423948923894548,0.4107521125805315,0.3636491492390633,0.31654618589759503,-0.00192944425220698,0.01588184835057249,-0.060271098326086014,0.9644460576354495,0.9895106794389319,1.0259886196900776,0.030070210709439577,0.031810350564550685,0.5717711390846892,0.36275639603356996,-0.0796756149046095,0.018561871346619574,1
2024-10-06 00:00:00+00:00,0.3507199883460998,0.3582029938697815,0.3483529984951019,0.357230007648468,151061108,0.36499534994363786,0.35484468042850487,48.545707610598356,0.0005797603982957145,0.004322843719228913,-0.0037430833209331988,0.40955629038073227,0.36499534994363786,0.32043440950654345,0.018561871346619574,0.016596612998432736,0.01358807464054923,0.9787248185590064,1.0067221726899855,1.0286059509272485,0.0331658591768729,0.031369399135045516,0.5828625051065568,0.4128682853301538,-0.11110720551442554,-0.016132447347674272,0
2024-10-07 00:00:00+00:00,0.357230007648468,0.3676770031452179,0.3510540127754211,0.3514670133590698,260641174,0.3658730506896973,0.3551774007081985,46.09855695232919,-0.00023080436682426653,0.0034121141020182775,-0.003642918468842544,0.40850603484061054,0.3658730506896973,0.323240066538784,-0.016132447347674272,0.0021299755867716375,0.0216916176639268,0.9606255850124216,0.9895534250159768,1.0301135431482196,0.026254075136867238,0.0316551245380637,0.9957554845276608,0.33104587190480717,-0.1264167524945392,-0.019774318857627038,0
2024-10-08 00:00:00+00:00,0.3514670133590698,0.3565419912338257,0.3416210114955902,0.3445169925689697,225110180,0.3659520998597145,0.35533268034458154,43.265996543150436,-0.0014176495949252965,0.0024461613626295627,-0.0038638109575548593,0.4084115225271532,0.3659520998597145,0.3234926771922758,-0.019774318857627038,-0.03558775804749448,-0.002085507445422796,0.941426467291862,0.9695617983543665,1.02988585092943,0.017492787001006233,0.03151847436223694,0.8648032286456708,0.24758126766543456,-0.14096677196941487,-0.013976037519489504,0
2024-10-09 00:00:00+00:00,0.3445169925689697,0.3475230038166046,0.3345009982585907,0.3397020101547241,220051874,0.36538995057344437,0.3552530205249786,41.369444250880015,-0.002715459700187328,0.0014138371500661846,-0.004129296850253513,0.40896890741275727,0.36538995057344437,0.32181099373413147,-0.013976037519489504,-0.03347398975483995,-0.03328414310624406,0.9296971895959221,0.9562255365280954,1.0285343951009505,0.01584403550834168,0.031210217819366122,0.8581005732343391,0.20527127905518192,-0.14561220813122344,-0.0023904005682147123,0
2024-10-10 00:00:00+00:00,0.3396939933300018,0.3411659896373749,0.3320739865303039,0.3388899862766266,208411029,0.3647287502884865,0.3546496403217315,41.04269637464121,-0.0037660939131019533,0.00037785093743255703,-0.00414394485053451,0.40953969665071294,0.3647287502884865,0.31991780392626007,-0.0023904005682147123,-0.01633302975967621,-0.033730618335328644,0.9291562181719362,0.9555627519294589,1.0284199074828086,0.015672806634944008,0.03119305464898431,0.8186102321755988,0.2116913822462718,-0.09196873524712645,0.03628023312454065,1
2024-10-11 00:00:00+00:00,0.3388940095901489,0.3545889854431152,0.3385719954967499,0.351184993982315,192684098,0.36435920000076294,0.35414261996746055,47.769406816238636,-0.003565523591563091,-0.00041082396836657263,-0.0031546996231965187,0.40950445093278753,0.36435920000076294,0.31921394906873835,0.03628023312454065,0.033803108266450055,-0.01692190895704826,0.9638428067181497,0.9916484890030539,1.0288487729441915,0.02048082805565955,0.03203825493749182,0.7513732409018736,0.3540908983063978,-0.003563770478467898,0.005780471906674078,1
2024-10-12 00:00:00+00:00,0.3511840105056762,0.356130987405777,0.3511840105056762,0.3532150089740753,153558913,0.3644313499331474,0.35337620019912713,48.80794579354863,-0.0032058103364099866,-0.0009698212419752555,-0.002235989094434731,0.4094964409288316,0.3644313499331474,0.31936625893746323,0.005780471906674078,0.042270421899558874,0.004973427230906768,0.9692223488425744,0.9995438537599278,1.0312843641642835,0.020561195503024658,0.0317661941972166,0.6014765846656291,0.37555399632781983,0.026772926576805967,-0.014668160769441108,0
2024-10-13 00:00:00+00:00,0.3532150089740753,0.3588539958000183,0.3446530103683471,0.348033994436264,185274283,0.363646499812603,0.3524567401409148,46.27876512580546,-0.0033007505658856906,-0.0014360071067573425,-0.001864743459128348,0.4093057860745071,0.363646499812603,0.31798721355069887,-0.014668160769441108,-0.008972477754017327,0.010208500431485135,0.9570668069556986,0.9874516637052179,1.0317478952657124,0.019700727457852455,0.030933033942766187,0.7365214767116733,0.3290325292560987,0.008101703082405765,0.04555593585008766,1
2024-10-14 00:00:00+00:00,0.3480350077152252,0.3648459911346435,0.3428879976272583,0.3638890087604522,285258532,0.3624542996287346,0.35203494012355796,54.114832424360735,-0.002072731078036738,-0.0015633519010132216,-0.0005093791770235164,0.40668844076267546,0.3624542996287346,0.31822015849479374,0.04555593585008766,0.030219553289595247,0.0712006343286331,1.003958317319417,1.033672988916196,1.0295975152395942,0.025944462027032267,0.028845033191088224,1.1440706881577147,0.5162172147456567,0.035546639120139334,-0.01473527342839176,0
2024-10-15 00:00:00+00:00,0.363889992237091,0.3694489896297455,0.349056988954544,0.3585270047187805,399757771,0.36132649928331373,0.3518663400411605,51.385013580439455,-0.0015147248948350067,-0.0015536264997775787,3.890160494257199e-05,0.4047026689742691,0.36132649928331373,0.31795032959235836,-0.01473527342839176,0.030149383250658746,0.05794511268363278,0.9922521747779751,1.0189295306758834,1.02688566130266,0.025193169536560017,0.028786651634396202,1.5658409087929341,0.46773003950695824,0.02225996986797507,-0.016740744312008893,0
2024-10-16 00:00:00+00:00,0.3585270047187805,0.3603920042514801,0.3514159917831421,0.352524995803833,268878089,0.35885864943265916,0.35190661966800685,48.439434055235395,-0.0015390714750592172,-0.0015507154948339065,1.1644019774689372e-05,0.39792135263247475,0.35885864943265916,0.3197959462328436,-0.016740744312008893,-0.0312293382955684,0.0038156579708115146,0.9823505615962179,1.001757216549122,1.01975532535083,0.025576881297115012,0.025560788443346024,1.070686916110784,0.41892965527209014,-0.013170819203030093,-0.02692856809529587,0
2024-10-17 00:00:00+00:00,0.352526992559433,0.354557991027832,0.3403419852256775,0.3430320024490356,284797891,0.35589384883642194,0.35176341950893397,44.130549703552774,-0.0022978829781810095,-0.0017001489915033272,-0.0005977339866776823,0.3897141056934759,0.35589384883642194,0.32207359197936797,-0.02692856809529587,-0.04321850813413297,-0.028829484213076406,0.9638604420125901,0.9751781550449801,1.0117420661115193,0.028379799588550244,0.025904383589425543,1.1412521778903395,0.30984996001436743,-0.02399943832400786,0.02238275748107532,1
2024-10-18 00:00:00+00:00,0.3430269956588745,0.3525150120258331,0.3429099917411804,0.3507100045681,210521099,0.35337674915790557,0.35163679957389826,48.14809024737698,-0.002253716516961546,-0.0018108624965949712,-0.00044285402036657465,0.37971061529859795,0.35337674915790557,0.3270428830172132,0.02238275748107532,-0.00514854622321026,0.007688933192202985,0.9924535369229571,0.9973643401176403,1.004948144182053,0.02597232119130016,0.026751659029147827,0.8427296206414673,0.4493666335288914,0.01797592610149823,0.0027116195574814483,1
2024-10-19 00:00:00+00:00,0.3507089912891388,0.3566330075263977,0.3496490120887756,0.3516609966754913,165288317,0.3510799497365951,0.3517269396781921,48.640717221786176,-0.0021175671667901796,-0.001872203430634013,-0.0002453637361561666,0.3672110128798277,0.3510799497365951,0.3349488865933625,0.0027116195574814483,0.02515507056149291,-0.033603686263056765,1.0016550274070966,0.9998125164857684,0.9981605334462327,0.025886061935754916,0.026820792099590658,0.6650102784039825,0.5180101873551937,0.03520434428786623,0.03747932695383871,1
2024-10-20 00:00:00+00:00,0.3516600131988525,0.3651480078697204,0.3486230075359344,0.3648410141468048,202078470,0.35066130012273783,0.3521167200803756,55.01903248390184,-0.0009353682233113614,-0.001684836389169483,0.0007494681658581216,0.36466842815325967,0.35066130012273783,0.336654172092216,0.03747932695383871,0.04029257618728965,0.017610973078518333,1.0404370656787727,1.0361365801190148,0.9958666547918953,0.02845372465189584,0.02509416852174971,0.825669539929212,1.006160648819982,0.07657655558165444,-0.010648476441780685,0
2024-10-21 00:00:00+00:00,0.3648419976234436,0.3719049990177154,0.3534989953041076,0.3609560132026672,305820736,0.351087050139904,0.35270104050636286,52.93229609037905,-0.00030839911814306564,-0.0014095489349641994,0.0011011498168211338,0.3658207333384883,0.351087050139904,0.3363533669413197,-0.010648476441780685,0.026431752781936213,0.023916083963378743,1.0281097324974833,1.0234050137318929,0.9954239137935581,0.02324851914558798,0.02170840690754884,1.2849827256994997,0.8349116079715713,0.027822997530595472,0.007934411048381884,1
2024-10-22 00:00:00+00:00,0.3609580099582672,0.3672679960727691,0.3558659851551056,0.3638199865818023,299403395,0.3520778000354766,0.35325808048248286,54.30809954274797,0.00041479562547408477,-0.0010446800228765425,0.0014594756483506273,0.36745705548590635,0.3520778000354766,0.3366985445850469,0.007934411048381884,-0.0027985547825268853,0.06060071359043295,1.0333511131492599,1.0298985548607802,0.996658872047897,0.022573359021071496,0.020904325604014673,1.2704978538035865,0.8817540642384477,0.03002414206160009,-0.04179533810138836,0
2024-10-23 00:00:00+00:00,0.3638199865818023,0.3682210147380829,0.343326985836029,0.3486140072345733,292449176,0.3522466510534286,0.35385934054851526,46.53118084177671,-0.00023633841933956568,-0.0008830117021691472,0.0006466732828295815,0.36738188731328913,0.3522466510534286,0.3371114147935681,-0.04179533810138836,-0.03419254844540898,-0.005976440096449154,0.9896872154554442,0.9851767843521915,0.9954425690937342,0.02753833274906742,0.023177824370903315,1.2469170246783956,0.3799938185144397,0.0016665406471250144,-0.006609079084543001,0
2024-10-24 00:00:00+00:00,0.3499050140380859,0.3543640077114105,0.3401960134506225,0.3463099896907806,268150393,0.35199225097894665,0.3543150603771209,45.46872282521981,-0.0009275891312272577,-0.0008919271879807693,-3.5661943246488386e-05,0.3673568540148746,0.35199225097894665,0.3366276479430187,-0.006609079084543001,-0.04812818849105405,-0.015216378942497721,0.9838568568701078,0.9774069138415398,0.9934442261762683,0.025367859555675235,0.02287097990494637,1.1340416959301807,0.3150859714735584,-0.048308738781510985,-0.06323237008545857,0
2024-10-25 00:00:00+00:00,0.3463220000267029,0.3464919924736023,0.3204750120639801,0.3244119882583618,429399149,0.35067685097455975,0.3543020600080489,36.85537605298471,-0.0032054456251073837,-0.0013546308754060921,-0.0018508147497012916,0.37038943884036707,0.35067685097455975,0.33096426310875243,-0.06323237008545857,-0.06942354143540364,-0.11081272203726289,0.925102376609104,0.9156367542739998,0.9897680272211603,0.03314511114939335,0.02683885041866218,1.7146488824076827,-0.1661951970739452,-0.09515326882330011,0.027551430991432646,1
2024-10-26 00:00:00+00:00,0.3244140148162842,0.3338940143585205,0.3215680122375488,0.3333500027656555,250257801,0.3494828507304191,0.3546746999025344,41.70916318077827,-0.004240557725142702,-0.0019318162453534143,-0.0023087414797892877,0.3703813379410716,0.3494828507304191,0.32858436351976666,0.027551430991432646,-0.03742308137486017,-0.07648026193571578,0.9538379410290205,0.9398753360678419,0.9853616590821335,0.036012713274799976,0.027299920644483933,0.9799059275387109,0.11401876121109121,-0.05439328633833285,0.019565021094518853,1
2024-10-27 00:00:00+00:00,0.3333509862422943,0.3413800001144409,0.3313559889793396,0.3398720026016235,153581313,0.3489031001925468,0.35497067987918846,45.029617537213724,-0.004482944053353588,-0.002442041806953449,-0.002040902246400139,0.3702091726318164,0.3489031001925468,0.32759702775327715,0.019565021094518853,0.04765549641448308,-0.06582371739710424,0.9741157427780396,0.9574650016651975,0.9829068144763203,0.032815896831488,0.02756848904060714,0.6142352654279913,0.28806282535963995,-0.009211968052110775,0.011545558781264509,1
2024-10-28 00:00:00+00:00,0.3398720026016235,0.3469580113887787,0.3312300145626068,0.3437960147857666,268428861,0.34886705130338663,0.3550734204053878,46.9862966771056,-0.004308733577252644,-0.0028153801610132883,-0.0014933534162393553,0.3702067835764496,0.34886705130338663,0.32752731903032367,0.011545558781264509,0.03133646897688669,-0.013820421293527674,0.9854642721384139,0.9682392289269476,0.9825208851315445,0.033756935376657166,0.027353319850931958,1.0643383696508442,0.3811832207468419,-0.019714264470008347,0.03448258823774153,1
2024-10-29 00:00:00+00:00,0.3437939882278442,0.3561910092830658,0.3432460129261017,0.3556509912014007,295107515,0.3496645003557205,0.35531832039356226,52.488590766796165,-0.0031774453867269847,-0.0028877932061560276,-0.0002896521805709571,0.3707526870488499,0.3496645003557205,0.3285763136625911,0.03448258823774153,0.04642626776843506,0.02697294848167875,1.017120670927675,1.0009362613429837,0.9840880142865153,0.036977992293815806,0.028160866910244824,1.1529648618110662,0.6419394406165473,0.011346138933887362,-0.0010880980674254914,0
2024-10-30 00:00:00+00:00,0.3556550145149231,0.3630259931087494,0.3513039946556091,0.3552640080451965,291553538,0.35048320144414896,0.3555540603399276,52.29777470996043,-0.0022857687326878207,-0.0027673883114623862,0.00048161957877456557,0.3710756839191756,0.35048320144414896,0.3298907189691223,-0.0010880980674254914,0.03335696973269475,0.09510135538599185,1.0136406155312108,0.9991842244904929,0.9857381493803484,0.032753919641084296,0.028150038959112677,1.1208749098519757,0.6160813565543979,-0.026249806711026058,-0.03777191606990271,0
2024-10-31 00:00:00+00:00,0.3552649915218353,0.3605520129203796,0.3410939872264862,0.3418450057506561,280824333,0.350016202032566,0.35532988071441646,46.046615415223734,-0.0026315747425328384,-0.0027402255976764767,0.00010865085514363826,0.3709622642519373,0.350016202032566,0.3290701398131947,-0.03777191606990271,-0.03881891458844966,0.02548373455683617,0.9766548055934003,0.9620497017119751,0.985045787111495,0.03623768042533902,0.028375604224085815,1.061639522076217,0.3049467199053513,-0.052945530072886715,0.04459620685040622,1
2024-11-01 00:00:00+00:00,0.3418459892272949,0.3610070049762726,0.3354179859161377,0.3570899963378906,368246241,0.3502099514007568,0.3553458207845687,52.93015398760206,-0.0016563913160219657,-0.0025234587413455745,0.0008670674253236088,0.3713513732298328,0.3502099514007568,0.32906852957168076,0.04459620685040622,0.005139806598313923,0.05066022974669382,1.0196454866848166,1.0049083890995845,0.9855468417428621,0.02733791776708239,0.030133943556493337,1.3378423135172688,0.6627148115381636,-0.0184981322965293,-0.0260970833466867,0
2024-11-02 00:00:00+00:00,0.3570930063724518,0.362870991230011,0.3463039994239807,0.3477709889411926,236242981,0.3501968011260032,0.35508324027061455,48.8290697817259,-0.0016168790640360697,-0.0023421428058836733,0.0007252637418476036,0.3713442481343389,0.3501968011260032,0.3290493541176675,-0.0260970833466867,0.017335292576598382,0.01156201347448138,0.9930730030171299,0.9794069375849754,0.9862386094570746,0.030305775160971535,0.030551762784379616,0.8503997193884802,0.4426452709905267,-0.0024181997162651125,-0.03877838676632228,0
2024-11-03 00:00:00+00:00,0.3477639853954315,0.34791100025177,0.3292360007762909,0.3342849910259247,282268957,0.34871660023927686,0.35467934012413016,43.56813828660632,-0.002643302300717687,-0.0024023747048504763,-0.00024092759586721076,0.3699727235852141,0.34871660023927686,0.3274604768933396,-0.03877838676632228,-0.06386346732151826,-0.060075750395917504,0.9586150782513659,0.9424991907025995,0.9831883642200122,0.03391001753066144,0.029803213572486158,1.0166256406504335,0.16053054504619846,-0.034723222034666046,-0.024727409730257666,0
2024-11-04 00:00:00+00:00,0.3342849910259247,0.3360849916934967,0.3213990032672882,0.3260189890861511,261938084,0.3470911994576454,0.3544292598962783,40.6753752336661,-0.004076753113248344,-0.00273725038653005,-0.0013395027267182938,0.37008894381180957,0.3470911994576454,0.3240934551034812,-0.024727409730257666,-0.06254690743833069,-0.08231911563449124,0.9392891251509082,0.9198421969494243,0.979296121204044,0.03428711985789015,0.03007850001972078,0.9674114576072984,0.04186354002846522,0.004953580280484315,0.024247073554977572,1
2024-11-05 00:00:00+00:00,0.3260270059108734,0.3378939926624298,0.3260129988193512,0.3339239954948425,241884463,0.34616114944219584,0.35450161993503565,44.472406050567066,-0.004522769584899555,-0.003094354226203951,-0.0014284153586956042,0.3697310071886529,0.34616114944219584,0.32259129169573875,0.024247073554977572,-0.0010799034978337119,-0.023171349946797926,0.964648967779682,0.9419533697928824,0.9764726872210958,0.03238601601282389,0.03057902719540893,0.8978231897995795,0.24040670760533558,0.0017218920786703507,0.08804101518747154,1
2024-11-06 00:00:00+00:00,0.3339259922504425,0.3650319874286651,0.3339209854602813,0.3633230030536651,628391576,0.3471756994724274,0.3550898200273513,55.80226000306231,-0.0024754511795361256,-0.002970573616870386,0.0004951224373342606,0.3718971278317481,0.3471756994724274,0.32245427111310665,0.08804101518747154,0.11442282571355467,0.017455002323494284,1.0465104660429154,1.0231861984263013,0.9777123417553499,0.04903492728221946,0.03601978585370186,2.192636119967638,0.8265851662480842,0.06899950649812547,0.11474635957699286,1
2024-11-07 00:00:00+00:00,0.3633230030536651,0.4050129950046539,0.3620330095291137,0.4050129950046539,621558993,0.34989084899425504,0.3563313597440719,66.30245828843968,0.0024824808455942704,-0.001879962724377455,0.004362443569971725,0.3856919914313308,0.34989084899425504,0.31408970655717927,0.11474635957699286,0.21288976075068966,0.16459684069029912,1.1575409764755062,1.1366190034341817,0.9819255011558831,0.0599409585022576,0.04367684377694265,2.023674792790306,1.2698378076521124,0.17806192505469864,0.09580432820325524,1
2024-11-08 00:00:00+00:00,0.4050129950046539,0.4578889906406402,0.4047589898109436,0.4438149929046631,1438657272,0.35449854880571363,0.3581887596845626,72.78340183900397,0.009433926215191846,0.0003828150635364052,0.00905111115165544,0.4097151976765373,0.35449854880571363,0.29928189993488996,0.09580432820325524,0.2215438856732912,0.327654560686645,1.251951508404905,1.2390533787143596,0.9896975804542311,0.06545904539496245,0.047834115577606036,3.8797467237390357,1.3087818250968144,0.2478947166868326,0.11235539176844411,1
2024-11-09 00:00:00+00:00,0.443816989660263,0.4938949942588806,0.428968995809555,0.4936800003051758,721697726,0.3609404981136322,0.3610200798511504,78.50486056360329,0.01875054153995792,0.0040563603588207086,0.014694181181137213,0.44418611771571237,0.3609404981136322,0.27769487851155206,0.11235539176844411,0.21892385280008875,0.5142676249901503,1.3677600681698903,1.367458564932791,0.9997795642349007,0.06543093597779122,0.05256649281470172,1.8188261848719685,1.2972761979912433,0.3896144532670196,0.1957321007377415,1
2024-11-10 00:00:00+00:00,0.4936780035495758,0.652301013469696,0.4899370074272156,0.5903090238571167,5261440714,0.3724081486463547,0.36565474033355705,85.05934935725432,0.03354450082088439,0.009953988451233447,0.023590512369650946,0.5045137585556405,0.3724081486463547,0.24030253873706892,0.1957321007377415,0.3300790493662351,0.7677945634974117,1.5851130701699132,1.6143890909731564,1.018469358025106,0.07039631731582378,0.06559703310749138,8.162662008430031,1.3247222633482032,0.7268323770325662,0.03980788271746172,1
2024-11-11 00:00:00+00:00,0.590304970741272,0.6222490072250366,0.5678070187568665,0.6138079762458801,2987552596,0.3849075481295586,0.3708954596519469,86.16425855748312,0.046627496450105554,0.017288690051007867,0.029338806399097687,0.5553385239981765,0.3849075481295586,0.2144765722609407,0.03980788271746172,0.24333166396541372,0.6894277848826897,1.5946893721067648,1.654935266184939,1.037779077939538,0.05617622283109396,0.06550104198771152,3.8352031126020556,1.1715341121228358,0.7189167507931931,-0.06498773692611248,0
2024-11-12 00:00:00+00:00,0.6138079762458801,0.64963299036026,0.5582119822502136,0.5739179849624634,2901745029,0.39617274701595306,0.3750991994142532,75.90267711371312,0.05316423165323875,0.024463798371454043,0.028700433281784704,0.5852656165944716,0.39617274701595306,0.20707987743743453,-0.06498773692611248,-0.02776687841827863,0.4170359767243237,1.4486558938880085,1.5300432148580465,1.0561812652082645,0.08013878921334947,0.06699772322643842,3.190671933148696,0.969994554376107,0.6502756216376397,0.008462888106093969,1
2024-11-13 00:00:00+00:00,0.573943018913269,0.605301022529602,0.5213019847869873,0.5787749886512756,2297021923,0.40779599696397784,0.3789200389385223,76.27320037586384,0.05806719848382391,0.031184478393928017,0.026882720089895895,0.6119614734986151,0.40779599696397784,0.20363052042934063,0.008462888106093969,-0.057074832765892425,0.3040906636869827,1.4192757971148036,1.5274330443768869,1.0762059407212838,0.0848237461164433,0.06668073497825175,2.2722769334239596,0.9187265021231216,0.7313819171928964,0.002316937193989066,1
2024-11-14 00:00:00+00:00,0.5787749886512756,0.5980579853057861,0.5458620190620422,0.5801159739494324,1494813121,0.42058119624853135,0.38290069818496697,76.38118082507941,0.061353792993294076,0.03721834131380123,0.024135451679492846,0.634550637616345,0.42058119624853135,0.20661175488071773,0.002316937193989066,0.010799433280304527,0.17508502185793406,1.3793198058398886,1.5150559314707677,1.0984080160787855,0.08595186769344028,0.06349465630930182,1.404687458046234,0.8727980422836656,0.7793932052103125,0.16194005567399317,1
2024-11-15 00:00:00+00:00,0.5801370143890381,0.6892160177230835,0.5785419940948486,0.6740599870681763,3850451584,0.4376166954636574,0.38834425806999207,82.41795706899987,0.07072368098604609,0.043919409248250205,0.026804271737795884,0.6752838356963027,0.4376166954636574,0.19994955523101215,0.16194005567399317,0.16463219780617,0.1418764745689054,1.5402976944332663,1.7357279605938942,1.1268782436453195,0.09432903347765419,0.06986914289344884,3.0947945446965126,0.9974252885213151,1.018603023928501,0.09594697957794107,1
2024-11-16 00:00:00+00:00,0.7033979892730713,0.8116559982299805,0.7033159732818604,0.7387340068817139,5486835963,0.4575597956776619,0.39507237792015076,85.2188719293567,0.08241797451550953,0.05161912230170207,0.03079885221380746,0.7256799555727345,0.4575597956776619,0.18943963578258932,0.09594697957794107,0.2734246944665377,0.20352624187110702,1.614508123004171,1.869870049560948,1.1581670125521675,0.09315530165293796,0.07088800165484477,3.6316625967746266,1.0243436586679795,1.0332706728524927,-0.04928569699610297,0
2024-11-17 00:00:00+00:00,0.7387310266494751,0.7678120136260986,0.6970270276069641,0.7023249864578247,2319881888,0.4754862442612648,0.40109783768653867,77.7132061658521,0.08773651084220896,0.058842600009803445,0.028893910832405514,0.7590762542084178,0.4754862442612648,0.19189623431411174,-0.04928569699610297,0.04193246881866863,0.22373754588603756,1.4770668866540735,1.7510066633834551,1.1854619985083572,0.07995499889838399,0.07351219515023937,1.4378788002724374,0.8999413488486976,0.7340801285888481,0.04592602361797771,1
2024-11-18 00:00:00+00:00,0.702301025390625,0.7796580195426941,0.7022619843482971,0.7345799803733826,2244334039,0.49443269371986387,0.40783749759197235,79.44076572291068,0.09347665692799001,0.06576941139344077,0.027707245534549244,0.7944679065826012,0.49443269371986387,0.19439748085712644,0.04592602361797771,-0.0056231694623968265,0.2691978657978651,1.4857026845186365,1.8011585121785565,1.212327695808214,0.08014208645368646,0.07352146123681734,1.3118108958978423,0.9001985039725708,0.6551490871584398,0.006891072180141178,1
2024-11-19 00:00:00+00:00,0.7345799803733826,0.7635290026664734,0.7238579988479614,0.7396420240402222,1551275089,0.5136515945196152,0.4151660579442978,79.70662590659263,0.09731247108340113,0.07207802333143284,0.025234447751968286,0.8251750944165854,0.5136515945196152,0.20212809462264486,0.006891072180141178,0.05313357534181695,0.2749899283150845,1.4399683208069491,1.7815570658703965,1.237219624992877,0.07012917080638274,0.07331177463588744,0.8745228474605066,0.8627181088992459,0.4982215677827768,0.0820707553000879,1
2024-11-20 00:00:00+00:00,0.739637017250061,0.8466290235519409,0.739471971988678,0.8003450036048889,3799019828,0.5365765944123269,0.42412413775920865,82.6106402785322,0.10405116748287457,0.0784726521617212,0.025578515321153378,0.8620356957834487,0.5365765944123269,0.21111749304120492,0.0820707553000879,0.08952738297888052,0.1873498189471079,1.4915764346401437,1.8870536532850557,1.265140430929592,0.0703254609376399,0.07151702221393547,1.9484522048669022,0.9052251236504617,0.3558068253393516,0.025150434989645643,1
2024-11-21 00:00:00+00:00,0.8003420233726501,0.8205469846725464,0.7703859806060791,0.8204740285873413,2536610264,0.5597457960247993,0.4336535185575485,83.45607571515019,0.10975073882028863,0.08472826949343468,0.025022469326853952,0.8971611430179145,0.5597457960247993,0.2223304490316842,0.025150434989645643,0.10928530548545945,0.11064878690323465,1.4657975717087663,1.8920036238065465,1.2907673339920511,0.06827728775145582,0.07166557047039544,1.2324524107494546,0.8863609567348192,0.33669496054035397,0.23151118721245578,1
2024-11-22 00:00:00+00:00,0.8204860091209412,1.0384249687194824,0.8152329921722412,1.010422945022583,6204396570,0.5928783938288689,0.4469572377204895,88.92700182463958,0.12811811438352072,0.09340623847145188,0.03471187591206884,0.9704062236518435,0.5928783938288689,0.21535056400589425,0.23151118721245578,0.26248422926546366,0.4386828953909927,1.7042667696104914,2.260670282857046,1.3264767718106247,0.0888111345749289,0.08082175112844485,2.632787108322094,1.052998372847776,0.7605702757139923,0.05523828220766247,1
2024-11-23 00:00:00+00:00,1.0104219913482666,1.1416820287704468,1.0104169845581057,1.066236972808838,6544939547,0.6294759929180145,0.4612540173530579,89.97595598000731,0.145500873928734,0.10382516556290831,0.041675708365825695,1.041764754019527,0.6294759929180145,0.21718723181650196,0.05523828220766247,0.2995377497135907,0.45149201080442736,1.6938485101968122,2.3116047398947805,1.3647057136332634,0.08758811003184327,0.07758688490495769,2.4515431863556536,1.0296784936896273,0.842230562335631,-0.04045160217006605,0
2024-11-24 00:00:00+00:00,1.0662000179290771,1.094539999961853,0.9483410120010376,1.0231059789657593,3863056160,0.664330342411995,0.47470173716545105,83.40099337061807,0.15402106638347046,0.11386434572702075,0.04015672065644971,1.0863496750170085,0.664330342411995,0.2423110098069814,-0.04045160217006605,0.012552203021174213,0.38324479371404974,1.540056073987456,2.1552606591982393,1.3994689515544185,0.08585147988515293,0.07858900304194533,1.3555637897070463,0.9250701435158638,0.76362318037969,-0.07566856026290913,0
2024-11-25 00:00:00+00:00,1.0231120586395264,1.0699199438095093,0.9335500001907348,0.945689022541046,3241380612,0.6949185937643051,0.4864709174633026,73.07843458405225,0.15276549339095402,0.12164457525980742,0.031120918131146605,1.1046060321529256,0.6949185937643051,0.2852311553756846,-0.07566856026290913,-0.11305924793643829,0.18160170711568524,1.3608630291763275,1.9439785372419205,1.4284894920089994,0.09986980153187676,0.084071178568935,1.0805491603176782,0.8060509125726055,0.4029745730114025,0.01643561851550901,1
2024-11-26 00:00:00+00:00,0.945684015750885,0.9883769750595092,0.8797209858894348,0.9612320065498352,2875634851,0.7248140439391136,0.4986662173271179,73.78010014349641,0.1512807612135758,0.1275718124505611,0.023708948763014714,1.1196092542234595,0.7248140439391136,0.3300188336547678,0.01643561851550901,-0.060476601337499214,0.1715568964502694,1.3261774031389786,1.9276060281406244,1.4535054085359185,0.09939567239630076,0.08418536435274078,0.924012986946097,0.7994184788113877,0.3011882458306103,0.054215787549133365,1
2024-11-27 00:00:00+00:00,0.961184024810791,1.03671395778656,0.9354379773139954,1.0133459568023682,2606240084,0.7552306920289993,0.5120427966117859,76.03540009603304,0.1525507504256487,0.13256760004557863,0.019983150380070064,1.1398904815688244,0.7552306920289993,0.3705709024891741,0.054215787549133365,0.0715424760663177,0.00289285966256414,1.3417700942210353,1.9790259007796451,1.4749366596432965,0.09807479501654297,0.08292725306935732,0.811571674952826,0.8355111085072817,0.4428448031062904,0.019896449199476196,1
2024-11-28 00:00:00+00:00,1.0133479833602903,1.045768976211548,0.977038025856018,1.0335079431533811,1563014326,0.7847153395414352,0.525918915271759,76.8645171639694,0.1534156497118192,0.13673720997882677,0.016678439732992434,1.1591332265622845,0.7847153395414352,0.410297452520586,0.019896449199476196,0.07519093841139046,-0.030695830748803554,1.3170482225533313,1.965146932620468,1.4920842676592985,0.09821008389158326,0.08245486207370405,0.4857752082586975,0.8322392068278672,0.4069372577075341,0.04194462249124653,1
2024-11-29 00:00:00+00:00,1.0335079431533811,1.0977959632873535,1.0304570198059082,1.0768580436706543,2218813144,0.8138742417097091,0.5406782764196396,78.58043978008806,0.1558030785418284,0.1405503836914271,0.015252694850401288,1.1836643789081465,0.8138742417097091,0.4440841045112719,0.04194462249124653,0.06267562074131106,0.052538120009065103,1.3231258448584071,1.9916798780997564,1.5052837837302573,0.05007569212096968,0.08097026070560587,0.6739149963113065,0.8555852029387988,0.45591787468811273,0.001935164623494634,1
2024-11-30 00:00:00+00:00,1.0768870115280151,1.1470849514007568,1.0538409948349,1.0789419412612915,2395901131,0.8383058875799179,0.5552334153652191,78.66236852238058,0.15606427440115334,0.14365316183337237,0.012411112567780963,1.2104628758940401,0.8383058875799179,0.4661488992657955,0.001935164623494634,0.04396095686433199,0.14090564185909416,1.2870504159001666,1.9432222762594171,1.5098260738296894,0.04597577019248262,0.07287877335849278,0.7608098248316039,0.8232991200453594,0.34809605407862243,0.07072673296709775,1
2024-12-01 00:00:00+00:00,1.078935980796814,1.1584930419921875,1.040985941886902,1.1552519798278809,2300394616,0.8653780877590179,0.5712741547822953,81.45907629192948,0.16057781526603732,0.14703809251990535,0.013539722746131966,1.2474159328158967,0.8653780877590179,0.4833402427021392,0.07072673296709775,0.0727987654621658,0.20184510290543134,1.3349679130650511,2.0222374321627266,1.5148210023413393,0.04778636951056918,0.07335792995894415,0.7385397094537842,0.8793785037522994,0.40802991877384165,0.04027177504469126,1
2024-12-02 00:00:00+00:00,1.1552859544754028,1.2306849956512451,1.0615969896316528,1.2017760276794434,5544891690,0.8967709898948669,0.5883489954471588,82.92820725689563,0.16599543867521882,0.15082956175096807,0.015165876924250754,1.2811448876024587,0.8967709898948669,0.5123970921872751,0.04027177504469126,0.11384679909148576,0.18594841141091623,1.3401147463750291,2.0426244235635447,1.5242160636533428,0.023761580457445024,0.06951924761003585,1.7077256131428822,0.8967556584924579,0.18937919373216894,-0.0030372291946972885,0
2024-12-03 00:00:00+00:00,1.2017910480499268,1.318681001663208,1.16982901096344,1.198125958442688,5770098588,0.9277385383844375,0.6050337344408036,82.37671186184905,0.16805715589514714,0.15427508057980388,0.013782075315343256,1.3039507466861282,0.9277385383844375,0.5515263300827469,-0.0030372291946972885,0.0371122312391059,0.15928084189370972,1.2914478690613658,1.9802630667363432,1.5333666299481479,0.027197032569585836,0.06983868144829447,1.686867805012282,0.859354925347641,0.12369575338061001,-0.009019055462211267,0
2024-12-04 00:00:00+00:00,1.1980830430984497,1.2401750087738037,1.149204969406128,1.1873199939727783,2838477436,0.9580987393856049,0.6216095942258835,80.66638419855526,0.166895265885866,0.1567991176410163,0.010096148244849695,1.3136266554238107,0.9580987393856049,0.602570823347399,-0.009019055462211267,-0.012028891718350199,0.10257800547748674,1.239245961991522,1.9100734689454042,1.541319098491016,0.02912944854763298,0.07019883425152078,0.8138344467843281,0.8223674488651699,0.16050538104861856,-0.002196494323974174,0
2024-12-05 00:00:00+00:00,1.1872349977493286,1.238353967666626,1.1262869834899902,1.184712052345276,3207578224,0.9836313426494598,0.6382533353567124,80.2334227760442,0.16387497192100597,0.15821428849701424,0.00566068342399173,1.3263872861568076,0.9836313426494598,0.6408753991421121,-0.002196494323974174,-0.0111957394820551,0.09803132776573542,1.2044269036346436,1.856178396127228,1.5411299685566386,0.030706945489647513,0.06437745581744332,0.928215736697086,0.7933292821098894,0.2527501367859599,0.039161367607541964,1
2024-12-06 00:00:00+00:00,1.163156032562256,1.2346420288085938,1.1430219411849976,1.2311069965362549,2258465650,1.0082499921321868,0.6560148352384567,82.07647449726798,0.16334214488205112,0.15923985977402164,0.004102285108029485,1.3476568155599045,1.0082499921321868,0.6688431687044691,0.039161367607541964,0.03687885556189863,0.06566101424874904,1.2210334799336655,1.8766450549685454,1.536931694182945,0.030393204658324968,0.06256224534852639,0.6855843027783733,0.8283036595337177,0.280759471332094,-0.01373644196910051,0
2024-12-07 00:00:00+00:00,1.2310810089111328,1.2345750331878662,1.1930210590362549,1.214195966720581,1376386201,1.0338435411453246,0.6732845544815064,79.17848170465324,0.15971421083624027,0.15933472998646536,0.0003794808497749047,1.352693035860206,1.0338435411453246,0.7149940464304432,-0.01373644196910051,0.024886987784869863,0.010334653675127647,1.174448471550595,1.803391981352711,1.5355224388616537,0.03242823736944485,0.06074180352524837,0.42388880671033363,0.7828174868781421,0.1982047775194158,-0.01474638144311069,0
2024-12-08 00:00:00+00:00,1.214480996131897,1.2221519947052002,1.176677942276001,1.1962909698486328,1699042879,1.0569290906190871,0.6901771539449691,76.11416958653916,0.15362338856171742,0.1581924617015158,-0.004569073139798374,1.3503949095651497,1.0569290906190871,0.7634632716730245,-0.01474638144311069,-0.028280260599263696,-0.0015315489837481877,1.1318554673785313,1.733310010351369,1.5313881147438861,0.02402977259511936,0.06138277218209521,0.5276889829015193,0.7374414160566338,0.15750534649842884,-0.15777258805390937,0
2024-12-09 00:00:00+00:00,1.196295976638794,1.1964149475097656,0.9522050023078918,1.0075490474700928,3280181154,1.0703244417905808,0.703031314611435,52.88115484642375,0.1320443472331141,0.15296283880783546,-0.020918491574721365,1.3246590680769248,1.0703244417905808,0.8159898155042369,-0.15777258805390937,-0.1701923947323103,-0.15140901139984264,0.9413491910775493,1.4331496002094368,1.5224420584766534,0.06219374236119383,0.07389506335635233,0.9921224403334525,0.3765889740671566,-0.06436224032306992,0.01251749007978531,1
2024-12-10 00:00:00+00:00,1.0075470209121704,1.0361729860305786,0.9149690270423888,1.0201610326766968,3443248478,1.081315243244171,0.7162154150009156,53.89389550631163,0.11463899632566832,0.14529807031140202,-0.030659073985733698,1.3034913238876848,1.081315243244171,0.8591391626006573,0.01251749007978531,-0.1472300147799509,-0.13889537068761248,0.943444605123665,1.4243773748927098,1.5097625945998228,0.06329603276684528,0.07234626653056445,1.0470773411299572,0.3623744500525295,-0.05448014053089767,0.06737066168590711,1
2024-12-11 00:00:00+00:00,1.020292043685913,1.1092840433120728,0.9769459962844848,1.0888899564743042,2130336502,1.0947360396385193,0.7307168143987656,59.05819445229813,0.10517854727006348,0.1372741657031343,-0.03209561843307082,1.279917249807162,1.0947360396385193,0.9095548294698765,0.06737066168590711,0.08073146335501447,-0.11551964245356516,0.9946598239643728,1.490166826625228,1.4981673037581174,0.07169863702835791,0.07327970106426795,0.6518530423883397,0.4842152366352636,-0.05744376509397009,0.03317692238384429,1
2024-12-12 00:00:00+00:00,1.0888489484786987,1.1767499446868896,1.0772650241851809,1.1250159740447998,2209430802,1.1004656910896302,0.7462448537349701,61.49930127291482,0.09944974616636637,0.12970928179578073,-0.030259535629414358,1.2817122409582917,1.1004656910896302,0.9192191412209686,0.03317692238384429,0.10278273528345316,-0.07344777541688541,1.022308994413866,1.5075694906491788,1.4746710621611365,0.0735557897714951,0.053410541183095184,0.7200653007733978,0.5677262076794283,-0.06387217906389975,-0.004812384196442254,0
2024-12-13 00:00:00+00:00,1.1250059604644775,1.1274850368499756,1.0813519954681396,1.1196019649505615,1325815818,1.1031339406967162,0.7617106932401657,60.913143697408316,0.09339615202727569,0.12244665584207973,-0.029050503814804035,1.2838291956016255,1.1031339406967162,0.9224386857918069,-0.004812384196442254,0.02820487809043537,-0.06410564555860088,1.0149283995771579,1.4698519725225303,1.4482321838022307,0.07100292537425752,0.05221961967227461,0.4722542737397914,0.5455685022346372,-0.0655390136060412,-0.052777701470905436,0
2024-12-14 00:00:00+00:00,1.1196019649505615,1.1311299800872805,1.0459280014038086,1.0605119466781616,4239229343,1.1050042390823365,0.7764326924085617,54.77666012409904,0.0828752303521012,0.11453237074408404,-0.031657140391982835,1.2829654301997995,1.1050042390823365,0.9270430479648736,-0.052777701470905436,-0.05733609909086457,0.0525660754094861,0.9597356364522873,1.3658775023864096,1.4231809787072685,0.07275237680705983,0.05283857313265426,1.4999600981690262,0.3749943958994749,-0.10680191350127644,0.038845491550961064,1
2024-12-15 00:00:00+00:00,1.0605109930038452,1.1070879697799685,1.042631983757019,1.1017080545425415,1008997536,1.1128051906824112,0.7917998534440994,57.95669686004653,0.07697419513307358,0.10702073562188195,-0.03004654048880838,1.2742759382546684,1.1128051906824112,0.9513344431101541,0.038845491550961064,-0.015982385676511557,0.07993544083122028,0.9900277818320882,1.391397143798943,1.4054122210834366,0.07575271306188472,0.04996965791304509,0.3716916744733223,0.46563731726421875,-0.0700625925417222,-0.020742394579755463,0
2024-12-16 00:00:00+00:00,1.10166597366333,1.115705966949463,1.052016019821167,1.0788559913635254,1536006595,1.1186863899230957,0.8065795332193375,55.620247700285574,0.0696507215297193,0.09954673280344943,-0.029896011273730136,1.2647448922060867,1.1186863899230957,0.9726278876401045,-0.020742394579755463,0.017297348457811168,-0.009214856883488554,0.9643953846955191,1.3375692624600062,1.3869511236641872,0.04035400659193731,0.050365312681852105,0.5801445215709448,0.3636491613394814,-0.12367000236461234,-0.025333311234130185,0
2024-12-17 00:00:00+00:00,1.0788459777832031,1.109043002128601,1.0452890396118164,1.051524996757507,1578564654,1.1205953419208527,0.8207341128587723,52.87478211455464,0.06093896661231213,0.09182517956522199,-0.03088621295290986,1.2617733354726661,1.1205953419208527,0.9794173483690394,-0.025333311234130185,-0.04555023227625554,-0.06532438559344955,0.9383628125341394,1.2812005499501495,1.3653573360288473,0.04251824402402861,0.04958037517105091,0.6080186658449992,0.25537849977306726,-0.13397423020802113,-0.07903280314519101,0
2024-12-18 00:00:00+00:00,1.0515270233154297,1.0579450130462646,0.9683780074119568,0.9684200286865234,1979056656,1.1173409461975097,0.8329894936084747,45.517495464317065,0.046789600302557854,0.08281806371268917,-0.036028463410131314,1.2695420679543203,1.1173409461975097,0.9651398244406989,-0.07903280314519101,-0.10236395177953839,-0.13503186042614157,0.8667184640303499,1.1625837253857423,1.3413625919304657,0.042791441184644535,0.05265435816486914,0.7562177989095391,0.010775887220679282,-0.19048120140114577,-0.08562198782426123,0
2024-12-19 00:00:00+00:00,0.968438982963562,0.9871839880943298,0.853875994682312,0.8855019807815552,2338441189,1.1077731430530549,0.8435942530632019,39.59723619975751,0.02855615449705451,0.07196568186956225,-0.043409527372507736,1.2914858451335018,1.1077731430530549,0.9240604409726079,-0.08562198782426123,-0.15788784526083754,-0.16502403998822424,0.7993531765367465,1.0496775879709717,1.3131587122963255,0.04367352592260437,0.05475302895575383,0.8915047232812074,-0.10494228149278462,-0.12113263070913716,0.07397953105014743,1
2024-12-20 00:00:00+00:00,0.8854889869689941,0.9567130208015442,0.7658889889717102,0.9510110020637512,2803176930,1.1013765960931778,0.8557775729894638,45.61553759807849,0.019171055868564046,0.061406756669362614,-0.04223570080079857,1.2977859482623364,1.1013765960931778,0.9049672439240194,0.07397953105014743,-0.017976731280934244,-0.13678492397095499,0.863474859949988,1.1112829221985931,1.2869893192523962,0.059404166544841056,0.05774588346955894,1.06044731184526,0.11721376205160643,-0.06778344633641786,-0.04870288694358127,0
2024-12-21 00:00:00+00:00,0.9510110020637512,0.9959099888801576,0.8898760080337524,0.9046940207481384,1542881115,1.0888486981391907,0.8667296534776687,42.39894545461085,0.007904782868147109,0.050706361909119514,-0.042801579040972405,1.3020358033192727,1.0888486981391907,0.8756615929591086,-0.04870288694358127,0.021673627369691584,-0.16143208362338535,0.8308721150093975,1.0438018557668374,1.256272580233399,0.059065886529324395,0.0556803041537736,0.5921596669819993,0.06809142552150546,-0.1691593669598811,-0.024005934282134156,0
2024-12-22 00:00:00+00:00,0.9046869874000548,0.921684980392456,0.863090991973877,0.8829759955406189,1112000307,1.0729086965322494,0.8774337536096573,40.94111300206433,-0.0027446442327012655,0.040016160680755364,-0.04276080491345663,1.2978909594659318,1.0729086965322494,0.847926433598567,-0.024005934282134156,-0.07153966292239755,-0.16029005657176731,0.8229740316156329,1.006316422075355,1.2227802863959036,0.052919641198072194,0.05442981470403996,0.46646836131830854,0.07789405592471835,-0.21514359270292682,0.04673968242888993,1
2024-12-23 00:00:00+00:00,0.8829839825630188,0.93954598903656,0.8652269840240479,0.9242460131645204,1295330633,1.059214699268341,0.8892329740524292,44.82355753026007,-0.007764739339063853,0.030459980676791523,-0.038224720015855376,1.285443069232751,1.059214699268341,0.8329863293039312,0.04673968242888993,0.021611718401999935,-0.04561452077970407,0.8725766492883349,1.0393744273253038,1.1911554453961237,0.060477603671402876,0.056062577121269115,0.5996533499251101,0.20169814218028018,-0.17448696760251536,0.0132151016282116,1
2024-12-24 00:00:00+00:00,0.9242429733276368,0.947713017463684,0.8928340077400208,0.936460018157959,992442081,1.0466717004776,0.9014417946338653,45.955896465528106,-0.010635038646976014,0.022240976812038016,-0.03287601545901403,1.2708017223608066,1.0466717004776,0.8225416785943935,0.0132151016282116,0.06057245371046971,0.05754706198559556,0.8947027207582368,1.0388469047392204,1.1611084672446568,0.06168406240914682,0.056330736218583435,0.47994360034816513,0.25413449435820773,-0.11697362666094435,-0.02093100256174074,0
2024-12-25 00:00:00+00:00,0.93646502494812,0.9365509748458862,0.9040979743003844,0.916858971118927,646314883,1.0332790464162827,0.9131004941463471,44.381792389037244,-0.014326267912448398,0.014927527867140734,-0.029253795779589132,1.2546725798991623,1.0332790464162827,0.811885512933403,-0.02093100256174074,-0.007992506259562826,-0.03591128900792129,0.8873294917755906,1.0041161701222094,1.1316159097934668,0.055160650041475565,0.05634599142097331,0.333191938155372,0.23707435473412677,-0.16778409004222883,-0.062249432644875036,0
2024-12-26 00:00:00+00:00,0.9168540239334106,0.9246339797973632,0.8530790209770203,0.8597850203514099,789160826,1.0147129476070404,0.923029734492302,40.077192048318466,-0.021607902094344822,0.007620441874843622,-0.029228343969188445,1.228398396662079,1.0147129476070404,0.8010274985520018,-0.062249432644875036,-0.08187749217245899,-0.04963998806976855,0.847318468123432,0.9314813902764695,1.0993285586462362,0.050041154276615374,0.05614179874577003,0.42284728255431736,0.13748601521359088,-0.20305858498801121,0.01742644732865939,1
2024-12-27 00:00:00+00:00,0.8597800135612488,0.9113370180130004,0.857433021068573,0.8747680187225342,885820827,0.9977415502071381,0.9324248349666595,41.67644609079598,-0.02587141730019271,0.0009220700398363552,-0.026793487340029065,1.1982265041072317,0.9977415502071381,0.7972565963070445,0.01742644732865939,-0.045907771775440476,-0.009295809693058765,0.8767481103106574,0.9381646497584044,1.070050381318741,0.03882390001283556,0.05664486578250441,0.4809606640369786,0.19330982427268698,-0.16809584040324532,0.014917105087075777,1
2024-12-28 00:00:00+00:00,0.8747749924659729,0.8950690031051636,0.8678249716758728,0.8878170251846313,538128475,0.982317852973938,0.941304875612259,43.100726241070156,-0.02787600086563058,-0.004837544141257032,-0.023038456724373546,1.165176009075531,0.982317852973938,0.7994596968723452,0.014917105087075777,0.032603504561831365,-0.03941481754966958,0.9037981163599865,0.9431769113138427,1.0435703441300066,0.0359238934863184,0.0570298817836739,0.3016874784354272,0.24160073085062805,-0.08323145031522594,-0.03286376497824994,0
2024-12-29 00:00:00+00:00,0.8878170251846313,0.9079430103302002,0.8522899746894836,0.8586400151252747,645859774,0.9748724013566971,0.9486040759086609,40.70703081275596,-0.03145637909553045,-0.010161311132111717,-0.021295067963418735,1.1653715514333634,0.9748724013566971,0.7843732512800308,-0.03286376497824994,-0.018436892126911575,-0.08310018743326408,0.8807716927162307,0.9051616337435506,1.027691558696787,0.03696397210967789,0.04616816369537949,0.39095339929054873,0.19492675903109086,-0.030335297084905233,0.001603683126042199,1
2024-12-30 00:00:00+00:00,0.8586410284042358,0.8961949944496155,0.8309829831123352,0.8600170016288757,970303435,0.9668651998043061,0.9539982354640961,40.87392336110696,-0.033793196402480685,-0.014887688186185511,-0.018905508216295174,1.1627360200380643,0.9668651998043061,0.7709943795705478,0.001603683126042199,-0.03131278491756151,-0.061996415240047065,0.8894900776271021,0.9014869940618906,1.013487408950972,0.030051959775405486,0.045990181749401095,0.63486371802038,0.22724830056893,-0.09568133306282789,-0.018897279039380654,0
2024-12-31 00:00:00+00:00,0.8600239753723145,0.8722630143165588,0.8417440056800842,0.8437650203704834,677089128,0.954608952999115,0.9585973763465881,39.46211604142918,-0.036535382866971666,-0.019217227122342743,-0.017318155744628923,1.1490013113943742,0.954608952999115,0.7602165946038557,-0.018897279039380654,-0.01732390116086191,-0.018632564654800343,0.8838855090554191,0.880207938379975,0.995839313307247,0.028348680799966698,0.0425136187571915,0.4651287640027868,0.21489637364434905,-0.06734763243739539,0.08749707191876133,1
2025-01-01 00:00:00+00:00,0.8437659740447998,0.9294220209121704,0.8389260172843933,0.9175919890403748,926095054,0.9442377537488937,0.9654708564281463,48.21285070284437,-0.032378131082100525,-0.0218494079142943,-0.010528723167806224,1.121749986141653,0.9442377537488937,0.7667255213561345,0.08749707191876133,0.06694633629620328,0.04895465929399023,0.9717806615942567,0.9504087906237749,0.97800751567188,0.04741438249489035,0.047033337745601596,0.6655201243529061,0.42494668015451675,0.03920377640454609,0.047682443219356996,1
2025-01-02 00:00:00+00:00,0.9176539778709412,0.9790819883346558,0.917596995830536,0.9613450169563292,1199916914,0.9363249063491821,0.9731222569942475,52.586989604624826,-0.025261773398867815,-0.022531881011209003,-0.0027298923876588124,1.0939140482992693,0.9363249063491821,0.7787357643990948,0.047682443219356996,0.13935158930174474,0.0828188575865696,1.0267216117370015,0.9878974713061281,0.9621863025117481,0.04067645611785406,0.048719017069877676,0.8662153891400519,0.5793839927597034,0.040139749875453434,0.13421924516760297,1
2025-01-03 00:00:00+00:00,0.9613469839096068,1.1160989999771118,0.9600440263748168,1.0903760194778442,2503146669,0.9378181099891663,0.9833274579048157,62.61543360935411,-0.009105324603748355,-0.019846569729716875,0.01074124512596852,1.1008343088716743,0.9378181099891663,0.7748019111066582,0.13421924516760297,0.18830158992360913,0.2698872638945897,1.162673238940161,1.10886359443386,0.9537190306750748,0.06024048794209124,0.05665928120993552,1.927815733911912,0.9679225455337486,0.16435939424583434,-0.017403146061814145,0
2025-01-04 00:00:00+00:00,1.0903520584106443,1.1079189777374268,1.0588500499725342,1.0714000463485718,1175730814,0.9363027095794678,0.9912742590904235,60.58587283556039,0.0021428733149216894,-0.015448681120789162,0.01759155443571085,1.0933586005655263,0.9363027095794678,0.7792468185934093,-0.017403146061814145,0.11448026197783068,0.2457893789533645,1.1442880976279368,1.0808310984809293,0.9445445606936301,0.06306996479150483,0.056174408109314435,0.8997205336674696,0.9300931850467689,0.16855490331413137,0.02059636909036988,1
2025-01-05 00:00:00+00:00,1.0713969469070437,1.107867956161499,1.055279016494751,1.0934669971466064,1241263862,0.9370332598686218,0.9983689188957214,62.12337214158552,0.012691470342612754,-0.00982065082810878,0.022512121170721534,1.0969902457369278,0.9370332598686218,0.7770762740003159,0.02059636909036988,0.002834781408933118,0.29593781532503316,1.1669457680722215,1.095253444344072,0.9385641340928943,0.05732928213075852,0.05612863581988096,0.9607036173940399,0.9889868874085246,0.27179117019238874,0.0006008067883427337,1
2025-01-06 00:00:00+00:00,1.0934640169143677,1.1125869750976562,1.0680979490280151,1.0941239595413208,1303664168,0.9391632080078125,1.0062048983573915,62.170684474788125,0.020863815779355255,-0.0036837575066159733,0.02454757328597123,1.106503405987642,0.9391632080078125,0.771823010027983,0.0006008067883427337,0.021209550317077275,0.19238612870363503,1.1649987459178865,1.0873768964228412,0.9333717312855233,0.057432100823830705,0.05575884054177828,1.0198491402100232,0.9630111395953609,0.25075898538120156,-0.09332942696572544,0
2025-01-07 00:00:00+00:00,1.0941230058670044,1.1501630544662476,0.9919620156288148,0.9920099973678588,2238100221,0.9403427064418792,1.011353498697281,51.41942025809443,0.018883043104511277,0.000829602615609477,0.018053440488901798,1.1088794562016118,0.9403427064418792,0.7718059566821467,-0.09332942696572544,-0.09278469313065585,0.031897996942467755,1.0549451711296631,0.9808736496641991,0.9297863780103887,0.07389230284697319,0.056950677078215994,1.7332907809881968,0.653281972625071,0.11735861019511229,-0.044333211601686684,0
2025-01-08 00:00:00+00:00,0.9920179843902588,1.0212819576263428,0.9135900139808656,0.9480310082435608,1978552965,0.9434691578149795,1.0155212783813476,47.60139851933848,0.0136076688780713,0.0033852158681018417,0.010222453009969459,1.110030751873568,0.9434691578149795,0.7769075637563911,-0.044333211601686684,-0.13352504533307652,-0.13054671846364452,1.004835187659071,0.9335412545511991,0.9290491276743971,0.0722980877544487,0.05426464035725297,1.5539403811851105,0.5136941845878847,0.10410764877437506,-0.04434559981530717,0
2025-01-09 00:00:00+00:00,0.9480230212211608,0.9582769870758056,0.8837609887123108,0.9059900045394896,1351715573,0.9412181079387665,1.0176341784000398,44.22111284170196,0.00596576947209615,0.0039013265889007035,0.002064442883195446,1.1085655844045896,0.9412181079387665,0.7738706314729433,-0.04434559981530717,-0.0867128285567782,-0.1543868159916686,0.9625717959502234,0.8902904636751873,0.9249081132657933,0.07200472941810576,0.052753144125427705,1.1257955527682189,0.3947456390043881,0.0534559233405163,0.02810515006917802,1
2025-01-10 00:00:00+00:00,0.9059900045394896,0.9717730283737184,0.9056479930877686,0.9314529895782472,1252358898,0.942556056380272,1.0198537576198579,46.6903371897082,0.0019417756446136192,0.003509416400043287,-0.001567640755429668,1.109099960121421,0.942556056380272,0.7760121526391229,0.02810515006917802,-0.017486789483846188,-0.14816542976709268,0.9882202583847753,0.9133201526384321,0.9242070731592108,0.04270192580444385,0.051896279248841326,1.0558185180538973,0.4666662466994836,0.10392463196597257,0.06771250208290813,1
2025-01-11 00:00:00+00:00,0.9314510226249696,1.0129410028457642,0.9164530038833618,0.9945240020751952,888877434,0.9481334567070008,1.01953577876091,52.320576704443546,0.0037982512707629423,0.0035671833741872183,0.00023106789657572398,1.113744845357071,0.9481334567070008,0.7825220680569305,0.06771250208290813,0.09772072218468564,-0.09103169398454625,1.0489282864559122,0.9754674850978621,0.929965849613745,0.054525762325858845,0.05344048158390017,0.7564955332685145,0.6400584396590492,0.08384119952406799,-0.026112017828340828,0
2025-01-12 00:00:00+00:00,0.9944869875907898,1.034566044807434,0.9636729955673218,0.9685549736022948,1120377628,0.9503489047288894,1.0175821387767792,49.979974817158364,0.0031378666407538836,0.0034813200275005517,-0.0003434533867466682,1.1158002118827834,0.9503489047288894,0.7848975975749956,-0.026112017828340828,0.039832374192976694,-0.023643938899606032,1.0191572471781816,0.9518199432692291,0.9339284451978395,0.053098898981115965,0.05309229839373741,0.9606700866030238,0.5550194168501522,0.007499863752134184,-0.024586058929493393,0
2025-01-13 00:00:00+00:00,0.968533992767334,0.9910529851913452,0.889339029788971,0.9447420239448548,1532120555,0.9507630050182343,1.0160148596763612,47.86541939829315,0.0006851035916831671,0.002922076740337075,-0.002236973148653908,1.1161093705319842,0.9507630050182343,0.7854166395044845,-0.024586058929493393,-0.050056085148738716,-0.003469279243090928,0.9936672114484892,0.9298505971121235,0.9357766729131186,0.052641258442950666,0.0534059961411995,1.2840111938087893,0.48179282303946735,-0.13356309468611582,0.05310123108683995,1
2025-01-14 00:00:00+00:00,0.9447360038757324,1.0069010257720947,0.940123975276947,0.9949089884757996,1119015701,0.9546655058860779,1.016999258995056,52.4313871443773,0.0027575387882793345,0.0028891691499255273,-0.0001316303616461928,1.1203265687928778,0.9546655058860779,0.789004442979278,0.05310123108683995,0.027209622160616842,0.09814565667477426,1.0421545372086838,0.978278970880387,0.9387081627074408,0.0472579687965286,0.05430808624118079,0.9195890674905024,0.621463311545823,-0.07139355475432418,0.08467611317962476,1
2025-01-15 00:00:00+00:00,0.994911015033722,1.0837650299072266,0.99098402261734,1.0791540145874023,2210962210,0.9656339555978775,1.0193576991558075,58.93545545952143,0.011070217577554886,0.004525378835451399,0.006544838742103487,1.1338731251768654,0.9656339555978775,0.7973947860188895,0.08467611317962476,0.14227375011995158,0.1585705630469152,1.1175601358376408,1.0586607777437849,0.9472964754154287,0.05143792160167749,0.05460247625316102,1.7166455224143358,0.8373770188999519,-0.013089542342433536,0.010142169100589848,1
2025-01-16 00:00:00+00:00,1.0790940523147583,1.13960599899292,1.0301799774169922,1.0900989770889282,2245926187,0.9764005035161972,1.0208927595615387,59.706281969111274,0.01832994620086903,0.007286292308534925,0.011043653892334105,1.1476882198342864,0.9764005035161972,0.8051127871981081,0.010142169100589848,0.09567708173886302,0.09610122512307817,1.1164465536050852,1.0677898994573267,0.9564182862219041,0.04364707177875793,0.054594379812165444,1.6563362620156596,0.8318932496057911,-0.0036787261784121394,0.041301721608593134,1
2025-01-17 00:00:00+00:00,1.090093016624451,1.1636749505996704,1.0882200002670288,1.1351219415664673,1819221213,0.988765749335289,1.0229250395298004,62.79971284957493,0.02740045500992605,0.01130912484881315,0.0160913301611129,1.168619499598083,0.988765749335289,0.8089119990724951,0.041301721608593134,0.05186277975388287,0.17197471749555815,1.148019075629964,1.1096824280381674,0.9666062625564302,0.043957577001717804,0.054974612085984455,1.2811282382919122,0.9068755642218452,0.14426461888321018,-0.029115762679486568,0
2025-01-18 00:00:00+00:00,1.1351089477539062,1.143610954284668,1.052631974220276,1.10207200050354,1614350854,1.0009373486042024,1.023429318666458,59.2064157281015,0.031558260573142594,0.01535895199367904,0.016199308579463556,1.1766120826243023,1.0009373486042024,0.8252626145841024,-0.029115762679486568,0.010983427804496682,0.16653220939801083,1.1010399422505004,1.076842318665987,0.9780229375375302,0.04513410242028457,0.05481343560215904,1.099364926112777,0.7878463213946472,0.16248518341754936,-0.10061136740996335,0
2025-01-19 00:00:00+00:00,1.1020480394363403,1.1474610567092896,0.9781140089035034,0.991191029548645,2978644563,1.0074960500001908,1.0216743004322053,49.063457527125095,0.02561095658697443,0.017409352912338118,0.008201603674636314,1.170344880828602,1.0074960500001908,0.8446472191717795,-0.10061136740996335,-0.12679775339308286,-0.003736983955537898,0.9838162934221502,0.9701634161976427,0.9861225339366797,0.06218151949834505,0.06049637091897079,1.8986086394756347,0.44993817158955873,0.09404190397493695,0.017608064162888182,1
2025-01-20 00:00:00+00:00,0.991168975830078,1.0967010259628296,0.9688519835472108,1.0086439847946167,2754988266,1.0157399982213975,1.01874214053154,50.500897855100995,0.02205178372185479,0.018337839074241455,0.0037139446476133348,1.1592325156353849,1.0157399982213975,0.8722474808074101,0.017608064162888182,-0.08477487465994582,-0.06533824536597221,0.9930139470344712,0.9900876234179785,0.9970530891079306,0.060868232395648716,0.060165092500887536,1.6469800126734897,0.47527392523782885,0.0828715953247634,-0.003955741551442515,0
2025-01-21 00:00:00+00:00,1.0086619853973389,1.0269290208816528,0.9550960063934326,1.004654049873352,1689540931,1.0200931012630463,1.0147997009754182,50.1524529948198,0.018693670187408307,0.018409005296874826,0.00028466489053348074,1.1561378799232318,1.0200931012630463,0.8840483226028609,-0.003955741551442515,0.013582669660396007,-0.07838272396489532,0.9848650565614274,0.9900023116952891,1.0052162020569577,0.05804797618384344,0.05743202793383905,0.9875021608012527,0.4432574644108239,0.010185825356672451,-0.02290348114877594,0
2025-01-22 00:00:00+00:00,1.004654049873352,1.0159939527511597,0.9794300198554992,0.9816439747810364,973043309,1.0211080491542817,1.010470061302185,48.09162692332574,0.014014074730692494,0.01753001918363836,-0.003515944452945865,1.155601452699352,1.0211080491542817,0.8866146456092113,-0.02290348114877594,-0.02676862244816558,-0.13520835177728263,0.9613517155153847,0.9714725971356334,1.0105277615433628,0.04570689560842561,0.05690850189531545,0.5725198291029968,0.35328620834545077,0.013513947618337463,0.005959408116445797,1
2025-01-23 00:00:00+00:00,0.9816439747810364,1.0066380500793457,0.9537469744682312,0.9874939918518066,1176052467,1.0159639477729798,1.0064735412597656,48.66912640233639,0.010654688486994468,0.016154953044309583,-0.005500264557315115,1.1471310783166753,1.0159639477729798,0.8847968172292844,0.005959408116445797,-0.0170805642237829,-0.1039659918765583,0.9719773954739437,0.9811425252330002,1.0094293651289983,0.045387706301146205,0.04778790483366353,0.7200797106858131,0.3914745035468736,0.045252531191993794,-0.01620260270169116,0
2025-01-24 00:00:00+00:00,0.9874609708786012,1.0071090459823608,0.9661970138549804,0.9714940190315248,899623660,1.0109686464071275,1.0022091805934905,47.12489847673401,0.006624918658125867,0.014248946167072842,-0.007624027508946975,1.1408497494966687,1.0109686464071275,0.8810875433175861,-0.01620260270169116,-0.010339752507293354,-0.019872062932298373,0.9609536581417325,0.9693525442026217,1.008740157227905,0.0385954827630862,0.047770728290748,0.5555221261494173,0.348035524658316,-0.023534785307494865,0.0059474942120558705,1
2025-01-25 00:00:00+00:00,0.9714999794960022,0.990207016468048,0.9661849737167358,0.9772719740867616,518321010,1.005158895254135,0.9971324801445007,47.76939782385539,0.0038531134272862255,0.01216977961911552,-0.008316666191829294,1.1297911147476087,1.005158895254135,0.8805266757606613,0.0059474942120558705,-0.010351473375423859,-0.031103155504608626,0.9722562061590045,0.9800823797707793,1.0080494972026899,0.039674911090120536,0.04748870229191683,0.3273731351436248,0.38812314632319556,-0.09440917526456483,-0.02293731549887823,0
2025-01-26 00:00:00+00:00,0.9772719740867616,0.9992120265960692,0.954855978488922,0.954855978488922,558478883,0.9981954962015152,0.9919456803798675,45.45457667421635,-0.00015060956111712098,0.009705701783068992,-0.009856311344186113,1.1173402338236935,0.9981954962015152,0.8790507585793368,-0.02293731549887823,-0.01712624083799208,-0.04956738231504432,0.9565821345843422,0.9626091401731374,1.0063005625663437,0.015914547048614083,0.04764660066429716,0.3612380081671446,0.31812240062994757,-0.12406487983427705,-0.022949002251897,0
2025-01-27 00:00:00+00:00,0.954820990562439,0.9568079710006714,0.8687660098075867,0.9329429864883424,1388103697,0.9952421456575393,0.9866787207126617,43.24827547710589,-0.005033758163916713,0.006757809793671851,-0.011791567957588563,1.1179087107661672,0.9952421456575393,0.8725755805489115,-0.022949002251897,-0.04535992924573906,-0.049611661196776735,0.9374030134866957,0.9455387725545485,1.0086790408722834,0.013407078430889563,0.043227586498891246,0.9232397446670273,0.24606299966894943,-0.17811210203471017,-0.0180375444043408,0
2025-01-28 00:00:00+00:00,0.9329519867897034,0.9670730233192444,0.9050549864768982,0.9161149859428406,768281216,0.9936463445425033,0.9848500394821167,41.57918944544029,-0.010144626677843549,0.0033773224993687715,-0.01352194917721232,1.1196830507359794,0.9936463445425033,0.8676096383490274,-0.0180375444043408,-0.04057260300908394,-0.07228297741347467,0.9219728839888603,0.9302075942694581,1.00893161873153,0.013228188789526417,0.04226706345555622,0.5324193366096924,0.19242548087282513,-0.16873399784745025,0.027302267379290646,1
2025-01-29 00:00:00+00:00,0.916109025478363,0.9583600163459778,0.9052199721336364,0.9411270022392272,819481985,0.9954031944274903,0.9832693588733673,44.978148974509516,-0.012037999550549072,0.00029425808938520273,-0.012332257639934275,1.117203601181936,0.9954031944274903,0.8736027876730447,0.027302267379290646,0.00877225711475682,-0.03125805841045759,0.945473158522984,0.9571405777533565,1.012340296628409,0.019225766216229158,0.04141513351565593,0.5785714623527668,0.27719207334961515,-0.05050895923888188,0.02113101682631835,1
2025-01-30 00:00:00+00:00,0.9411429762840272,0.9862490296363832,0.9386979937553406,0.9610139727592468,626612172,0.9968812435865402,0.9807118391990661,47.58913388712945,-0.01179780116659257,-0.002124153761810352,-0.009673647404782219,1.116104305587949,0.9968812435865402,0.8776581815851313,0.02113101682631835,0.049010208876997474,-0.016636107203122696,0.964020517932255,0.9799147255569931,1.0164874163247375,0.02149910607136383,0.04121906285466631,0.45239450614479565,0.3495791408759932,-0.04722182727840141,-0.0195470621446604,0
2025-01-31 00:00:00+00:00,0.961006999015808,0.981896996498108,0.9368590116500854,0.9422289729118348,700669655,0.9942664921283721,0.9770560991764069,45.3976908904974,-0.012973682179336476,-0.004294059445315577,-0.0086796227340209,1.1159751464375436,0.9942664921283721,0.8725578378192007,-0.0195470621446604,0.0011709053825739169,-0.013223989650323675,0.9476624027576919,0.9643550392920847,1.0176145391922453,0.021858000883665924,0.03846518283792528,0.5093220445135574,0.28622095728563157,-0.06213589341464021,-0.04700025221440396,0
2025-02-01 00:00:00+00:00,0.9422289729118348,0.9560539722442628,0.8909400105476379,0.8979439735412598,576044613,0.9907359421253205,0.9726229393482209,40.64578311470877,-0.017279814749602385,-0.006891210506172939,-0.010388604243429446,1.1194783477436523,0.9907359421253205,0.8619935365069886,-0.04700025221440396,-0.0656285975082147,-0.037514632141478654,0.9063403631193555,0.9232189959893344,1.0186228414366183,0.026456617890781332,0.03942621005729315,0.42718253802656014,0.13962158335323238,-0.08526513011853054,-0.10713806837039497,0
2025-02-02 00:00:00+00:00,0.8979349732398987,0.9097269773483276,0.7710750102996826,0.8017399907112122,1554294076,0.9835858404636383,0.9674475002288818,32.65033256253099,-0.02813103616574497,-0.011139175638087345,-0.016991860527657627,1.136667128354994,0.9835858404636383,0.8305045525722825,-0.10713806837039497,-0.1491028043496263,-0.12484785969734657,0.8151194920956686,0.8287167939568131,1.0166813602091467,0.045029105892803206,0.04563386671904881,1.1516848299591003,-0.09395192011150642,-0.18810646208819726,0.01224715104083618,1
2025-02-03 00:00:00+00:00,0.8017529845237732,0.8229950070381165,0.5648369789123535,0.8115590214729309,4694160143,0.9744183421134949,0.9616445195674896,34.07572053513897,-0.03552883925249162,-0.016017108360968202,-0.019511730891523416,1.1455416190609822,0.9744183421134949,0.8032950651660076,0.01224715104083618,-0.09620305343511448,-0.13767321568503998,0.8328650913042901,0.8439282967451825,1.0132833102940684,0.047052797183261025,0.043666316946774815,3.071410793761009,0.02414620750121359,-0.16462787667805912,-0.08035891798740291,0
2025-02-04 00:00:00+00:00,0.8115620017051697,0.81843101978302,0.7190250158309937,0.7463430166244507,1601678503,0.9577777922153473,0.9549942600727082,29.59555217602562,-0.046122368106061074,-0.02203816030998678,-0.024084207796074293,1.1495044180894305,0.9577777922153473,0.766051166341264,-0.08035891798740291,-0.06909593475263676,-0.22337964089995133,0.7792444371654866,0.7815157093903665,1.0029147108616414,0.052484584904808236,0.04046822664149051,1.0692998898764587,-0.05139648608262865,-0.23629958045006738,-0.017597810112767065,0
2025-02-05 00:00:00+00:00,0.746330976486206,0.7740880250930786,0.7289459705352783,0.7332090139389038,840128547,0.9399332940578461,0.948627940416336,28.77502569683925,-0.05494425710179496,-0.028619379668348415,-0.026324877433446543,1.1457228843517873,0.9399332940578461,0.7341437037639049,-0.017597810112767065,-0.0965425871205603,-0.22183563123407501,0.780064945644728,0.7729152628765197,0.9908345031934501,0.04712301307699633,0.039944541728174014,0.5884959322756574,-0.0022709842214711637,-0.23212606879288622,-0.03838883764730061,0
2025-02-06 00:00:00+00:00,0.7331269979476929,0.7646530270576477,0.7021329998970032,0.7050619721412659,844784492,0.918430295586586,0.9433607792854309,27.044547193714692,-0.06347519617801589,-0.03559054297028191,-0.027884653207733978,1.1281809191354495,0.918430295586586,0.7086796720377223,-0.03838883764730061,-0.05531108828470066,-0.2148040491204779,0.7676815274162474,0.7473937730115623,0.9735726943007647,0.04039951925935143,0.03753097129801832,0.6126669481641099,-0.00862381201840303,-0.24426038637670167,0.0028806379452761544,1
2025-02-07 00:00:00+00:00,0.705053985118866,0.7500200271606445,0.6924769878387451,0.7070930004119873,940384129,0.8986813455820084,0.9397925996780395,27.383899889532856,-0.0692735969463022,-0.04232715376548597,-0.026946443180816224,1.110001280326584,0.8986813455820084,0.6873614108374327,0.0028806379452761544,-0.0356187840444262,-0.11805197619650343,0.786811703489913,0.7523926030639398,0.9562549714584736,0.043311378493248405,0.03792865512896235,0.6990841708282474,0.04668653148697098,-0.22816129933267437,-0.007416304000016138,0
2025-02-08 00:00:00+00:00,0.7070950269699097,0.7148569822311401,0.6847509741783142,0.7018489837646484,553879408,0.8842142432928085,0.9348093593120574,27.034244235099706,-0.07344538694521685,-0.04855080040143215,-0.0248945865437847,1.1081106203844941,0.8842142432928085,0.6603178662011229,-0.007416304000016138,-0.004557029741456109,-0.13518429936145038,0.7937544425330303,0.7507937065169644,0.9458765410131508,0.0447056751299148,0.03307708521255424,0.4525426397456325,0.09274629206375805,-0.2542462578432705,-0.027282211098157205,0
2025-02-09 00:00:00+00:00,0.7017760276794434,0.7126370072364807,0.6540560126304626,0.6827009916305542,679645670,0.8679170936346055,0.9303694987297058,25.74175404400235,-0.0774043740724969,-0.05432151513564511,-0.02308285893685179,1.1009422468921646,0.8679170936346055,0.6348919403770464,-0.027282211098157205,-0.03449618192687687,-0.08527181681385021,0.7865970109789916,0.7337955431284995,0.9328735462841692,0.030891507542852168,0.03214590568065569,0.6067395819645739,0.10258345630324543,-0.28960346989503716,0.041001859466647916,1
2025-02-10 00:00:00+00:00,0.6827729940414429,0.716280996799469,0.66560298204422,0.7106930017471313,751114200,0.8532190412282944,0.9269238388538361,30.939758472093843,-0.07739106262078133,-0.05893542463267235,-0.018455637988108974,1.0870116595073775,0.8532190412282944,0.6194264229492112,0.041001859466647916,0.012601026983104724,-0.030708858952528728,0.8329549241236078,0.7667221102285173,0.9204845160561632,0.03746042997075443,0.034709158599585795,0.6998572878809788,0.19518704112585214,-0.24573217107639134,0.0966746201812394,1
2025-02-11 00:00:00+00:00,0.7107419967651367,0.8159189820289612,0.7107419967651367,0.7793989777565002,1813731044,0.8431067913770676,0.9240268981456756,41.722684103649044,-0.07101786539010557,-0.061351912784158996,-0.009665952605946576,1.070930121354893,0.8431067913770676,0.6152834613992422,0.0966746201812394,0.14164031883855022,0.10543329317488737,0.9244368397074447,0.843480832993701,0.9124266761811832,0.047015641270901895,0.042893842385799574,1.626265735682515,0.360181541489258,-0.1320182542316628,0.025436319343353775,1
2025-02-12 00:00:00+00:00,0.7793949842453003,0.8050739765167236,0.7528030276298523,0.7992240190505981,1231175669,0.8336932927370071,0.9212821781635284,44.41940487476542,-0.06363381451765249,-0.06180829313085769,-0.0018255213867947942,1.051745549102347,0.8336932927370071,0.6156410363716671,0.025436319343353775,0.12456998603592084,0.13029547539705644,0.9586547307184796,0.8675127317058934,0.9049271900590546,0.04604777471200738,0.04350597383534809,1.101201279906749,0.4209609791226908,-0.003138139159532427,0.014411480738627969,1
2025-02-13 00:00:00+00:00,0.799235999584198,0.8269019722938538,0.7720170021057129,0.8107420206069946,840300501,0.8256556928157807,0.9191598391532898,45.98331602008681,-0.05620460286074558,-0.06068755507683527,0.004482952216089693,1.0339535040981096,0.8256556928157807,0.6173578815334518,0.014411480738627969,0.0402143751082602,0.15515166276690273,0.9819371775201778,0.8820468280618446,0.8982721586012253,0.04011762394003206,0.04379944679873876,0.7535898319530351,0.4642010827742881,-0.0010067054204554449,-0.01262425200305195,0
2025-02-14 00:00:00+00:00,0.8107100129127502,0.8270789980888367,0.7931399941444397,0.8005070090293884,787635175,0.8168174445629119,0.9179742789268494,44.77759850788718,-0.050559955302570625,-0.05866203512198234,0.008102079819411717,1.012656026474784,0.8168174445629119,0.62097886265104,-0.01262425200305195,0.0016052945709943423,0.1725587319237194,0.9800317247849042,0.87203642564497,0.8898042824443905,0.04167082884879972,0.04368309041134531,0.6979307072843404,0.45835745088048263,0.07257251853163948,-0.024230918806675605,0
2025-02-15 00:00:00+00:00,0.8005139827728271,0.8129389882087708,0.7771999835968018,0.7811099886894226,493874835,0.808130145072937,0.9161011183261871,42.50304233788358,-0.047108669461575325,-0.05635136198990094,0.009242692528325616,0.9933108905724832,0.808130145072937,0.6229493995733908,-0.024230918806675605,-0.036549273584446484,0.09908214484901601,0.9665645978580891,0.8526460377175311,0.8821407690774088,0.04384823158544909,0.04370574992731371,0.438883213194825,0.4270438286911945,0.06533058628560484,-0.01165644691419998,0
2025-02-16 00:00:00+00:00,0.7811110019683838,0.7868019938468933,0.7647410035133362,0.772005021572113,448477194,0.8000832468271255,0.9137848782539367,41.4389659129486,-0.04459414181247179,-0.05399991795441511,0.009405776141943323,0.976192240070748,0.8000832468271255,0.623974253583503,-0.01165644691419998,-0.03560491930212317,-0.009486740931673676,0.9649058702749224,0.8448432885508709,0.8755706795629266,0.04160621204157506,0.04358986047790225,0.4159045243110726,0.42028168255958936,0.09494633390529028,0.04665770286582971,1
2025-02-17 00:00:00+00:00,0.7720010280609131,0.8269169926643372,0.7718629837036133,0.8080250024795532,1041802036,0.7946787476539612,0.9127725780010223,47.08309595075771,-0.03924248615389159,-0.051048431594310405,0.011805945440418818,0.9622206217005547,0.7946787476539612,0.6271368736073677,0.04665770286582971,0.0344573929150358,0.011011910577224393,1.0167945284367963,0.8852424162973137,0.8706207513314134,0.04216871185166285,0.04521575578759225,0.9540366705027822,0.5398296094679007,0.14274218809797,-0.06888645297685747,0
2025-02-18 00:00:00+00:00,0.8081070184707642,0.8125380277633667,0.7381849884986877,0.7523630261421204,905917139,0.7852405488491059,0.9106194984912872,40.57509449418634,-0.039042657341136544,-0.04864727674367564,0.009604619402539094,0.9387234571983383,0.7852405488491059,0.6317576404998735,-0.06888645297685747,-0.025442833765502826,-0.07200686899288444,0.9581306355674415,0.8262100991562712,0.8623146661696691,0.03768958268638406,0.04666079778770064,0.8263288916482885,0.3928951664371105,0.07197280831913377,0.027353807948738096,1
2025-02-19 00:00:00+00:00,0.752364993095398,0.7747200131416321,0.7372490167617798,0.7729430198669434,706077594,0.7758370012044906,0.9092030584812164,43.675045147850255,-0.036799456836386635,-0.04627771276221784,0.009478255925831208,0.9051120352152074,0.7758370012044906,0.6465619671937738,0.027353807948738096,-0.04341695183311811,-0.03443316404670371,0.996269859090177,0.8501324458346088,0.8533154326388783,0.03794876301791587,0.04690003433024964,0.641720281241108,0.4888068823199561,0.13218382475299517,0.04079340324581637,1
2025-02-20 00:00:00+00:00,0.7729399800300598,0.8104299902915955,0.7717170119285583,0.8044739961624146,688006862,0.7689492523670196,0.9069406986236572,48.13885082444176,-0.03210730497762604,-0.04344363120529948,0.011336326227673443,0.8731425252464882,0.7689492523670196,0.664755979487551,0.04079340324581637,0.06926306611251598,0.029911290101657828,1.0461990744981424,0.8870194020218272,0.8478495380502289,0.041263459380545334,0.048162037520691044,0.6256566758884161,0.6704752274961656,0.1319571097291472,-0.05357908380587628,0
2025-02-21 00:00:00+00:00,0.8044639825820923,0.8169400095939636,0.7521179914474487,0.7613710165023804,951661847,0.7621206045150757,0.9029412186145782,43.10929215458004,-0.031503636742330476,-0.04105563231270568,0.009551995570375206,0.8467900098844625,0.7621206045150757,0.6774511991456889,-0.05357908380587628,-0.014971353731294434,-0.013774528367804573,0.999016444368182,0.8432121613304849,0.8440423239116609,0.04593006897289117,0.0484728303163616,0.8508859348040427,0.49557344232296724,-0.023130593917396913,0.01718078869325579,1
2025-02-22 00:00:00+00:00,0.7613710165023804,0.7826600074768066,0.7585909962654114,0.7744519710540771,530696926,0.760756203532219,0.8966227376461029,44.98778739660016,-0.02962816654539857,-0.03877013915924426,0.009141972613845688,0.8435971405443109,0.760756203532219,0.677915266520127,0.01718078869325579,-0.03731882602986747,-0.04154949577358602,1.0180028338359493,0.8637433990211315,0.8484685605112209,0.04589069571233769,0.04258006220603763,0.4972533579442745,0.5826630408578013,-0.030995124528349183,-0.005695617413116527,0
2025-02-23 00:00:00+00:00,0.7744510173797607,0.7869970202445984,0.7614660263061523,0.7700409889221191,495111534,0.7586803019046784,0.8905955564975738,44.4547381138799,-0.02817301135838124,-0.036650713599071655,0.008477702240690416,0.8381741515067194,0.7586803019046784,0.6791864523026374,-0.005695617413116527,0.011387316080886833,0.02349658630973117,1.0149742743932055,0.8646360104809448,0.8518797296590208,0.045699863933940536,0.042478063507318024,0.5775214376284054,0.5714563898610658,-0.05020219829533812,-0.114070560712072,0
2025-02-24 00:00:00+00:00,0.770039975643158,0.7755889892578125,0.680666983127594,0.6822019815444946,960897545,0.7554732501506806,0.8823702561855317,35.4474421048361,-0.03371897285328207,-0.03606436544991374,0.0023453925966316694,0.841932932083444,0.7554732501506806,0.6690135682179171,-0.114070560712072,-0.11911647585327279,-0.11739680156251253,0.9030127557903979,0.7731470737620278,0.8561862153157517,0.057519762679592704,0.046261245889239876,1.1643501279752715,0.0762691524636515,-0.1477876222824559,0.0005570772665119961,1
2025-02-25 00:00:00+00:00,0.6822119951248169,0.6930379867553711,0.6338109970092773,0.6825820207595825,1317817123,0.7529419004917145,0.8741394174098969,35.50832645884964,-0.037649521063145786,-0.03638139657256015,-0.001268124490585637,0.844933712868489,0.7529419004917145,0.66095008811494,0.0005570772665119961,-0.1135770295617109,-0.15151760775897516,0.9065533745881549,0.7808617334544814,0.8613521887878086,0.05405293493011031,0.046147041563076543,1.5519258403598217,0.11757531505110325,-0.12613840477850535,-0.05500293141023971,0
2025-02-26 00:00:00+00:00,0.6825860142707825,0.693576991558075,0.6349819898605347,0.6450380086898804,869010894,0.7499407023191452,0.8671999776363373,32.2702199886711,-0.04329491995605639,-0.0377641012492594,-0.005530818706796989,0.8518875025357749,0.7499407023191452,0.6479939021025155,-0.05500293141023971,-0.054476495026407834,-0.1527941112690573,0.8601186823106683,0.7438169111212534,0.8647840425033255,0.05288427804688575,0.0469684777746364,1.0219318979626197,-0.014497234863448739,-0.16446397281675285,0.0008479993701684396,1
2025-02-27 00:00:00+00:00,0.6450530290603638,0.6781089901924133,0.6284220218658447,0.6455850005149841,683537664,0.746865302324295,0.8611510574817658,32.36699081944998,-0.04718092919999739,-0.039647466839407,-0.007533462360590389,0.8575877985799937,0.746865302324295,0.6361428060685964,0.0008479993701684396,-0.054201574491264504,-0.1663976274263943,0.8643928142141296,0.749676836492364,0.8672872149844737,0.04645972225455431,0.046956427122834744,0.8161463047153095,0.04263900637040484,-0.20103338568249263,-0.019414983807305553,0
2025-02-28 00:00:00+00:00,0.6455810070037842,0.645609974861145,0.5821880102157593,0.6330509781837463,1102255137,0.74342540204525,0.8556922769546509,31.264657850860104,-0.050687713959423064,-0.04185551626341021,-0.008832197696012851,0.8638833538751454,0.74342540204525,0.6229674502153546,-0.019414983807305553,-0.018583448331177532,-0.17789963483648763,0.8515326170482597,0.7398114897527539,0.8687999437029502,0.04534689138754876,0.047085884601438664,1.2743757258123043,0.04185497020002127,-0.15858308265116172,0.04140899306109036,1
2025-03-01 00:00:00+00:00,0.6330519914627075,0.674651026725769,0.6267330050468445,0.6592649817466736,585631597,0.7422536015510559,0.8502485167980194,36.16154832381989,-0.05076641154700834,-0.04363769532012984,-0.007128716226878495,0.8656196561264837,0.7422536015510559,0.6188875469756281,0.04140899306109036,0.021190054324026875,-0.03362200699841422,0.8881937121881732,0.7753791611768082,0.872984294458207,0.049815094653468645,0.047803886666759,0.6807796592657006,0.16364888587061904,-0.14707169247720053,0.7132762136265101,1
2025-03-02 00:00:00+00:00,0.6592839956283569,1.134268045425415,0.6461189985275269,1.1295030117034912,7647921820,0.763194102048874,0.8529480969905854,73.1352227989264,-0.012737668958994197,-0.03745769004790272,0.02472002108890852,0.9746985199365901,0.763194102048874,0.5516896841611578,0.7132762136265101,0.7842212564683015,0.6547506048380407,1.4799682134220153,1.3242341658169599,0.8947720321337418,0.2830984821029684,0.16682265967721438,6.346417512610698,1.3659604213304992,0.4040267517552636,-0.24279616859515363,0
2025-03-03 00:00:00+00:00,1.1295260190963743,1.1342129707336426,0.8381940126419067,0.8552640080451965,7028104831,0.7669873535633087,0.8506822776794434,53.62791498890016,-0.004674527121080629,-0.030901057462538302,0.026226530341457673,0.982400571496236,0.7669873535633087,0.5515741356303814,-0.24279616859515363,0.29729931321278147,0.32591257650429095,1.115095319462267,1.0053859478279616,0.9016143555447703,0.3014727431334617,0.17696180640014653,4.794736981053865,0.7049007375893115,0.12332094275685179,0.10056896850075914,1
2025-03-04 00:00:00+00:00,0.8552619814872742,0.9502570033073424,0.7684890031814575,0.941277027130127,5400303546,0.7740900039672851,0.8506129777431488,57.46042702042255,0.008557457631878207,-0.023009354443655004,0.03156681207553321,1.0029279349145668,0.7740900039672851,0.5452520730200036,0.10056896850075914,-0.16664496032594556,0.4580218350476992,1.2159787909751998,1.1065867224686936,0.9100378482598573,0.30040499716783214,0.1779673256230444,3.225502048499757,0.8652956974194924,0.21541046095988436,0.0362050221859056,1
2025-03-05 00:00:00+00:00,0.941245973110199,1.0150569677352903,0.919651985168457,0.9753559827804564,3945666181,0.7823207020759583,0.8502219176292419,58.90945114079985,0.021545425537135787,-0.014098398447496847,0.03564382398463263,1.027935732311166,0.7823207020759583,0.5367056718407506,0.0362050221859056,0.14041509242244832,0.5407226532984746,1.2467469928793418,1.1471781220368187,0.9201370675756991,0.2956667418938665,0.17799960305197593,2.1566669806323784,0.8929630864195124,0.2666286558923716,-0.06951716103354733,0
2025-03-06 00:00:00+00:00,0.9753640294075012,0.9784650206565856,0.8882910013198853,0.9075520038604736,2621972377,0.7876729518175125,0.8467898774147034,54.90237833674117,0.02606678753724334,-0.006065361250548809,0.03213214878779215,1.0395422726788504,0.7876729518175125,0.5358036309561747,-0.06951716103354733,-0.03582900920516252,0.3766118768450011,1.1521939426336105,1.071755848843258,0.9301870190304139,0.3003623333217877,0.17901434254244408,1.364731190122004,0.7379786701155208,0.3303274226876183,-0.09999647975108161,0
2025-03-07 00:00:00+00:00,0.9075520038604736,0.912688970565796,0.8115950226783752,0.8167999982833862,3480876480,0.7894574522972106,0.8413238978385925,50.000090760442305,0.02207263153645178,-0.00043776269314869075,0.022510394229600474,1.0416365276717228,0.7894574522972106,0.5372783769226985,-0.09999647975108161,-0.16256216939898516,-0.276850092633656,1.0346346036846097,0.9708508225925716,0.938351393946339,0.3062914625258252,0.18074833579480973,1.6811058642704508,0.554212558963445,0.19663274660303087,-0.014823736484420591,0
2025-03-08 00:00:00+00:00,0.8167999982833862,0.836214005947113,0.7968320250511169,0.8046919703483582,1184834509,0.791091799736023,0.8347152984142303,49.3667405117266,0.01772588450356216,0.00319496674619348,0.014530917757368682,1.043218309392774,0.791091799736023,0.538965290079272,-0.014823736484420591,-0.11333789477030243,-0.059130323760994585,1.0171916465533752,0.9640316547175909,0.9477384699177287,0.3078523233592073,0.18077357907626246,0.5622243501457698,0.5269709254906408,0.24751093657681777,-0.10506254920654368,0
2025-03-09 00:00:00+00:00,0.8046799898147583,0.8156759738922119,0.7128279805183411,0.7201489806175232,1597453600,0.7866979986429214,0.82707683801651,45.07351725961748,0.007374138963612609,0.004030801189677306,0.003343337773935303,1.0406383068419223,0.7866979986429214,0.5327576904439206,-0.10506254920654368,-0.118328866147145,-0.23492344988680347,0.9154071598755845,0.8707159329290124,0.9511788536232924,0.1111513727077966,0.1825084352484165,0.7481560309129691,0.3689672023764597,0.1154983155480056,-0.06603076701515753,0
2025-03-10 00:00:00+00:00,0.7201489806175232,0.7737690210342407,0.6611070036888123,0.6725969910621643,1891557329,0.7827096968889237,0.8207049572467804,42.81797525132756,-0.004613559859437566,0.0023019289798543313,-0.006915488839291897,1.0413820151790973,0.7827096968889237,0.52403737859875,-0.06603076701515753,-0.16415595551302542,-0.3104087092952609,0.8593185873837644,0.8195356749379533,0.9537041173903477,0.07642500641213788,0.18244748682538947,0.8659114239759803,0.2871579252186602,0.06246892310612551,0.07432385069350755,1
2025-03-11 00:00:00+00:00,0.6725940108299255,0.7412700057029724,0.6536449790000916,0.722586989402771,1875965762,0.780191895365715,0.8149838173389434,45.883857133379884,-0.00996524927073128,-0.00015150667026279105,-0.00981374260046849,1.0402411071743425,0.780191895365715,0.5201426835570875,0.07432385069350755,0.003385422809537575,-0.20380651871288136,0.9261657211448708,0.8866274078449026,0.9573096775260768,0.06918162790328472,0.18302993194882536,0.8363779414014005,0.3892422984820736,0.09604940260641559,0.017793040962309714,1
2025-03-12 00:00:00+00:00,0.7226340174674988,0.7614730000495911,0.7125800251960754,0.7354440093040466,1355643740,0.7767403960227967,0.8095996165275574,46.67574297843582,-0.013018973013714463,-0.002724999938953126,-0.010293973074761337,1.037264588496547,0.7767403960227967,0.5162162035490463,0.017793040962309714,0.09343933897568357,-0.09960331678540646,0.9468337337285365,0.9084045919616778,0.9594129989269303,0.0663144322941939,0.18289158512034998,0.5955350051524138,0.4207436623704132,-0.3488782219404033,-0.045081642697777924,0
2025-03-13 00:00:00+00:00,0.7354440093040466,0.7383890151977539,0.6925600171089172,0.7022889852523804,1195241317,0.7737862944602967,0.8040125167369843,44.85301805946515,-0.017907972474432876,-0.005761594446049076,-0.0121463780283838,1.036375956750304,0.7737862944602967,0.5111966321702894,-0.045081642697777924,-0.02809074125063782,-0.12725737160226247,0.907600703553706,0.8734801643419183,0.9624057814431073,0.06498511199488272,0.18275128713569075,0.5222758411195044,0.36386115016029497,-0.17886292577944207,0.05129941521520043,1
2025-03-14 00:00:00+00:00,0.7022870182991028,0.7483530044555664,0.6998530030250549,0.738315999507904,1015277074,0.771979495882988,0.7990289568901062,47.262974164154315,-0.01866035584379222,-0.008341346725597705,-0.010319009118194515,1.035046719350662,0.771979495882988,0.5089122724153138,0.05129941521520043,0.0039051106100860267,0.02522675082425696,0.956393276564192,0.9240165742947508,0.9661470829387746,0.06458424152102701,0.18299828059104528,0.43899051636405273,0.4360173115994048,-0.2156230543956158,0.013507752189876321,1
2025-03-15 00:00:00+00:00,0.7383109927177429,0.7584199905395508,0.7331420183181763,0.7482889890670776,720758317,0.7708918958902359,0.7945648562908173,47.94118301608458,-0.018241610247045292,-0.010321399429887223,-0.007920210817158069,1.034172636236986,0.7708918958902359,0.5076111555434858,0.013507752189876321,0.06550010719328925,0.11253692628832712,0.9706795376321137,0.9417594840026472,0.9702063837669698,0.06529898958374987,0.18296230330993438,0.3101321196781355,0.4570745152239593,-0.23280422504414933,-0.056829639405311605,0
2025-03-16 00:00:00+00:00,0.7482770085334778,0.748278021812439,0.6990389823913574,0.7057639956474304,807154727,0.7720699965953827,0.7891346967220306,45.26791858212461,-0.021097958781679305,-0.012476711300245639,-0.008621247481433666,1.033886540717501,0.7720699965953827,0.5102534524732643,-0.056829639405311605,-0.0440895279015624,-0.02328161730291467,0.9141191844776464,0.8943517482871911,0.9783754279243675,0.05516550669639387,0.18134508693773377,0.3484598637219402,0.37337316446086516,-0.22234319064328345,0.017467636143134513,1
2025-03-17 00:00:00+00:00,0.7057539820671082,0.7291240096092224,0.705269992351532,0.7180920243263245,756343011,0.7738454967737198,0.7843994176387787,46.204431430574544,-0.022111973621817715,-0.014403763764560054,-0.007708209857257661,1.033580184824373,0.7738454967737198,0.5141108087230666,0.017467636143134513,-0.04035468272545473,-0.023593889892641107,0.9279527080278426,0.9154673093561764,0.9865452209324318,0.047383734923165076,0.18131970123209762,0.33052969908466184,0.3926722632509479,-0.12084717698887082,-0.022296584751217763,0
2025-03-18 00:00:00+00:00,0.7180899977684021,0.7181329727172852,0.6839810013771057,0.702081024646759,697365412,0.7766976475715637,0.779782178401947,45.12450608709003,-0.02393167213343783,-0.01630934543833561,-0.007622326695102221,1.0316862289585815,0.7766976475715637,0.5217090661845458,-0.022296584751217763,-0.005218417237752182,-0.0002961182789256167,0.9039309271012957,0.9003553095886014,0.9960443686508653,0.03896932861495501,0.1808056072342831,0.3059031826772946,0.3536863444650632,-0.12751580664732864,0.059991603676553984,1
2025-03-19 00:00:00+00:00,0.7020840048789978,0.7460219860076904,0.7012720108032227,0.7441999912261963,1096739941,0.7816283971071243,0.7763438785076141,48.53241394285407,-0.021724718680268373,-0.017392420086722163,-0.0043322985935462105,1.0296608290524936,0.7816283971071243,0.5335959651617549,0.059991603676553984,0.03635741104960033,0.007969476108081075,0.9521148335712292,0.9585958127947002,1.006806930209418,0.045516870573774716,0.1810241019894491,0.476770209220616,0.4245493712508295,0.0333972709203163,-0.035854572994626466,0
2025-03-20 00:00:00+00:00,0.7442319989204407,0.7522349953651428,0.7135390043258667,0.7175170183181763,850609830,0.7858516991138458,0.7718716788291932,46.55971458774404,-0.021876605196171184,-0.01828925710861197,-0.003587348087559214,1.0259826758915311,0.7858516991138458,0.5457207223361603,-0.035854572994626466,0.021986057348841737,-0.04112311045397854,0.9130437958297651,0.9295807036300848,1.0181118451008049,0.044015410971112875,0.1812458563861131,0.37180723243493485,0.3577137324957994,0.06678594738444232,-0.017281863388896035,0
2025-03-21 00:00:00+00:00,0.7174890041351318,0.7261019945144653,0.7017549872398376,0.7051169872283936,660902108,0.7881442993879318,0.766753739118576,45.63146102277818,-0.02273547483036631,-0.019178500652962838,-0.0035569741774034713,1.0240245031078758,0.7881442993879318,0.5522640956679878,-0.017281863388896035,-0.05251680255116209,-0.0009167489741996881,0.8946546816058725,0.9196133663970949,1.0278975623828654,0.03905959147107213,0.18132844249947888,0.2884102685026031,0.3240053407404315,-0.02417702287833423,-0.00592236620766029,0
2025-03-22 00:00:00+00:00,0.7051200270652771,0.7152050137519836,0.6991220116615295,0.7009410262107849,458125954,0.7667162001132966,0.7619279801845551,45.30388649610094,-0.0234824097550822,-0.02003928247338671,-0.0034431272816954905,0.9421452120070992,0.7667162001132966,0.5912871882194939,-0.00592236620766029,-0.02310188007281644,-0.023884122834576416,0.9142118375837212,0.919957062137293,1.006284347147327,0.03812991177244609,0.07689473332072407,0.23711973627869531,0.3125305125063089,-0.04691449336287612,0.012222106101962726,1
2025-03-23 00:00:00+00:00,0.7009410262107849,0.7151650190353394,0.6932539939880371,0.7095080018043518,585188487,0.7594283998012543,0.7581592607498169,46.1578202077826,-0.02311660391079917,-0.020654746760869203,-0.002461857149929969,0.9314459506274283,0.7594283998012543,0.5874108489750803,0.012222106101962726,0.0062273561061378935,0.010578518571028983,0.9342658267586952,0.9358297636602775,1.0016739742124658,0.03204167322361821,0.05654770164047638,0.3634939163364033,0.35489737018942985,0.01027926779939059,0.030284362614271476,1
2025-03-24 00:00:00+00:00,0.7095029950141907,0.7440339922904968,0.7067490220069885,0.7309949994087219,894622894,0.748914298415184,0.7567443609237671,48.336456674971636,-0.020852504321786536,-0.02069429827305267,-0.00015820604873386518,0.898356269515727,0.748914298415184,0.599472327314641,0.030284362614271476,0.042876607409336076,-0.01774387526626664,0.976072964497564,0.9659735006368431,0.9896529621984566,0.03346162306622365,0.0514114421763319,0.6461167361978203,0.4400459627422669,-0.009915808548184857,0.019432388667995015,1
2025-03-25 00:00:00+00:00,0.7309960126876831,0.7653399705886841,0.72223299741745,0.745199978351593,1066564498,0.7374064981937408,0.7554171800613403,49.78310035253742,-0.01770784103213996,-0.020097006824870128,0.0023891657927301684,0.8422077219582857,0.7374064981937408,0.6326052744291959,0.019432388667995015,0.05030524878714937,0.03858160758096618,1.0105687706535569,0.9864747559634298,0.9761579662960048,0.03187927268183066,0.0507283500382399,0.8596751819001481,0.5371822001590443,-0.0041280985830565164,-0.022997859367747675,0
2025-03-26 00:00:00+00:00,0.7451930046081543,0.7727810144424438,0.721930980682373,0.7280619740486145,937295461,0.7284319967031478,0.7550515592098236,48.03549257171568,-0.016409408985706864,-0.019359487257037476,0.0029500782713306126,0.7960184355171623,0.7284319967031478,0.6608455578891334,-0.022997859367747675,-0.004012374041518552,0.032540680817251255,0.9994920285541985,0.9642546461470072,0.9647447089116223,0.024271078059353447,0.04899490874514059,0.8105105235639701,0.49726259689794,0.031594100207292586,0.01319942204789526,1
2025-03-27 00:00:00+00:00,0.7280769944190979,0.7435969710350037,0.7227590084075928,0.737671971321106,574512540,0.7244755953550339,0.7551408183574676,49.11420648771434,-0.014438507640004095,-0.018375291333630802,0.003936783693626707,0.7781040698713932,0.7244755953550339,0.6708471208386746,0.01319942204789526,-0.01010199577184534,0.05240233305915165,1.018215073151781,0.9768667689367412,0.959391384683542,0.01983846850690163,0.04434362965315723,0.5682010617289897,0.623035160752582,0.027266626464972132,-0.0435436675354931,0
2025-03-28 00:00:00+00:00,0.7376729846000671,0.7448449730873108,0.6906650066375732,0.705551028251648,789537387,0.7195185482501983,0.7551505994796753,45.699447018347726,-0.01529216719931048,-0.01775866650676674,0.002466499307456259,0.7581615545024667,0.7195185482501983,0.68087554199793,-0.0435436675354931,-0.030918996732911985,-0.0055770668444060645,0.9805876859845822,0.9343183051669386,0.9528146421998093,0.026068404069965717,0.04516546157323058,0.7964321242304645,0.31927493027628384,0.0049424546214373866,-0.04482882834782809,0
2025-03-29 00:00:00+00:00,0.7055490016937256,0.7111859917640686,0.6611850261688232,0.6739220023155212,643130134,0.7172071993350982,0.754487179517746,42.56145613723907,-0.01830983225977645,-0.01786889965736868,-0.00044093260240776755,0.7608924131603921,0.7172071993350982,0.6735219855098044,-0.04482882834782809,-0.08642048428573756,-0.07807576951875894,0.9396475703817454,0.8932186266521844,0.9505889812382545,0.031266072454455666,0.039881021603810185,0.6815513682146086,0.0045784004550902995,-0.09443427806936688,-0.019607598614429622,0
2025-03-30 00:00:00+00:00,0.6739090085029602,0.6867219805717468,0.6520990133285522,0.6607080101966858,489882249,0.7166127502918244,0.7536643600463867,41.28596888448273,-0.02151954833361258,-0.018599029392617462,-0.002920518940995119,0.7630883474107435,0.7166127502918244,0.6701371531729052,-0.019607598614429622,-0.06355744128965835,-0.11338160307224676,0.9219875168668537,0.8766608124550568,0.9508380497755236,0.03062201577765556,0.037256930778378286,0.5607992112149182,-0.10144187015061562,-0.07917444000791496,0.0011184643965573837,1
2025-03-31 00:00:00+00:00,0.6606969833374023,0.6637219786643982,0.6312100291252136,0.6614469885826111,754677195,0.7135557502508163,0.7532392799854278,41.39174820863263,-0.023730096288497315,-0.019625242771793436,-0.00410485351670388,0.7660324620839796,0.7135557502508163,0.661079038417653,0.0011184643965573837,-0.018511064618824458,-0.09149631190813345,0.9269731038536388,0.8781366109789275,0.9473161705860862,0.02588972611617491,0.0328859179970491,0.9231766828638227,0.003505842421375977,-0.06193298337264053,0.02450384280270068,1
2025-04-01 00:00:00+00:00,0.6614459753036499,0.6926289796829224,0.6591150164604187,0.6776549816131592,688019564,0.710666298866272,0.7525785195827485,43.7839689851014,-0.023898633318651052,-0.02047992088116496,-0.0034187124374860933,0.7644169234819221,0.710666298866272,0.6569156742506218,0.02450384280270068,0.025649713875011804,-0.08135999745315192,0.9535487790742634,0.900444224728698,0.944308507848837,0.027023741074880075,0.033152025369600116,0.8774669570549083,0.19292154752466695,-0.03322111807823225,-0.05314797112610914,0
2025-04-02 00:00:00+00:00,0.6776480078697205,0.7056289911270142,0.6371780037879944,0.641638994216919,969234908,0.7076337993144989,0.7498233199119568,39.88783631009353,-0.026631399122389987,-0.021710216529409965,-0.004921182592980022,0.7695913979808172,0.7076337993144989,0.6456762006481805,-0.05314797112610914,-0.029946457853165076,-0.09058456649564062,0.9067387606958421,0.8557202439266083,0.9437340511063169,0.03096712363594607,0.03372780478828342,1.2541906890919314,-0.03258039787019959,-0.09565643715762895,0.013122629103654804,1
2025-04-03 00:00:00+00:00,0.6416019797325134,0.6562399864196777,0.6152229905128479,0.6500589847564697,873870076,0.7032209485769272,0.7468400192260742,41.205059970208545,-0.027797283066638534,-0.02292762983685568,-0.004869653229782854,0.7684622512590722,0.7032209485769272,0.6379796458947822,0.013122629103654804,-0.040722783135153984,-0.035409168237660826,0.9244021897697464,0.8704126292403351,0.9415951615791183,0.03095445790065608,0.0314381187279965,1.141229679540222,0.09257432305220797,-0.11072033969824513,0.015983231525612096,1
2025-04-04 00:00:00+00:00,0.6500629782676697,0.6685310006141663,0.6296859979629517,0.6604490280151367,934938981,0.6988289505243301,0.743834159374237,42.868708721063435,-0.027565111389029284,-0.023855126147290403,-0.0037099852417388814,0.7631153933309186,0.6988289505243301,0.6345425077177417,0.015983231525612096,0.02931560264845534,-0.0003919767545605968,0.9450796615103065,0.8878982225967553,0.9394956412222742,0.030778049188471327,0.031523196103729466,1.204142080662906,0.20149287444117212,-0.11372913687400821,-0.00874861558543949,0
2025-04-05 00:00:00+00:00,0.6604359745979309,0.6664019823074341,0.6457549929618835,0.6546710133552551,403628594,0.6962743014097214,0.7409174394607544,42.15436019063606,-0.02753000242486414,-0.024590101402805153,-0.0029399010220589883,0.7633984611259335,0.6962743014097214,0.6291501416935092,-0.00874861558543949,0.00709478479174197,-0.010244169743483078,0.9402487094953331,0.8835950923651222,0.9397461367847885,0.026497286757968266,0.029168050294200765,0.5337170834987498,0.19010198242810908,-0.10080317790152693,-0.12506740758025836,0
2025-04-06 00:00:00+00:00,0.6546710133552551,0.6547629833221436,0.5617870092391968,0.5727930068969727,943427756,0.6890093505382537,0.7367510998249054,33.60792886964745,-0.033720342043060736,-0.026416149530856272,-0.007304192512204464,0.774993287497883,0.6890093505382537,0.6030254135786245,-0.12506740758025836,-0.13272185649451074,-0.15474242433304686,0.8313283505506958,0.7774579597276493,0.9351996226432538,0.05334543572946179,0.03942483474848605,1.2322503606061228,-0.17580264262525222,-0.22351257853656759,0.02206376942377597,1
2025-04-07 00:00:00+00:00,0.5728030204772949,0.5966190099716187,0.5162259936332703,0.5854309797286987,1985606963,0.6831768482923508,0.7330196189880371,35.7724339528863,-0.03717788844631864,-0.028568497313948747,-0.008609391132369894,0.7805044300467018,0.6831768482923508,0.5858492665379998,0.02206376942377597,-0.10576309659976268,-0.08760068355387074,0.8569245008697604,0.7986566315058655,0.9320034970353233,0.055209673475619184,0.039968668365021935,2.392223254281202,-0.0021488605889584678,-0.1702499801050622,-0.047047404871276455,0
2025-04-08 00:00:00+00:00,0.5854349732398987,0.616657018661499,0.5544250011444092,0.5578879714012146,1249643862,0.6738612473011016,0.7280168783664703,33.229773253532855,-0.04166027574056419,-0.03118685299927184,-0.01047342274129235,0.7816944484872678,0.6738612473011016,0.5660280461149355,-0.047047404871276455,-0.026021678540567472,-0.14178869228272406,0.8278973952510632,0.766311864435077,0.9256121215391551,0.053064683234198856,0.03743556175082684,1.491807527891046,-0.03774382390664481,-0.17217724086114805,0.13226490674433777,1
2025-04-09 00:00:00+00:00,0.557869017124176,0.6438260078430176,0.5380139946937561,0.631676971912384,1648147581,0.669569244980812,0.7256031572818756,44.59230134325199,-0.03881105462558565,-0.03271169332453461,-0.006099361301051043,0.7769184122507865,0.669569244980812,0.5622200777108376,0.13226490674433777,0.07899478125519876,-0.043564385565411534,0.943407984532632,0.8705543320382714,0.9227760908442464,0.07782393720125796,0.0492026337541849,1.8781284268088254,0.32350923611204163,-0.04393928609350373,-0.035285405501396916,0
2025-04-10 00:00:00+00:00,0.6316940188407898,0.6323840022087097,0.588096022605896,0.609387993812561,921990046,0.6647827953100205,0.7223320567607879,42.25327196323257,-0.03791450579844491,-0.03375225581931667,-0.004162249979128237,0.7739790904502293,0.6647827953100205,0.5555865001698117,-0.035285405501396916,0.0923124803748625,-0.06916912253471252,0.9166723298372573,0.8436396918963959,0.9203285235479646,0.07864799825204227,0.04959840871673768,1.035243330309258,0.2463521934222578,-0.0787047120459422,0.024252252139461472,1
2025-04-11 00:00:00+00:00,0.6093950271606445,0.6366549730300903,0.60663902759552,0.6241670250892639,837897601,0.6609440952539444,0.718725917339325,44.33811884537205,-0.035601053301564045,-0.03412201531576615,-0.0014790379857978972,0.770186180271331,0.6609440952539444,0.5517020102365577,0.024252252139461472,-0.01188890391299835,0.08969037256687695,0.9443567611409703,0.8684353938423263,0.919605205974365,0.07910360189778498,0.05006088351768082,0.9211807828444687,0.3316716942979112,-0.07893095745650247,0.05556999117151462,1
2025-04-12 00:00:00+00:00,0.6241660118103027,0.665910005569458,0.617717981338501,0.6588519811630249,676334951,0.658411294221878,0.7166755366325378,48.992487619292355,-0.03061591820209464,-0.033420795893031846,0.0028048776909372075,0.7652346404879795,0.658411294221878,0.5515879479557766,0.05556999117151462,0.08116994074825556,0.12541359097250204,1.000669318623502,0.9193169677017162,0.9187020633012988,0.08231560923184444,0.05173744113124213,0.739852661830334,0.5020626902102893,0.026826591122494525,-0.0315351363733164,0
2025-04-13 00:00:00+00:00,0.6588550209999084,0.6663169860839844,0.6318590044975281,0.6380749940872192,664262311,0.653765293955803,0.7139479970932007,46.48498327704707,-0.02801870969200937,-0.03234037865282735,0.0043216689608179815,0.7552456982717769,0.653765293955803,0.552284889639829,-0.0315351363733164,0.022282447548340523,0.14373319877215418,0.9760001027683117,0.8937275497446675,0.9157043602861438,0.06330236683833926,0.05152671016016161,0.7359186080635665,0.42269295745152086,-0.018435235802086503,-0.005016663985706993,0
2025-04-14 00:00:00+00:00,0.6380720138549805,0.6556959748268127,0.630066990852356,0.6348739862442017,702462762,0.6482489943504334,0.7112446570396423,46.09356477461336,-0.025919909237772987,-0.031056284769816478,0.005136375532043491,0.7403642344809148,0.6482489943504334,0.5561337542199519,-0.005016663985706993,-0.03639359917609508,0.005061153839657662,0.979367483447261,0.892623909312286,0.9114289828883765,0.06378008055135335,0.051192632138371844,0.7942592366618415,0.4274006771990933,-0.03872371778303063,-0.040497800386765426,0
2025-04-15 00:00:00+00:00,0.6348749995231628,0.6474990248680115,0.6077629923820496,0.6091629862785339,729833314,0.6423040449619293,0.7097838771343231,42.96422602765969,-0.026031186266754602,-0.0300512650692041,0.004020078802449499,0.7278432496263642,0.6423040449619293,0.5567648402974944,-0.040497800386765426,-0.04531130051577181,-0.0003692352594926174,0.94840284917502,0.8582372830698334,0.9049290434084859,0.06278729440305038,0.051632851502750356,0.8349999372391416,0.30628146582958243,-0.0695128181152973,0.0020618276274138037,1
2025-04-16 00:00:00+00:00,0.6091629862785339,0.6225619912147522,0.5973309874534607,0.610418975353241,660642294,0.6359413951635361,0.7083406162261963,43.1672105064278,-0.025721524568210863,-0.029185316969005455,0.0034637924007945922,0.7097369717336179,0.6359413951635361,0.5621458185934542,0.0020618276274138037,-0.03851947224303842,-0.022026235259795746,0.9598667109824925,0.8617591048291862,0.8977903858621306,0.03524378094001227,0.051456334163351075,0.7521329267256783,0.3270735117432336,0.06568859606038457,0.009642587327512997,1
2025-04-17 00:00:00+00:00,0.610418975353241,0.6292309761047363,0.6097490191459656,0.6163049936294556,459522026,0.6314790934324265,0.7077659559249878,44.16998587380628,-0.024716249419759695,-0.028291503459156306,0.003575254039396611,0.6979848641958618,0.6314790934324265,0.5649733226689911,0.009642587327512997,0.011724296307878523,-0.06457746011245824,0.9759705428718288,0.8707751319064212,0.8922145635094003,0.032667999413046094,0.050903318340814414,0.5331762403238164,0.38591892381079224,0.05273723969145694,0.018075448056370513,1
2025-04-18 00:00:00+00:00,0.6163049936294556,0.6313210129737854,0.6111559867858887,0.6274449825286865,385441968,0.6291552424430847,0.7074031555652618,46.108085646010174,-0.022758313942034425,-0.02718486555573193,0.004426551613697507,0.6925939010966802,0.6291552424430847,0.5657165837894893,0.018075448056370513,0.027892329470250887,-0.01665950187209453,0.997281656737442,0.8869694425201095,0.8893871019565189,0.032046419235700806,0.05028563676271465,0.45400955560684514,0.48652036509995406,0.12467917340603285,0.0008112642232478429,1
2025-04-19 00:00:00+00:00,0.6274449825286865,0.634082019329071,0.6197729706764221,0.6279540061950684,343946478,0.6275175422430038,0.7073012161254882,46.199988428800005,-0.02092435902807066,-0.025932764250199677,0.005008405222129017,0.6891931380011815,0.6275175422430038,0.5658419464848261,0.0008112642232478429,0.01890137624394561,-0.010899769401595205,1.0006955406386002,0.8878169468376226,0.887199863278152,0.021509582287049137,0.05012415368897827,0.40864452519748623,0.503538384564422,-0.0058937809716959055,-0.01301374803992661,0
2025-04-20 00:00:00+00:00,0.6279469728469849,0.6339120268821716,0.6105179786682129,0.6197819709777832,366085065,0.6254342913627624,0.7065115559101105,44.87685274839262,-0.019900945776308965,-0.024726400555421538,0.004825454779112573,0.6850651890971378,0.6254342913627624,0.565803393628387,-0.01301374803992661,-0.012213041404874003,0.01743209114546218,0.9909625671904504,0.87724251046311,0.8852428330872715,0.018919609494209268,0.05018718833046287,0.44522525413336944,0.45260577486056514,0.017056419343271845,0.0067088431323218956,1
2025-04-21 00:00:00+00:00,0.6197819709777832,0.6492059826850891,0.6176490187644958,0.6239399909973145,657464744,0.6227485418319703,0.6964002954959869,45.72853015786414,-0.018540640967515287,-0.023489248637840292,0.0049486076703250045,0.6770793536084765,0.6227485418319703,0.568417730055464,0.0067088431323218956,-0.006392212101768102,0.022150385538472372,1.001913210686675,0.8959502100052024,0.8942393417401399,0.01932831950101965,0.04984823614517211,0.8010837480750398,0.5109647649868118,-0.0003637393242890141,0.09049590866467394,1
2025-04-22 00:00:00+00:00,0.6239359974861145,0.6838780045509338,0.6183760166168213,0.680404007434845,857733017,0.6246867924928665,0.6929030954837799,55.73106496765521,-0.012759333712417886,-0.02134326565275581,0.008583931940337925,0.684358514570253,0.6246867924928665,0.56501507041548,0.09049590866467394,0.0978118746523442,0.10400534551554852,1.0891922409942976,0.9819612754937858,0.9015500097552814,0.03402536395283866,0.05251059322896088,1.052247205992045,0.9668644795412513,0.03271148435157745,0.025223198544758185,1
2025-04-23 00:00:00+00:00,0.680387020111084,0.7152690291404724,0.6784219741821289,0.6975659728050232,971202640,0.6270621418952942,0.6880288743972778,58.24976993065421,-0.006715368298268465,-0.018417686181858343,0.011702317883589879,0.6942902290104471,0.6270621418952942,0.5598340547801413,0.025223198544758185,0.11800170348116956,0.11175639654291247,1.1124351578563352,1.0138614798922503,0.9113892820916982,0.03352138785159717,0.05268771402627397,1.1843780842652099,1.0243629109137462,0.09323508877339282,0.03477950289728082,1
2025-04-24 00:00:00+00:00,0.6975669860839844,0.7390909790992737,0.6714910268783569,0.72182697057724,1033424969,0.6301310390233994,0.6829582941532135,61.577796687669284,3.181090317372348e-05,-0.014727786764851931,0.014759597668025655,0.7084629919850082,0.6301310390233994,0.5517990860617906,0.03477950289728082,0.06087995174890515,0.14949019109054107,1.1455188300134436,1.0569122254708379,0.922649368809096,0.033609923456879506,0.05306311093337771,1.2527351067292418,1.085303494212519,0.1369610130782586,-0.010647924852399737,0
2025-04-25 00:00:00+00:00,0.7219780087471008,0.7277060151100159,0.7033529877662659,0.7141410112380981,957571529,0.6331045389175415,0.679090074300766,59.94747633883604,0.00470457493533305,-0.010841314424814936,0.015545889360147986,0.7194625838225219,0.6331045389175415,0.546746494012561,-0.010647924852399737,0.023761248511626976,0.1522455390424664,1.1279985647537922,1.0516145622853093,0.9322835995938034,0.03602060739839657,0.05309218539624587,1.1230770409733855,0.9691889007545325,0.1723315883010068,-0.009269863749319929,0
2025-04-26 00:00:00+00:00,0.7141150236129761,0.7331420183181763,0.7023699879646301,0.7075210213661194,660103423,0.6398409396409989,0.6769044947624206,58.510574527667096,0.007783868646692227,-0.007116277810513503,0.014900146457205731,0.7274007017169801,0.6398409396409989,0.5522811775650176,-0.009269863749319929,-0.019819083789125003,0.13395684132252494,1.1057764164998483,1.045230201366065,0.9452455177824897,0.03706447155140463,0.043535966409981634,0.7872752379671915,0.8864793606130984,0.15907442254180726,-0.0050118645522796434,0
2025-04-27 00:00:00+00:00,0.7075129747390747,0.7170320153236389,0.6924610137939453,0.7039750218391418,573620571,0.645768141746521,0.6748901557922363,57.71259305748702,0.00982484388681093,-0.003728053471048617,0.013552897357859547,0.7338673489310261,0.645768141746521,0.5576689345620158,-0.0050118645522796434,-0.014235269000069994,0.03464267427401069,1.090135880557992,1.0430957034967616,0.9568492534736563,0.036067386417865194,0.04361049743076716,0.7470315842284834,0.8303484898037667,0.1422510430970101,0.002137799821366082,1
2025-04-28 00:00:00+00:00,0.7039790153503418,0.7281910181045532,0.6843479871749878,0.7054799795150757,895129397,0.653147742152214,0.6745967757701874,57.97455671401158,0.011431988132997617,-0.0006960451502393702,0.012128033283236988,0.734737722371512,0.653147742152214,0.5715577619329161,0.002137799821366082,-0.002884779094058265,0.011345173099870376,1.080123123736782,1.0457802421448412,0.9682046603417501,0.03636498158536099,0.041554967907416085,1.1932817892464596,0.8207025986659316,0.12436946530657988,-0.012969848741000933,0
2025-04-29 00:00:00+00:00,0.7054799795150757,0.7176340222358704,0.6903160214424133,0.6963300108909607,839231770,0.6563803941011429,0.6750714361667634,55.71470558467821,0.011830955636399687,0.0018093550070884413,0.010021600629311246,0.7394974412210185,0.6563803941011429,0.5732633469812674,-0.012969848741000933,-0.010859775859956677,-0.035322813812137754,1.0608635132140494,1.0314908520569457,0.9723124975161841,0.01896967587277628,0.030852160757910127,1.1825244903873176,0.7403214393083555,0.10888696309177126,-0.020679857417248537,0
2025-04-30 00:00:00+00:00,0.6963300108909607,0.702830970287323,0.6668940186500549,0.6819300055503845,664786586,0.6600074946880341,0.6742582964897156,52.262025326915825,0.01085999293370421,0.0036194825924115953,0.007240510341292614,0.7407885327394199,0.6600074946880341,0.5792264566366483,-0.020679857417248537,-0.03338149153556225,-0.04510454543405895,1.0332155483669356,1.0113779972758348,0.9788644768987298,0.018108239360173823,0.030001427137613924,0.9540087815019834,0.635690945493949,0.10027402777553385,0.0344669080290716,1
2025-05-01 00:00:00+00:00,0.6819350123405457,0.7138029932975769,0.6818259954452515,0.7054340243339539,602107137,0.6640708446502686,0.6736580967903137,56.95134913397753,0.01185047102761827,0.00526568027945293,0.00658479074816534,0.7454346159653764,0.6640708446502686,0.5827070733351607,0.0344669080290716,0.013074279868168448,-0.002949731483788076,1.0622872996411536,1.0471692208481402,0.9857683709500052,0.01799932991780433,0.030411641028700285,0.8789303352098263,0.7541867161214347,0.13061197312641903,-0.010478724559300545,0
2025-05-02 00:00:00+00:00,0.7054349780082703,0.7243419885635376,0.6900730133056641,0.6980419754981995,690154754,0.6660303443670272,0.6735731565952301,55.11758367407545,0.011901759415979374,0.0065928961067582195,0.005308863309221154,0.7487413937206855,0.6660303443670272,0.583319295013369,-0.010478724559300545,0.023627014234123722,-0.008427921668928362,1.0480633223424602,1.0363268913901706,0.9888017921225808,0.017987675684218933,0.028324779885720044,1.0064433164858924,0.693514841011725,0.025922786859898794,0.004276248012479611,1
2025-05-03 00:00:00+00:00,0.6980419754981995,0.7283570170402527,0.6927149891853333,0.701026976108551,778920755,0.6691779434680939,0.6728273761272431,55.73736898217133,0.0120444297471054,0.007683202834827656,0.004361226912277745,0.7522003551874729,0.6691779434680939,0.5861555317487149,0.004276248012479611,-0.0062472861718908534,-0.00631201952688365,1.0475942653988202,1.041912087679344,0.9945759747765391,0.01794377759839804,0.02711523683296177,1.1264719924878852,0.6918098497795323,0.004961542618844517,-0.034713310565405275,0
2025-05-04 00:00:00+00:00,0.701026976108551,0.713371992111206,0.6733899712562561,0.676692008972168,704179966,0.6712688446044922,0.6713954365253448,49.71059342749595,0.01007769909825218,0.00816210208751256,0.001915597010739619,0.7527455915288326,0.6712688446044922,0.5897920976801518,-0.034713310565405275,-0.030585505278237446,-0.028202147848928272,1.0080789752291737,1.0078889014709935,0.9998114495363452,0.022044104036056326,0.02847478182139884,1.0182557333206668,0.5332804424108374,-0.06252878244349602,-0.02026916566957404,0
2025-05-05 00:00:00+00:00,0.676692008972168,0.6897919774055481,0.6559979915618896,0.6629760265350342,699151297,0.6739594966173172,0.6705396771430969,46.64890596295406,0.007327815243359348,0.007995244718681918,-0.0006674294753225701,0.7501856523749924,0.6739594966173172,0.5977333408596421,-0.02026916566957404,-0.05427886639218982,-0.027794610680098475,0.9837030709747241,0.9887200551050336,1.0051001000996553,0.022387402950953424,0.027155819956276025,1.0132318834421339,0.42795471598226864,-0.07164549283391497,0.02323757166751239,1
2025-05-06 00:00:00+00:00,0.6629760265350342,0.6799700260162354,0.6446290016174316,0.6783819794654846,592765534,0.6773576468229294,0.6697454762458801,50.347996931432036,0.006318804875791395,0.007659956750103814,-0.001341151874312419,0.7474714481795388,0.6773576468229294,0.60724384546632,0.02323757166751239,0.0024973998080508597,-0.038348086334524134,1.0015122478462593,1.0128952020221393,1.011365766320241,0.02521957958272791,0.02746348997596065,0.8633004200004281,0.5073047860958593,-0.04118470126070817,-0.010607606594677077,0
2025-05-07 00:00:00+00:00,0.678367018699646,0.6878399848937988,0.6565380096435547,0.6711859703063965,615619795,0.6801016956567765,0.6691275751590728,48.65118794581527,0.004882219898472817,0.0071044093797776155,-0.0022221894813047984,0.7441917744804433,0.6801016956567765,0.6160116168331097,-0.010607606594677077,0.012383470054370793,-0.03847333847314205,0.9868905997333678,1.0030762372135602,1.0164006400350407,0.024344963029854966,0.027680588692939136,0.8865083019878778,0.43044379478054534,-0.046577009859076535,0.1421633350597018,1
2025-05-08 00:00:00+00:00,0.6712080240249634,0.7683410048484802,0.6707760095596313,0.7666040062904358,1352507618,0.6870596468448639,0.6695756554603577,65.33422517711689,0.01131274770245172,0.007946077044312437,0.003366670658139283,0.7570257515407577,0.6870596468448639,0.61709354214897,0.1421633350597018,0.13004771573452412,0.0935442321291362,1.1157750419644903,1.1449102129667,1.0261120475960037,0.059658855037795444,0.04137342370544921,1.8208593019545507,1.0684492497567915,0.08664175958242604,0.014488533629991807,1
2025-05-09 00:00:00+00:00,0.7667409777641296,0.8161730170249939,0.7558590173721313,0.7777109742164612,1495123581,0.6945474952459335,0.6707795345783234,66.6908447091248,0.017108016241520363,0.009778464883754022,0.007329551357766341,0.7697388917359519,0.6945474952459335,0.6193560987559151,0.014488533629991807,0.15871160695065778,0.1492835202793832,1.119737641471272,1.159413688292322,1.0354333420183301,0.058734402869577415,0.0413120647131142,1.868100708640176,1.0530119325657663,0.11687125652012731,0.08172963693182589,1
2025-05-10 00:00:00+00:00,0.7777130007743835,0.8414779901504517,0.7730349898338318,0.8412730097770691,1434324472,0.7056220471858978,0.6735026550292968,73.1633500547492,0.02652398142378487,0.013127568191760194,0.013396413232024677,0.797778519370274,0.7056220471858978,0.6134655750015217,0.08172963693182589,0.09740231315507142,0.26893428435698197,1.1922430898129714,1.249101252229621,1.047690075037943,0.06308565638248227,0.043713490910884945,1.6800165074998779,1.2359817459145803,0.23366474994465025,-0.043129910340770516,0
2025-05-11 00:00:00+00:00,0.8412569761276245,0.8435559868812561,0.7842689752578735,0.8049889802932739,1092674369,0.7146744966506958,0.6755836141109467,65.35611227955843,0.030704442033133494,0.016642942960034855,0.01406149907309864,0.8085991756022191,0.7146744966506958,0.6207498176991726,-0.043129910340770516,0.03507473467800182,0.18663084318299017,1.1263714936881541,1.1915460403115636,1.0578623899740254,0.06454359626853842,0.045663273920112095,1.2480337841292863,0.9807814338614432,0.1411258211613997,0.015713258194418156,1
2025-05-12 00:00:00+00:00,0.8049899935722351,0.8608250021934509,0.7872480154037476,0.8176379799842834,2013365721,0.7215361952781677,0.6777462136745452,66.69054506505691,0.03463886052540288,0.02024212647310846,0.01439673405229442,0.8245324850015346,0.7215361952781677,0.6185399055548008,0.015713258194418156,-0.028094363563439084,0.2181988542028548,1.133190525070009,1.206407300383554,1.0646111785209478,0.06153261311233508,0.04196082396900148,2.1572585458605245,0.966530323394324,0.1713306773575145,0.017027139192323126,1
2025-05-13 00:00:00+00:00,0.8176349997520447,0.8407639861106873,0.7742679715156555,0.8315600156784058,1325631679,0.7282358974218368,0.679757513999939,68.1449316714245,0.03843722702884411,0.02388114658425559,0.014556080444588521,0.841579407786501,0.7282358974218368,0.6148923870571726,0.017027139192323126,0.03300794922118255,0.0847321548739215,1.1418827589004688,1.2233186078153162,1.0713171718200414,0.06172351306005121,0.0418444106027805,1.3939055254809758,0.9558007684963195,0.18620259136738593,-0.038529991050271994,0
2025-05-14 00:00:00+00:00,0.8315790295600891,0.8317170143127441,0.7907559871673584,0.7995200157165527,1149087779,0.7321205496788025,0.6808439147472382,61.49072339780436,0.03841922669094977,0.026788762605594426,0.011630464085355344,0.8497825183035405,0.7321205496788025,0.6144585810540645,-0.038529991050271994,-0.02215890737864079,0.028042604801949755,1.0920606122411396,1.1743073535633681,1.0753133483620847,0.06564254939189657,0.04272536956778701,1.200966045392313,0.786411432791461,0.1815124238439716,-0.047875011555332914,0
2025-05-15 00:00:00+00:00,0.7995269894599915,0.8096849918365479,0.7468500137329102,0.7612429857254028,1282600970,0.7344756484031677,0.6815075349807739,54.6278309166724,0.034913859627026755,0.028413782009880893,0.006500077617145862,0.8525073410845017,0.7344756484031677,0.6164439557218337,-0.047875011555332914,-0.08456037883884626,-0.0951296702991501,1.036444145398735,1.1169986341337788,1.0777219776798037,0.046660475362469485,0.04426938056393463,1.3181185187984297,0.6133904662136064,0.14822098425481434,-0.0025944408574753997,0
2025-05-16 00:00:00+00:00,0.7612730264663696,0.784978985786438,0.752905011177063,0.7592679858207703,761962011,0.7370629966259002,0.6819394552707672,54.291133309363055,0.03161206082811918,0.02905343777352855,0.00255862305459063,0.8548752941934671,0.7370629966259002,0.6192506990583334,-0.0025944408574753997,-0.05034524352677705,-0.056797043924559754,1.0301263111789891,1.1133950088271392,1.0808334829860313,0.046215997433724704,0.04418848028845447,0.7789849445680838,0.594238842859911,0.11923371906048841,-0.022235832859111127,0
2025-05-17 00:00:00+00:00,0.7592679858207703,0.7802760004997253,0.7294650077819824,0.7423850297927856,974561722,0.7389834970235825,0.68267613530159,51.37603788459064,0.027318141506763927,0.028706378520175626,-0.0013882370134116993,0.8557725524338414,0.7389834970235825,0.6221944416133235,-0.022235832859111127,-0.024772584163316846,-0.09203700419217842,1.0046029888122043,1.0874629877970141,1.0824803428892635,0.02757272926240015,0.04454833027263686,0.9763246268094106,0.5145627206130498,0.10607948115167964,0.024570792139543274,1
2025-05-18 00:00:00+00:00,0.7423850297927856,0.7752469778060913,0.7246180176734924,0.7606260180473328,940509064,0.7417407989501953,0.6844102156162262,54.23520752312787,0.025097763420517727,0.027984655500244048,-0.0028868920797263213,0.8578009967648846,0.7417407989501953,0.6256806011355059,0.024570792139543274,0.0017886072532011799,-0.08530231888699391,1.0254606718733366,1.1113598258647903,1.083766405038753,0.028875863874648938,0.044792437516137845,0.9400735006850012,0.581359585166704,-0.007798013308109697,-0.02309025014679278,0
2025-05-19 00:00:00+00:00,0.7605990171432495,0.7632330060005188,0.7120149731636047,0.7430629730224609,870207859,0.7440774470567704,0.6860573148727417,51.11844747170722,0.021671095933064155,0.026721943586808072,-0.005050847653743917,0.8581529208628296,0.7440774470567704,0.6300019732507112,-0.02309025014679278,0.0009131962559434381,-0.07061367018246989,0.9986366015549561,1.0830916847818952,1.0845703863601994,0.027313621243178054,0.04505868969257037,0.8684604007775949,0.495553496293015,-0.044551256627062386,0.0035879276090342582,1
2025-05-20 00:00:00+00:00,0.7430629730224609,0.7524899840354919,0.7238219976425171,0.7457290291786194,718031523,0.7472673982381821,0.6877429556846618,51.573393897423614,0.0189520977267692,0.0251679744148003,-0.0062158766880310995,0.8575299296002715,0.7472673982381821,0.6370048668760927,0.0035879276090342582,-0.01958516868375959,-0.020379769452982144,0.9979413405921499,1.0843135840427929,1.0865504212896846,0.025223330265346167,0.044679345114425624,0.7146907864671465,0.4930240624781645,-0.1135707190032973,0.03351078153058484,1
2025-05-21 00:00:00+00:00,0.7457219958305359,0.782069981098175,0.7394649982452393,0.7707189917564392,1107919947,0.7505316466093064,0.6896042358875275,55.73233593799362,0.018599351443409518,0.023854249820522148,-0.00525489837711263,0.8594367355378645,0.7505316466093064,0.6416265576807483,0.03351078153058484,0.03721894339787313,0.015081639354634913,1.026897393651998,1.1176250835590014,1.0883512709914909,0.028576038450759057,0.04464709206553235,1.0756869647276472,0.5926832039978213,-0.04257199710280435,0.04855079676229557,1
2025-05-22 00:00:00+00:00,0.7707229852676392,0.8098549842834473,0.769894003868103,0.8081380128860474,1060144223,0.7560364484786988,0.69293421626091,61.117125091674595,0.02109601799022287,0.023302603454462292,-0.0022065854642394217,0.8649002294779329,0.7560364484786988,0.6471726674794647,0.04855079676229557,0.08368855343631743,0.08856992053249613,1.0689140907322494,1.1662550266990421,1.0910652566102017,0.02761825016694077,0.04548957239362709,1.0111398419441517,0.7392970551322076,-0.011618793807032679,-0.0764201663541153,0
2025-05-23 00:00:00+00:00,0.8081560134887695,0.8396180272102356,0.745015025138855,0.7463799715042114,1438828552,0.7583040982484818,0.6948606359958649,50.25227784421296,0.01788511790395897,0.02221910634436163,-0.004333988440402659,0.8641919675914134,0.7583040982484818,0.6524162289055502,-0.0764201663541153,-0.03157962955701932,-0.018729370551501257,0.9842752706047448,1.0741434078137262,1.0913038657912901,0.04271105421772373,0.049284840195446065,1.330450230428478,0.4436945571845793,-0.10243403069915824,0.0010879896452518079,1
2025-05-24 00:00:00+00:00,0.7463849782943726,0.765932023525238,0.7427840232849121,0.7471920251846313,606044855,0.7618290990591049,0.6965954959392547,50.37719380598379,0.01523041564673211,0.020821368204835725,-0.005590952558103615,0.860741688422128,0.7618290990591049,0.6629165096960818,0.0010879896452518079,-0.0754153210585452,0.0055567997761687415,0.9807869325383461,1.0726340172170576,1.093646317698182,0.04173577670449173,0.048437848200634535,0.5629493231014772,0.4260100561074514,-0.06544925643296562,0.017118729220515716,1
2025-05-25 00:00:00+00:00,0.7471920251846313,0.7600029706954956,0.7299140095710754,0.7599830031394958,665579932,0.766679447889328,0.6987017357349395,52.40447751063559,0.01399731763935852,0.019456558091740284,-0.005459240452381765,0.8540185173841647,0.766679447889328,0.6793403783944912,0.017118729220515716,0.018225343865899468,0.01911414656417021,0.9912656524597504,1.087707335291069,1.0972914602579098,0.041145602542530725,0.04808901807508217,0.6192163779690116,0.4616640938095408,-0.0016551647890802323,-0.0005631980614880794,0
2025-05-26 00:00:00+00:00,0.7599830031394958,0.7756810188293457,0.7529550194740295,0.7595549821853638,648219927,0.770738098025322,0.7024369752407074,52.3274388627171,0.012837557498900143,0.018132757973172257,-0.0052952004742721145,0.8477321501524593,0.770738098025322,0.6937440458981847,-0.0005631980614880794,0.01654588992391548,-0.014485188104205293,0.9854903814037349,1.0813140665396828,1.097234520949313,0.03984230336385904,0.04798426394907745,0.6015140009726333,0.4273767548856112,0.00037799086745793353,-0.0011479831860367051,0
2025-05-27 00:00:00+00:00,0.7595549821853638,0.7749689817428589,0.7456949949264526,0.7586830258369446,707175899,0.7751129508018494,0.7059020161628723,52.15921573399483,0.011713058791272268,0.01684881813679226,-0.005135759345519991,0.8366892811737302,0.7751129508018494,0.7135366204299686,-0.0011479831860367051,-0.0017105347056197706,-0.061196214335330734,0.9788031861060918,1.0747710141996452,1.0980460928772984,0.03988746143305162,0.04785085939982926,0.653446227317844,0.36658895661954205,0.021953562356595402,-0.01553880009795272,0
2025-05-28 00:00:00+00:00,0.7586830258369446,0.7603399753570557,0.7334709763526917,0.7468940019607544,597350861,0.7741274505853653,0.7096821367740631,49.826897230466,0.009758124180742178,0.015430679345582244,-0.005672555164840066,0.8368965242950774,0.7741274505853653,0.7113583768756531,-0.01553880009795272,-0.01666894500274574,0.0006886980843108237,0.9648204586931803,1.0524345523981227,1.0908087021948238,0.0379277288689575,0.03595482990565739,0.5719191889876699,0.2830663492776933,-0.018053571348809472,-0.0328721178420982,0
2025-05-29 00:00:00+00:00,0.7468940019607544,0.7644929885864258,0.7220939993858337,0.7223420143127441,722295527,0.7713590025901794,0.7114954376220703,45.285310161340966,0.006156713443525641,0.013575886165170924,-0.007419172721645283,0.8382137510348059,0.7713590025901794,0.704504254145553,-0.0328721178420982,-0.04790012467210625,-0.033257864155799566,0.9364537289215021,1.015244759301514,1.0841376652648436,0.031041064532956096,0.03645883006405472,0.7181119185570786,0.13340683034628123,-0.027885871671727736,-0.04570551357517294,0
2025-05-30 00:00:00+00:00,0.7223420143127441,0.727092981338501,0.6871060132980347,0.6893270015716553,1028958874,0.7637617021799088,0.7130942177772522,40.00491259587467,0.0006312571379439857,0.010986960359725536,-0.01035570322178155,0.8316893710177327,0.7637617021799088,0.6958340333420849,-0.04570551357517294,-0.07707519438899446,-0.09297050233486814,0.9025419834539963,0.9666703002028533,1.0710530013279163,0.021779881166050893,0.03168456122039534,1.0440373153781344,-0.047896769326539725,-0.07563340757847115,-0.0047190710444317,0
2025-05-31 00:00:00+00:00,0.689329981803894,0.6946390271186829,0.6580939888954163,0.6860740184783936,812725496,0.7578159540891647,0.7143323576450348,39.51599327627119,-0.003964495110483579,0.007996669265683713,-0.011961164376167292,0.8311514459652624,0.7578159540891647,0.684480462213067,-0.0047190710444317,-0.050208897053921064,-0.0967421258900224,0.9053306607974501,0.9604409084031955,1.0608730599681693,0.021345031943856053,0.03068242223455388,0.8365159071387763,0.010864836551576497,-0.10982598610311001,-0.0016033309667803364,0
2025-06-01 00:00:00+00:00,0.6860740184783936,0.6870660185813904,0.6567090153694153,0.6849740147590637,601446044,0.7511827558279037,0.7148547983169555,39.340901715666774,-0.00760772585697056,0.004875790241152858,-0.012483516098123417,0.8257244929337256,0.7511827558279037,0.6766410187220818,-0.0016033309667803364,-0.006314835778472028,-0.09715389506252425,0.9118606749753339,0.9582002056526127,1.0508186523983307,0.018013138639666765,0.03023375195995306,0.667558251396291,0.055894833958270274,-0.15240465881209642,0.006865932408205211,1
2025-06-02 00:00:00+00:00,0.6849730014801025,0.6915000081062317,0.6652690172195435,0.6896770000457764,644713300,0.7440886050462723,0.7158868384361267,40.553680064504626,-0.010000244272435066,0.0019005833384352733,-0.01190082761087034,0.8132324669698155,0.7440886050462723,0.674944743122729,0.006865932408205211,0.005251593079378836,-0.07660658910738516,0.9268748309925909,0.9633882940946277,1.0393941683182122,0.019159865865147698,0.02986762868640931,0.7436841058680796,0.1065333676280459,-0.07597064983423807,-0.0073411137979372265,0
2025-06-03 00:00:00+00:00,0.6896799802780151,0.7058320045471191,0.6772040128707886,0.6846140027046204,564411241,0.7383433043956756,0.7168816387653351,39.6349610946355,-0.012164647442564291,-0.0009124628177646398,-0.011252184624799651,0.8071887716876215,0.7383433043956756,0.6694978371037298,-0.0073411137979372265,-0.0005255849808696311,-0.05223012210361211,0.9272299195087412,0.9549888931228754,1.0299375300883746,0.018628348494414373,0.029040848839137035,0.6737755255179138,0.10978330306619181,-0.08375092395364891,-0.02734975361566694,0
2025-06-04 00:00:00+00:00,0.6846129894256592,0.701337993144989,0.663910984992981,0.6658899784088135,537207539,0.7335756540298461,0.7180161786079406,36.35483339279562,-0.01521543081093435,-0.003773056416398582,-0.011442374394535767,0.808667242293653,0.7335756540298461,0.6584840657660392,-0.02734975361566694,-0.034490089759966036,-0.033999862343134346,0.9077318402686809,0.9274024712086749,1.021670090292494,0.019270782435858697,0.02787140901845082,0.6711614937994048,0.04931253162974969,-0.1238093803966448,-0.05754096482386872,0
2025-06-05 00:00:00+00:00,0.6658899784088135,0.6891019940376282,0.6210359930992126,0.6275740265846252,884135870,0.726990956068039,0.7183592796325684,30.747163075622126,-0.020488793643228642,-0.007116203861764595,-0.013372589781464047,0.8146423356724295,0.726990956068039,0.6393395764636485,-0.05754096482386872,-0.0833169872287951,-0.08526775583706303,0.863248739680182,0.8736213819157753,1.0120158208854566,0.0244169202861829,0.030106001004286665,1.0962308793806308,-0.06711560007455881,-0.17376089775753656,0.04594192485571913,1
2025-06-06 00:00:00+00:00,0.6275740265846252,0.6709520220756531,0.6237900257110596,0.6564059853553772,644957374,0.7226920038461685,0.7191612994670868,38.44175759449891,-0.022086869878917947,-0.010110337065195266,-0.011976532813722681,0.8154494934591345,0.7226920038461685,0.6299345142332025,0.04594192485571913,-0.014242582650213276,-0.04170673454486473,0.9082790204706611,0.9127381935621222,1.0049094749421277,0.031613667466319155,0.03231242712000114,0.8163571027458505,0.14269182592493557,-0.1348086578960166,0.013107726422260102,1
2025-06-07 00:00:00+00:00,0.6564059853553772,0.6703829765319824,0.6517279744148254,0.6650099754333496,384375357,0.7179112017154694,0.71991259932518,40.56406224234107,-0.0224008635060281,-0.012568442353361834,-0.009832421152666268,0.8122787664094759,0.7179112017154694,0.6235436370214629,0.013107726422260102,0.05965184546030011,-0.035766053690045485,0.9263122985743769,0.9237370981653965,0.9972199436270643,0.03249023108787115,0.03184679166471627,0.5042730857906557,0.21970651964127855,-0.10963272741840469,0.007351786535037652,1
2025-06-08 00:00:00+00:00,0.665008008480072,0.6786649823188782,0.6539859771728516,0.6698989868164062,500556195,0.7142530024051666,0.7207514989376068,41.792093231746605,-0.022001582807183784,-0.014455070444126226,-0.007546512363057558,0.810174889211787,0.7142530024051666,0.6183311155985463,0.007351786535037652,0.02055587816391391,-0.021493886818092056,0.9379015342751053,0.9294451524607891,0.9909837210994095,0.032774857394768514,0.03172459267335454,0.6730131794445001,0.26880138065789616,-0.07260138058871413,0.052475122430385435,1
2025-06-09 00:00:00+00:00,0.6699000000953674,0.706961989402771,0.6576089859008789,0.7050520181655884,623912687,0.7122191518545151,0.722456899881363,49.820238404100756,-0.018633795339411452,-0.015290815423183272,-0.0033429799162281795,0.8070497228067597,0.7122191518545151,0.6173885809022706,0.052475122430385435,0.06021269486393144,0.05881157702711648,0.989936898396702,0.9759087611750504,0.9858292611939494,0.03894783601091657,0.03418354535920347,0.8442113362909717,0.46221084816342606,0.022812129160877603,0.015405945314871161,1
2025-06-10 00:00:00+00:00,0.705053985118866,0.7187880277633667,0.6871809959411621,0.7159140110015869,854432526,0.7094789028167725,0.7242963802814484,52.02217691936095,-0.014916380711482602,-0.015215928480843138,0.00029954776936053605,0.80027331263617,0.7094789028167725,0.618684492997375,0.015405945314871161,0.06868949661181034,0.14076424561055267,1.0090701896268737,0.9884268795094568,0.9795422455943821,0.038811441718622566,0.033418139050259435,1.1762989590902388,0.5354377995165932,0.043493838448180666,-0.02480184070593694,0
2025-06-11 00:00:00+00:00,0.7159180045127869,0.7303619980812073,0.692110002040863,0.6981580257415771,762289525,0.703979903459549,0.724651460647583,48.29166269676132,-0.013250321001379906,-0.014822806984950494,0.001572485983570588,0.7820446275343106,0.703979903459549,0.6259151793847874,-0.02480184070593694,-0.009777991192689739,0.06360703789682143,0.9917300512566317,0.9634397550481302,0.9714737935261167,0.03844521411182408,0.031410884898460514,1.0714125248423287,0.4627112131185125,0.019247461507208907,-0.04915655466830948,0
2025-06-12 00:00:00+00:00,0.6981580257415771,0.6991270184516907,0.6587839722633362,0.6638389825820923,693312281,0.699852854013443,0.7239769208431244,42.01964046721423,-0.014531704204177043,-0.014764586428795804,0.00023288222461876132,0.7772035352327922,0.699852854013443,0.6225021727940938,-0.04915655466830948,-0.0727392223357104,-0.001760865091526287,0.9485407950759619,0.9169339014412269,0.9666784035027151,0.03614587255232612,0.02870618224682001,1.028340361824232,0.26720391557235645,-0.03746393958616734,-0.032693176216647246,0
2025-06-13 00:00:00+00:00,0.6638190150260925,0.6638190150260925,0.6203640103340149,0.6421359777450562,1056842030,0.6946000516414642,0.7223831009864807,38.604975555643186,-0.01710132727936098,-0.01523193459890884,-0.0018693926804521383,0.7726799829912463,0.6946000516414642,0.6165201202916821,-0.032693176216647246,-0.08024264698098238,-0.04144357525197884,0.9244686582265204,0.8889133437204723,0.9615397296710344,0.03480729308221444,0.02928920265462035,1.5168277417128238,0.16403611664705645,-0.06204667855426782,-0.026765357987475258,0
2025-06-14 00:00:00+00:00,0.6421369910240173,0.6421999931335449,0.6148920059204102,0.6249489784240723,413673092,0.687848350405693,0.7205992603302002,36.102887585824725,-0.020290720491741854,-0.016243691777475443,-0.004047028714266411,0.7654748403773046,0.687848350405693,0.6102218604340814,-0.026765357987475258,-0.05858348963893634,-0.11361295007697314,0.9085563381165009,0.8672628641579536,0.9545504530361304,0.0350669123705457,0.0290188837161947,0.6046529921709968,0.09485884261530185,-0.06148312981458637,0.014241236734261031,1
2025-06-15 00:00:00+00:00,0.6249529719352722,0.6356289982795715,0.6216949820518494,0.633849024772644,353272482,0.6815630525350571,0.7191258203983307,38.33182206190773,-0.021848324348373582,-0.017364618291655073,-0.004483706056718509,0.7549859494103681,0.6815630525350571,0.6081401556597461,0.014241236734261031,-0.012905293052591138,-0.1146296691611487,0.9299932301421828,0.8814160287299223,0.9477660698617841,0.03567128593075688,0.029440107778787302,0.527743226303361,0.1750739224887675,0.009998817545347594,-0.0034992686818086094,0
2025-06-16 00:00:00+00:00,0.633849024772644,0.656781017780304,0.6259850263595581,0.6316310167312622,676555071,0.6752104520797729,0.7176789402961731,37.97628564916737,-0.02299662061144747,-0.018491018755613556,-0.004505601855833916,0.7422461625127568,0.6752104520797729,0.6081747416467891,-0.0034992686818086094,0.010692134138758025,-0.09528932785618349,0.9354579965190438,0.8801024821358134,0.9408252272264334,0.024580890978161577,0.02941349823065112,1.0130023615455706,0.17495358021097243,-0.037743361847472845,-0.03353540291082102,0
2025-06-17 00:00:00+00:00,0.6314330101013184,0.6419140100479126,0.6009719967842102,0.6104490160942078,716747559,0.6683882027864456,0.7157783210277557,34.66911974755324,-0.025323945419815086,-0.019857604088453863,-0.005466341331361223,0.7324114490694673,0.6683882027864456,0.6043649565034239,-0.03353540291082102,-0.036917322207492,-0.0804260790473873,0.9133150668268905,0.8528464723794511,0.9337921855844074,0.021096813693418696,0.029904587728179718,1.0636745987215661,0.04751445720112814,-0.08204532466387071,-0.011467016740979386,0
2025-06-18 00:00:00+00:00,0.610450029373169,0.620764970779419,0.5897449851036072,0.6034489870071411,721275360,0.6624435514211655,0.7139207005500794,33.626926576817354,-0.027417162955597707,-0.021369515861882633,-0.006047647093715074,0.7274446796342887,0.6624435514211655,0.5974424232080423,-0.011467016740979386,-0.04461786862520656,-0.06024734959372535,0.9109440128333032,0.8452605261931482,0.9278951442516649,0.021434262237919638,0.029407126916052448,1.070475022175758,0.04620353495561428,-0.09919405927908431,-0.0021940512005202972,0
2025-06-19 00:00:00+00:00,0.6034510135650635,0.6108440160751343,0.5910850167274475,0.6021249890327454,472917745,0.6580834507942199,0.7123246002197265,33.42227571167298,-0.02885031997497356,-0.02286567668450082,-0.005984643290472741,0.7270683403749634,0.6580834507942199,0.5890985612134765,-0.0021940512005202972,-0.0136359087196527,-0.03652136443023224,0.9149675292792425,0.8452957947079344,0.9238533255642509,0.01801401402690385,0.028092972756526287,0.7320844812547271,0.09441508059545478,-0.14598501455345048,-0.04128873336823735,0
2025-06-20 00:00:00+00:00,0.6021270155906677,0.6059219837188721,0.5629760026931763,0.5772640109062195,758958578,0.6526429504156113,0.7097611999511719,29.759820736824494,-0.031627597148680686,-0.024618060777336793,-0.007009536371343893,0.7290920050748111,0.6526429504156113,0.5761938957564114,-0.04128873336823735,-0.04339219497374314,-0.08927206898633488,0.8845020244815491,0.8133214536747464,0.9195246943063524,0.019735073923564928,0.02915048214986698,1.1797902353654344,0.006998877583107305,-0.1936685104142487,-0.03975484267595175,0
2025-06-21 00:00:00+00:00,0.5772650241851807,0.5873389840126038,0.546658992767334,0.5543149709701538,686354524,0.6461099982261658,0.7068866598606109,26.836398763899837,-0.03527379074521786,-0.026749206770913005,-0.008524583974304854,0.7325978188909822,0.6461099982261658,0.5596221775613494,-0.03975484267595175,-0.07940214894484554,-0.12240698083704749,0.8579266262586455,0.7841638588560402,0.91402205603027,0.021559751750357275,0.029934367572680653,1.0599332960537424,-0.030681814794268125,-0.20603222976436397,-0.024051217104081757,0
2025-06-22 00:00:00+00:00,0.5543220043182373,0.562654972076416,0.513185977935791,0.5409830212593079,1168250598,0.6386752992868423,0.7036857807636261,25.282593304127985,-0.0387920319645072,-0.029157771809631843,-0.009634260154875358,0.7344588079302331,0.6386752992868423,0.5428917906434515,-0.024051217104081757,-0.06284990742789565,-0.11379491653432294,0.8470392104773433,0.7687849265225221,0.9076143312058463,0.01668133231974805,0.029810158905519864,1.7340250179379024,-0.009963977156287572,-0.1850689166293299,0.07817620369077805,1
2025-06-23 00:00:00+00:00,0.54100501537323,0.5853840112686157,0.5308489799499512,0.5832750201225281,1040285762,0.6336083501577378,0.7018174409866333,37.62102282062109,-0.037732693614867197,-0.030872756170678917,-0.00685993744418828,0.7298800375281245,0.6336083501577378,0.537336662787351,0.07817620369077805,0.052244753739356664,-0.03343110572555208,0.9205608164370322,0.8310922272073272,0.9028107783514108,0.041736067854605846,0.03595908751276455,1.491415748180439,0.23858705809548184,-0.0916643198053253,0.007018995310621223,1
2025-06-24 00:00:00+00:00,0.5832750201225281,0.5931649804115295,0.5775930285453796,0.5873690247535706,798539329,0.6296823024749756,0.7003053009510041,38.67671739623832,-0.03614613820096513,-0.031927432576736164,-0.004218705624228963,0.7268114342982914,0.6296823024749756,0.5325531706516597,0.007018995310621223,0.08574391740850706,-0.02450648046160453,0.9328021804724509,0.8387327983322878,0.8991539855829686,0.040824537022678055,0.03577477024794671,1.1237817835718371,0.28218029479365875,-0.06013283478799614,-0.03454055171401815,0
2025-06-25 00:00:00+00:00,0.5873709917068481,0.5899930000305176,0.5645189881324768,0.5670809745788574,620996333,0.6266576498746872,0.6980792808532715,35.47286181193647,-0.0361096086091276,-0.032763867783214454,-0.0033457408259131433,0.7277499319911007,0.6266576498746872,0.5255653677582737,-0.03454055171401815,-0.027763996373904032,-0.01764017180176569,0.9049294693717641,0.8123446578814184,0.8976883672993635,0.042355857809383994,0.0343606707213027,0.8904127852500586,0.20533519449474968,-0.10533746615408257,-0.02303017435285115,0
2025-06-26 00:00:00+00:00,0.5670809745788574,0.5805730223655701,0.5515450239181519,0.5540210008621216,602838443,0.6215384006500244,0.695735981464386,33.54641880461905,-0.036711304312480264,-0.03355335508906762,-0.0031579492234126427,0.7265800667740872,0.6215384006500244,0.5164967345259617,-0.02303017435285115,-0.05677525113865178,-0.0005303304500647865,0.8913705095014387,0.7963092546917259,0.8933538256017888,0.04260382060483719,0.03243891400162398,0.8669951570047363,0.17861610406979217,-0.12287239513787385,0.008561011217943504,1
2025-06-27 00:00:00+00:00,0.5540210008621216,0.5615090131759644,0.5460289716720581,0.5587639808654785,494464871,0.6162261009216309,0.6915791809558869,34.92853388021703,-0.036385998503585815,-0.03411988377197126,-0.0022661147316145533,0.7227469262659086,0.6162261009216309,0.5097052755773531,0.008561011217943504,-0.014666324715893575,0.03286786998375635,0.9067515641252265,0.8079537329234899,0.8910420063106809,0.04084000910955795,0.03229920251261914,0.7055481086614098,0.23027753084698005,-0.084667243072029,0.012407803122170602,1
2025-06-28 00:00:00+00:00,0.5587679743766785,0.5682680010795593,0.5561749935150146,0.5656970143318176,368639849,0.6110160022974014,0.687338901758194,36.99145191447668,-0.0351634115277516,-0.03432858932312733,-0.0008348222046242679,0.7166731110177856,0.6110160022974014,0.5053588935770171,0.012407803122170602,0.021075037681832942,-0.030136736846741452,0.925830112803616,0.8230248759160587,0.8889588538266047,0.03786793840363153,0.032446594101483,0.5310069386076621,0.2855374403367502,-0.06256033813654693,0.02190042357768629,1
2025-06-29 00:00:00+00:00,0.5656970143318176,0.5824400186538696,0.5557510256767273,0.5780860185623169,583426280,0.6046677023172379,0.6820751619338989,40.614464523610124,-0.0328165249667276,-0.034026176451847384,0.0012096514851197837,0.7014168192784045,0.6046677023172379,0.5079185853560713,0.02190042357768629,0.03457996284390097,-0.01580438497782266,0.9560391870558766,0.8475400525116031,0.8865118333921053,0.03624267228890401,0.030085416343006544,0.8428535621167568,0.36262570352145745,-0.039923555587760506,-0.010318523954924164,0
2025-06-30 00:00:00+00:00,0.5780860185623169,0.588808000087738,0.558247983455658,0.5721210241317749,746847500,0.5974780529737472,0.677417802810669,39.438618666517414,-0.031079658698655477,-0.033436872901209,0.002357214202553526,0.6796993002815018,0.5974780529737472,0.5152568056659926,-0.010318523954924164,0.011355919577452855,0.008887707009850754,0.9575598991196979,0.8445615420173369,0.8819934322581362,0.020574089594391665,0.02951109595814755,1.0873922691786364,0.3458000232770684,-0.008909245470492544,-0.05237181513383515,0
2025-07-01 00:00:00+00:00,0.5721210241317749,0.5759639739990234,0.5384230017662048,0.5421580076217651,714647761,0.5896780520677567,0.6719082033634186,34.098349005190656,-0.0317548940370197,-0.03310047712837114,0.0013455830913514447,0.6604908287703141,0.5896780520677567,0.5188652753651993,-0.05237181513383515,-0.062149939259737996,-0.021412533499445385,0.919413577833941,0.8068929727421786,0.8776169856476873,0.02715372446166379,0.03081753013400553,1.0441315357306677,0.16446701669675243,-0.021931508230982333,0.07736308064884612,1
2025-07-02 00:00:00+00:00,0.5421580076217651,0.5980119705200195,0.5405160188674927,0.5841010212898254,991825199,0.5856911540031433,0.666959023475647,45.27017864576135,-0.02857616400624019,-0.03219561450394495,0.0036194504977047626,0.647304527328546,0.5856911540031433,0.5240777806777406,0.07736308064884612,0.020939620557085536,0.04534479904216804,0.9972850320472668,0.8757674770572365,0.8781516305919339,0.04062313601980124,0.0354514822501604,1.4181737152183007,0.48709588010284877,0.07970305598528182,0.025658218931426724,1
2025-07-03 00:00:00+00:00,0.5841000080108643,0.6105120182037354,0.5833280086517334,0.5990880131721497,779890753,0.583538755774498,0.6629503834247589,48.62173819784933,-0.02456450820226741,-0.030669393243609445,0.006104885041342035,0.6396078640065221,0.583538755774498,0.5274696475424738,0.025658218931426724,0.10500629844077025,0.05902629498543899,1.0266464861909883,0.9036694572485193,0.8802148250672613,0.03918045070027145,0.035522084341589356,1.137662431082319,0.6386615365211983,0.02711069821968337,-0.043728159574507264,0
2025-07-04 00:00:00+00:00,0.5990869998931885,0.602724015712738,0.5643470287322998,0.5728909969329834,588008206,0.5809358566999435,0.6591833436489105,43.596085777460466,-0.023231326082025383,-0.029181779811292635,0.005950453729267252,0.6336433011392897,0.5809358566999435,0.5282284122605974,-0.043728159574507264,-0.019191927334911707,-0.008986589300764236,0.9861518966781296,0.8690920401018393,0.8812963226348713,0.044538194601489514,0.03631616476848695,0.8469846935623369,0.42368383771463386,-0.024648946761639978,0.0052662868167727694,1
2025-07-05 00:00:00+00:00,0.5728909969329834,0.5828490257263184,0.5707169771194458,0.5759080052375793,316451015,0.5780388057231903,0.6555161440372467,44.31000407709915,-0.02168139269193059,-0.02768170238742023,0.00600030969548964,0.6244998197579403,0.5780388057231903,0.5315777916884403,0.0052662868167727694,-0.038692157788023485,0.006619195845059878,0.9963137414572969,0.878556554977624,0.8818071240215648,0.04440621364744242,0.036137518855963995,0.45703758857794785,0.4770689412416045,0.015565732328222337,0.017546229181486073,1
2025-07-06 00:00:00+00:00,0.5759080052375793,0.5918269753456116,0.5714989900588989,0.5860130190849304,412178050,0.5757579058408737,0.6523887038230896,46.741498642232415,-0.019413878045863142,-0.02602813751910881,0.006614259473245669,0.6150701125481891,0.5757579058408737,0.5364456991335583,0.017546229181486073,0.02290491947368145,0.08088972374592429,1.0178115022651395,0.8982574585531781,0.8825381286752076,0.044133461664703125,0.036463061741966146,0.6068785269117087,0.6304316661795073,0.057745136327008284,-0.009854788613161913,0
2025-07-07 00:00:00+00:00,0.5860090255737305,0.5925729870796204,0.574753999710083,0.5802379846572876,604232754,0.5742473542690277,0.6487809431552887,45.518334261207656,-0.01787678096358969,-0.02439786620800499,0.0065210852444153,0.610118023232643,0.5742473542690277,0.5383766853054125,-0.009854788613161913,0.0075185261887824595,-0.006613644715099731,1.0104321427756258,0.8943511531571066,0.885117481219819,0.04411087617845657,0.035801883634244316,0.8970847854857733,0.5835031874417558,0.03843125993652574,0.014194160359897179,1
2025-07-08 00:00:00+00:00,0.5802389979362488,0.5914509892463684,0.5734999775886536,0.5884739756584167,545842174,0.5734986037015914,0.6456891632080078,47.62339907872423,-0.01581177649204779,-0.02268064826481355,0.00686887177276576,0.6073723541034112,0.5734986037015914,0.5396248532997717,0.014194160359897179,0.004199491296847269,-0.017716991961718498,1.0261123076153424,0.9113889611135393,0.8881961110393295,0.03679266838032911,0.035901980883460784,0.8210872011017833,0.7210468545582247,0.040263534629933595,0.059501435993580376,1
2025-07-09 00:00:00+00:00,0.5884739756584167,0.6263269782066345,0.5844860076904297,0.6234890222549438,1024072721,0.5745668053627014,0.6432443630695343,55.49629934431682,-0.01122048122040975,-0.020388614855932793,0.009168133635523042,0.6132478166271403,0.5745668053627014,0.5358857940982625,0.059501435993580376,0.07454016927761486,0.08832051052092105,1.085146263995115,0.9692879690071146,0.8932325541430219,0.0318149798521219,0.03833085635079616,1.4791523920481937,1.1323802725553183,0.07854022106527148,0.0852605203811323,1
2025-07-10 00:00:00+00:00,0.6234890222549438,0.6787980198860168,0.6181489825248718,0.6766480207443237,1172708375,0.5795360058546066,0.641362943649292,64.27574970558393,-0.003254839960339262,-0.01696185987681409,0.013707019916474827,0.6394068994939216,0.5795360058546066,0.5196651122152917,0.0852605203811323,0.14983507977095,0.17492379788189627,1.1675685615883553,1.055015771404352,0.9036007015888754,0.04283448190380197,0.04108013455381308,1.644694553668301,1.3110119040042796,0.1827008486030981,0.05006734335952201,1
2025-07-11 00:00:00+00:00,0.6766449809074402,0.7725200057029724,0.6695579886436462,0.7105259895324707,2869891976,0.5873465567827225,0.6394107031822205,68.53578640266478,0.005725655288745801,-0.012424356843702113,0.018150012132447914,0.6698452580890281,0.5873465567827225,0.504847855476417,0.05006734335952201,0.13959663148958779,0.2124747512298779,1.2097218947268231,1.1112200437001187,0.9185747968553153,0.033939487440849944,0.0404013668710782,3.490495442665315,1.246553768721771,0.31055149890577094,-0.0031370777830198593,0
2025-07-12 00:00:00+00:00,0.7105259895324707,0.7336840033531189,0.6901879906654358,0.7082970142364502,1327152134,0.5957122564315795,0.6386490440368653,67.96155610119328,0.012518596211978927,-0.007435766232565906,0.019954362444544835,0.6913083439716097,0.5957122564315795,0.5001161688915494,-0.0031370777830198593,0.0467732004259942,0.2207008726855404,1.1889918439470644,1.109055154548332,0.9327693543015665,0.035157551331193006,0.03964869980644854,1.598695381861774,1.0888565144348958,0.212627590810186,0.040881149368876546,1
2025-07-13 00:00:00+00:00,0.7082970142364502,0.7537540197372437,0.7060819864273071,0.7372530102729797,1559998665,0.6034111559391022,0.6384502637386322,71.32296183553753,0.020007918884526132,-0.0019470292091474982,0.02195494809367363,0.7177532519354779,0.6034111559391022,0.48906905994272654,0.040881149368876546,0.0376158242404272,0.25282177423071417,1.2218087170191219,1.1547540225855326,0.9451185005479545,0.034828104948418946,0.037293282256579935,1.8221460433236238,1.0852693759353507,0.23062554092720267,-0.003956568057392862,0
2025-07-14 00:00:00+00:00,0.7372509837150574,0.7654730081558228,0.7237309813499451,0.7343360185623169,1794877371,0.6107595056295395,0.6379373240470886,70.52027728626433,0.0254149168660468,0.0035253600058913616,0.021889556860155437,0.7388269637349296,0.6107595056295395,0.4826920475241494,-0.003956568057392862,0.03676283226174104,0.17778500077912818,1.2023325249852659,1.1511099772367492,0.9573973533244107,0.03364595650294294,0.037457524457925696,1.981211235729981,0.9824664858698257,0.28180757333182394,0.017004469276826528,1
2025-07-15 00:00:00+00:00,0.7343260049819946,0.7483000159263611,0.7117230296134949,0.7468230128288269,1523030830,0.6197466075420379,0.6376826846599579,71.97432613874516,0.030357653666378104,0.008891818737988711,0.021465834928389393,0.7595932563153863,0.6197466075420379,0.4798999587686895,0.017004469276826528,0.01298062187945992,0.10370974263297117,1.2050457456972352,1.171151468895643,0.9718730372497344,0.0333763586770919,0.03583327173517099,1.6014182577912353,0.9543419753044767,0.2967748425735808,0.023735214125961246,1
2025-07-16 00:00:00+00:00,0.7468230128288269,0.7835590243339539,0.7340729832649231,0.7645490169525146,1535471266,0.6302730083465576,0.6378000044822693,73.93939475052206,0.035298252301389166,0.014173105450668803,0.021125146850720363,0.7805905212052325,0.6302730083465576,0.47995549548788274,0.023735214125961246,0.041143288122171606,0.07603244387385644,1.213044199621071,1.1987284596730807,0.9881985009676794,0.0317124202573603,0.0347680585291775,1.5390373887714899,0.9466412663845771,0.3046621697012317,0.07747834178581381,1
2025-07-17 00:00:00+00:00,0.7645490169525146,0.8371580243110657,0.742796003818512,0.8237850069999695,2647535949,0.6435240596532822,0.6393378245830535,79.19042339958642,0.043492210525751585,0.020036926465685362,0.023455284060066223,0.8128257089062704,0.6435240596532822,0.474222410400294,0.07747834178581381,0.10305252094418571,0.16305023237746696,1.280115319144102,1.2884972159080432,1.0065477669383298,0.029511464913006984,0.03723621276014576,2.3952308544597303,1.0323661882269162,0.41973643364029467,-0.009623886978043728,0
2025-07-18 00:00:00+00:00,0.8237109780311584,0.8921710252761841,0.8007749915122986,0.8158569931983948,3058416972,0.6560320585966111,0.6412081241607666,76.9554982947803,0.04878390648914921,0.025786322470378133,0.022997584018771076,0.8376401214470841,0.6560320585966111,0.474423995746138,-0.009623886978043728,0.06710881200317709,0.10661737806443217,1.2436236651966102,1.2723746977882013,1.0231187564182012,0.030953494920172422,0.03780185827294512,2.4668128469742405,0.9400270893626995,0.386394346981223,0.017751928011269014,1
2025-07-19 00:00:00+00:00,0.8158609867095947,0.835457980632782,0.8056920170783997,0.8303400278091431,1047545712,0.6686447590589524,0.6440283846855164,78.16768615188212,0.0535292219680058,0.03133490236990367,0.022194319598102134,0.8621107354249029,0.6686447590589524,0.4751787826930018,0.017751928011269014,0.007957198484402461,0.1307358032563659,1.241825373727239,1.28929104299433,1.038222499130153,0.029274256121868777,0.03779731471662665,0.8293901644295644,0.9178907107788711,0.3317636689192871,0.034208818248263606,1
2025-07-20 00:00:00+00:00,0.8303329944610596,0.8757979869842529,0.8245289921760559,0.8587449789047241,1751415542,0.6829759567975998,0.647481803894043,80.35075592091965,0.05890296413179441,0.03684851472228182,0.022054449409512594,0.8884288565924209,0.6829759567975998,0.47752305700277875,0.034208818248263606,0.052568018738426314,0.1498641099073228,1.2573575546221074,1.3262843430349949,1.054818765083575,0.028710518543168417,0.037291463298640026,1.3336399345400975,0.9277598960215674,0.2691162208087017,0.03689110072289492,1
2025-07-21 00:00:00+00:00,0.8587430119514465,0.9296600222587584,0.8441449999809265,0.8904250264167786,2494414873,0.7003893077373504,0.6515908241271973,82.45760400609024,0.06496908541057589,0.04247262885994063,0.022496456550635258,0.9144442306051603,0.7003893077373504,0.4863343848695405,0.03689110072289492,0.07236191993076635,0.16464086235569897,1.271328697597269,1.366540155947559,1.0748912995751874,0.026536385872573377,0.033137796004136674,1.778868520573665,0.9438947633939377,0.25319135335595844,0.014059580076194678,1
2025-07-22 00:00:00+00:00,0.8904060125350952,0.9070109724998474,0.8549190163612366,0.902944028377533,2097520070,0.7163314580917358,0.6558561646938323,83.22314169638659,0.06998002291748096,0.047974107671448704,0.02200591524603225,0.9411425266753086,0.7163314580917358,0.49152038950816296,0.014059580076194678,0.05146935418380205,0.09609184520830505,1.2605114827469979,1.3767409334317176,1.0922081649200241,0.026765929836182794,0.03088243388033885,1.4390894754458001,0.9150431103360565,0.27480987527656575,-0.09603365580586876,0
2025-07-23 00:00:00+00:00,0.9029499888420104,0.9034550189971924,0.7933470010757446,0.8162310123443604,1971435839,0.7271886080503464,0.6584885048866272,62.785304335326686,0.0661912003357149,0.05161752620430195,0.014573674131412959,0.949113877647689,0.7271886080503464,0.5052633384530038,-0.09603365580586876,-0.08332426860348652,0.00045843713920912244,1.1224474686598078,1.2395524087165224,1.1043299961258204,0.054105038788083024,0.04065962337433051,1.2994679402964464,0.7006134868182677,0.10712469256943113,-0.01305147536702711,0
2025-07-24 00:00:00+00:00,0.8162270188331604,0.8367080092430115,0.7656610012054443,0.8055779933929443,2091907443,0.7388229578733444,0.6612822651863098,60.80953779790257,0.06161862044406774,0.05361774505225511,0.008000875391812629,0.9508663502198363,0.7388229578733444,0.5267795655268525,-0.01305147536702711,-0.10783175027974001,-0.029821559345432846,1.0903532230667954,1.2182059550107254,1.1172580859478942,0.04563217171454411,0.03880947458611083,1.3137605299676125,0.6574089029157724,0.09701549839555046,0.013029179549543413,1
2025-07-25 00:00:00+00:00,0.8055800199508667,0.8162519931793213,0.7776939868927002,0.816074013710022,1448176900,0.7508312582969665,0.6650522649288177,62.07581990083634,0.05817119770019008,0.05452843558184211,0.003642762118347971,0.9508911753133588,0.7508312582969665,0.5507713412805743,0.013029179549543413,-0.00019234583342708778,-0.049689915216885816,1.0868940320372902,1.2270825268106837,1.1289808303672644,0.045825482249105605,0.03871507613147055,0.8782731262290268,0.6630580387767273,0.092727459775088,0.004569421062049717,1
2025-07-26 00:00:00+00:00,0.8160539865493774,0.8374770283699036,0.813040018081665,0.81980299949646,869250145,0.762520757317543,0.6683202052116394,62.538926585213595,0.055104774784671906,0.05464370342240807,0.0004610713622638374,0.9488837425423142,0.762520757317543,0.5761577720927717,0.004569421062049717,0.01765813641904801,-0.07931271564155562,1.0751222070077529,1.2266619998969654,1.1409512257317924,0.04528905823443087,0.038836881387338026,0.5199657869532042,0.6536846013435265,0.07227003281514532,0.014887728758706809,1
2025-07-27 00:00:00+00:00,0.8198009729385376,0.83815997838974,0.8154550194740295,0.8320080041885376,969262242,0.7751092582941055,0.6716601657867431,64.08480380872834,0.053047950654962595,0.05432455286891898,-0.001276602213956382,0.9426958937845166,0.7751092582941055,0.6075226228036944,0.014887728758706809,0.01952517812211263,-0.07856082100288952,1.0734073877786692,1.2387335836925395,1.154019990728776,0.043339238569329495,0.038305099452223546,0.5735291891567603,0.6697591986614223,0.009981969954168335,-0.049419010747215886,0
2025-07-28 00:00:00+00:00,0.8320080041885376,0.8540030121803284,0.7890660166740417,0.7908909916877747,1298724819,0.7852301090955734,0.6740800058841705,55.73976770405867,0.04755195410706714,0.05297003311654862,-0.005418079009481477,0.9279648898986042,0.7852301090955734,0.6424953282925427,-0.049419010747215886,-0.03526701881603711,-0.031045157894460162,1.0072092021518653,1.173289497958609,1.1648915592231677,0.042139321264198906,0.041243530360401084,0.7517332598208478,0.5198300742130015,-0.030600953008622533,-0.010649976874581357,0
2025-07-29 00:00:00+00:00,0.7908840179443359,0.8089470267295837,0.7715070247650146,0.7824680209159851,986793262,0.7931790590286255,0.6756283259391784,54.18320619811875,0.042032153398492755,0.05078245717293745,-0.008750303774444697,0.9140151966171046,0.7931790590286255,0.6723429214401464,-0.010649976874581357,-0.059542676300174735,-0.02868744263932077,0.9864960654335002,1.1581338302065574,1.173987277584968,0.04019214366448193,0.04029494878883708,0.5717966671773049,0.4556794915560855,-0.05765349771161643,-0.024319231910393646,0
2025-07-30 00:00:00+00:00,0.7824680209159851,0.788320004940033,0.7426159977912903,0.7634389996528625,1181054301,0.7975186079740524,0.676578825712204,50.73610453321258,0.03571053971239768,0.0477680736808295,-0.012057533968431816,0.9063737722465315,0.7975186079740524,0.6886634437015733,-0.024319231910393646,-0.034710209527521685,-0.0644978435446939,0.9572679458755667,1.1283814548130808,1.1787519468031542,0.022829091843139037,0.03716597917929327,0.6841956507784686,0.34346352077571624,-0.11098286638417199,-0.030623308285410933,0
2025-07-31 00:00:00+00:00,0.7634220123291016,0.7876889705657959,0.7382389903068542,0.7400599718093872,977040210,0.7989953070878982,0.6774168646335602,46.79696169156793,0.028485757085209507,0.0439116103617055,-0.015425853276495996,0.903599864347854,0.7989953070878982,0.6943907498279425,-0.030623308285410933,-0.05419780485974812,-0.09727096355594278,0.9262381959497198,1.092473498146098,1.1794735986091878,0.02423578894667236,0.03658778691959216,0.5988412706150903,0.2182946096122316,-0.16886885492480586,-0.03296079153708409,0
2025-08-01 00:00:00+00:00,0.7400559782981873,0.7400559782981873,0.7008630037307739,0.7156670093536377,1471507567,0.7993638068437576,0.6784534251689911,43.04204512867575,0.020554813496666546,0.03924025098869771,-0.018685437492031165,0.9026668843783802,0.7993638068437576,0.6960607293091351,-0.03296079153708409,-0.0625747313419237,-0.13983158124586548,0.8952957379686829,1.0548506099374138,1.1782147118568231,0.022562360648819727,0.03743545924802657,0.8979347107418606,0.09489688261190214,-0.20740711842394755,-0.025147207022628626,0
2025-08-02 00:00:00+00:00,0.7156310081481934,0.7268519997596741,0.6865170001983643,0.6976699829101562,921584134,0.7973846554756164,0.679564105272293,40.462426814861495,0.01267120813696998,0.033926442418352167,-0.021255234281382186,0.9070206941686356,0.7973846554756164,0.6877486167825972,-0.025147207022628626,-0.05727912671129998,-0.11786834058974827,0.8749478411946825,1.026643369620896,1.1733766531946448,0.02020130174146388,0.03665451953996925,0.5735352552311564,0.045246828715413655,-0.14525425723984164,0.04200552586254025,1
2025-08-03 00:00:00+00:00,0.6976699829101562,0.7290189862251282,0.6910359859466553,0.7269759774208069,757511852,0.797016653418541,0.6816046452522277,46.12472157005632,0.008687993150741424,0.02887875256483002,-0.020190759414088596,0.907589165920692,0.797016653418541,0.6864441409163899,0.04200552586254025,0.0158019971849519,-0.07091924783100689,0.9121214397499504,1.0665654679506908,1.1693239753722704,0.029189874165899514,0.037950470071829744,0.48715215228089603,0.18328170169610844,-0.09757219861615185,0.03828466430038513,1
2025-08-04 00:00:00+00:00,0.7269780039787292,0.7585129737854004,0.7259089946746826,0.7548080086708069,893498948,0.7974159032106399,0.6840238249301911,50.9005738360258,0.007688451216793291,0.024640692295222675,-0.016952241078429384,0.9072807125784725,0.7974159032106399,0.6875510938428073,0.03828466430038513,0.08189835761933395,-0.011305410106085989,0.9465675385099788,1.1034820442808988,1.1657721180867073,0.03246126289089834,0.03873688269082323,0.5864765032038025,0.30608943489275175,-0.07507407907854902,-0.03811829785533738,0
2025-08-05 00:00:00+00:00,0.7548090219497681,0.7593119740486145,0.7152330279350281,0.726036012172699,945408782,0.7954902529716492,0.6859119248390197,46.32844117672791,0.004522514639443198,0.02061705676406678,-0.016094542124623582,0.909067962662294,0.7954902529716492,0.6819125432810045,-0.03811829785533738,-0.0012929797920459007,-0.01894976106112156,0.9126900165784614,1.0584974336801276,1.1597556831488927,0.03467349849751921,0.03931238721122802,0.6328036184854845,0.1942435228350484,-0.11437746309949415,0.021704127203466594,1
2025-08-06 00:00:00+00:00,0.7260410189628601,0.7473000288009644,0.7114310264587402,0.7417939901351929,740545524,0.7913907021284103,0.6885388243198395,49.028886798387,0.003247588045770078,0.01714316302040744,-0.013895574974637361,0.9065757485381553,0.7913907021284103,0.6762056557186654,0.021704127203466594,-0.017241495037302657,0.03650717504101819,0.937329675645886,1.077345189456761,1.1493770201123679,0.0358761324065226,0.035147290729366405,0.5294713640078634,0.2847085470765523,-0.10842926221765259,0.06012588911517813,1
2025-08-07 00:00:00+00:00,0.7417939901351929,0.7874410152435303,0.7349249720573425,0.7863950133323669,1066141350,0.789917603135109,0.692197744846344,55.80652519188775,0.005769620763940164,0.014868454569113985,-0.00909883380517382,0.9045373708321764,0.789917603135109,0.6752978354380414,0.06012588911517813,0.08313499626422205,0.12717335215156655,0.9955405604473667,1.136084333107634,1.1411733265765798,0.040554253918244985,0.03797237783004665,0.8207167077630431,0.48463358514191035,-0.005684700423522648,0.006086018445874863,1
2025-08-08 00:00:00+00:00,0.786408007144928,0.8044260144233704,0.7779819965362549,0.7911810278892517,1342179780,0.7879596531391144,0.6959788656234741,56.47533644981026,0.008061611994805595,0.013507086054252307,-0.005445474059446712,0.9009989899436663,0.7879596531391144,0.6749203163345625,0.006086018445874863,0.06657783483128243,0.08831798087226206,1.004088248347874,1.1367888695592694,1.1321603170137096,0.03620675713313515,0.03775588346301786,1.021625649401523,0.5142489103404204,0.011135288267841048,0.016247853386535782,1
2025-08-09 00:00:00+00:00,0.7911779880523682,0.8194649815559387,0.7907249927520752,0.804036021232605,1023977315,0.7852242052555084,0.7005143058300018,58.300729554385725,0.010790930952420119,0.01296385503388587,-0.0021729240814657505,0.8936028972519832,0.7852242052555084,0.6768455132590336,0.016247853386535782,0.02243275656782706,0.06521925045348564,1.0239572543118118,1.1477795878557338,1.120925295487204,0.03165238955870465,0.037063483660584706,0.8016125770879691,0.5867874285551835,0.05317650997421142,-0.0021740635632817584,0
2025-08-10 00:00:00+00:00,0.8040549755096436,0.8327460289001465,0.7881919741630554,0.8022879958152771,1080500013,0.7808173537254334,0.7054737663269043,57.94485540917215,0.01266686906595027,0.01290445784029875,-0.00023758877434847982,0.8777479013428594,0.7808173537254334,0.6838868061080073,-0.0021740635632817584,0.0140384659572248,0.1050250708837297,1.027497649722311,1.137232926452308,1.1067985671399383,0.031144367312496073,0.03588210046174664,0.8954165040003039,0.6107527122130061,0.08408510982393413,-0.035287844668105306,0
2025-08-11 00:00:00+00:00,0.8022879958152771,0.832243025302887,0.7683820128440857,0.7739769816398621,1413948082,0.7743690013885498,0.7101336455345154,52.369259996424894,0.011733840883743407,0.012670334448987682,-0.000936493565244275,0.8524094950787452,0.7743690013885498,0.6963285076983544,-0.035287844668105306,-0.0373851902140675,0.04338534948066086,0.9994937558864252,1.0899032689224182,1.0904553055019448,0.034091712284829795,0.0362282711821926,1.205902805242841,0.4974883568122725,0.08147640106938514,0.08685917999282111,1
2025-08-12 00:00:00+00:00,0.7739689946174622,0.8537390232086182,0.7677559852600098,0.8412039875984192,1984793671,0.7756176501512527,0.7152922248840332,61.77506811527348,0.016231954995417852,0.013382658558273718,0.0028492964371441346,0.8571972122963103,0.7756176501512527,0.6940380880061952,0.08685917999282111,0.048506262073130024,0.0696964926491559,1.0845601404691816,1.1760284235366874,1.0843367552009946,0.04044127671658565,0.03566125263613792,1.6917917257239006,0.9019777486090611,0.20573338140412267,0.07693738445543463,1
2025-08-13 00:00:00+00:00,0.8412039875984192,0.9180219769477844,0.8340409994125366,0.9059240221977234,2355898692,0.7806349515914917,0.7216633248329163,68.27104174875174,0.024733990692025642,0.015652924985024103,0.00908106570700154,0.8803091373567667,0.7806349515914917,0.6809607658262166,0.07693738445543463,0.17047928257284717,0.14502748456265202,1.1604963630577942,1.2553277837798786,1.0817162584398048,0.04546448989583345,0.03915455586115234,1.9857710629596521,1.1284930729270148,0.24615400004247068,0.021479670578423482,1
2025-08-14 00:00:00+00:00,0.9059230089187622,1.0164639949798584,0.8811659812927246,0.9253829717636108,6566984812,0.7861003994941711,0.7288293647766113,69.9258808872419,0.03266554180782033,0.01905544834958335,0.01361009345823698,0.9042346857220673,0.7861003994941711,0.6679661132662749,0.021479670578423482,0.10006964470712632,0.1509222812492632,1.177181658168681,1.2696839843263503,1.0785794830524063,0.043475036194615645,0.039272981127755735,4.553038181059015,1.0895095180104857,0.225984569762556,0.01994093530902674,1
2025-08-15 00:00:00+00:00,0.9253960251808168,0.9610769748687744,0.9141719937324524,0.943835973739624,3727215369,0.7923020482063293,0.7366256642341614,71.44673669288716,0.03997949749141172,0.023240258177949027,0.016739239313462693,0.9293883120334514,0.7923020482063293,0.6552157843792072,0.01994093530902674,0.041848930608913815,0.17643038243456122,1.1912577733155534,1.281296619933668,1.075583008677891,0.042817658901108425,0.03937269297556254,2.351216423227569,1.0526955119456476,0.2999850667395241,-0.023896080439837486,0
2025-08-16 00:00:00+00:00,0.9438419938087464,0.975259006023407,0.9038339853286744,0.9212819933891296,2342325704,0.796765747666359,0.7438760244846344,66.98779628431232,0.04345501992220424,0.02728321052680007,0.01617180939540417,0.9446816759779896,0.796765747666359,0.6488498193547284,-0.023896080439837486,-0.004431655325000672,0.1903222127319153,1.1562771066495583,1.2384886231914842,1.07110018530086,0.04688173372195249,0.03995564686563967,1.416259512852687,0.9209020865570297,0.241964757925883,0.04407666214193906,1
2025-08-17 00:00:00+00:00,0.9212980270385742,0.9848380088806152,0.9068949818611144,0.9618890285491944,2190571305,0.8053156495094299,0.751799864768982,70.55130695316774,0.04892210132750596,0.031610988686941247,0.017311112640564716,0.9705555054640644,0.8053156495094299,0.6400757935547954,0.04407666214193906,0.01912732223803837,0.14346703383482873,1.194424855812927,1.279448259603997,1.0711835519641821,0.046401852027394774,0.038594693818607535,1.2897290518433708,0.9737760697478176,0.22316267555305003,-0.04016471865468829,0
2025-08-18 00:00:00+00:00,0.961870014667511,0.9659919738769532,0.8944900035858154,0.9232550263404846,2301661145,0.812354999780655,0.7587032449245453,63.5253757686318,0.04956599568449771,0.03520199008645254,0.014364005598045168,0.9853117214197602,0.812354999780655,0.6393982781415497,-0.04016471865468829,0.0021416167530821095,0.019130747963518102,1.1365167033990975,1.216885564305586,1.0707150723488015,0.04751888029105821,0.039986299782698076,1.3046357601569545,0.8206005106619555,0.16693271678112143,-0.0847176717819752,0
2025-08-19 00:00:00+00:00,0.9232360124588012,0.9506000280380248,0.8449310064315796,0.8450390100479126,2803347062,0.8164350003004074,0.7641616046428681,52.192982899143914,0.04326616237749692,0.03681482454466142,0.0064513378328354964,0.9883800173901871,0.8164350003004074,0.6444899832106277,-0.0847176717819752,-0.12147972898446024,-0.08682239047750939,1.0350352566180778,1.1058380909399952,1.068406205362764,0.054857087061137046,0.04464832862971299,1.5191558819570599,0.5831777804080529,0.05099645753737403,0.04234478221045013,1
2025-08-20 00:00:00+00:00,0.845067024230957,0.8909909725189209,0.8397660255432129,0.8808220028877258,2190768811,0.8234731018543243,0.7709348845481873,56.055288626570345,0.04069181762131324,0.03759022315999179,0.0031015944613214524,0.9937706840852266,0.8234731018543243,0.653175519623422,0.04234478221045013,-0.04596024093250917,-0.06676368840046121,1.0696427131672683,1.1425374834399131,1.0681487092608704,0.04812058113226435,0.04447628010297694,1.1493953577641145,0.6683784945215592,0.09788755095686463,-0.03383318194573848,0
2025-08-21 00:00:00+00:00,0.8808220028877258,0.8907340168952942,0.8485270142555237,0.8510209918022156,1294029938,0.8302408009767532,0.7762732839584351,52.267987796093564,0.035833867795586505,0.037238952087110734,-0.0014050842915242293,0.9930947643414881,0.8302408009767532,0.6673868376120183,-0.03383318194573848,0.007078941543732675,-0.07626438168887273,1.0250291130007283,1.0962904551637034,1.069521286038755,0.04797378538022202,0.04452070745926364,0.6820934620079826,0.5638000770632831,0.099543025167385,0.09271214265147831,1
2025-08-22 00:00:00+00:00,0.8510180115699768,0.9390249848365784,0.8234189748764038,0.9299209713935852,2834699734,0.8418533504009247,0.7828899431228638,59.97781404459116,0.03791343405000591,0.037373848479689775,0.0005395855703161367,0.9978835782827218,0.8418533504009247,0.6858231225191276,0.09271214265147831,0.05574221391483314,-0.03323466242652362,1.104611594110446,1.1878054885776543,1.0753150654137442,0.06169230284813288,0.04738232560005174,1.4224704801819144,0.7822133319557073,0.10546429296947002,-0.018053089177087922,0
2025-08-23 00:00:00+00:00,0.9299190044403076,0.9335880279541016,0.8922950029373169,0.9131330251693726,1485858765,0.8511612027883529,0.7896947836875916,57.837156751886674,0.037771452538573835,0.03745336929146659,0.0003180832471072481,1.0003993106294629,0.8511612027883529,0.7019230949472429,-0.018053089177087922,0.07298531289530441,-0.010963385935988557,1.0728085610316866,1.1563113294295406,1.0778356655893497,0.06136158122890081,0.04751908607662826,0.7322322960407279,0.7076273388798239,0.007957624254361306,-0.0038614658256651557,0
2025-08-24 00:00:00+00:00,0.9131479859352112,0.9600899815559388,0.8891630172729492,0.9096069931983948,2134094046,0.8589011520147324,0.7963687634468078,57.37398201439627,0.03694849065542427,0.037352393564258124,-0.00040390290883385305,1.0030691074814742,0.8589011520147324,0.7147331965479906,-0.0038614658256651557,-0.021844843615848153,0.07640828693437629,1.0590357121593343,1.1421932086606137,1.0785219002027084,0.05826336364826795,0.047250495706844614,1.0204885127668737,0.6758568366302447,-0.017048053667067076,-0.07912645792226858,0
2025-08-25 00:00:00+00:00,0.9096090197563172,0.9252349734306335,0.8330489993095398,0.8376330137252808,2362229556,0.8644810020923615,0.8014011633396149,48.78573151013901,0.030141140496634966,0.03591014295073349,-0.005769002454098525,0.9949880221533662,0.8644810020923615,0.7339739820313567,-0.07912645792226858,-0.082682379634761,-0.04903259571270058,0.9689432291720712,1.045210628637822,1.0787119380883838,0.06362825878403118,0.05026148971058954,1.092568375059784,0.3971396774114881,-0.11252268717153335,0.03468105015601486,1
2025-08-26 00:00:00+00:00,0.8376269936561584,0.8738229870796204,0.8321030139923096,0.8666830062866211,1410119067,0.8707254528999329,0.8071300637722015,51.91440267194212,0.02678163604097683,0.03408444156878216,-0.00730280552780533,0.9877726979327744,0.8707254528999329,0.7536782078670913,0.03468105015601486,-0.047189596422123725,0.01840379336735043,0.9953573809059463,1.073783576139009,1.078791996460288,0.05651587130200973,0.05052575263294947,0.6422572991760436,0.4827315601824822,-0.05926414224341314,-0.019069252505823697,0
2025-08-27 00:00:00+00:00,0.8666769862174988,0.8751929998397827,0.8500970005989075,0.8501560091972351,1323719490,0.8739135026931762,0.8123637044429779,50.04143072890493,0.022525948895755432,0.03177274303417681,-0.009246794138421381,0.9845893967103148,0.8739135026931762,0.7632376086760377,-0.019069252505823697,0.014950455947599028,-0.08577606554760653,0.9728148227224701,1.0465214097424143,1.0757663075215822,0.05447898100628531,0.049400405065457634,0.5993895342525665,0.3926708760434218,-0.11615998939138006,0.008932465677004453,1
2025-08-28 00:00:00+00:00,0.8501600027084351,0.8778470158576965,0.8438339829444885,0.8577499985694885,1202927839,0.8772419512271881,0.8170489239692688,50.91768305462103,0.019540803431094877,0.029326355113560427,-0.00978555168246555,0.9812444859016084,0.8772419512271881,0.7732394165527677,0.008932465677004453,-0.010307122272313674,-0.060651652139743106,0.9777804143652364,1.0498147337401678,1.0736712643417952,0.052924475354615606,0.049407619123158684,0.5464169173353005,0.4062909730098452,-0.07095009060566837,-0.03568989240727505,0
2025-08-29 00:00:00+00:00,0.8577579855918884,0.8626239895820618,0.8121979832649231,0.8271369934082031,1678140344,0.878396999835968,0.8200587034225464,47.314902548091126,0.01453726394100363,0.026368536879049068,-0.011831272938045437,0.9794475032642216,0.878396999835968,0.7773464964077144,-0.03568989240727505,-0.02707622546921451,-0.09066552962638019,0.9416436913635439,1.0086314430370842,1.0711391710982938,0.03587899284174068,0.05015572721135253,0.7511174465662499,0.2463644183417665,-0.021184840494753554,-0.005720954069796891,0
2025-08-30 00:00:00+00:00,0.8271539807319641,0.8418530225753784,0.809112012386322,0.8224049806594849,795989685,0.8794028490781785,0.8222962832450866,46.76408691907753,0.010073962594840724,0.0231096220222074,-0.013035659427366675,0.9776244151731622,0.8794028490781785,0.7811812829831947,-0.005720954069796891,-0.041206666241853984,-0.018179838683853755,0.9351857132616288,1.0001321876513527,1.0694476759735896,0.03606519112305629,0.050179777936103544,0.3585593784402648,0.2098505415624579,-0.06632102971624687,-0.013428865432747794,0
2025-08-31 00:00:00+00:00,0.8224120140075684,0.8369359970092773,0.8110020160675049,0.8113610148429871,686397615,0.8812720507383347,0.8243575632572174,45.434675019741526,0.0055812709611196,0.01960395180998984,-0.01402268084887024,0.9721979437597335,0.8812720507383347,0.790346157716936,-0.013428865432747794,-0.01907299358019454,-0.06383186360220205,0.9206703130585207,0.9842343310797342,1.0690410205690788,0.03578542199038068,0.04954917406693945,0.3143438305108506,0.11556035595441123,-0.04660281866283955,-0.013773198645145035,0
2025-09-01 00:00:00+00:00,0.8113639950752258,0.8426880240440369,0.7857739925384521,0.8001859784126282,1560962898,0.8792211502790451,0.8256162226200103,44.06948332129809,0.0011062957384192496,0.015904420595675723,-0.014798124857256473,0.9756370129080009,0.8792211502790451,0.7828052876500894,-0.013773198645145035,-0.027017105646708672,-0.05877748347834588,0.9101077449725442,0.9691984683553312,1.0649271734134838,0.022528865343039897,0.04559236488297508,0.7218669052226724,0.09013397945432577,-0.13951184775039038,0.04298380627689169,1
2025-09-02 00:00:00+00:00,0.8001899719238281,0.8347330093383789,0.7993289828300476,0.8345810174942017,1225760452,0.8756540000438691,0.8276211225986481,49.13535063820778,0.0003314174623160193,0.012789819969003783,-0.012458402506687763,0.9731827219252706,0.8756540000438691,0.7781252781624676,0.04298380627689169,0.0286185831293706,-0.02701134493025581,0.9530945070226257,1.0084095182028465,1.0580372783314211,0.02511580972869453,0.04308044764054007,0.5820628552070003,0.2894313502866691,-0.08602471437346237,0.0023353182479064483,1
2025-09-03 00:00:00+00:00,0.8345800042152405,0.8430140018463135,0.8273550271987915,0.8365300297737122,873946795,0.8712113529443741,0.8294152629375457,49.414946439357344,-0.00012398097629184868,0.010207059779944658,-0.010331040756236507,0.9672861781890523,0.8712113529443741,0.775136527699696,0.0023353182479064483,0.045419505391961046,0.01135608301933777,0.9601918374302035,1.0085780514949387,1.0503922364037512,0.02442648660752366,0.04271413655047807,0.47986405958924605,0.31950878868456195,-0.08033905188847179,-0.03184946965170832,0
2025-09-04 00:00:00+00:00,0.8365300297737122,0.841346025466919,0.8041669726371765,0.8098869919776917,865781781,0.8645139038562775,0.8303220224380493,45.715538070203955,-0.002604732272589838,0.0076447013694377584,-0.010249433642027597,0.9579100521303944,0.8645139038562775,0.7711177555821606,-0.03184946965170832,-0.029588530051465667,-0.015221197556166355,0.9368119915308298,0.9753890299087156,1.0411790612488292,0.026171187223436726,0.04274559375275313,0.5159093144712481,0.20755265132424794,-0.033124317323874,0.026154267011165855,1
2025-09-05 00:00:00+00:00,0.8098700046539307,0.8460689783096313,0.8057799935340881,0.8310689926147461,1262808667,0.8600032538175583,0.8304677021503448,48.98544907563104,-0.0028289250348519923,0.005549976088579809,-0.0083789011234318,0.9505251549272109,0.8600032538175583,0.7694813527079056,0.026154267011165855,-0.0065282021739773155,0.024290023073850753,0.9663556375230293,1.000724038349528,1.0355649612751183,0.025651009951798347,0.04315246636805449,0.777500221075865,0.34018087972012984,-0.04109231796809576,-0.015182861336249576,0
2025-09-06 00:00:00+00:00,0.8310689926147461,0.835273027420044,0.8154330253601074,0.8184509873390198,579154321,0.8528313517570496,0.8305195820331573,47.16294009275429,-0.003978900696399168,0.003644200731584014,-0.007623101427983182,0.9312897556622632,0.8528313517570496,0.774372947851836,-0.015182861336249576,0.01057430906553436,0.022825954739453147,0.9596867958158461,0.9854686211436544,1.0268648328185974,0.026302602530832834,0.04166826826207424,0.37519231307761985,0.28090068936678164,-0.037293180916468494,0.02029199067329901,1
2025-09-07 00:00:00+00:00,0.818452000617981,0.840815007686615,0.8184409737586975,0.8350589871406555,719398251,0.8484215497970581,0.8306139612197876,49.809810792020464,-0.003509680496097456,0.00221342448604772,-0.005723104982145176,0.91980946174244,0.8484215497970581,0.7770336378516761,0.02029199067329901,0.004801038856420137,0.0005727061081366447,0.9842500904655253,1.0053514943504445,1.021439067254684,0.026603729453586477,0.04134387986130606,0.4912222139818407,0.40640878621981474,-0.026454108384349695,0.03591843377196158,1
2025-09-08 00:00:00+00:00,0.8350589871406555,0.8685129880905151,0.83119797706604,0.8650529980659485,1398016818,0.8494222491979599,0.8307401216030121,54.26573396461241,-0.0007093768408964474,0.0016288642206588868,-0.002338241061555334,0.9211707087481567,0.8494222491979599,0.7776737896477632,0.03591843377196158,0.05693928096836065,0.034096765539848084,1.0184016240247384,1.0413039837256512,1.0224885341506058,0.027552000316789657,0.03760892224564823,1.0027086969890593,0.6089274178566366,0.04584005425934712,-2.425381451520714e-05,0
2025-09-09 00:00:00+00:00,0.8650569915771484,0.8936349749565125,0.8537070155143738,0.8650320172309875,1730015556,0.8486327499151229,0.8302322614192963,54.262104952614635,0.0014910036410551442,0.0016012921047381383,-0.00011028846368299418,0.9192652324099869,0.8486327499151229,0.778000267420259,-2.425381451520714e-05,0.0358933087984159,0.06808977770915337,1.0193243394359985,1.041915687246603,1.0221630612912713,0.023923051146098835,0.0363803916464943,1.2616775814879886,0.6160887083153072,0.05183217219492042,0.02272286126984624,1
2025-09-10 00:00:00+00:00,0.8650259971618652,0.8939700126647949,0.8606269955635071,0.8846880197525024,1204166506,0.8503161013126374,0.8298671412467956,57.15304946314268,0.004765957169758583,0.0022342251177422277,0.0025317320520163557,0.9227695075618286,0.8503161013126374,0.7778626950634461,0.02272286126984624,0.02269805633926847,0.06451814183207305,1.040422518621963,1.066059825459945,1.0246412456277267,0.02471874023449992,0.0358289290294522,0.881069887867933,0.7372001553774343,0.09037531205970684,0.010760849074845424,1
2025-09-11 00:00:00+00:00,0.8847010135650635,0.8954480290412903,0.8736039996147156,0.8942080140113831,1307050671,0.8485304534435272,0.8314266812801361,58.52053547972319,0.008036920790735924,0.0033947642523409673,0.004642156538394957,0.9141624422098771,0.8485304534435272,0.7828984646771773,0.010760849074845424,0.033728227625365204,0.09256147019709449,1.0538313744456502,1.0755103656699871,1.0205715940424918,0.01732837731689379,0.02901229108606732,1.0129608350583477,0.847982450527807,0.11750022886588374,0.02558577436118048,1
2025-09-12 00:00:00+00:00,0.8942070007324219,0.91710102558136,0.8848429918289185,0.9170870184898376,1586142736,0.8487281531095505,0.833656861782074,61.68538161237157,0.012333158505842934,0.005182443103041361,0.007150715402801573,0.9151979783078225,0.8487281531095505,0.7822583279112786,0.02558577436118048,0.03662194809238972,0.09823022398699788,1.0805427098533678,1.1000773346115311,1.0180785308901066,0.017265199918392496,0.02934488463687973,1.2244980638844516,1.0142097574078193,0.09885918714441555,0.01390924718287545,1
2025-09-13 00:00:00+00:00,0.9170849919319152,0.9525709748268129,0.9170510172843932,0.929843008518219,2205805247,0.8497399538755417,0.8359322416782379,63.36376815658506,0.016576179754918985,0.007461190433416887,0.009114989321502098,0.9205838009516462,0.8497399538755417,0.7788961067994372,0.01390924718287545,0.03985090040401085,0.07489715728068158,1.09426772776464,1.112342558592361,1.0165177409230957,0.011538018515786267,0.029470437212799412,1.698175287298286,1.0653494124664493,0.11154767363193008,-0.043934309206876354,0
2025-09-14 00:00:00+00:00,0.929843008518219,0.9304819703102112,0.8813629746437073,0.8889909982681274,1388605835,0.852307853102684,0.8373160016536713,55.04715821836985,0.01645273199843378,0.009259498746420266,0.007193233252013513,0.9250029264648462,0.852307853102684,0.7796127797405218,-0.043934309206876354,-0.03063615519056828,0.027697218784842104,1.0430397831392784,1.06171504726101,1.0179046517914434,0.026134745620620323,0.025133231506176995,1.1106665075970048,0.7523083303230907,0.09767289396421708,-0.02866509587728805,0
2025-09-15 00:00:00+00:00,0.8889880180358887,0.9021649956703186,0.8547809720039368,0.8635079860687256,1947621867,0.8521491020917893,0.837946001291275,50.586848900793754,0.014135685267349984,0.01023473605060621,0.0039009492167437747,0.9247257678280181,0.8521491020917893,0.7795724363555605,-0.02866509587728805,-0.07134002389844685,-0.02394068102075364,1.013329690718506,1.0305055274899093,1.01694989984871,0.026558479902432635,0.02495865289003942,1.5250100595290756,0.5782543801214208,0.0390328525576662,0.019897896496646084,1
2025-09-16 00:00:00+00:00,0.8635079860687256,0.8838239908218384,0.8560259938240051,0.8806899785995483,1267357116,0.853675800561905,0.8397419810295105,53.33254005459911,0.013529888112778998,0.010893766463040768,0.00263612164973823,0.927352208258729,0.853675800561905,0.7799993928650809,0.019897896496646084,-0.009337574491474654,-0.015117327512189638,1.031644540023112,1.048762594338604,1.0165929771848632,0.02759626444173325,0.02490331445293058,0.9945496193192112,0.683329907647003,0.07604486062492577,0.03679165127522377,1
2025-09-17 00:00:00+00:00,0.8806869983673096,0.9183170199394226,0.8642929792404175,0.9130920171737672,1875277351,0.8564429014921189,0.8423544609546662,58.06482695334185,0.015485851959274766,0.011812183562287568,0.003673668396987198,0.9347735942043143,0.8564429014921189,0.7781122087799235,0.03679165127522377,0.05742162424088493,-0.004356185656895439,1.0661446496701095,1.0839759976327923,1.0167250738145148,0.029712053621637362,0.026060162741348446,1.4337859458491957,0.8616022897294546,0.09344612923729656,0.01343123524803147,1
2025-09-18 00:00:00+00:00,0.9131060242652892,0.9378219842910768,0.9010149836540222,0.9253559708595276,2009670534,0.861353850364685,0.8455928003787995,59.729344773850286,0.017820146412694915,0.013013776132369039,0.004806370280325876,0.9441375116729456,0.861353850364685,0.7785701890564245,0.01343123524803147,0.050717043846696175,-0.004825586273796811,1.0743040975178144,1.0943281097532958,1.0186390541390904,0.02981670502115375,0.024441283578273073,1.5173090157221658,0.8865625141688201,0.0697101483127649,-0.037197541471611695,0
2025-09-19 00:00:00+00:00,0.9253559708595276,0.9363790154457092,0.8874319791793823,0.8909350037574768,1573603604,0.8647803515195847,0.8486103010177612,53.33100857214736,0.016700098863356994,0.01375104067856663,0.0029490581847903628,0.9464415272907303,0.8647803515195847,0.783119175748439,-0.037197541471611695,-0.024265915153733886,0.002186754976300609,1.0302442720766416,1.0498753110691144,1.0190547421854652,0.032052399165302496,0.026181156727714136,1.1541953086513663,0.6601412910780897,0.029944540792150143,0.003364997906995182,1
2025-09-20 00:00:00+00:00,0.8909329771995544,0.9063169956207277,0.8886979818344116,0.8939329981803894,785758505,0.8689089506864548,0.8521756207942963,53.79526531736461,0.015871410465408742,0.014175114635935054,0.001696295829473688,0.9474897115423664,0.8689089506864548,0.7903281898305432,0.003364997906995182,-0.03395771321381391,0.03523419887542567,1.0287993897107,1.04900090587803,1.0196360110332208,0.031327528545245016,0.02584859163681894,0.5742399371271028,0.6592250267200872,0.01044998713837364,-0.009685280556554376,0
2025-09-21 00:00:00+00:00,0.8939340114593506,0.9023290276527404,0.8779039978981018,0.8852750062942505,878284682,0.8731634020805359,0.8559277212619781,52.18086181230379,0.014350616379627312,0.014210214984673505,0.00014040139495380757,0.9450023148814941,0.8731634020805359,0.8013244892795777,-0.009685280556554376,-0.0063528735983607865,0.00520617675472268,1.0138709480778232,1.034287106613398,1.0201368414533245,0.02658262328855781,0.025706637915785098,0.6582800185970309,0.5842969620606024,-0.009989854236554518,-0.06723671852118673,0
2025-09-22 00:00:00+00:00,0.8852599859237671,0.8874809741973877,0.8060299754142761,0.8257520198822021,2389033730,0.8727219521999359,0.857903242111206,42.694633920275,0.00824729883362807,0.013017631754464418,-0.0047703329208363485,0.9456592443951526,0.8727219521999359,0.7997846600047192,-0.06723671852118673,-0.07627079259516134,-0.09565300719844505,0.9461799577754025,0.9625234867397362,1.0172731717999604,0.035832107282443536,0.0288440559225886,1.7157975982349574,0.17801154317589238,-0.09959251059734375,-0.021959430684100112,0
2025-09-23 00:00:00+00:00,0.8257669806480408,0.8291509747505188,0.8053309917449951,0.8076189756393433,1108855046,0.8712763994932174,0.8589594614505768,40.29156025894548,0.0019250003741284605,0.010799105478397228,-0.008874105104268767,0.9482672132600078,0.8712763994932174,0.794285585726427,-0.021959430684100112,-0.08771966914549456,-0.12723427408246246,0.9269377388267365,0.9402294425809901,1.0143393705936254,0.0342872430506334,0.02924355029604808,0.7897150511193626,0.0865907844103572,-0.1314458803896904,0.006893119633512468,1
2025-09-24 00:00:00+00:00,0.8076210021972656,0.8290830254554749,0.7948960065841675,0.81318598985672,1067044180,0.8714413493871689,0.8607024610042572,41.38239300517977,-0.002606212388755802,0.008118041904966624,-0.010724254293722426,0.9478906071902142,0.8714413493871689,0.7949920915841235,0.006893119633512468,-0.01521768003337709,-0.0872667630891748,0.9331505676527556,0.9447933829629166,1.0124768882040627,0.02862167470533835,0.02838720642443865,0.7545301821584535,0.1189932956541514,-0.08527083914132505,-0.06197472593448494,0
2025-09-25 00:00:00+00:00,0.8131890296936035,0.8144090175628662,0.7583510279655457,0.7627890110015869,1914562312,0.8680273503065109,0.861122361421585,35.12607367491073,-0.010146879249672724,0.004465057674038755,-0.01461193692371148,0.9571205817693875,0.8680273503065109,0.7789341188436343,-0.06197472593448494,-0.05550880550109305,-0.1467044928934803,0.8787614937850022,0.8858079236757197,1.0080185920076756,0.029838429068888315,0.030935959401052877,1.3233345082949413,-0.09060793719652381,-0.11663930929658195,0.03854799180713453,1
2025-09-26 00:00:00+00:00,0.762781023979187,0.7961000204086304,0.7592530250549316,0.7921929955482483,1170359717,0.8667144507169724,0.8612383210659027,40.75400359843346,-0.01359355817402308,0.0008533345044263881,-0.014446892678449468,0.9595778795610637,0.8667144507169724,0.7738510218728811,0.03854799180713453,-0.02581573535492243,-0.10514474043003008,0.9140184462055782,0.919830174959933,1.0063584370517702,0.03805445302058744,0.03220382500121333,0.7927485842683155,0.09875778820401714,-0.10048596577881563,-0.01324420597025322,0
2025-09-27 00:00:00+00:00,0.7921900153160095,0.7941470146179199,0.7775070071220398,0.7817010283470154,554628951,0.8640465527772904,0.861048721075058,39.4392552759718,-0.016976001345347158,-0.0027125326655283214,-0.014263468679818836,0.9635664931222205,0.8640465527772904,0.7645266124323602,-0.01324420597025322,0.02479324829364793,-0.053346513813518626,0.9046978149897211,0.9078476156041745,1.003481605197078,0.03715237262863701,0.03190148386869301,0.3777886910370018,0.08628630531293369,-0.14389676654214723,0.033855652944501324,1
2025-09-28 00:00:00+00:00,0.7817019820213318,0.8112549781799316,0.7659270167350769,0.8081660270690918,744912865,0.8612022042274475,0.8611313211917877,44.31881307507965,-0.017321436965046955,-0.005634313525432049,-0.011687123439614906,0.9638050172057872,0.8612022042274475,0.7585993912491079,0.033855652944501324,0.02016305573339383,0.0006773632693752862,0.9384161154047063,0.938493360049437,1.0000823138514596,0.042158269856367336,0.03177277525469516,0.51894470019345,0.24154618368235112,-0.12664309463695633,-0.0016939582156973998,0
2025-09-29 00:00:00+00:00,0.8081650137901306,0.8149600028991699,0.7899749875068665,0.8067970275878906,1048602865,0.8582904547452926,0.86122150182724,44.120775097530625,-0.017503890050605042,-0.008008228830466648,-0.009495661220138394,0.963702470363384,0.8582904547452926,0.7528784391272013,-0.0016939582156973998,0.032104344667351015,-0.007856704798806291,0.9400046605753255,0.936805486017386,0.9965966396847633,0.03446323292651332,0.03176699227228027,0.7482712975069341,0.2557516244449629,-0.09443783869164213,0.0005031838513076536,1
2025-09-30 00:00:00+00:00,0.8067920207977295,0.8119840025901794,0.7799530029296875,0.8072029948234558,1095173989,0.8544162034988403,0.8618860220909119,44.20040273128877,-0.017414978243568635,-0.009889578713087046,-0.0075253995304815895,0.9614267220105803,0.8544162034988403,0.7474056849871002,0.0005031838513076536,-0.0011916267368087263,0.058225778270652784,0.944742142667653,0.9365542242641358,0.9913331712075455,0.03341126459888832,0.031203907416341693,0.7845549026159322,0.2793992154602785,-0.0970206978973519,0.053068464822055406,1
2025-10-01 00:00:00+00:00,0.8072029948234558,0.8500400185585022,0.798196017742157,0.8500400185585022,1380143338,0.8522078037261963,0.8620627427101135,51.976785844685885,-0.013729658230774877,-0.010657594616624612,-0.0030720636141502652,0.9575709999495148,0.8522078037261963,0.7468446075028778,0.053068464822055406,0.053598351867875094,0.07302137652734486,0.9974562716297414,0.9860535393122143,0.9885681882586229,0.038995595904150436,0.03360615143256266,0.9861179829280886,0.48971279704205506,-0.03980117758349633,0.023857704466737184,1
2025-10-02 00:00:00+00:00,0.8500350117683411,0.877269983291626,0.8391159772872925,0.8703200221061707,1417653094,0.849869453907013,0.8613506627082824,55.162599921960606,-0.009068057843948485,-0.010339687262089387,0.001271629418140902,0.9511673960704817,0.849869453907013,0.7485715117435442,0.023857704466737184,0.07819226103902066,0.11336686347534797,1.024063187710939,1.0104131334498385,0.9866706913939441,0.02448339578674312,0.03353367205265823,1.0190528667884877,0.6009426636039444,0.053972622713446494,-0.004601772675183025,0
2025-10-03 00:00:00+00:00,0.8703150153160095,0.8909919857978821,0.8504390120506287,0.8663150072097778,1417255332,0.8466930538415909,0.8601693034172058,54.39514977657359,-0.005631955505902675,-0.009398140910852046,0.003766185404949371,0.9411877694832042,0.8466930538415909,0.7521983381999776,-0.004601772675183025,0.019146144059046577,0.07195177499797922,1.0231748132090595,1.0071447606513706,0.9843330266238546,0.024251852662633588,0.03332412347656824,1.0484827289972904,0.603825664932452,0.07267787575690443,-0.03046581912068469,0
2025-10-04 00:00:00+00:00,0.8663190007209778,0.8685050010681152,0.8346710205078125,0.8399220108985901,923179980,0.844239604473114,0.8580910241603852,49.50703282487529,-0.004981094912532513,-0.00851473171118814,0.0035336367986556275,0.9366349634858075,0.844239604473114,0.7518442454604204,-0.03046581912068469,-0.034927395021911,0.041057393840101764,0.994885819675306,0.9788262401654033,0.9838578667096252,0.02796047858780203,0.03258115781110769,0.6949307144882766,0.47663522486053267,0.032878113218085536,-0.0030598472716243386,0
2025-10-05 00:00:00+00:00,0.8399209976196289,0.8800269961357117,0.8301339745521545,0.8373519778251648,1432571585,0.8429318040609359,0.8564124238491059,49.04485451467525,-0.004619413668170647,-0.007735668102584642,0.003116254434413996,0.9349183571706929,0.8429318040609359,0.7509452509511789,-0.0030598472716243386,-0.03343244563879477,0.03734993947625642,0.993380453544534,0.9777438468976491,0.9842591963722549,0.02628443338184706,0.03198938585969225,1.0996971683745729,0.46967042438739187,0.097750447041276,0.041158321193784264,1
2025-10-06 00:00:00+00:00,0.8373550176620483,0.8797109723091125,0.8340160250663757,0.8718159794807434,1536337222,0.8424881041049957,0.8546109628677369,55.09847790810963,-0.00153413719173634,-0.006495361920414983,0.004961224728678643,0.9337908702232282,0.8424881041049957,0.7511853379867633,0.041158321193784264,0.03797253574535042,0.02561757146348098,1.0348110260938386,1.0201319867876177,0.9858147633373885,0.02919355549097355,0.03305738726742967,1.1673004901449706,0.6606078141037346,0.10050957832237706,-0.058399926982571904,0
2025-10-07 00:00:00+00:00,0.871815025806427,0.8769299983978271,0.819586992263794,0.8209019899368286,1591420298,0.8378786027431488,0.8525639021396637,46.339815902524634,-0.003160929577614602,-0.005828475451854907,0.0026675458742403055,0.9232915617711982,0.8378786027431488,0.7524656437150995,-0.058399926982571904,-0.01964524874122986,-0.056781449253287986,0.979738576983897,0.9628627107910929,0.9827751335006567,0.03954391845391837,0.034312987202593945,1.222333523087516,0.4006203918029279,0.05014827941663014,0.021944171153280623,1
2025-10-08 00:00:00+00:00,0.8209050297737122,0.8453329801559448,0.8117280006408691,0.838916003704071,1135536629,0.8335566043853759,0.8524414420127868,49.404382815282915,-0.002962444683948684,-0.005255269298273663,0.0022928246143249786,0.9084294331710443,0.8335566043853759,0.7586837755997076,0.021944171153280623,-0.03773729382233593,-0.03162706784216207,1.0064295565418102,0.9841332933359276,0.9778461760577712,0.03440185285390505,0.034601871901318276,0.9024759249598258,0.5357900149200785,0.038049083486592084,-0.027738189336521057,0
2025-10-09 00:00:00+00:00,0.8389109969139099,0.839119017124176,0.7971389889717102,0.8156459927558899,1196536220,0.8297921538352966,0.8511379218101501,45.7681545997145,-0.0046294736926528746,-0.005130110177149505,0.0005006364844966308,0.8999398249371362,0.8297921538352966,0.759644482733457,-0.027738189336521057,-0.006402709757523217,-0.028902705046065513,0.9829521633652196,0.9583006136317154,0.9749209059684985,0.03361497830629668,0.034190977399289765,0.9654215221841498,0.3991687046967714,0.010968019049915512,-0.221678264290186,0
2025-10-10 00:00:00+00:00,0.8156430125236511,0.8226950168609619,0.33296799659729,0.6348350048065186,4203182760,0.8168372541666031,0.8468142020702362,28.323919763448515,-0.020306461570731016,-0.008165380455865807,-0.012141081114865209,0.9233721097431666,0.8168372541666031,0.7103023985900396,-0.221678264290186,-0.2432674999600346,-0.24185405705333018,0.7771866446691679,0.7496744896985847,0.9646003245690172,0.08696233592619479,0.05941793029520772,2.980423194277906,-0.35419109255413994,-0.2135373519701027,-0.0041822351898886945,0
2025-10-11 00:00:00+00:00,0.6348350048065186,0.6819599866867065,0.6149320006370544,0.6321799755096436,2703054560,0.8041825026273728,0.8408593821525574,28.154227780534697,-0.03256938647244345,-0.013046181659181337,-0.019523204813262113,0.9340591147715498,0.8041825026273728,0.6743058904831958,-0.0041822351898886945,-0.22493338884232694,-0.274869937706152,0.7861150590123837,0.7518260352774977,0.9563816729602355,0.08799127714012762,0.05945703128306657,1.8002334591465428,-0.16217667784091847,-0.25629386651502084,0.10966027481986984,1
2025-10-12 00:00:00+00:00,0.6321430206298828,0.7082160115242004,0.6215239763259888,0.7015050053596497,1600069384,0.7979701519012451,0.8366268217563629,38.51276363415563,-0.036275728256719764,-0.017692090978689023,-0.01858363727803074,0.9351816648863567,0.7979701519012451,0.6607586389161335,0.10966027481986984,0.10501941456969655,-0.14544608983877239,0.8791118360608383,0.838492129486063,0.9537946084803205,0.10389908174948682,0.06421630660371885,1.0943982685363116,0.14848012953525777,-0.19396889932279093,0.039562077645902693,1
2025-10-13 00:00:00+00:00,0.7015309929847717,0.7350540161132812,0.6981250047683716,0.7292580008506775,1714657141,0.7940521031618119,0.8330198419094086,42.11106239373908,-0.036552244507148,-0.02146412168438082,-0.015088122822767183,0.9345395886043741,0.7940521031618119,0.6535646177192496,0.039562077645902693,0.1535607407728672,-0.13071392412258187,0.9184006917768586,0.875438932137687,0.9532211157680509,0.10374439782441643,0.06488040968194458,1.1489690057117217,0.26939546569923783,-0.15820689381860387,-0.040542565095853966,0
2025-10-14 00:00:00+00:00,0.7292619943618774,0.7325869798660278,0.6657230257987976,0.6996920108795166,1861960330,0.7883774042129517,0.8302610218524933,39.46162046799041,-0.03871087900866277,-0.02491347314923721,-0.013797405859425557,0.9346598718969308,0.7883774042129517,0.6420949365289725,-0.040542565095853966,-0.002584435558237508,-0.1421621425302294,0.8875089609880804,0.8427373951848917,0.9495536746430777,0.10286198960672871,0.06536878820649315,1.2153074667760728,0.1968693694550386,-0.16695597710202703,-0.04414797863238107,0
2025-10-15 00:00:00+00:00,0.6996930241584778,0.7133269906044006,0.6618670225143433,0.66880202293396,1209547947,0.7836780548095703,0.8263034021854401,36.85283085202196,-0.04242512583019409,-0.02841580368542859,-0.0140093221447655,0.9391704746046534,0.7836780548095703,0.6281856350144872,-0.04414797863238107,-0.08290067143068136,0.053505269668917554,0.8534142545263378,0.8093903778746231,0.9484144113855364,0.10165695286715276,0.0646727449242176,0.8080680534265108,0.13060568474334433,-0.2012892539275727,-0.03567275509160084,0
2025-10-16 00:00:00+00:00,0.6687999963760376,0.6835539937019348,0.6358410120010376,0.6449440121650696,1359176043,0.7763156056404114,0.8221991622447967,34.932001486362395,-0.04675487418953683,-0.03208361778625024,-0.014671256403286592,0.9436070356487108,0.7763156056404114,0.6090241756321119,-0.03567275509160084,-0.07824585369443982,0.020190510851179733,0.8307755344336167,0.7844133657400246,0.9441941092726093,0.101710653843453,0.06420760969869066,0.9023395510480461,0.10735707301675794,-0.2602291913148914,-0.031167063218292546,0
2025-10-17 00:00:00+00:00,0.6449440121650696,0.6539419889450073,0.5951690077781677,0.6248430013656616,1684167803,0.7684727042913437,0.8175410223007202,33.35460078429048,-0.05121780753553251,-0.0359104557361067,-0.015307351799425814,0.9488934010672115,0.7684727042913437,0.5880520075154759,-0.031167063218292546,-0.06572800329678286,-0.10928219101542225,0.8130971963953724,0.7642955941308379,0.9399806044334159,0.056919068610261546,0.06440808122878516,1.077690156651976,0.10195890634401618,-0.23883361348198762,0.015392641469729629,1
2025-10-18 00:00:00+00:00,0.6248480081558228,0.6408190131187439,0.6243500113487244,0.634460985660553,549396048,0.7597874522209167,0.8136875021457672,34.87007989789082,-0.05336348240661437,-0.039401061070208236,-0.013962421336406135,0.948687392849967,0.7597874522209167,0.5708875115918665,0.015392641469729629,-0.016254165178346547,-0.12999105265837885,0.8350506234420891,0.7797354438742419,0.9337582919945172,0.057212591755935155,0.06389195094815278,0.35376865690958514,0.1682728799622232,-0.24371333618715885,0.028512406748694152,1
2025-10-19 00:00:00+00:00,0.634460985660553,0.6644870042800903,0.6234109997749329,0.652550995349884,874038329,0.7520751506090164,0.8102904224395752,37.737843570403065,-0.052993358157667814,-0.04211952048770016,-0.010873837669967655,0.945436174569728,0.7520751506090164,0.5587141266483049,0.028512406748694152,0.0443439294729453,-0.06737395139094993,0.8676672734386456,0.8053297648332329,0.9281550537703659,0.03603221483775342,0.06445096625663432,0.5659942928353311,0.24264680332021202,-0.19995806864071441,0.016397166639462224,1
2025-10-20 00:00:00+00:00,0.6525499820709229,0.6754990220069885,0.6406800150871277,0.6632509827613831,1048326206,0.7448775500059128,0.8073282217979432,39.43649004065506,-0.05124590160891307,-0.04394479671194275,-0.00730110489697032,0.9403041285119017,0.7448775500059128,0.549450971499924,0.016397166639462224,0.04537709607290674,-0.008299975152923578,0.8904161264574536,0.821538210672611,0.9226452512053265,0.03153435546778894,0.06466415721420406,0.6798878388436919,0.29115796871501715,0.04476120210719148,-0.030662578897964976,0
2025-10-21 00:00:00+00:00,0.6632140278816223,0.6846290230751038,0.6379320025444031,0.6429139971733093,1195836837,0.7345212489366532,0.8041827821731568,37.35072276031135,-0.05091513647820889,-0.04533886466519598,-0.005576271813012908,0.9284296445169962,0.7345212489366532,0.5406128533563102,-0.030662578897964976,-0.014768191674288333,-0.003147583283928057,0.8752830474326492,0.7994625244722996,0.9133759951335242,0.030294571572461713,0.06322367264438579,0.7802183022630661,0.2637872989223209,0.016979376252802547,-0.029462725286791835,0
2025-10-22 00:00:00+00:00,0.642920970916748,0.6466839909553528,0.6113529801368713,0.6239719986915588,1083621498,0.7222038477659225,0.7999706017971039,35.469062531195576,-0.05158680314667763,-0.04658845236149231,-0.004998350785185318,0.9110215963835948,0.7222038477659225,0.5333860991482502,-0.029462725286791835,-0.05922190104610148,-0.0013939544368730683,0.8639832100337935,0.7799936613793422,0.9027879851378522,0.028095331756149318,0.06276382352220096,0.7147929203445014,0.23987654817008633,-0.11052381105725817,0.03024651161057923,1
2025-10-23 00:00:00+00:00,0.6239719986915588,0.6529579758644104,0.6232540011405945,0.6428449749946594,786265376,0.7110303461551666,0.7960969007015228,38.778436834400324,-0.05001961734825999,-0.04727468535884585,-0.00274493198941414,0.8901395672074757,0.7110303461551666,0.5319211251028575,0.03024651161057923,-0.00010735833867880906,0.013214349697763694,0.9041034302836531,0.807495889543324,0.8931454770500986,0.028905484035095623,0.06353087219311201,0.5296699086272328,0.30965421333446164,-0.11849445018802329,0.02029420270410731,1
2025-10-24 00:00:00+00:00,0.6428490281105042,0.6588299870491028,0.6396870017051697,0.6558910012245178,838536144,0.7018287956714631,0.7930169808864593,41.02973756685165,-0.047181032452550675,-0.04725595477758682,7.492232503614193e-05,0.8717293564067607,0.7018287956714631,0.5319282349361654,0.02029420270410731,0.051154543152403864,0.005118382928590792,0.9345455832957167,0.8270831735423146,0.8850110559889105,0.02609674841101328,0.06379778166989714,0.5664973601435359,0.3648097621098627,-0.06260041414499029,-0.0018722240271173973,0
2025-10-25 00:00:00+00:00,0.6558939814567566,0.6586470007896423,0.6490070223808289,0.6546630263328552,469372495,0.6926943480968475,0.7894888615608215,40.877364604806765,-0.04451735245493338,-0.04670823431305614,0.002190881858122759,0.8511764684914609,0.6926943480968475,0.5342122277022341,-0.0018722240271173973,0.01838398338307612,-0.012948275466962311,0.9450965323039203,0.8292238918210761,0.8773959732976966,0.026014137505701564,0.06380530733877732,0.3277621950622744,0.3800138410904146,-0.021140780255236913,0.040326044075694734,1
2025-10-26 00:00:00+00:00,0.6546639800071716,0.6842309832572937,0.6474819779396057,0.6810629963874817,788298972,0.6831566989421844,0.7867411017417908,45.55836781252227,-0.039817122908796465,-0.0453300120322042,0.005512889123407735,0.8173483617843814,0.6831566989421844,0.5489650360999875,0.040326044075694734,0.0383783206599404,0.05933763984281182,0.9969352528373875,0.8656761352364265,0.8683373697264861,0.028109290359228312,0.06377036664805942,0.56523066229752,0.49219883519453494,0.05600328639560681,-0.02011265023510156,0
2025-10-27 00:00:00+00:00,0.6810600161552429,0.6918720006942749,0.6652489900588989,0.6673650145530701,909288252,0.6754798501729965,0.7833872222900391,43.62822036281679,-0.03677356699580692,-0.04361872302492475,0.006845156029117831,0.7930267888394649,0.6754798501729965,0.5579329115065281,-0.02011265023510156,0.019402330220733566,0.06954321019613774,0.9879865615268195,0.8518967319918663,0.8622553839956668,0.029320674875821434,0.06281349506197648,0.6683272429622334,0.4654825735489729,0.06805231569285719,-0.03160488962336272,0
2025-10-28 00:00:00+00:00,0.6673629879951477,0.6745150089263916,0.6394090056419373,0.6462730169296265,1559874688,0.6658477008342742,0.7790116226673126,40.764378905651036,-0.03565249517073876,-0.04202547745408755,0.006372982283348788,0.7551940877505693,0.6658477008342742,0.5765013139179792,-0.03160488962336272,-0.051081881767750525,0.005332610611128219,0.9706018600347772,0.8296063859956375,0.8547339750264977,0.029493270003189326,0.06259984504019536,1.1289039276147332,0.39045620880569853,0.018617427290309463,-0.009451184589171935,0
2025-10-29 00:00:00+00:00,0.6462600231170654,0.6566420197486877,0.6342689990997314,0.6401649713516235,1145954584,0.657073649764061,0.7745142817497254,39.94660991008736,-0.03485511780209882,-0.04059140552368981,0.005736287721590988,0.7125117801886477,0.657073649764061,0.6016355193394743,-0.009451184589171935,-0.040757370566783746,-0.02397659038397315,0.9742666922977219,0.8265373362843745,0.8483686682699366,0.026890218188674323,0.062474733050150416,0.8308647063408225,0.3474995613764554,-0.018980928826289434,-0.0609873981698269,0
2025-10-30 00:00:00+00:00,0.6401619911193848,0.6476460099220276,0.5887799859046936,0.6011229753494263,1228514788,0.6553880482912063,0.7688429808616638,35.09967357050991,-0.03694764384334426,-0.0398626531876207,0.002915009344276444,0.7155241755185197,0.6553880482912063,0.595251921063893,-0.0609873981698269,-0.06986217960128238,-0.08178261002967835,0.9172016134818671,0.781854020018146,0.8524341960652286,0.03336504033781934,0.040172238823492544,0.9983883895321286,0.048814702211707,-0.09367194173356919,0.013378356537371294,1
2025-10-31 00:00:00+00:00,0.6011499762535095,0.6190329790115356,0.6003440022468567,0.6091650128364563,869785976,0.654237300157547,0.7631421208381652,36.80072806270639,-0.0375245014967126,-0.03939502284943909,0.001870521352726487,0.7170639630845786,0.654237300157547,0.5914106372305153,0.013378356537371294,-0.04842495278945824,-0.1055673027787285,0.9311071268632394,0.7982327225856769,0.8572941819002112,0.032440604541956235,0.04031308889089788,0.7637510281426951,0.1412965035765253,-0.05249377752737805,0.004985473224167425,1
2025-11-01 00:00:00+00:00,0.6091650128364563,0.6165509819984436,0.6048229932785034,0.612201988697052,496102908,0.6497721493244171,0.7570444202423096,37.4672869853435,-0.037306559971335806,-0.03897733027381843,0.0016707703024826243,0.7111306823720599,0.6497721493244171,0.5884136162767742,0.004985473224167425,0.018430527199839064,-0.0826579527741057,0.942179484506334,0.8086738008069627,0.8583012197836984,0.03282980616627447,0.030864737268906546,0.45781318991210174,0.19384730402376874,-0.018863041962120075,-0.0022835066928438286,0
2025-11-02 00:00:00+00:00,0.612201988697052,0.6181179881095886,0.594864010810852,0.61080402135849,566990964,0.6438494503498078,0.7506636404991149,37.272412784760164,-0.03682218084346056,-0.03854630038774686,0.0017241195442862997,0.6949058229832253,0.6438494503498078,0.5927930777163902,-0.0022835066928438286,0.002690582169849076,-0.054882371137272346,0.9486752237291435,0.8136853690587271,0.8577069883412941,0.025211722873690213,0.028948949871676226,0.5524866376068602,0.17638291473835718,-0.04984242684083451,-0.09575909108784686,0
2025-11-03 00:00:00+00:00,0.6107919812202454,0.6109489798545837,0.5414680242538452,0.5523139834403992,1542270537,0.6364805489778519,0.7439301002025605,30.19589545923118,-0.04068892750490505,-0.0389748258111785,-0.001714101693726551,0.6955191868579611,0.6364805489778519,0.5774419110977427,-0.09575909108784686,-0.09782393125529099,-0.13723179468214053,0.8677625487964731,0.7424272566602867,0.8555649903190478,0.03972602515375717,0.03431005299098128,1.5265949717018235,-0.2128091751402804,-0.15791803453736242,-0.055797945477861655,0
2025-11-04 00:00:00+00:00,0.5523070096969604,0.5624409914016724,0.4933930039405823,0.5214959979057312,1869312291,0.6291152477264405,0.7370898604393006,27.259240966757687,-0.045713153193931544,-0.040322491287729106,-0.0053906619062024375,0.7054086283858396,0.6291152477264405,0.5528218670670413,-0.055797945477861655,-0.14621387602217928,-0.13246370661079587,0.8289355563871096,0.707506677130144,0.8535122805128428,0.041319386737190114,0.0349913091829717,1.7918050113206145,-0.2052987355558402,-0.20341308897963772,0.047265988825786254,1
2025-11-05 00:00:00+00:00,0.5214890241622925,0.5489150285720825,0.4975279867649078,0.5461450219154358,1137029829,0.6241752982139588,0.7303989613056183,32.88169704500031,-0.04716226082764896,-0.04169044519571308,-0.0054718156319358835,0.7085225456876559,0.6241752982139588,0.5398280507402616,0.047265988825786254,-0.011169301719533786,-0.1034530703389881,0.8749865998833948,0.7477352116426603,0.8545676147981093,0.05044103660377619,0.03687288820360855,1.1016137977752032,0.03744622002718015,-0.19809911151785164,-0.02776369606952811,0
2025-11-06 00:00:00+00:00,0.5461379885673523,0.5461379885673523,0.518979012966156,0.5309820175170898,872096877,0.6194822490215302,0.7227567613124848,31.279983056143166,-0.048969724300912176,-0.0431463010167529,-0.005823423284159274,0.713556938014058,0.6194822490215302,0.5254075600290024,-0.02776369606952811,0.018190014208073313,-0.13266858435534068,0.8571383899309043,0.7346621241603565,0.8571102785625775,0.047567009744755015,0.03676618883702786,0.8795327281784704,0.02962782841902492,-0.20436042354919526,0.0848032194333439,1
2025-11-07 00:00:00+00:00,0.5309919714927673,0.5855069756507874,0.5208110213279724,0.5760110020637512,1278710472,0.61655974984169,0.7157698619365692,40.5424990718709,-0.04623571287822614,-0.043764183389047556,-0.0024715294891785866,0.712292151549547,0.61655974984169,0.5208273481338331,0.0848032194333439,0.05468507255375088,-0.0569626559061539,0.934233871432006,0.8047433018558648,0.8613938398768862,0.060863567148707616,0.041946704970227976,1.2438679868429006,0.2882182675115581,-0.1087187814210201,-0.013173409675490966,0
2025-11-08 00:00:00+00:00,0.5759689807891846,0.5914940237998962,0.5550140142440796,0.5684229731559753,784247690,0.6123533487319947,0.7093196213245392,39.5744832112328,-0.04417209127328647,-0.043845764965895345,-0.0003263263073911282,0.7088173521738352,0.6123533487319947,0.5158893452901541,-0.013173409675490966,0.07051266220645691,0.029166362247850852,0.9282597610236208,0.8013636674741039,0.8632967851481738,0.060685920716103944,0.041277677551590584,0.7662246539128467,0.27229653545062793,-0.11206798466991164,0.017965502217519802,1
2025-11-09 00:00:00+00:00,0.5684450268745422,0.5834720134735107,0.549472987651825,0.5786349773406982,714096111,0.6081225484609604,0.7030136609077453,41.59556763848172,-0.041237275251566285,-0.04332406702302953,0.002086791771463245,0.7025889833922206,0.6081225484609604,0.5136561135297001,0.017965502217519802,0.004555425621291631,0.10956743611538866,0.951510478940652,0.8230778568279217,0.8650223776245548,0.06153380026098688,0.04132405279054266,0.7092657527319916,0.3439256697803874,-0.037409979207093214,0.02477388481362164,1
2025-11-10 00:00:00+00:00,0.5786679983139038,0.6012809872627258,0.5764849781990051,0.5929700136184692,831314134,0.6056253492832184,0.6971675610542297,44.4065628377679,-0.03732444185339845,-0.04212414198910332,0.004799700135704868,0.6988517224943012,0.6056253492832184,0.5123989760721357,0.02477388481362164,0.043184462313697214,0.08573728556347393,0.9791036889725186,0.8505416011063438,0.868694103276141,0.0475204412405925,0.04144060237804252,0.8409138132707616,0.4321257749880764,-0.026585570209586185,-0.06145680314374613,0
2025-11-11 00:00:00+00:00,0.5929809808731079,0.6052200198173523,0.5547890067100525,0.5565279722213745,857150089,0.6022531479597092,0.6917830801010132,39.23652819670041,-0.03674053930983412,-0.04104742145324948,0.004306882143415361,0.6975416430949974,0.6022531479597092,0.5069646528244209,-0.06145680314374613,-0.0382054420922211,0.0481107718557765,0.9240764852898806,0.8044833535681605,0.8705809165956604,0.04887797369049612,0.043091918842930135,0.8770946433151815,0.2600697981775491,-0.09094060049391273,-0.02024506827146655,0
2025-11-12 00:00:00+00:00,0.5565249919891357,0.5801439881324768,0.540585994720459,0.545261025428772,766808820,0.5973739504814148,0.6865359210968017,37.772302635442614,-0.03676315798069829,-0.04019056875873924,0.00342741077804095,0.6938964174023121,0.5973739504814148,0.5008514835605176,-0.02024506827146655,-0.08045767423982142,-0.053384356418205936,0.9127633118072092,0.794220679025315,0.8701277414982995,0.047003224297069136,0.04240348113093469,0.7854331433951146,0.23004769399775707,-0.10730609759893817,-0.02594359268217339,0
2025-11-13 00:00:00+00:00,0.5452640056610107,0.5700870156288147,0.517212986946106,0.5311149954795837,1056326483,0.5911351501941681,0.680894501209259,35.95793548651707,-0.03749038402383831,-0.03965053181175906,0.0021601477879207506,0.6878619360746335,0.5911351501941681,0.49440836431370255,-0.02594359268217339,-0.04566343114858218,-0.06563418341319271,0.8984662734150224,0.7800253850432498,0.8681743634943746,0.04682421464351229,0.04207699018806553,1.0700473275041154,0.18974387927684824,-0.038382131534612896,-0.06155916455299304,0
2025-11-14 00:00:00+00:00,0.5310980081558228,0.5320929884910583,0.4943679869174957,0.4984200000762939,1192463993,0.58332299888134,0.6756071209907532,32.11793942641334,-0.040241054955633904,-0.039768636440534036,-0.00047241851509986776,0.6836184063525574,0.58332299888134,0.4830275914101226,-0.06155916455299304,-0.08590569134414872,-0.13862794405042345,0.8544494234448706,0.7377364515421021,0.8634056402867959,0.034092718772470276,0.04358609783737884,1.165275866329568,0.07673536134039134,-0.04424961633858726,0.009991628897047411,1
2025-11-15 00:00:00+00:00,0.4984279870986938,0.5142670273780823,0.4980849921703338,0.5034000277519226,711753171,0.574439850449562,0.6698312616348266,33.28658908007489,-0.04154028433313728,-0.04012296601905469,-0.001417318314082587,0.6696265581566748,0.574439850449562,0.47925314274244923,0.009991628897047411,-0.052182611983371374,-0.15105314570624828,0.8763320082302037,0.7515325972145539,0.8575888934290001,0.035934488617405065,0.04215040493837398,0.6981362791950357,0.12683958501733644,-0.07826674683145196,-0.036859384788691996,0
2025-11-16 00:00:00+00:00,0.5034040212631226,0.5083739757537842,0.4760879874229431,0.4848450124263763,1034979545,0.5653138503432273,0.6638941413164139,31.13577327873608,-0.04356497769665901,-0.04081136835457556,-0.002753609342083456,0.6579522425294022,0.5653138503432273,0.4726754581570525,-0.036859384788691996,-0.027236041185826565,-0.12880387576724417,0.8576563481188462,0.7303047010853162,0.8515120335634911,0.03298917034531572,0.04244045944378156,1.008959294485064,0.06568310385216275,-0.0868899577926453,-0.039833363442276504,0
2025-11-17 00:00:00+00:00,0.4848319888114929,0.4972000122070312,0.4581420123577118,0.4655320048332214,1209943614,0.5562767997384072,0.6570414608716965,29.03296990621709,-0.04619544771600437,-0.041888184226861316,-0.004307263489143051,0.6509035512400445,0.5562767997384072,0.4616500482367698,-0.039833363442276504,-0.0752245149604217,-0.14622174862554094,0.8368711494927361,0.7085275930922235,0.8466388087600972,0.024981087856504807,0.04264941355642945,1.1999925036049341,0.02051194051813352,-0.1918001510990277,0.020295042553254206,1
2025-11-18 00:00:00+00:00,0.4655300080776214,0.4812250137329101,0.4586679935455322,0.4749799966812134,1101225671,0.5480175510048866,0.6504051202535629,31.471263595657106,-0.04697622746732111,-0.04290579287495328,-0.004070434592367826,0.6406290156034634,0.5480175510048866,0.4554060864063098,0.020295042553254206,-0.020346740695122434,-0.10569273938063417,0.8667240598594954,0.730283298655522,0.8425787773491695,0.028678449914742162,0.04338010261708993,1.0945965772339594,0.10567757652762773,-0.16438986615187556,-0.024718898931614053,0
2025-11-19 00:00:00+00:00,0.4749720096588135,0.4761779904365539,0.4389689862728119,0.4632390141487121,1037561742,0.5411233529448509,0.643525840640068,30.087794831012275,-0.04798921046633209,-0.04392247639322904,-0.004066734073103047,0.6375400046083848,0.5411233529448509,0.4447067012813171,-0.024718898931614053,-0.004925527484046399,-0.07058502050920223,0.8560691598832615,0.7198452414715192,0.8408727649640847,0.02868210107009684,0.042046105960677344,1.0411970337042946,0.09610535393858825,-0.19942790828567802,-0.06657472386600827,0
2025-11-20 00:00:00+00:00,0.463238000869751,0.4699659943580627,0.4296410083770752,0.4323990046977997,988316139,0.5322850525379181,0.6351730203628541,26.760139787907434,-0.05069614421985991,-0.04527720995855522,-0.0054189342613046865,0.6346629040178385,0.5322850525379181,0.42990720105799773,-0.06657472386600827,-0.08964796892697835,-0.14104294624535163,0.8123448190704117,0.6807578263490851,0.8380158405245876,0.033210860399730216,0.04327930750583526,0.9859153818058721,0.01216964218227744,-0.2707911112415622,-0.05377443077536603,0
2025-11-21 00:00:00+00:00,0.4323320090770721,0.4380179941654205,0.3911179900169372,0.4091469943523407,1770073071,0.5221323028206826,0.6259495598077774,24.555081803789477,-0.054094088650097905,-0.04704058569686376,-0.0070535029532341476,0.6311957941331889,0.5221323028206826,0.4130688115081762,-0.05377443077536603,-0.11676913676145251,-0.1561282804482398,0.7836078942866235,0.6536421153135493,0.8341443725609838,0.03202723373499083,0.043764716977363276,1.660273284550214,-0.017979514082297622,-0.26482222857687543,-0.011093771112258066,0
2025-11-22 00:00:00+00:00,0.409166008234024,0.4117589890956878,0.3916719853878021,0.4046080112457275,553773916,0.5118225023150444,0.6167154198884964,24.136965551296427,-0.05650192309653723,-0.048932853176798456,-0.007569069919738776,0.6245158076917673,0.5118225023150444,0.3991291969383216,-0.011093771112258066,-0.06427164066091018,-0.130869613592561,0.7905240770298866,0.6560692309572567,0.8299168235611543,0.028753756625356997,0.04363139509375056,0.5197448146090351,0.024308517214446455,-0.25795537847664873,0.009740290351074377,1
2025-11-23 00:00:00+00:00,0.4046089947223663,0.4176949858665466,0.4020949900150299,0.4085490107536316,646391172,0.504634253680706,0.6080879598855973,25.32590066810232,-0.057430124789310366,-0.05063230749930084,-0.006797817290009528,0.6245608942059634,0.504634253680706,0.38470761315544866,0.009740290351074377,-0.0014615373129055476,-0.139860597060401,0.8095942908626456,0.6718584114549712,0.8298704907356584,0.03218894786266539,0.040162562102494,0.633295419722426,0.09939992271009115,-0.2307710868063103,0.047223172556265514,1
2025-11-24 00:00:00+00:00,0.4085580110549927,0.4335879981517792,0.4042989909648895,0.4278419911861419,814509902,0.49995155334472646,0.5998977601528168,31.024891563024397,-0.0559638328071026,-0.051698612560861196,-0.004265220246241402,0.6243368420953156,0.49995155334472646,0.37556626459413733,0.047223172556265514,0.05742343031933661,-0.07641200736863407,0.855766900460326,0.7131915129623992,0.8333945991353089,0.04063122460806498,0.041140913492791455,0.8414892054570022,0.2101362915064061,-0.14160348477057205,-0.014549740369789621,0
2025-11-25 00:00:00+00:00,0.4278430044651031,0.4286209940910339,0.4058830142021179,0.4216170012950897,652730619,0.49372515231370917,0.5908937805891037,30.22340657296209,-0.05467384446127338,-0.052293658940943635,-0.0023801855203297445,0.6208120926205952,0.49372515231370917,0.3666382120068231,-0.014549740369789621,0.03198634728634442,-0.02493531040906405,0.8539508253109972,0.7135241817484523,0.8355565222255,0.03817983628358502,0.03895138920131852,0.6916543958725542,0.2163038513458005,-0.1624613070087788,0.03321736390285546,1
2025-11-26 00:00:00+00:00,0.4216170012950897,0.4365760087966919,0.4116590023040771,0.4356220066547394,582375709,0.4889571517705916,0.5831881809234619,34.33355885924668,-0.051922897672047275,-0.052219506687164366,0.00029660901511709137,0.6173077442739213,0.4889571517705916,0.36060655926726193,0.03321736390285546,0.018184319512510427,0.06470782547066567,0.8909206155943988,0.7469664525178551,0.838420886713345,0.042114823252699746,0.04003549415429493,0.6267242167404964,0.29222867586501944,-0.10152317649985398,-0.0044465199507780495,0
2025-11-27 00:00:00+00:00,0.4356220066547394,0.4384619891643524,0.4272069931030273,0.4336850047111511,482157613,0.48184085190296166,0.5750835609436035,34.03494860990472,-0.049330402221036185,-0.051641685793938734,0.002311283572902549,0.6055678070092221,0.48184085190296166,0.35811389679670125,-0.0044465199507780495,0.028623142280771008,0.07186460143460804,0.9000586044092652,0.7541251987790365,0.8378623292802039,0.03333872298024932,0.03345190750568332,0.5421095271876403,0.3053946807692275,-0.06840990477868336,-0.031022493456937528,0
2025-11-28 00:00:00+00:00,0.4336790144443512,0.4352410137653351,0.4161570072174072,0.4202310144901275,624407301,0.47443125396966923,0.5671752613782882,31.955998739562318,-0.04781032777168143,-0.050875414189487274,0.003065086417805847,0.594005914864966,0.47443125396966923,0.3548565930743724,-0.031022493456937528,-0.03533107127163637,0.02859388574934174,0.8857574431995435,0.7409191534005333,0.836480866278895,0.027762439961044626,0.03367862798326345,0.7084122890313428,0.2733623533877254,-0.1152658692442391,-0.011536519724355099,0
2025-11-29 00:00:00+00:00,0.4202289879322052,0.4215719997882843,0.4130269885063171,0.4153830111026764,379239805,0.46626865565776815,0.5627862215042114,31.216063778336093,-0.046461274524357665,-0.04999258625646135,0.0035313117321036855,0.5779181933864028,0.46626865565776815,0.35461911792913353,-0.011536519724355099,-0.04220112157362799,-0.029120517247324118,0.8908662550277864,0.7380831214958379,0.8285004817842346,0.027803438307479948,0.03281955062527099,0.43859224561668,0.27211887487268477,-0.10330736743747726,0.0012084998781383138,1
2025-11-30 00:00:00+00:00,0.4153760075569153,0.4270910024642944,0.4144589900970459,0.4158850014209747,397706532,0.45741440504789344,0.558460322022438,31.393207342715826,-0.044834805948791245,-0.04896103019492733,0.0041262242461360815,0.5538007056515227,0.45741440504789344,0.3610281044442642,0.0012084998781383138,-0.010341961728897897,-0.013595276889944996,0.9092083608023441,0.7446992830481968,0.8190633909162759,0.027701247668436336,0.031685149642840006,0.4717781862743138,0.2845679138693125,-0.03819158484966101,-0.07254651361522235,0
2025-12-01 00:00:00+00:00,0.4158929884433746,0.4158929884433746,0.3719289898872375,0.3857139945030212,965561899,0.44887370616197575,0.5521445018053055,26.90785486718721,-0.04545637321838314,-0.04826009879961849,0.0028037255812353515,0.5383018236165822,0.44887370616197575,0.3594455887073693,-0.07254651361522235,-0.07142568618994738,-0.11456724267668539,0.8592929129242348,0.6985743645764488,0.8129641872631658,0.03234057345266937,0.03258651196610955,1.1380769043179007,0.14686882908491097,-0.05727281434979814,0.12509273772265384,1
2025-12-02 00:00:00+00:00,0.3857139945030212,0.4383659958839416,0.3856909871101379,0.4339640140533447,837346960,0.44330885559320443,0.5462386220693588,41.341718469309136,-0.041576330366118686,-0.04692334511291853,0.005347014746799841,0.5204962915435354,0.44330885559320443,0.3661214196428734,0.12509273772265384,0.04347118210706946,0.0006433456060566112,0.9789202461851227,0.7944586788999369,0.8115662966375072,0.06178337421396653,0.04558897896041049,0.9828682249618537,0.43946656327674266,0.07255418081622889,0.03881655465375067,1
2025-12-03 00:00:00+00:00,0.4339540004730224,0.4531520009040832,0.4281060099601745,0.4508090019226074,817986188,0.43929355591535557,0.5412609618902207,45.395829124538736,-0.036718846701798036,-0.04488244543069443,0.008163598728896396,0.5047054615417188,0.43929355591535557,0.37388165028899234,0.03881655465375067,0.16876496146700326,0.07276470888180553,1.0262135554965224,0.8328865993739285,0.8116113794374362,0.06223346858675813,0.04671172066386558,0.9737638354625983,0.58802255412821,0.10343922040349773,-0.025188078780218337,0
2025-12-04 00:00:00+00:00,0.4507510066032409,0.4546679854393005,0.4355809986591339,0.4394539892673492,642155044,0.43634525537490837,0.5366740012168885,43.22701129086956,-0.03340049046205973,-0.042586054436967495,0.009185563974907766,0.495557891752363,0.43634525537490837,0.37713261899745376,-0.025188078780218337,0.012650761436937108,0.057948874945014994,1.007124481942103,0.8188471740216658,0.8130545813389723,0.06332622736735018,0.04516422120186883,0.7903351557027193,0.5262505951653969,0.027140856485391662,-0.052754073766537846,0
2025-12-05 00:00:00+00:00,0.4394519925117492,0.4423460066318512,0.410658985376358,0.4162710011005401,590647098,0.43198880404233925,0.5321005409955979,39.11788950511894,-0.03226936151873888,-0.040522715853321775,0.008253354334582894,0.4826293479801954,0.43198880404233925,0.3813482601044831,-0.052754073766537846,-0.07661337878074725,0.0009281404192182929,0.9636152539262137,0.7823164402758688,0.8118556001353757,0.06578821023869287,0.04621120067344403,0.7323998004167568,0.34481008970709975,-0.01267975479671879,-0.005621311455105249,0
2025-12-06 00:00:00+00:00,0.4162710011005401,0.42084801197052,0.4104210138320923,0.4139310121536255,326306941,0.42844310402870167,0.5278823012113572,38.717821525576746,-0.031202073156987975,-0.03865858731405501,0.007456514157067037,0.473075102440166,0.42844310402870167,0.38381110561723736,-0.005621311455105249,-0.05807883814247583,0.07315528617767919,0.9661283102969397,0.7841350452624721,0.8116261959257441,0.06564654633949019,0.04572635774229366,0.42321416126980915,0.3374250269807708,-0.04979315592360678,0.006957626130193129,1
2025-12-07 00:00:00+00:00,0.4139330089092254,0.4343140125274658,0.407584011554718,0.4168109893798828,609158162,0.4260070532560348,0.5235293012857437,39.53742715344255,-0.029780557617259562,-0.03688298137469592,0.00710242375743636,0.4673098000779827,0.4260070532560348,0.3847043064340869,0.006957626130193129,0.0012972036916216734,-0.0395263757315909,0.978413353004686,0.7961559904216063,0.8137215093974635,0.0656813574316563,0.04514617548257433,0.8220962345219947,0.3886749116736074,-0.038908459245684535,0.03690163834090665,1
2025-12-08 00:00:00+00:00,0.4168330132961273,0.4399810135364532,0.4154509902000427,0.4321919977664947,627341088,0.42386765331029885,0.519122121334076,43.856131825268704,-0.027100480014070172,-0.034926481102570774,0.007826001088500602,0.4583608836445807,0.42386765331029885,0.389374422976017,0.03690163834090665,0.0441160122742672,-0.04129687756170586,1.0196390179604053,0.8325439814736035,0.8165085552914109,0.05746048582825204,0.045775767706880285,0.874602197193748,0.6206663506943637,0.028462876046594587,0.0874912261841625,1
2025-12-09 00:00:00+00:00,0.4321919977664947,0.4828679859638214,0.4246360063552856,0.4700050055980682,1369159342,0.42420595288276663,0.5152572017908096,52.78485415810155,-0.02167544445789521,-0.032276273773635664,0.010600829315740454,0.4604150859254505,0.42420595288276663,0.3879968198400828,0.0874912261841625,0.12762143411171967,0.06952039821427758,1.1079641914595162,0.9121755192640404,0.8232897112518011,0.046456351331467534,0.04977052409255039,1.865677189639742,1.1324240442502855,0.13149790202153944,-0.034265584435389185,0
2025-12-10 00:00:00+00:00,0.4700010120868683,0.4741039872169494,0.4534879922866821,0.453900009393692,1065976755,0.42528100311756123,0.5114769220352173,49.196269133396605,-0.01846277590502582,-0.029513574199913697,0.011050798294887879,0.46372228433689006,0.42528100311756123,0.3868397218982324,-0.034265584435389185,0.05022770375060426,0.09039545919285286,1.0672943443660463,0.8874300869481636,0.8314764260043758,0.0477177407224536,0.047921782307735326,1.4449019116527901,0.87224313769413,0.09140749929146175,-0.06291257650756332,0
2025-12-11 00:00:00+00:00,0.453902006149292,0.4545190036296844,0.4110310077667236,0.4253439903259277,1224577869,0.4260908529162406,0.5075043618679047,43.5435262648934,-0.01801329891994946,-0.02721351914392085,0.009200220223971389,0.4637759974921118,0.4260908529162406,0.3884057083403694,-0.06291257650756332,-0.09502242474058464,0.027572174679355577,0.9982471752556966,0.8381090337044984,0.8395806714803079,0.05311604300748384,0.04853615298098168,1.7236032436379773,0.4900907559368749,0.10274451118624395,-0.038107924117527725,0
2025-12-12 00:00:00+00:00,0.425368994474411,0.4286330044269562,0.4044579863548279,0.4091350138187408,753251550,0.42631720304489135,0.5028301626443863,40.68584974869613,-0.01874888859409607,-0.025520593033955895,0.0067717044398598256,0.4635102170571198,0.42631720304489135,0.3891241890326629,-0.038107924117527725,-0.09862303293350261,-0.018415962526712848,0.959696232984665,0.8136644223311859,0.8478353820361274,0.051100785931403436,0.04931961646929768,1.045530156006383,0.26901321817450274,-0.057214422004014054,0.004697670715507085,1
2025-12-13 00:00:00+00:00,0.4091340005397796,0.4154410064220428,0.4075739979743957,0.4110569953918457,336899500,0.4264426022768021,0.49793348252773284,41.17879838754869,-0.018958222274913616,-0.02420811888214744,0.005249896607233823,0.463399539278807,0.4264426022768021,0.38948566527479717,0.004697670715507085,-0.03358927188117622,-0.04890188269072915,0.9639210369629776,0.8255259182514434,0.8564248383378216,0.05110638531090286,0.049289148353970996,0.4778887173541744,0.2918441281521557,-0.08817926519041908,-0.03520920794525617,0
2025-12-14 00:00:00+00:00,0.4110560119152069,0.4112190008163452,0.3947969973087311,0.396584004163742,534338410,0.42487970292568206,0.49277190208435057,38.57872844554421,-0.020060722638195916,-0.023378639633357137,0.0033179169951612214,0.46415832083745723,0.42487970292568206,0.3856010850139069,-0.03520920794525617,-0.030676938494829664,-0.15621323296525325,0.9334030348658726,0.8048023892723016,0.8622238831567003,0.05262703794380295,0.04870161536758643,0.7733205981907342,0.13980786155083375,-0.09755284091305971,-0.021415402891272528,0
2025-12-15 00:00:00+00:00,0.3965669870376587,0.4061709940433502,0.3791379928588867,0.3880909979343414,668504094,0.4232034027576447,0.48691246211528777,37.09841218274958,-0.0213733975207403,-0.02297759121083377,0.0016041936900934688,0.4657905533203098,0.4232034027576447,0.3806162521949796,-0.021415402891272528,-0.05587059146289841,-0.1449857019109928,0.9170318466380313,0.7970447013172809,0.8691570573468738,0.04922532060081066,0.048813687408560916,0.9663886743190698,0.08775822801719316,-0.06769629181878212,-0.00609137967987361,0
2025-12-16 00:00:00+00:00,0.3880929946899414,0.390947014093399,0.3801220059394836,0.3857269883155823,555939135,0.4207086518406868,0.481279701590538,36.67655291695755,-0.02234685698496247,-0.02285144436565951,0.0005045873806970406,0.465993004641745,0.4207086518406868,0.3754242990396286,-0.00609137967987361,-0.02737633322113786,-0.09314108794622478,0.9168506200857707,0.8014611608194316,0.8741458458570445,0.02237458586657809,0.04806290761940338,0.805203521884692,0.11375550978077498,-0.06813701561354779,-0.04984095465836369,0
2025-12-17 00:00:00+00:00,0.3857240080833435,0.3987720012664795,0.3653709888458252,0.3665019869804382,687147387,0.41734950095415113,0.47568428099155424,33.354764462855,-0.024388492204635626,-0.023158853933454734,-0.0012296382711808919,0.46820532146413635,0.41734950095415113,0.3664936804441659,-0.04984095465836369,-0.05562873415980574,-0.10420283133525776,0.8781656289094283,0.770473193304753,0.8773666014024987,0.023870630382915696,0.04909625904271769,0.9806828842218939,8.166750815308706e-05,-0.12069979842492318,-0.041137552950674006,0
2025-12-18 00:00:00+00:00,0.3665109872817993,0.3778760135173797,0.3477149903774261,0.3514249920845032,753416756,0.4139091998338699,0.46990948140621186,30.984681295455857,-0.02691285566240703,-0.023909654279245195,-0.003003201383161836,0.4726432446411561,0.4139091998338699,0.35517515502658376,-0.041137552950674006,-0.08892817269766706,-0.14506991481922726,0.8490388525443602,0.7478567809120559,0.8808275129823723,0.01993716799374201,0.04940497493432122,1.0654526497343417,-0.03192495046429495,-0.1868776055535124,0.07172232113221089,1
2025-12-19 00:00:00+00:00,0.3514269888401031,0.3794440031051636,0.3472779989242553,0.3766300082206726,611822292,0.41197154968976973,0.4654196220636368,38.8122528511799,-0.026573277532563055,-0.02444237892990877,-0.0021308986026542867,0.4730125097745216,0.41197154968976973,0.3509305896050179,0.07172232113221089,0.027634287398215385,-0.050314676672715164,0.9142136356364641,0.8092267501544574,0.8851615405966723,0.04128143507554469,0.052483044415652574,0.8512166255761775,0.21050961993366885,-0.19866809132932217,-0.009385875774256758,0
2025-12-20 00:00:00+00:00,0.3766300082206726,0.3799349963665008,0.3722710013389587,0.3730950057506561,301429029,0.4098320499062538,0.4606982219219208,38.15857891873406,-0.026286391416674493,-0.024811181427261915,-0.0014752099894125778,0.47324882622899106,0.4098320499062538,0.3464152735835166,-0.009385875774256758,0.0616632685615659,-0.038640402028140786,0.9103607339543086,0.8098468541818863,0.8895889552091917,0.040726097410434786,0.052485314943555614,0.4222000942870966,0.2103523209013529,-0.17802379812896063,-0.019308744610488038,0
2025-12-21 00:00:00+00:00,0.3730979859828949,0.3740440011024475,0.3583180010318756,0.3658910095691681,453364122,0.40884090065956114,0.4557720023393631,36.79841918956013,-0.02633674083418336,-0.025116293308646204,-0.001220447525537155,0.4744273283456161,0.40884090065956114,0.3432544729735062,-0.019308744610488038,-0.028513390906473868,-0.05142491800492166,0.8949471762215955,0.80279395770504,0.8970294326134198,0.03971513190523614,0.05013054869828063,0.6586355361767322,0.17257028164437518,-0.1397762331406226,0.013435647108700488,1
2025-12-22 00:00:00+00:00,0.3659020066261291,0.3803060054779053,0.3632799983024597,0.3708069920539856,607043679,0.4056830495595932,0.45097206175327303,38.41172716623721,-0.025683896437896536,-0.025229813934496272,-0.00045408250340026393,0.47225073496287695,0.4056830495595932,0.3391153641563095,0.013435647108700488,-0.006132522980486055,0.011746198455882206,0.9140312676522501,0.8222393879842034,0.8995746831464309,0.040339183414323,0.040605469319899466,0.8969013757556252,0.2380406326709444,-0.09368062001590427,-0.021453168558853375,0
2025-12-23 00:00:00+00:00,0.3708069920539856,0.3733760118484497,0.3562729954719543,0.36285200715065,459660400,0.4012851998209953,0.447182822227478,36.77579559709335,-0.025514300376822285,-0.02528671122296148,-0.0002275891538608063,0.4669154150791765,0.4012851998209953,0.3356549845628141,-0.021453168558853375,-0.00830575865227312,0.032516227711542944,0.9042247441782316,0.8114175883215621,0.8973627337073001,0.04077314130907453,0.03923482969425452,0.6976105079837788,0.20719894396846153,-0.1172708134920405,-0.01774832030736362,0
2025-12-24 00:00:00+00:00,0.3628410100936889,0.3642849922180176,0.3531470000743866,0.3564119935035705,417768956,0.39713310003280633,0.4438811421394348,35.45917093355796,-0.025604397994530292,-0.025350248577275244,-0.0002541494172550486,0.4631023815441787,0.39713310003280633,0.33116381852143395,-0.01774832030736362,-0.03882073115902662,-0.05368136971511861,0.8974623205019376,0.8029446616851591,0.8946834238523617,0.036904458367920646,0.03911909072348815,0.6450161123638847,0.19136311934657074,-0.10129508562726919,-0.037024543945323285,0
2025-12-25 00:00:00+00:00,0.3564130067825317,0.3608259856700897,0.3426060080528259,0.3432160019874573,521736417,0.3934803500771522,0.43982256174087525,32.862923786619206,-0.026435870972714715,-0.02556737305636314,-0.0008684979163515738,0.4629833777271228,0.3934803500771522,0.32397732242718164,-0.037024543945323285,-0.054115740787511246,-0.08008416972262367,0.8722570311837954,0.7803510593657665,0.8946343009774339,0.0362302672658909,0.038358722828911826,0.8098452766391743,0.13840173738304612,-0.1156300872365924,0.018548041587236552,1
2025-12-26 00:00:00+00:00,0.3432210087776184,0.3572100102901459,0.3420439958572387,0.3495819866657257,547530768,0.3902628988027572,0.43619456112384797,35.323147371229766,-0.02627821859128554,-0.025709542163347622,-0.0005686764279379183,0.4617103155012352,0.3902628988027572,0.31881548210427924,0.018548041587236552,-0.019163235138933032,-0.04457344530724061,0.8957602368510258,0.8014359137469151,0.8946991402122287,0.019881127442196823,0.03884560721199052,0.8355379563532238,0.21530872621530261,-0.09370617754204058,0.05709680925658733,1
2025-12-27 00:00:00+00:00,0.3495770096778869,0.3695540130138397,0.3489890098571777,0.3695420026779175,380207039,0.387899449467659,0.4320651811361313,42.44474037786182,-0.0242629829001188,-0.025420230310701862,0.0011572474105830607,0.4587741647184627,0.387899449467659,0.31702473421685523,0.05709680925658733,0.07670388483641344,-0.0034114496306044684,0.9526747284252796,0.8552922540672988,0.8977799332213328,0.03239734241060837,0.041377252693227805,0.5905158898784818,0.37049368223364176,0.0082946772608945,-0.0028143259408318633,0
2025-12-28 00:00:00+00:00,0.3695529997348785,0.3747270107269287,0.3618969917297363,0.3685019910335541,459983671,0.3847149491310119,0.42806676149368283,42.18410157230446,-0.022490557200320616,-0.024834295688625614,0.0023437384883049986,0.45288181977706243,0.3847149491310119,0.31654807848496136,-0.0028143259408318633,0.05412179428432595,0.015571042109623123,0.9578572183532784,0.8608516805829882,0.8987265159027987,0.03142231176293516,0.04018621658360448,0.7238276307112305,0.3810789028174556,0.04859358137210856,-0.04229828445495809,0
2025-12-29 00:00:00+00:00,0.3684940040111542,0.38263800740242,0.3505910038948059,0.3529149889945984,772916830,0.3788604483008385,0.42355236172676086,38.3801822159625,-0.022089009510420254,-0.024285238452984546,0.002196228942564292,0.43528603196840626,0.3788604483008385,0.3224348646332707,-0.04229828445495809,-0.04499356923659559,-0.009811691448977755,0.931517107624711,0.8332263514145353,0.8944831443184026,0.03475851041076409,0.03411319211518571,1.2761231595583937,0.270091352008885,-0.06296635612789325,-0.005094637988519168,0
2025-12-30 00:00:00+00:00,0.3529149889945984,0.3559710085391998,0.3490540087223053,0.3511170148849487,491744913,0.3737212985754013,0.41871530175209043,37.95501749762005,-0.02166610814946851,-0.02376141239228134,0.002095304242812828,0.41898965863953624,0.3737212985754013,0.3284529385112664,-0.005094637988519168,-0.04717742799664382,0.023020526000358643,0.9395156664160739,0.8385578779082575,0.892542730135693,0.03413204515525658,0.033808773271273324,0.852297184839854,0.25033021233343183,-0.05890722343358179,-0.05208236076598516,0
2025-12-31 00:00:00+00:00,0.3511170148849487,0.3529210090637207,0.3303700089454651,0.332830011844635,621775078,0.36909559965133665,0.4142413425445557,33.847996359092264,-0.0225466602243094,-0.02351846195868695,0.0009718017343775497,0.41093003327764865,0.36909559965133665,0.32726116602502464,-0.05208236076598516,-0.05691165798081421,-0.047920017220764666,0.9017447299806347,0.8034688421009931,0.8910158444932058,0.03858189089518114,0.03303186125038846,1.1370661794687396,0.0665581595935341,-0.09035750226129358,0.07025201286327021,1
2026-01-01 00:00:00+00:00,0.3328360021114349,0.3588869869709015,0.3317770063877105,0.3562119901180267,531808672,0.36644944846630095,0.4104603618383408,42.426366476101904,-0.021114380418124357,-0.023037645650574434,0.001923265232450077,0.40410679446334336,0.36644944846630095,0.32879210246925855,0.07025201286327021,0.014510761418803586,-0.03607171164114964,0.9720631088650261,0.8678352972322337,0.8927767027858016,0.046194079039810744,0.037103941910363376,0.9926399034449713,0.3640708993528338,-0.039360104444400634,0.10540355144379521,1
2026-01-02 00:00:00+00:00,0.3562119901180267,0.3956420123577118,0.354759007692337,0.3937579989433288,968787318,0.3655844986438751,0.40771322190761566,52.97225429166041,-0.016756480943817098,-0.021781412709222965,0.005024931765405867,0.3995405709892948,0.3655844986438751,0.3316284262984554,0.10540355144379521,0.18306037595892932,0.06853696458718739,1.0770642639498187,0.9657719636881215,0.896670696460056,0.05973467423162085,0.044720454087110124,1.7075768473007105,0.9148521656576987,0.08517519865846324,-0.01113119673250551,0
2026-01-03 00:00:00+00:00,0.39376100897789,0.3983420133590698,0.3836250007152557,0.3893750011920929,546995635,0.36522404849529266,0.40553232192993166,51.77987973914178,-0.01350085603733514,-0.0201253013748454,0.006624445337510259,0.39792441294258823,0.36522404849529266,0.3325236840479971,-0.01113119673250551,0.09309908704386416,0.10331103334931613,1.0661264032209847,0.9601577485588672,0.9006040425019353,0.05795320114614269,0.044076817490007636,0.9630559043507343,0.8692765066231181,0.09248568591783979,0.027521004753293443,1
2026-01-04 00:00:00+00:00,0.389380007982254,0.4043079912662506,0.38919198513031,0.4000909924507141,646307408,0.3658240482211113,0.40346614122390745,54.477824412820894,-0.009941459944248943,-0.01808853308872611,0.008147073144477168,0.4006615571262709,0.3658240482211113,0.33098653931595173,0.027521004753293443,0.016083466302602822,0.13948050219614916,1.0936705621082932,0.9916346170636404,0.9067032170565552,0.058066142218784464,0.044184661087605256,1.140134835699053,0.9918110580594316,0.16571194272385736,0.05444510044301509,1
2026-01-05 00:00:00+00:00,0.4000920057296753,0.4246099889278412,0.3956530094146728,0.4218739867210388,905549791,0.3676313981413841,0.40220672070980074,59.44509734553257,-0.005301791554092772,-0.015531184781799443,0.010229393227706671,0.4097964508538438,0.3676313981413841,0.32546634542892444,0.05444510044301509,0.0834644890643943,0.26753589432304414,1.1475461259671678,1.04889840223587,0.914035940256296,0.05402070309643482,0.04562046989080653,1.5496707255228817,1.143217369483166,0.2067955524391465,-0.005328579738172801,0
2026-01-06 00:00:00+00:00,0.4218739867210388,0.4357349872589111,0.4019109904766083,0.4196259975433349,966955297,0.370287598669529,0.401288600564003,58.73283935061992,-0.0017856312220882464,-0.012782074069857204,0.010996442847768958,0.41842345948068205,0.370287598669529,0.3221517378583759,-0.005328579738172801,0.04882640564577878,0.17802322545149796,1.1332434546851757,1.04569628181204,0.9227463679483974,0.05404396758325652,0.04383153963840536,1.6160627202768214,1.0124910829721179,0.13552991135643455,-0.04226617989714998,0
2026-01-07 00:00:00+00:00,0.4196189939975738,0.4215520024299621,0.398716002702713,0.4018900096416473,594668499,0.3728108495473862,0.39982680082321165,53.306042293095516,-0.00042529231911864196,-0.010310717719709492,0.00988542540059085,0.4220612703489287,0.3728108495473862,0.3235604287458437,-0.04226617989714998,-0.04736954092551293,0.02065230603604551,1.077999768862856,1.0051602564265019,0.9324308645138301,0.05172732689174858,0.04389837492598041,1.0072250815327997,0.795217377039653,0.09060471699066897,-0.015539119913095756,0
2026-01-08 00:00:00+00:00,0.4018970131874084,0.4037480056285858,0.3858869969844818,0.3956449925899505,636564711,0.3737615987658501,0.3984749203920364,51.501587009781026,0.0001471689063674564,-0.008219140394494104,0.00836630930086156,0.42404574378687016,0.3737615987658501,0.32347745374483,-0.015539119913095756,-0.05714852057255548,0.01610270659046331,1.058549069504087,0.9928981030994329,0.9379802332305573,0.05030615264585123,0.04146117947346196,1.0759326719942053,0.7175973541456517,0.1210773271973613,-0.012490995728041021,0
2026-01-09 00:00:00+00:00,0.3956449925899505,0.4035809934139251,0.389039009809494,0.3907029926776886,514902682,0.37464199811220167,0.3976410001516342,50.05750236725574,0.00019976766374601995,-0.006535358782846079,0.006735126446592099,0.4254904143554016,0.37464199811220167,0.32379358186900176,-0.012490995728041021,-0.027836016560684795,-0.023464661664888586,1.0428702458518193,0.982552082226682,0.9421613917310784,0.03176636971573893,0.04151680737508944,0.8548747477606119,0.6579301358047195,0.11274297773837927,-0.0071281696762053315,0
2026-01-10 00:00:00+00:00,0.3907380104064941,0.3917059898376465,0.3849430084228515,0.3879179954528808,264122318,0.3757433474063873,0.397216420173645,49.21993492081807,1.6535941038064994e-05,-0.005224979838069251,0.005241515779107316,0.426747639719365,0.3757433474063873,0.3247390550934096,-0.0071281696762053315,-0.01953012746727223,-0.0804884689195382,1.0324014999348103,0.9765910364010145,0.9459411250978229,0.03158245807181956,0.04125923032231014,0.4455117616694936,0.6193492497826083,0.16551387088842473,0.006101778929421986,1
2026-01-11 00:00:00+00:00,0.3879579901695251,0.3957900106906891,0.3854340016841888,0.3902849853038788,393425052,0.376717247068882,0.39692995965480804,49.98588334663809,6.160958297279917e-05,-0.0041676619538608415,0.004229271536833641,0.42806733901914223,0.376717247068882,0.32536715511862174,0.006101778929421986,-0.0010698852623191035,-0.06992181707337153,1.0360157076442957,0.9832590758412187,0.9490773823081933,0.0294227224869127,0.041200840420808175,0.6757900011015285,0.6321101649451675,0.09565370097329517,-0.011222537073171113,0
2026-01-12 00:00:00+00:00,0.39027801156044,0.40277299284935,0.3821260035037994,0.385904997587204,630973284,0.3778698965907097,0.39647707939147947,48.52722718248148,-0.0002531791431432673,-0.0033847653917173266,0.0031315862485740593,0.4289437329122946,0.3778698965907097,0.3267960602691248,-0.011222537073171113,-0.005189235583996865,-0.039774594219688764,1.021264199844947,0.973334948339254,0.9530687049316232,0.014850284822239627,0.04093938810138637,1.0681134250710849,0.5786616159583305,-0.019943725275927804,0.09202782368714124,1
2026-01-13 00:00:00+00:00,0.385904997587204,0.4255230128765106,0.3849020004272461,0.4214189946651459,799417851,0.38112024664878846,0.3963486194610596,58.97963653574093,0.0023361021533610526,-0.002240591882701651,0.004576694036062704,0.4346588926456026,0.38112024664878846,0.32758160065197434,0.09202782368714124,0.07977250095087807,0.06514426457535816,1.1057376205297582,1.0632533430750335,0.96157833769428,0.04253269662334777,0.04504310944575893,1.310910769394055,0.8763519534912727,0.08229597014433021,-0.016306807232430498,0
2026-01-14 00:00:00+00:00,0.4214189946651459,0.4266499876976013,0.4106389880180359,0.4145469963550567,807866116,0.3846867963671684,0.3962072193622589,56.58516538936217,0.0037899255016310973,-0.0010344884058351013,0.004824413907466199,0.43708516258672403,0.3846867963671684,0.3322884301476128,-0.016306807232430498,0.07422033647382453,0.06102846439427778,1.077622107828697,1.0462883463413861,0.9709232380630672,0.03908764026386762,0.044149873970861064,1.2943976385765452,0.7849344563795212,0.036131790460449675,-0.05081449607541788,0
2026-01-15 00:00:00+00:00,0.4145399928092956,0.4145709872245788,0.3899219930171966,0.3934819996356964,706173712,0.38688179701566694,0.39536441922187804,49.89784214445931,0.0032053722555502873,-0.00018651627355802363,0.003391888529108311,0.4367029383666524,0.38688179701566694,0.33706065566468146,-0.05081449607541788,-0.06629268111573339,0.014343248439196099,1.017059997836399,0.9952387734083749,0.9785448012167968,0.0441345559300376,0.04615372026812532,1.1172621831456775,0.566238974470011,-0.06729968658654562,0.005215001213733306,1
2026-01-16 00:00:00+00:00,0.3934819996356964,0.3977259993553161,0.3807710111141205,0.3955340087413788,560998439,0.38818139731884005,0.3946013993024826,50.51140271411883,0.002874553518412648,0.0004256976848361107,0.0024488558335765374,0.4374510253654776,0.38818139731884005,0.3389117692722025,0.005215001213733306,-0.04586449252039315,0.013449206695494764,1.0189411740833616,1.002363421519905,0.9837304125251687,0.04380391266769062,0.0446173199684317,0.8750603389806303,0.5746160638312402,-0.05741300334822108,0.0028720790113319072,1
2026-01-17 00:00:00+00:00,0.3955329954624176,0.4032570123672485,0.3936760127544403,0.3966700136661529,343097046,0.38958979845047,0.39413017928600313,50.87010361969787,0.002673228079971557,0.0008752037638632,0.001798024316108357,0.4380952791567626,0.38958979845047,0.34108431774417736,0.0028720790113319072,0.008102058120595279,0.02789550834079657,1.0181735128687746,1.0064441509776056,0.9884799970310358,0.04359813141356526,0.04458755612622681,0.5400955185424474,0.572983661975794,-0.012988618403699248,-0.05288279814699226,0
2026-01-18 00:00:00+00:00,0.3966769874095917,0.398283988237381,0.3755379915237427,0.3756929934024811,413105822,0.3907286986708641,0.3933363789319992,44.46154777808537,0.0008116498028375996,0.00086249297165808,-5.084316882048045e-05,0.43660691399379675,0.3907286986708641,0.3448504833479315,-0.05288279814699226,-0.050162602710278725,-0.10850484159831975,0.9615188100604594,0.9551442824143954,0.9933703557544931,0.04854010182754216,0.045231752554344945,0.669255249655322,0.33613458846918876,-0.05042904513174984,-0.014820605632244188,0
2026-01-19 00:00:00+00:00,0.375669002532959,0.3756789863109588,0.3560400009155273,0.3701249957084656,989768062,0.39167909771203996,0.392421178817749,42.91608833133311,-0.0011002720229618679,0.0004699399727340905,-0.0015702119956959584,0.4348073335782894,0.39167909771203996,0.34855086184579054,-0.014820605632244188,-0.06691964868317035,-0.10715793634298576,0.9449699967920657,0.9431830280504856,0.9981089677474984,0.0486427812568767,0.04538756980478143,1.5413031376099477,0.25011611800655825,-0.052669156251380134,-0.05321718539818643,0
2026-01-20 00:00:00+00:00,0.3701269924640655,0.3701319992542267,0.3498550057411194,0.3504279851913452,747741397,0.39255899637937547,0.3917154586315155,37.8976226658696,-0.004156949255105402,-0.0004554378728338081,-0.003701511382271594,0.4311067587034291,0.39255899637937547,0.3540112340553218,-0.05321718539818643,-0.06724908011278607,-0.10941800256228384,0.892675975900157,0.8945983046356891,1.00215344513287,0.02615827396993042,0.0454614824312695,1.1531007595634801,-0.04647803981271128,-0.09664416371755913,0.04357246539753845,1
2026-01-21 00:00:00+00:00,0.3504199981689453,0.3725849986076355,0.3479630053043365,0.3656969964504242,706807439,0.3930332466959953,0.3903501182794571,43.42096132867944,-0.00528636841910779,-0.0014216239820886046,-0.0038647444370191854,0.4298946694479724,0.3930332466959953,0.35617182394401825,0.04357246539753845,-0.011963523969964918,-0.07543475815366263,0.9304479952386439,0.9368435651109925,1.0068736457116105,0.03720370442597756,0.04376035378187469,1.0754643719000605,0.12920245334121103,-0.06300008911260113,-0.018594617853587847,0
2026-01-22 00:00:00+00:00,0.3656960129737854,0.3682340085506439,0.3557890057563782,0.3588970005512237,430454100,0.39129019677639004,0.38851187825202943,41.64458724708128,-0.006653447284070357,-0.002467988642484955,-0.004185458641585402,0.43117984690288313,0.39129019677639004,0.35140054664989695,-0.018594617853587847,0.0241676342009447,-0.09522527998983021,0.9172143935829856,0.9237735591662029,1.0071511803882565,0.03421845149522029,0.036560831900602664,0.6829409757511856,0.09396489913492508,-0.0699861292412447,0.0033491148287516648,1
2026-01-23 00:00:00+00:00,0.3588970005512237,0.3688490092754364,0.353329986333847,0.3600989878177643,444642522,0.3898263961076736,0.3869247782230377,42.095531619749494,-0.007552812683686461,-0.0034849534507252564,-0.004067859232961204,0.43208996554740076,0.3898263961076736,0.34756282666794647,0.0033491148287516648,-0.015307778535224581,-0.04150731011374198,0.9237419308011704,0.9306692362053638,1.0074991782587863,0.034063912333357885,0.036555544170241254,0.7112265277690426,0.14830930415964824,-0.14550840760299777,-0.005376267998861484,0
2026-01-24 00:00:00+00:00,0.3600989878177643,0.3618969917297363,0.3568159937858581,0.3581629991531372,209406684,0.38772999644279477,0.38576261818408963,41.53875254724917,-0.008325809597558964,-0.0044531246800919985,-0.0038726849174669656,0.4319633611327006,0.38772999644279477,0.3434966317528889,-0.005376267998861484,-0.002045158908988265,-0.03231880228037998,0.9237433328323365,0.9284543972641185,1.005099971241294,0.03356980962751217,0.03582981180275385,0.34708364499173555,0.16578399024204446,-0.13601352246592324,-0.05432720838718341,0
2026-01-25 00:00:00+00:00,0.3581570088863373,0.3591290116310119,0.3333700001239776,0.3387050032615661,538358525,0.3835715472698211,0.3842580980062485,36.336724793654994,-0.010388757739692056,-0.005640251292012011,-0.004748506447680045,0.4298785071077917,0.3835715472698211,0.33726458743185056,-0.05432720838718341,-0.05941139875412549,-0.033453326860804156,0.8830295304028536,0.8814518289112501,0.9982133083466826,0.033851929618442085,0.034577879179330695,0.9203142803105199,0.015552908620600497,-0.13921093321891564,0.03924653591615157,1
2026-01-26 00:00:00+00:00,0.338712990283966,0.3572179973125458,0.3386819958686828,0.3519980013370514,496874214,0.38019014745950697,0.3829618382453919,41.70755026150263,-0.010826227147139988,-0.006677446463037607,-0.004148780684102382,0.4252722413246651,0.38019014745950697,0.3351080535943488,0.03924653591615157,-0.017212827206223746,-0.037459960695164995,0.9258472469346191,0.9191464166502678,0.9927624882975706,0.039400674472865174,0.03631224952884403,0.884954866529126,0.18732434870062717,-0.1100689357733422,0.02359671539289354,1
2026-01-27 00:00:00+00:00,0.3519900143146515,0.3621580004692077,0.3478620052337646,0.3603039979934692,481944594,0.37811084687709806,0.38152407824993134,44.83894705981038,-0.010383011398079955,-0.007418559450046077,-0.0029644519480338787,0.422813330602136,0.37811084687709806,0.3334083631520601,0.02359671539289354,0.06376934064721551,0.003920337701581511,0.9529057443585668,0.944380757424801,0.9910536934169661,0.03462063623006846,0.03603903871466777,0.8670684593093904,0.3008293119331171,-0.09167825754353653,-0.006730386517688092,0
2026-01-28 00:00:00+00:00,0.3602969944477081,0.36387699842453,0.3548929989337921,0.3578790128231048,473021223,0.37622254788875575,0.37928155839443206,44.09419918200589,-0.010110883786075331,-0.007957024317251928,-0.002153859468823403,0.42099695229000395,0.37622254788875575,0.33144814348750756,-0.006730386517688092,0.016707513860063417,-0.006164902067936184,0.951242860991216,0.9435708246350597,0.9919347238536309,0.030080542635374335,0.03595509125027215,0.8637210949825871,0.2951560125594928,-0.04741632367972348,-0.06669574624553232,0
2026-01-29 00:00:00+00:00,0.3578790128231048,0.358040988445282,0.3274160027503967,0.3340100049972534,673373439,0.373387898504734,0.3768837583065033,37.49311390703416,-0.011686535041568968,-0.008702926462115337,-0.0029836085794536314,0.42136609613775083,0.373387898504734,0.3254097008717171,-0.06669574624553232,-0.07297724461190236,-0.06743576029068499,0.8945389133788938,0.8862414408572563,0.9907243023220802,0.038605262375958106,0.038546873434193954,1.2120219330924131,0.08962721141923315,-0.09757511956760323,-0.04088202952375908,0
2026-01-30 00:00:00+00:00,0.3340170085430145,0.3351230025291443,0.3168460130691528,0.3203549981117248,795904862,0.3700097486376762,0.3747839784622192,34.32709719313442,-0.013877128055498511,-0.009737766780791973,-0.004139361274706538,0.4229390704383414,0.3700097486376762,0.31708042683701104,-0.04088202952375908,-0.10485111830217231,-0.05417695331671979,0.8658015073689999,0.8547723929560099,0.987261382292455,0.039742754481517,0.039279812293345734,1.3671401484817283,0.030933433145487643,-0.08581788084989728,-0.08384131848217502,0
2026-01-31 00:00:00+00:00,0.3203549981117248,0.3214290142059326,0.2792620062828064,0.2934960126876831,1423489119,0.3651703000068664,0.3724711984395981,29.118578518723368,-0.01757785785174304,-0.011305784994982186,-0.006272072856760853,0.4272094193480186,0.3651703000068664,0.3031311806657142,-0.08384131848217502,-0.12129574474843485,-0.16619977507585448,0.8037236672373531,0.7879696844138084,0.9803987571030526,0.04673614921089404,0.042501278415371026,2.2464169783646653,-0.07765397123907784,-0.19743389872913275,-0.02543142367069684,0
2026-02-01 00:00:00+00:00,0.2934930026531219,0.2982990145683288,0.2807759940624237,0.2860319912433624,757760258,0.36017664968967433,0.36997069835662844,27.853758000314144,-0.02087239307396871,-0.01321910661077949,-0.007653286463189218,0.430687958109133,0.36017664968967433,0.28966534127021565,-0.02543142367069684,-0.10714053806144186,-0.20613705971548224,0.7941436278276384,0.7731206620250927,0.9735275017441699,0.0451797127870479,0.04258354881501283,1.1839814017034793,-0.025764307231679044,-0.20302484890079653,0.04498803403878093,1
2026-02-02 00:00:00+00:00,0.2860290110111236,0.3027229905128479,0.2764939963817596,0.2989000082015991,924176904,0.354050700366497,0.36801701843738555,33.23785004035379,-0.02218921113375666,-0.015013127515374926,-0.007176083618381733,0.4234388819676966,0.354050700366497,0.2846625187652974,0.04498803403878093,0.018412500614332306,-0.16480151813389032,0.8442293939602198,0.8121907227843432,0.9620498037558424,0.04652927502411369,0.03740297767609006,1.4300649036901798,0.10259304328026642,-0.1699504349818839,-0.027139555427931006,0
2026-02-03 00:00:00+00:00,0.2989000082015991,0.3036650121212005,0.2821289896965027,0.2907879948616028,758148474,0.3478627502918243,0.3660709583759308,31.63508633147687,-0.023615149867165675,-0.016733531985733078,-0.006881617881432597,0.4166055544703531,0.3478627502918243,0.2791199461132955,-0.027139555427931006,0.016627523367460872,-0.12940333968740259,0.8359273725561558,0.7943487135709428,0.9502604408585511,0.04194245340758842,0.037480612233590935,1.1776837892366512,0.08486741912655131,-0.18811268738211395,-0.015430512729745272,0
2026-02-04 00:00:00+00:00,0.290798008441925,0.3018079996109009,0.2808299958705902,0.2863009870052337,761471782,0.34250369966030114,0.3640824383497238,30.751763493328752,-0.024821157765163193,-0.018351057141619102,-0.006470100623544091,0.41296207657049105,0.34250369966030114,0.27204532275011123,-0.015430512729745272,-0.04215129090216596,-0.10630085782090604,0.8359062611270772,0.7863630783812314,0.940731173996657,0.041282777659877846,0.03662052144203843,1.1777876146666535,0.101163728716697,-0.15471875452593542,-0.14465891239906625,0
2026-02-05 00:00:00+00:00,0.286298006772995,0.2882960140705108,0.2448839992284774,0.2448849976062774,1441361930,0.3349712491035461,0.3616500985622406,24.07082703029485,-0.028787013161343966,-0.020438248345564076,-0.00834876481577989,0.41332706337955244,0.3349712491035461,0.25661543482753973,-0.14465891239906625,-0.15785726393956667,-0.1656275144464534,0.731062735269494,0.6771323955940587,0.9262302165414644,0.05924333530050164,0.04629536367452663,2.0872804143968637,-0.07485364889414689,-0.30430003387493454,0.1280152055920325,1
2026-02-06 00:00:00+00:00,0.2448820024728775,0.2835539877414703,0.2262379974126815,0.2762340009212494,1912967348,0.328949448466301,0.36014627873897553,35.49447050296513,-0.029065332501757468,-0.022163665176802756,-0.006901667324954713,0.4058380827146644,0.328949448466301,0.2520608142179375,0.1280152055920325,-0.035162247218520015,-0.03425487575540698,0.8397460528028459,0.7670050122090987,0.9133773355040405,0.08737844686646955,0.05711487849847253,2.4874778911535187,0.15719609887482416,-0.23333073610175048,-0.014006230529595043,0
2026-02-07 00:00:00+00:00,0.2762320041656494,0.2779479920864105,0.2665410041809082,0.272365003824234,1265758299,0.32378304898738863,0.35806097865104675,34.79861780626865,-0.02926079804968651,-0.023583091751379508,-0.005677706298307002,0.40133011662950874,0.32378304898738863,0.24623598134526853,-0.014006230529595043,0.11221596458162186,-0.08877552241306075,0.8411959942808576,0.7606665346509904,0.904267899303643,0.08240571452582196,0.0564644130289121,1.5594464107493282,0.16847202140222103,-0.23894669968014948,-0.0077176486447775305,0
2026-02-08 00:00:00+00:00,0.2723599970340729,0.2755480110645294,0.2678340077400207,0.2702629864215851,799353237,0.3187899485230446,0.3560043382644653,34.40398970442122,-0.029248166484888538,-0.024716106698081317,-0.0045320597868072215,0.3966326395576836,0.3187899485230446,0.24094725748840565,-0.0077176486447775305,-0.021615784008307326,-0.0705840983902597,0.8477776281018734,0.7591564410117231,0.8954664712153726,0.08204042170949147,0.05648408991150813,0.9965124008615749,0.18830110151339916,-0.19085362001713846,-0.00205347707746395,0
2026-02-09 00:00:00+00:00,0.2702609896659851,0.2733030021190643,0.2597289979457855,0.2697080075740814,629065654,0.3147539496421814,0.35408067822456357,34.29341353584016,-0.028949229338082583,-0.02556273122608157,-0.0033864981120010143,0.39404666175762715,0.3147539496421814,0.23546123752673564,-0.00205347707746395,-0.009755277707657495,-0.05795641714238642,0.8568852206006975,0.7617134290593183,0.8889328590885703,0.07912518646847454,0.05577161856389124,0.7900680719218931,0.21595156183764022,-0.15809645810483053,-0.029802653046183347,0
2026-02-10 00:00:00+00:00,0.2697100043296814,0.2701910138130188,0.2605310082435608,0.2616699934005737,400024186,0.3095525994896889,0.35189793825149535,32.65630744209173,-0.02902632268319444,-0.026255449517504144,-0.002770873165690295,0.38842153667222257,0.3095525994896889,0.23068366230715517,-0.029802653046183347,-0.031794931058769293,0.0685423605299127,0.8453167372263977,0.7435962674312763,0.8796658514903177,0.07921726831584802,0.05435310969768877,0.5122749696802554,0.19644192124526771,-0.10843765472540279,-0.023380592761794827,0
2026-02-11 00:00:00+00:00,0.2616710066795349,0.264382004737854,0.2514210045337677,0.2555519938468933,472246559,0.30438534915447235,0.3497519379854202,31.426580757593754,-0.029243984696516456,-0.02685315655330661,-0.002390828143209848,0.3831837660789499,0.30438534915447235,0.22558693222999482,-0.023380592761794827,-0.05248644211388431,-0.07487133012366654,0.8395673266035001,0.7306664126548637,0.870289242449204,0.07932760811947992,0.05437948843010415,0.6031496385730559,0.19013745952293554,-0.10656149776804524,0.03393438199060439,1
2026-02-12 00:00:00+00:00,0.2555499970912933,0.2689619958400726,0.2555499970912933,0.2642239928245544,467092032,0.29959159940481184,0.3479081779718398,35.15408871532999,-0.028389469435841197,-0.027160419129813526,-0.0012290503060276708,0.3757396258816066,0.29959159940481184,0.22344357292801706,0.03393438199060439,0.009760383262864103,-0.02989007723229109,0.881947268713405,0.7594647368304779,0.8611226133036206,0.055079281302304696,0.055356203879974114,0.5957122934419022,0.2677706946808706,-0.1160120924240885,0.03204857359997648,1
2026-02-13 00:00:00+00:00,0.2642180025577545,0.274044007062912,0.2584010064601898,0.2726919949054718,445201252,0.2953180491924286,0.3464976978302001,38.660397448266686,-0.026720940567764973,-0.027072523417403814,0.0003515828496388415,0.36709356828950945,0.2953180491924286,0.22354253009534775,0.03204857359997648,0.06707050412937665,0.008987573607647903,0.923384112996718,0.7869951131366635,0.8522944049606589,0.025351664731685764,0.056283733612706895,0.5593825989639328,0.342383206895699,-0.06223090456242375,0.08278206890145112,1
2026-02-14 00:00:00+00:00,0.2726919949054718,0.2998009920120239,0.2726849913597107,0.2952660024166107,522403278,0.2931460991501808,0.34541137814521783,46.90276298054698,-0.023308400934420437,-0.02631969892080714,0.0030112979863867045,0.36196152277111704,0.2931460991501808,0.22433067552924457,0.08278206890145112,0.11748368972937406,0.09476172054516852,1.0072315588458296,0.8548241925385417,0.8486868635431469,0.03974550157894889,0.05913636915471653,0.6570433270373842,0.5154028207259699,0.03131325359773607,-0.04567406272612329,0
2026-02-15 00:00:00+00:00,0.2952660024166107,0.3007220029830932,0.2777960002422333,0.2817800045013428,613711261,0.2896351993083954,0.34365613818168633,43.17061974835284,-0.021444942070375117,-0.02534474755072074,0.0038998054803456236,0.3527358463501773,0.2896351993083954,0.22653455226661348,-0.04567406272612329,0.03332701276772476,0.07685256853270128,0.972879004948951,0.8199475382347733,0.8428052553953487,0.045147101088725904,0.05882816852919664,0.7662542589427712,0.43775662235403606,0.15066258552263223,0.013169796026808234,1
2026-02-16 00:00:00+00:00,0.2817850112915039,0.2881799936294555,0.2777999937534332,0.2854909896850586,382494768,0.28589454889297483,0.3419959181547164,44.47980667786223,-0.019444547366563092,-0.024164707513889213,0.004720160147326121,0.33951363706203697,0.28589454889297483,0.2322754607239127,0.013169796026808234,-0.03310578478913362,0.11715422520280705,0.9985884333595065,0.8347789389577001,0.8359589507253659,0.04501396447814332,0.05856593598753049,0.48055046991407097,0.49623679531211157,0.033511402408598734,-0.015846358385751103,0
2026-02-17 00:00:00+00:00,0.2854970097541809,0.2893089950084686,0.2778730094432831,0.2809669971466064,375377238,0.28204894810914993,0.34055695831775656,43.17403068504709,-0.01801658456901928,-0.02293508292491523,0.004918498355895952,0.32360557083176616,0.28204894810914993,0.2404923253865337,-0.015846358385751103,-0.0028852556666507656,0.06336670694840874,0.9961639602991008,0.825022041935347,0.8281990463574209,0.04328414470738396,0.05857523469439244,0.47451890213776954,0.4869822077486254,0.03158259395147378,-0.02626996141577853,0
2026-02-18 00:00:00+00:00,0.2809660136699676,0.2867799997329712,0.2724649906158447,0.2735860049724579,357622116,0.27902774810791015,0.33900633811950676,41.056335168937174,-0.017281290190886867,-0.02180432437810956,0.004523034187222694,0.31272029990759387,0.27902774810791015,0.2453351963082264,-0.02626996141577853,-0.04170003657815535,0.0032784609878115933,0.9804974839514967,0.807023274225667,0.8230753137410283,0.04367868136788447,0.057211293726615785,0.461280326118117,0.41924412303636605,0.012295500004906978,-0.0037977029033589016,0
2026-02-19 00:00:00+00:00,0.2735849916934967,0.2767469882965088,0.2682949900627136,0.2725470066070556,356975172,0.2766373485326767,0.33780067801475516,40.75330313628152,-0.016591150132429067,-0.020761689528973462,0.004170539396544395,0.3042127816766372,0.2766373485326767,0.2490619153887162,-0.0037977029033589016,-0.02996789881039763,-0.07694416432508655,0.9852140647410162,0.8068278850380245,0.8189366290158634,0.042633667319976754,0.05670044459570296,0.4738597721573787,0.4258335870144449,0.010526194822726653,0.04534999934391548,1
2026-02-20 00:00:00+00:00,0.2725510001182556,0.2929039895534515,0.2705200016498565,0.2849070131778717,505182730,0.27620789855718614,0.3363745784759521,45.87156336776444,-0.014875385743288116,-0.019584428771836394,0.004709043028548278,0.3029322445941443,0.27620789855718614,0.24948355252022797,0.04534999934391548,0.041380070616380715,0.011097340572702175,1.0314948075928556,0.8469932967845848,0.8211319054151788,0.04429377629898447,0.054751852865590374,0.7141202216061084,0.662756360972411,0.08880276823229782,-0.01714600780573594,0
2026-02-21 00:00:00+00:00,0.2849070131778717,0.2859629988670349,0.2794789969921112,0.280021995306015,255703999,0.2759073987603188,0.3340998584032058,44.24469807066323,-0.013751293864157299,-0.018417801790300576,0.004666507926143277,0.3022997191029932,0.2759073987603188,0.24951507841764436,-0.01714600780573594,0.02742642009543861,-0.019156451785314665,1.0149129619726893,0.8381386231180998,0.8258231538288835,0.029455053997415014,0.054580747248333894,0.37475840756164097,0.5779506404187441,0.0957535141509489,-0.03084042652713459,0
2026-02-22 00:00:00+00:00,0.2800230085849762,0.280034989118576,0.2692489922046661,0.2713859975337982,246018344,0.2745316982269287,0.33174007833003993,41.44620719447415,-0.013402796700067443,-0.01741480077225395,0.004012004072186506,0.2986479350070459,0.2745316982269287,0.2504154614468115,-0.03084042652713459,-0.047457644138904076,-0.03410008901440076,0.9885415756597614,0.8180681661978841,0.8275505920445463,0.026620783350002966,0.05394815022978847,0.37941846962192827,0.4347804402110539,0.027105807586517816,-0.03364574675086862,0
2026-02-23 00:00:00+00:00,0.271382987499237,0.2743650078773498,0.2586050033569336,0.2622550129890442,475338089,0.2731050491333008,0.32898335874080653,38.66178952434867,-0.013705416814962401,-0.016672923980795642,0.0029675071658332407,0.29653831128010194,0.2731050491333008,0.24967178698649964,-0.03364574675086862,-0.06344852409738255,-0.04141656289967899,0.9602715651772488,0.7971680208775087,0.8301485223405172,0.027154628160810313,0.05411803648755548,0.7494272791478849,0.2684907018859573,-0.03827388449758329,-0.013334366688038335,0
2026-02-24 00:00:00+00:00,0.2622550129890442,0.264272004365921,0.2545689940452575,0.258758008480072,376723203,0.2717279002070427,0.32572103917598716,37.61941242054184,-0.01406528858301792,-0.0161513969012401,0.0020861083182221775,0.29513317827295177,0.2717279002070427,0.24832262214113363,-0.013334366688038335,-0.04653146871423797,-0.05059310061278299,0.9522688258471498,0.7944160105060484,0.8342350279075096,0.02710791088776411,0.054096247255608985,0.6125271436963043,0.22292805728589155,-0.12364442109060392,0.14652291661435823,1
2026-02-25 00:00:00+00:00,0.258760005235672,0.3123829960823059,0.2581999897956848,0.296671986579895,1082297825,0.27431724965572357,0.32326195895671844,52.554971105482856,-0.011162474324009797,-0.015153612385794038,0.003991138061784241,0.296652752948965,0.27431724965572357,0.25198174636248216,0.14652291661435823,0.13123475962798326,0.04129408142957258,1.0814922756488239,0.9177448145688446,0.8485911875961004,0.06436420935478555,0.05332475413824031,1.8126578672437543,1.000430561843123,0.05284967648753547,-0.03269262837706155,0
2026-02-26 00:00:00+00:00,0.2966659963130951,0.3004209995269775,0.2830170094966888,0.2869729995727539,676669964,0.2748541995882988,0.3209636187553406,49.30292704538962,-0.009534690328786677,-0.014029827974392567,0.00449513764560589,0.2978891050279642,0.2748541995882988,0.25181929414863347,-0.03269262837706155,0.10904006897570029,0.024823065270793032,1.0440917402848773,0.8940982180024069,0.8563406676873575,0.06653357149677695,0.04641063809346783,1.264182306993081,0.7630529570915214,0.005191091632454681,-0.03259195764224232,0
2026-02-27 00:00:00+00:00,0.2869719862937927,0.295628011226654,0.2746819853782654,0.2776199877262115,502932086,0.27511694878339765,0.3186031186580658,46.32594189914897,-0.008896812755287198,-0.013003224930571492,0.004106412175284294,0.2981521866483435,0.27511694878339765,0.25208171091845183,-0.03259195764224232,-0.06421906926002519,0.022970935306405815,1.0090980906624714,0.8713661965881803,0.8635099051828844,0.06598995431982871,0.0469494927583901,1.0116881579269197,0.5543306510983087,-0.011912464646687493,0.014390178995362879,1
2026-02-28 00:00:00+00:00,0.2776210010051727,0.2831400036811828,0.2601299881935119,0.2816149890422821,728039641,0.2756845489144325,0.3164213585853577,47.776451045784114,-0.007976973380405483,-0.011997974620538292,0.004021001240132809,0.29877556129232385,0.2756845489144325,0.25259353653654115,0.014390178995362879,-0.01867078275116063,0.07382118584725283,1.0215116884540754,0.8899999364812593,0.871257712017136,0.0658568600807495,0.046970129412199885,1.4750903351878482,0.6284144677330765,0.02934720316060213,-0.02853177085477443,0
2026-03-01 00:00:00+00:00,0.2816149890422821,0.2912180125713348,0.2696560025215149,0.2735800147056579,593823798,0.27587814927101134,0.3141345989704132,45.13454505522806,-0.007806362439697179,-0.01115965218437007,0.0033532897446728917,0.2988226403924447,0.27587814927101134,0.25293365814957797,-0.02853177085477443,-0.01455216914906643,0.0572813429530139,0.9916697477802208,0.8709006126747123,0.8782163765952918,0.06566731597590947,0.047491993129929244,1.2074648053001822,0.44991968762369594,0.0037902015929738297,0.011919730033981057,1
2026-03-02 00:00:00+00:00,0.2735809981822967,0.2876119911670685,0.2691850066184997,0.2768410146236419,623168019,0.27663670033216475,0.3118657195568085,46.42928309852939,-0.007323594758337881,-0.010392440699163633,0.0030688459408257512,0.2985848850939521,0.27663670033216475,0.2546885155703774,0.011919730033981057,-0.016952131826773686,-0.06684477420625135,1.000738565386414,0.887692994975722,0.8870378595162444,0.06367198198603276,0.046947115321673075,1.239023153108572,0.5046544690072247,-0.028310986325893128,-0.05040077000892318,0
2026-03-03 00:00:00+00:00,0.2768439948558807,0.2769800126552582,0.2608279883861542,0.2628880143165588,709762602,0.27700350135564805,0.30940537989139555,41.875763955067555,-0.007974958055178727,-0.00990894417036665,0.0019339861151879238,0.29767615824125404,0.27700350135564805,0.25633084447004206,-0.05040077000892318,-0.03908180354695334,-0.08392770501772961,0.9490422071561968,0.8496556020093612,0.8952769387942741,0.06731330450767203,0.04814453270543757,1.378643272500818,0.1585952372450578,-0.06118798264661962,0.050264718812641496,1
2026-03-04 00:00:00+00:00,0.2628880143165588,0.2845570147037506,0.2591370046138763,0.2761020064353943,989185528,0.27759740203619004,0.3064990401268005,47.160961428544624,-0.007340295078207659,-0.009395214351934853,0.0020549192737271942,0.2973878650360155,0.27759740203619004,0.2578069390363646,0.050264718812641496,-0.002669431728720806,-0.005467838620878518,0.9946130778248393,0.900825028101782,0.9057039849826163,0.03584084829233252,0.04883975233099058,1.8286704407511754,0.46221928711801874,0.01737749531830124,-0.025755020861474298,0
2026-03-05 00:00:00+00:00,0.2761020064353943,0.2775219976902008,0.2660099864006042,0.2689909934997558,572697689,0.27741235196590425,0.30358792006969454,44.80012811176942,-0.007326662209882873,-0.008981503923524458,0.0016548417136415857,0.29746343882715676,0.27741235196590425,0.25736126510465174,-0.025755020861474298,0.023215129069551477,-0.04482714356028439,0.9696431741179878,0.8860398445300579,0.9137792831223944,0.035187864836037364,0.04875820372110886,1.0463932506686942,0.29000244414625226,0.02568484939120319,-0.03700497682210191,0
2026-03-06 00:00:00+00:00,0.2689979970455169,0.2717329859733581,0.2558920085430145,0.2590369880199432,483282116,0.27560090124607084,0.30089901983737943,41.656598404144155,-0.008026538180839815,-0.00879051077498753,0.0007639725941477153,0.29540516974944875,0.27560090124607084,0.25579663274269293,-0.03700497682210191,-0.06180693373354451,-0.053158220279216795,0.9398989148756863,0.8608768089704628,0.9159248886720172,0.03572329996596662,0.04534269546947564,0.8861865624165721,0.08180951689019872,0.001078148427211545,-0.01684695264143732,0
2026-03-07 00:00:00+00:00,0.2590369880199432,0.2604950070381164,0.2524949908256531,0.2546730041503906,346080023,0.27424555122852323,0.2980817997455597,40.320810486722635,-0.008831527604307832,-0.008798714140851592,-3.281346345623999e-05,0.295893689976463,0.27424555122852323,0.2525974124805835,-0.01684695264143732,-0.05322850837151982,-0.08007487800674373,0.9286313050824179,0.8543728747202195,0.9200345390514184,0.03418845557787712,0.04445104180563767,0.6505645766342693,0.047939263831738785,-0.14156706507304118,-0.021294009601414254,0
2026-03-08 00:00:00+00:00,0.2546730041503906,0.2570219933986664,0.2469840049743652,0.2492499947547912,409213223,0.27243350148200984,0.29513339936733246,38.66169542423078,-0.009794177872436804,-0.008997806887168634,-0.0007963709852681702,0.29609202192385986,0.27243350148200984,0.24877498104015985,-0.021294009601414254,-0.037782223071550214,-0.05187767725821557,0.9149021445560007,0.8445333374301249,0.9230859742273032,0.033774368788042256,0.04441210146505537,0.7673160312062728,0.010038956489246253,-0.1314514078820126,0.023045176854218807,1
2026-03-09 00:00:00+00:00,0.2492499947547912,0.2615190148353576,0.2492399960756302,0.2549940049648285,528757734,0.27113485187292097,0.2927194195985794,41.41160481943695,-0.009978564842136772,-0.009193958478162262,-0.0007846063639745104,0.29565673135993464,0.27113485187292097,0.2466129723859073,0.023045176854218807,0.0012604430356046858,-0.07645001115015404,0.9404693022804107,0.8711209024482024,0.9262619208685969,0.03535261171617244,0.0448023614439044,0.9774185673688425,0.17088887055659083,-0.08149983344749923,0.027522215231822633,1
2026-03-10 00:00:00+00:00,0.2549960017204284,0.2731480002403259,0.2549960017204284,0.2620120048522949,649635622,0.2705561518669128,0.290557159781456,44.675150495907815,-0.009449471282164834,-0.009245061038962776,-0.0002044102432020578,0.29537890262329725,0.2705561518669128,0.24573340111052835,0.027522215231822633,0.05120164640347857,-0.025945064392898454,0.9684200601033801,0.9017571793769202,0.9311632591343229,0.03312863276945493,0.04500502238985372,1.169304519196491,0.3278968536067601,-0.06960916482696156,0.0020037162475725623,1
2026-03-11 00:00:00+00:00,0.2620150148868561,0.2669770121574402,0.2572300136089325,0.2625370025634765,511020427,0.27005565166473383,0.28879934012889863,44.92231296420161,-0.008885372849019524,-0.009173123400974127,0.00028775055195460336,0.29511194945778324,0.27005565166473383,0.24499935387168442,0.0020037162475725623,0.029581078189224286,0.01351164005683958,0.9721588900105986,0.9090637203197882,0.9350978833407341,0.024929331366931828,0.04500638837469891,0.907228166358673,0.34996488381170604,-0.04036483496085219,0.002517685894874555,1
2026-03-12 00:00:00+00:00,0.2625379860401153,0.2650879919528961,0.2581709921360016,0.2631979882717132,370857830,0.26897020041942593,0.2867493599653244,45.253928285081265,-0.008289429372262624,-0.008996384595231827,0.0007069552229692026,0.2931843167937345,0.26897020041942593,0.24475608404511734,0.002517685894874555,0.004526446870580791,0.033474235519240114,0.9785395849104783,0.9178677445122835,0.9379975615358009,0.023622232574481018,0.043686832190822665,0.6663388877998376,0.3808089451111026,-0.04928108781307583,0.009483370754481468,1
2026-03-13 00:00:00+00:00,0.2631970047950744,0.2807599902153015,0.2631849944591522,0.2656939923763275,693568649,0.26825380027294154,0.2848852998018265,46.56233944374074,-0.007528944219765743,-0.008702896520138611,0.0011739523003728679,0.2919330742950832,0.26825380027294154,0.2445745262507999,0.009483370754481468,0.01202493279814032,0.06597391361116656,0.990457514883258,0.9326349676910359,0.9416203660193971,0.018377041367178073,0.043641826082775954,1.1990047677125732,0.4459483450755195,0.010673662955169583,-0.008468335746624533,0
2026-03-14 00:00:00+00:00,0.2656950056552887,0.2664240002632141,0.2589649856090545,0.2634440064430237,378198218,0.26785670071840284,0.28295220017433165,45.50653321514605,-0.007026808642320748,-0.008367678944575038,0.0013408703022542903,0.29158113973858246,0.26785670071840284,0.2441322616982232,-0.008468335746624533,0.0009347266402983667,0.03313803977219276,0.9835259141789467,0.9310548081291163,0.9466500014962661,0.017033714810030364,0.043141157485527666,0.646423491701818,0.4070010828996678,-0.04584537488803975,0.024304971857686652,1
2026-03-15 00:00:00+00:00,0.2634440064430237,0.2716059982776642,0.2616299986839294,0.2698470056056976,371686001,0.2682363003492355,0.2811858803033829,49.047358183561656,-0.0060425394260201215,-0.007902651040864055,0.0018601116148439338,0.2918259201580373,0.2682363003492355,0.2446466805404337,0.024304971857686652,0.015630813449059033,0.029903212861637885,1.0060047997022215,0.9596748076914412,0.9539465497336654,0.013709067579663125,0.04275237700040772,0.640970536411657,0.5341401275119549,0.0031823076854897714,0.07609124813643686,1
2026-03-16 00:00:00+00:00,0.2698499858379364,0.2924819886684418,0.2689389884471893,0.2903800010681152,1117143611,0.26981739997863763,0.2802193802595139,58.38546112726457,-0.0035645677304803614,-0.0070350343787873165,0.003470466648306955,0.29492240563151145,0.26981739997863763,0.2447123943257638,0.07609124813643686,0.10224561563869572,0.10605361618656683,1.0762093219010544,1.036259522090126,0.9628791546421848,0.028183233711944203,0.04561675449556314,1.8108960045936886,0.9095318952283069,0.12099821453204562,-0.004535417121668939,0
2026-03-17 00:00:00+00:00,0.2903780043125152,0.2925620079040527,0.2822569906711578,0.2890630066394806,642308000,0.2694369509816169,0.27896068036556243,57.655584195349384,-0.001687574445028539,-0.005965542392035562,0.004277967947007023,0.29301245540722654,0.2694369509816169,0.2458614465560073,-0.004535417121668939,0.07121072546516061,0.09827209750959631,1.0728409952174776,1.0362141584279176,0.9658599578569094,0.029167358729424976,0.03160527641845268,1.0796879110881166,0.9162382976744342,0.13503591636584233,-0.05144904114659288,0
2026-03-18 00:00:00+00:00,0.2890639901161194,0.2941319942474365,0.2703669965267181,0.2741909921169281,608628446,0.26879785060882566,0.27723842024803164,50.04715711798326,-0.001384135571387779,-0.005049261027906006,0.003665125456518227,0.29102628125909025,0.26879785060882566,0.2465694199585611,-0.05144904114659288,-0.055751115406152185,0.031980398444860114,1.0200639309275985,0.9890079155393501,0.9695548343131712,0.03848763307961064,0.03285413236363185,1.0289585771706038,0.6213117919334138,0.10006418410027851,-0.024927820468911843,0
2026-03-19 00:00:00+00:00,0.2741900086402893,0.2761270105838775,0.2629970014095306,0.2673560082912445,452910427,0.26828465163707726,0.2754279601573944,46.97878744017117,-0.0016758658123632308,-0.004374581984797451,0.00269871617243422,0.29012604741777653,0.26828465163707726,0.246443255856378,-0.024927820468911843,-0.07509434915450475,0.014849462324233675,0.9965385893670541,0.970693055775684,0.974064693663508,0.04035508454040172,0.03251865152798838,0.7689502080569558,0.47874120877720233,0.04847958416952247,-0.004626808289262763,0
2026-03-20 00:00:00+00:00,0.2673540115356445,0.2727639973163605,0.2623429894447326,0.2661190032958984,394906233,0.2675098523497581,0.27407014012336733,46.424046892002565,-0.001984009666746389,-0.003896467521187239,0.0019124578544408499,0.28844060064287647,0.2675098523497581,0.24657910405663974,-0.004626808289262763,-0.029439292511795667,-0.013815244313833852,0.9948007557791133,0.970988678942223,0.9760634713046221,0.040325485904304945,0.03231051398016015,0.6899833198212947,0.4667749801779183,0.0156748483563518,-0.031376995190757095,0
2026-03-21 00:00:00+00:00,0.2661190032958984,0.2670400142669678,0.257658988237381,0.2577689886093139,271134338,0.2667193010449409,0.27281841993331907,42.75404889592516,-0.0028689211553867278,-0.003690958248027137,0.0008220370926404091,0.28787782647656823,0.2667193010449409,0.2455607756133136,-0.031376995190757095,-0.035858628138579096,-0.11230460892226402,0.9664429518202775,0.9448371875781574,0.9776440355828288,0.042104070288425895,0.03243794258571034,0.4874699933066387,0.2884939462215956,-0.01816130262632132,-0.02783106409171987,0
2026-03-22 00:00:00+00:00,0.2577889859676361,0.2596260011196136,0.2484699934720993,0.2505950033664703,476249791,0.2654070004820823,0.2719603997468948,39.83997968581564,-0.00410181734215076,-0.0037731300668518617,-0.0003286872752988981,0.28716933601416994,0.2654070004820823,0.2436446649499947,-0.02783106409171987,-0.058334804118317374,-0.1330782645632258,0.9441913849721082,0.9214393110162045,0.9759031121041464,0.041202676651995854,0.03272594760831268,0.8677051359975454,0.1596873278198382,-0.04788404724519468,0.043919461720794084,1
2026-03-23 00:00:00+00:00,0.2505950033664703,0.2661510109901428,0.248316004872322,0.2616010010242462,683768851,0.2653426498174667,0.2714717799425125,45.92891445803041,-0.004143045967717085,-0.0038471132470249067,-0.0002959327206921783,0.28714392427327606,0.2653426498174667,0.24354137536165735,0.043919461720794084,0.01486607227504888,-0.045916866179589566,0.9858988036947908,0.963639760566065,0.9774225883576417,0.030403023642232973,0.03255340653415752,1.2487522933213828,0.41418738384297854,-0.015404907410492052,0.017538189490779565,1
2026-03-24 00:00:00+00:00,0.2616029977798462,0.2675600051879883,0.2584039866924286,0.2661890089511871,449597944,0.26484699994325633,0.27081755995750423,48.27897938301549,-0.0037621384640290634,-0.003830118290425738,6.797982639667475e-05,0.2860611617499296,0.26484699994325633,0.243632838136583,0.017538189490779565,0.06222791905356595,-0.0043649639576686106,1.0050671104759286,0.9829089701308754,0.9779535713445436,0.03265825401152693,0.030675498189447294,0.8636443838211466,0.5316300266812476,0.01041968099872892,0.015470193592102,1
2026-03-25 00:00:00+00:00,0.2661930024623871,0.2761020064353943,0.2659650146961212,0.2703070044517517,496454725,0.2649128004908562,0.2704079401493072,50.36421925747978,-0.0030923322207637716,-0.003682561076493345,0.0005902288557295735,0.2861891551098809,0.2649128004908562,0.2436364458718315,0.015470193592102,0.03327970226955901,0.01573732467048461,1.0203621869192452,0.9996267280557674,0.979678334684193,0.028453800474623536,0.030334904128155565,0.9606877699789768,0.6267652296994561,0.0017046653714820614,-0.05746429051031765,0
2026-03-26 00:00:00+00:00,0.2703070044517517,0.2704269886016845,0.2527849972248077,0.2547740042209625,504951606,0.2646996513009071,0.2697774004936218,43.27665815495914,-0.0037714147298267275,-0.0037003318071600214,-7.108292266670615e-05,0.28630670121751584,0.2646996513009071,0.24309260138429836,-0.05746429051031765,-0.042883080617043046,-0.011618870076302024,0.9625022283514033,0.9443860151176229,0.981178003852718,0.03482626171335892,0.03197322913811746,0.9750856625792295,0.27031461679747854,-0.12261862633852827,-0.034344189012793236,0
2026-03-27 00:00:00+00:00,0.2547709941864013,0.2558319866657257,0.2452490031719207,0.2460239976644516,494413325,0.26426720097661016,0.26980018049478527,39.872672156465626,-0.004958486566451481,-0.003951962759018313,-0.0010065238074331677,0.2870342732243132,0.26426720097661016,0.2415001287289071,-0.034344189012793236,-0.08983491506833852,-0.01824060991086096,0.9309668273446721,0.9118748446100716,0.9794923060910181,0.03636028963492444,0.032680060007950554,0.9412551442860837,0.09935113497083273,-0.14889144576257474,-0.0014836111391910434,0
2026-03-28 00:00:00+00:00,0.2460239976644516,0.2521480023860931,0.2443210035562515,0.2456589937210083,304177659,0.26408765092492104,0.2691886803507805,39.7322772451722,-0.005861138757968343,-0.0043337979588083195,-0.0015273407991600232,0.2874034108044766,0.26408765092492104,0.24077189104536548,-0.0014836111391910434,-0.035776846730598444,-0.060940161699764905,0.9302176488019429,0.9125903563288376,0.9810503568752881,0.03524967878917397,0.03233806965068089,0.5849362579715061,0.10480256060468525,-0.10405884662962372,-0.024818911874732175,0
2026-03-29 00:00:00+00:00,0.2456700056791305,0.2468750029802322,0.2346830070018768,0.2395620048046112,417636387,0.2633160509169102,0.268532620370388,37.365541153177,-0.006987920773052048,-0.0048646225216570655,-0.002123298251394982,0.2888178474209715,0.2633160509169102,0.2378142544128489,-0.024818911874732175,-0.026265701399803332,-0.10003044172067466,0.909788841091975,0.8921150975035453,0.9805737960390712,0.034960426146665884,0.032295952259063426,0.8117918497968689,0.03426720136136234,-0.10395877640556284,0.015160977347762117,1
2026-03-30 00:00:00+00:00,0.2395669966936111,0.2510299980640411,0.2395630031824112,0.2431939989328384,426947961,0.26237515062093736,0.2679912406206131,39.670946539365715,-0.007501361045033406,-0.005391970226332334,-0.0021093908187010714,0.28942136172248867,0.26237515062093736,0.23532893951938605,0.015160977347762117,-0.01003421348769895,-0.1003044873879797,0.926894175600453,0.907469954501687,0.9790437553605483,0.029376249980047384,0.0318031932172462,0.8482499340490474,0.14540039238622302,-0.08614568700142622,-0.006706545821312915,0
2026-03-31 00:00:00+00:00,0.2431920021772384,0.2485930025577545,0.2360969930887222,0.241563007235527,507432165,0.26132645085453987,0.26742834061384196,38.97714494435665,-0.007948251068222723,-0.005903226394710412,-0.0020450246735123105,0.28992802233603915,0.26132645085453987,0.23272487937304062,-0.006706545821312915,0.008352753737170593,-0.05185378714689337,0.9243725862637088,0.9032812553862282,0.9771830848394897,0.02691564331581856,0.031787215142584445,1.0085135019334492,0.15450423533901403,-0.06287017480737145,0.02688739060758616,1
2026-04-01 00:00:00+00:00,0.241563007235527,0.2529770135879516,0.2415360063314438,0.2480580061674118,511298140,0.2605694517493248,0.26715610086917874,43.234676408524,-0.007689680646602803,-0.00626051724508889,-0.001429163401513913,0.2897578596951599,0.2605694517493248,0.23138104380348967,0.02688739060758616,0.02000052326914803,0.008267520738909129,0.9519842195701845,0.9285133499117847,0.9753453164706902,0.029208832881416937,0.032496351609418765,1.0022100765847535,0.2856778347566875,-0.010123893792680194,-0.035072494918120256,0
2026-04-02 00:00:00+00:00,0.2480600029230117,0.250095009803772,0.2353360056877136,0.2393579930067062,609457229,0.2592526517808437,0.266832220852375,39.28122938470827,-0.008093483438534055,-0.006627110483777923,-0.0014663729547561314,0.28981169153109054,0.2592526517808437,0.2286936120305969,-0.035072494918120256,-0.009128112180980086,-0.025649379323999244,0.9232615032576206,0.8970355688008573,0.9715942510716324,0.024168753788948984,0.033155149968738085,1.204544119336008,0.17448815576777363,-0.08502646370026101,0.028451147145655886,1
2026-04-03 00:00:00+00:00,0.2393579930067062,0.2504990100860595,0.2391919940710067,0.2461680024862289,404562980,0.258388851583004,0.2664711010456085,43.62663350433662,-0.0077743710983640135,-0.006856562606695142,-0.0009178084916688714,0.2894220372236921,0.258388851583004,0.22735566594231593,0.028451147145655886,-0.007619200486145061,0.027575314737433354,0.9527036517949408,0.9238075030286133,0.9696693208723555,0.024680142876230427,0.033951727188888774,0.7975089801250234,0.30310031270601845,-0.07521349789701337,0.007234903273627413,1
2026-04-04 00:00:00+00:00,0.2461690008640289,0.2491939961910247,0.2434480041265487,0.2479490041732788,245760598,0.25729395151138307,0.26597624123096464,44.74045552635293,-0.007293683277345142,-0.006943986740825143,-0.00034969653651999947,0.2881697754698362,0.25729395151138307,0.22641812755292995,0.007234903273627413,0.035891891716905766,0.019552313220333906,0.9636798794405751,0.9322223783062202,0.9673568974454295,0.02479219427997768,0.033444169807372255,0.4905528243177992,0.34866885899662253,-0.08271335892246057,0.00999400465492628,1
2026-04-05 00:00:00+00:00,0.2479490041732788,0.2505899965763092,0.2408200055360794,0.2504270076751709,293066988,0.25529630184173585,0.2650794613361358,46.329370959348786,-0.0066362816193892005,-0.006882445716537955,0.0002461640971487544,0.28205412237140326,0.25529630184173585,0.22853848131206844,0.00999400465492628,0.017301213585548147,0.036694362026224336,0.9809268911008999,0.9447242966802896,0.9630934835724811,0.021938989546037197,0.027961389212415404,0.6374025727715076,0.40901175674666435,-0.017062166758667896,-0.017318470591707658,0
2026-04-06 00:00:00+00:00,0.2504290044307709,0.259548008441925,0.2453130036592483,0.2460899949073791,523049791,0.2531476512551308,0.2643656611442566,43.94758897932111,-0.006391568727887015,-0.006784270318807768,0.00039270159092075294,0.27492712640815276,0.2531476512551308,0.23136817610210883,-0.017318470591707658,-0.0074975468124911515,-0.007933673621098647,0.9721203956949269,0.9308697424704301,0.9575663123547484,0.02321526332094587,0.028048076375253063,1.1525482993444864,0.33797459998083496,0.00026825530661245267,0.07193308797794984,1
2026-04-07 00:00:00+00:00,0.2460879981517791,0.2655630111694336,0.2402430027723312,0.2637920081615448,591484629,0.2526277020573616,0.26393168151378626,54.2793556227516,-0.004714877299991593,-0.006370391715044533,0.0016555144150529394,0.27272333919151204,0.2526277020573616,0.2325320649232112,0.07193308797794984,0.053368846317525254,0.10208146737825463,1.0441927231782688,0.999470797323609,0.9571708125694104,0.03458558785153878,0.03128665383203581,1.3058119838298299,0.7777793515491632,0.07381376177552013,-0.049588364133953844,0
2026-04-08 00:00:00+00:00,0.2637839913368225,0.2640379965305328,0.2503069937229156,0.2507109940052032,517566999,0.25179545134305953,0.26332656145095823,47.33591808883628,-0.004390999079211977,-0.005974513187878021,0.0015835141086660443,0.2706640409000842,0.25179545134305953,0.23292686178603486,-0.049588364133953844,0.018777679684065518,0.018454841706035507,0.9956931019521127,0.9520915498374266,0.9562098481658629,0.04100845332866384,0.03271325558281154,1.134527907352416,0.4712628934298745,0.0465390545119424,0.012392800445529373,1
2026-04-09 00:00:00+00:00,0.2507109940052032,0.2594850063323974,0.2480549961328506,0.25381800532341,370447027,0.2511804014444351,0.26293120145797727,49.004538229105485,-0.0038393557061606187,-0.005547481691534541,0.0017081259853739227,0.2688467435010499,0.2511804014444351,0.23351405938782027,0.012392800445529373,-0.03781010238955684,0.023670194480916784,1.0105008347140425,0.9653399973680042,0.9553084611168894,0.03759386540658635,0.03288148859516785,0.8142176838984656,0.5746505380265543,0.043685314757727856,0.0017374061537078767,1
2026-04-10 00:00:00+00:00,0.25382199883461,0.258542001247406,0.2500700056552887,0.2542589902877807,421396108,0.25100490152835847,0.26256544113159175,49.25031562564185,-0.003328224853123174,-0.0051036303238522675,0.0017754054707290936,0.26846418059900906,0.25100490152835847,0.2335456224577079,0.0017374061537078767,0.014151737926992869,0.015301794515631073,1.0129642438837179,0.9683642645124495,0.9559708255838612,0.03663559427912806,0.032141894983564706,0.9111542119359015,0.5931908112085915,0.05255764612946279,-0.018076037131032674,0
2026-04-11 00:00:00+00:00,0.2542600035667419,0.2550890147686004,0.2473739981651306,0.2496629953384399,482937735,0.2509583011269569,0.26186056077480313,46.7228780303746,-0.0032564697949571952,-0.004734198218073253,0.001477728423116058,0.26842715934704175,0.2509583011269569,0.233489442906872,-0.018076037131032674,-0.016370036395470966,0.014519080438055054,0.9948385616945116,0.9534196161488672,0.9583661639783089,0.03763643477923552,0.03177234518025224,1.0434667331197671,0.4629252876118804,0.006470217171482551,-0.05363625511799763,0
2026-04-12 00:00:00+00:00,0.2496619969606399,0.2504029870033264,0.2357700020074844,0.2362720072269439,571064165,0.24969185143709177,0.2609855610132217,40.24283671547592,-0.00423136764950538,-0.004633632104359679,0.00040226445485429946,0.2675795541036456,0.24969185143709177,0.23180414877053795,-0.05363625511799763,-0.07074276130994783,-0.10432461971231444,0.9462543766129712,0.9053068158624078,0.9567266881267896,0.042620236899754374,0.03220760508774499,1.2490871422453056,0.12488631267222126,-0.01289276259797123,0.05206286651077141,1
2026-04-13 00:00:00+00:00,0.2362720072269439,0.2486370056867599,0.2361550033092498,0.2485730051994323,534047240,0.24881105124950403,0.2605293011665344,47.452465997836796,-0.003965679604414379,-0.004500041604370619,0.0005343619999562399,0.2649253566836142,0.24881105124950403,0.23269674581539387,0.05206286651077141,-0.004365845797572265,-0.008527702641259238,0.9990432657678334,0.9541076726741786,0.9550213743154369,0.0477208298715973,0.034312223997512034,1.1574303407252062,0.49261382840715334,0.009769761662415721,-0.03582853578933043,0
2026-04-14 00:00:00+00:00,0.2485920041799545,0.2487909942865371,0.2392919957637787,0.239666998386383,519869550,0.24727905094623562,0.26007754087448115,43.372429310109965,-0.004422777211103013,-0.004484588725717099,6.181151461408588e-05,0.26032176367923715,0.24727905094623562,0.23423633821323409,-0.03582853578933043,0.014368994445364658,-0.05575257326207428,0.9692167511533047,0.9215213185288125,0.9507897149242027,0.037929942634394566,0.0347840526337279,1.123851727952906,0.20818752526105636,-0.0334020530330823,0.02603194025285105,1
2026-04-15 00:00:00+00:00,0.239667996764183,0.2499639987945556,0.2384350001811981,0.2459059953689575,471434089,0.24683565050363537,0.25982050061225886,46.82191547589702,-0.004232802332136826,-0.004434231447001044,0.00020142911486421833,0.2593996975074945,0.24683565050363537,0.2342716034997763,0.02603194025285105,-0.010729281839494287,-0.03285230901518543,0.9962337080045729,0.9464456992019018,0.9500237661076586,0.0365115699171737,0.0331832277029915,1.02284984324449,0.46300335654616903,-0.018053213781468846,0.05424023746260542,1
2026-04-16 00:00:00+00:00,0.2459039986133575,0.2603890001773834,0.2444249987602234,0.2592439949512481,733269165,0.2474966503679752,0.2590719407796859,53.362576388932,-0.002971724584705543,-0.0041417300745419435,0.0011700054898364006,0.26121856815233285,0.2474966503679752,0.23377473258361753,0.05424023746260542,0.0816841563363837,0.03837572965036462,1.047464660898671,1.000664117353058,0.955320169459979,0.04226886143746335,0.03442220088961645,1.5507590285650283,0.928050392368053,0.05345199039408244,-0.0014696305288611766,0
2026-04-17 00:00:00+00:00,0.2592459917068481,0.2673929929733276,0.252346009016037,0.2588630020618438,713936059,0.24815685078501698,0.25850974082946776,53.1614372840824,-0.0019802274964459965,-0.003709429558922754,0.0017292020624767577,0.2627494376452329,0.24815685078501698,0.23356426392480106,-0.0014696305288611766,0.05269089382487646,0.09561435186522482,1.0431426786847073,1.0013665296759904,0.9599516443317302,0.042312178396433725,0.0344221013429999,1.4471679308828425,0.8668352766847407,-0.018685198744468723,-0.036138839956384894,0
2026-04-18 00:00:00+00:00,0.2588639855384826,0.2593179941177368,0.2478390038013458,0.2495079934597015,424901598,0.24865415021777149,0.25794750094413754,48.34300893147336,-0.0019271153357702242,-0.0033529667142922484,0.0014258513785220242,0.2626803672726154,0.24865415021777149,0.23462793316292754,-0.036138839956384894,-0.03755535974276858,0.0037614231662810305,1.0034338588001939,0.9672820730825233,0.9639719295889644,0.04433764306571611,0.034995020896355485,0.8606534352683134,0.5304374029929604,-0.004798355773248275,-0.027991068906375927,0
2026-04-19 00:00:00+00:00,0.2494989931583404,0.2506699860095978,0.2414270043373108,0.2425239980220794,558943066,0.24862065017223353,0.2571656811237335,45.05949085954518,-0.002420669656922725,-0.0031665073028183436,0.0007458376458956187,0.2627048570942665,0.24862065017223353,0.23453644325020057,-0.027991068906375927,-0.06311834410334516,0.011920705207357996,0.9754780942535118,0.9430651748021955,0.9667722733680448,0.03993558117568017,0.035507276433305875,1.1172241408336612,0.28356423674034936,-0.04449647804512513,0.023766751395194463,1
2026-04-20 00:00:00+00:00,0.2425259947776794,0.2512570023536682,0.2424719929695129,0.2482880055904388,507917359,0.24895690008997912,0.25665984094142913,48.1873474872033,-0.0023199646648291994,-0.002997198775220515,0.0006772341103913155,0.26264725205507994,0.24895690008997912,0.23526654812487832,0.023766751395194463,-0.004889574287165188,0.009686669972837958,0.997313211647082,0.9673815922261838,0.9699877439992342,0.03549391833771825,0.03583600463856386,1.0151839328170917,0.47557058791309836,-0.023483868517623407,0.0054855486562923605,1
2026-04-21 00:00:00+00:00,0.2482859939336776,0.2515389919281006,0.2444359958171844,0.2496500015258789,426779608,0.2490364998579025,0.25611602067947387,48.927258147381764,-0.0021059771500789026,-0.0028189544501921924,0.0007129773001132897,0.2627233579977384,0.2490364998579025,0.23534964171806663,0.0054855486562923605,0.029382673722667008,-0.03700758209336108,1.0024635010061838,0.974753554516267,0.9723581492372502,0.03170347481866057,0.03536962839307241,0.8602786821933496,0.5224120708240114,-5.2045408425072104e-05,-0.004366132719834326,0
2026-04-22 00:00:00+00:00,0.2496529966592788,0.2571150064468384,0.248549997806549,0.2485599964857101,478814218,0.24949660003185267,0.25582946032285686,48.33239217526048,-0.0020012753437201047,-0.0026554186288977747,0.0006541432851776699,0.2624103839728786,0.24949660003185267,0.23658281609082674,-0.004366132719834326,0.0010954653029835448,-0.03980099702958817,0.9962460268155037,0.9715847274665994,0.9752457739503022,0.030609236774722038,0.034378023484446886,0.9780452307346352,0.4637362855682034,0.052007808301062664,0.005829593804867583,1
2026-04-23 00:00:00+00:00,0.2485599964857101,0.2506319880485534,0.2452580034732818,0.2500090003013611,462947981,0.24968864992260928,0.2553076002001762,49.216322636241394,-0.0017808474093561344,-0.0024805043849894467,0.0006996569756333123,0.2625079031536987,0.24968864992260928,0.23686939669151985,0.005829593804867583,0.0014380083047784709,0.0020079791220817267,1.0012829993628107,0.9792462116495526,0.977991449243339,0.0206794293458161,0.03384539912463199,0.9400308321487715,0.5124948923691938,0.005776955147549945,0.0017558896209397545,1
2026-04-24 00:00:00+00:00,0.2500090003013611,0.2527579963207245,0.2475579977035522,0.2504479885101318,330043372,0.24981359913945195,0.2549367401003837,49.498209302207755,-0.001552833900999695,-0.002294970288191496,0.0007421363871918012,0.2626101524195128,0.24981359913945195,0.23701704585939107,0.0017558896209397545,0.007595719549063684,0.03267301608367412,1.0025394509060561,0.9823926845989933,0.9799042658233,0.020806320891256544,0.03381712089546384,0.6644778296529849,0.5247875094486705,0.04498320668400102,-0.0007106444350303276,0
2026-04-25 00:00:00+00:00,0.2504439949989319,0.2537550032138824,0.248548999428749,0.2502700090408325,317717858,0.24980574920773502,0.2547614005208015,49.3785379084663,-0.001370692518487926,-0.0021101147342507823,0.0007394222157628564,0.26260091065195745,0.24980574920773502,0.2370105877635126,-0.0007106444350303276,0.001043997372721872,0.007982679008921245,1.0018584833798658,0.9823702041565663,0.9805478722328588,0.015454528733888967,0.033752609804585616,0.6380794311375312,0.5181420076300453,0.017746674558817732,0.00822311622702876,1
2026-04-26 00:00:00+00:00,0.2502700090408325,0.2541300058364868,0.2488040030002594,0.2523280084133148,281698725,0.2501176498830318,0.25471450060606,50.858032611431,-0.0010481978384475066,-0.0018977313550901272,0.0008495335166426206,0.2628353214977753,0.2501176498830318,0.23739997826828832,0.00822311622702876,0.007506628080213185,0.010727045347757924,1.0088372753035089,0.9906307171870199,0.9819529288199511,0.009044471526376436,0.0335251502371282,0.5797930374846084,0.5869010695212704,-0.026677518756929586,-0.0165538662360869,0
2026-04-27 00:00:00+00:00,0.2523280084133148,0.2559140026569366,0.2441670000553131,0.2481510043144226,421254372,0.2493355996906757,0.25469252079725263,47.80417420382701,-0.0011167940960089273,-0.0017415439032738872,0.0006247498072649599,0.26031796482826913,0.2493355996906757,0.23835323455308227,-0.0165538662360869,-0.008466874375124167,-0.001645446480005086,0.9952489922108086,0.9743160244268131,0.9789671047669228,0.008449463879187536,0.029360223319074483,0.8824865963508212,0.4460682939689312,-0.04138095309913026,-0.005424144839541567,0
2026-04-28 00:00:00+00:00,0.2481530010700225,0.2483710050582885,0.2447070032358169,0.2468049973249435,281201653,0.2491402998566627,0.2545287406444549,46.82836384917145,-0.0012651843813387686,-0.0016462719988868636,0.0003810876175480949,0.2601585434112406,0.2491402998566627,0.23812205630208477,-0.005424144839541567,-0.021888220507509493,-0.012815550530402842,0.9906265564701384,0.9696547301497063,0.9788297353998259,0.00826275589214506,0.02722678338945636,0.6040448957604799,0.39402564391722295,-0.010833304766224239,-0.009270471912272149,0
2026-04-29 00:00:00+00:00,0.2468059957027435,0.2537899911403656,0.2393310070037841,0.2445169985294342,548720750,0.2486752495169639,0.2541788405179977,45.14154224671151,-0.0015495449432037511,-0.0016269265877502412,7.738164454649003e-05,0.25964723856796523,0.2486752495169639,0.2377032604659626,-0.009270471912272149,-0.014644332369430524,-0.023681523720673225,0.9832783881966266,0.9619880161193851,0.9783475642983582,0.008730432023494737,0.027120367484314043,1.1565535692518596,0.31050605463599934,0.008217745557589584,0.006801160661865424,1
2026-04-30 00:00:00+00:00,0.2445169985294342,0.2477899938821792,0.2445160001516342,0.24617999792099,299048849,0.24827129989862443,0.253851700425148,46.64589266277992,-0.001622015005245031,-0.0016259442712491991,3.929266004168083e-06,0.2589691717616687,0.24827129989862443,0.2375734280355801,0.006801160661865424,-0.0025323612192933442,-0.01634239410274374,0.991576545583447,0.9697788019882888,0.9780170843166401,0.008887656862309749,0.02717592487518052,0.6385465974727721,0.40225616812354975,-0.008490171180181916,0.0078763454202746,1
2026-05-01 00:00:00+00:00,0.24617899954319,0.2507010102272033,0.2461419999599456,0.2481189966201782,314341284,0.24819409996271133,0.2535501205921173,48.42188462740173,-0.001505631083487502,-0.0016018816336968596,9.625055020935766e-05,0.25887195091819143,0.24819409996271133,0.23751624900723126,0.0078763454202746,0.014731074372771547,-0.01668071578578878,0.9996974007740538,0.9785796829468835,0.978875890033505,0.009609790010992953,0.026949545638108537,0.6835028482600757,0.49648321825963476,-0.006132605232698207,0.00791148439035183,1
2026-05-02 00:00:00+00:00,0.2481189966201782,0.251922994852066,0.2472259998321533,0.2500819861888885,231090703,0.24888459891080855,0.2532378804683685,50.228152099400155,-0.0012406971497520014,-0.001529644736907888,0.00028894758715588653,0.25798602069836907,0.24888459891080855,0.23978317712324804,0.00791148439035183,0.015850143394471994,0.00778147918361527,1.0048110139531334,0.9875378269884304,0.9828095166903607,0.010229614768589357,0.023832099871129594,0.5217685482404724,0.5657802322553871,0.006123228696078176,-0.0025871256372180795,0
2026-05-03 00:00:00+00:00,0.2500819861888885,0.2514120042324066,0.2476180046796798,0.2494349926710128,270078666,0.2489276982843876,0.2529577001929283,49.61146443729421,-0.0010706008481116969,-0.0014378359591486498,0.0003672351110369529,0.2580310708770836,0.2489276982843876,0.23982432569169163,-0.0025871256372180795,0.005303890749039031,0.01065616731660679,1.0020379186009492,0.9860739265132915,0.9840684750633523,0.009564704241597626,0.02087346137896305,0.6285277764009304,0.5278629915154854,-0.002295947864502379,0.0018401606901221612,1
2026-05-04 00:00:00+00:00,0.2494349926710128,0.2543359994888305,0.2474890053272247,0.2498939931392669,504053342,0.24943904802203173,0.25255863994359967,50.07973069117795,-0.0008885185134830942,-0.0013279724700155388,0.00043945395653244464,0.2574335554355627,0.24943904802203173,0.24144454060850082,0.0018401606901221612,-0.0007517256739939526,0.021990269151718866,1.00182387288936,0.9894493935945814,0.9876480490936101,0.006940565229048965,0.019054662592332353,1.1751970575365658,0.5284536053131401,-0.0022120176494947463,0.04899683973299651,1
2026-05-05 00:00:00+00:00,0.2498939931392669,0.2652539908885956,0.2498230040073394,0.2621380090713501,578079305,0.2502506487071514,0.25199380010366434,60.598583926606686,0.0002409947690671932,-0.0010141790221989925,0.0012551737912661857,0.25986631513417185,0.2502506487071514,0.24063498228013097,0.04899683973299651,0.050927162481535504,0.06482253345164835,1.0475018163813414,1.040255787894435,0.9930825623654398,0.01882406122895651,0.02114021530140296,1.3312379792453175,1.118124622688381,0.047420783960499424,0.017452578999378243,1
2026-05-06 00:00:00+00:00,0.2621380090713501,0.2733240127563476,0.2604750096797943,0.2667129933834076,636443394,0.2506240986287594,0.2515467998385429,63.678282807145635,0.0014881507074223088,-0.0005137130762747323,0.002001863783697041,0.2621089093085396,0.2506240986287594,0.23913928794897918,0.017452578999378243,0.0673045399485348,0.07493983538750637,1.0641953221684404,1.060291737182104,0.996331890485684,0.01718827520380702,0.01782537469653903,1.4821669601636505,1.200442314777283,0.0570090695065848,-0.015334765905614223,0
2026-05-07 00:00:00+00:00,0.2667129933834076,0.2699379920959472,0.2607519924640655,0.2626230120658874,493012914,0.2508120991289615,0.2513154402375221,59.221779090759256,0.00212204188499332,1.3437915978878182e-05,0.0021086039690144417,0.262968247002145,0.2508120991289615,0.23865595125577804,-0.015334765905614223,0.0018501818803593473,0.05014765784660158,1.0470906825386161,1.0449935420508916,0.9979971739576172,0.02020694553489497,0.018215224295700695,1.1784574372241317,0.9857999861527191,0.05831935998585713,0.04050286842077222,1
2026-05-08 00:00:00+00:00,0.2626230120658874,0.2770380079746246,0.2605299949645996,0.2732599973678589,451859063,0.2519996993243694,0.2514335200190544,65.90486781010043,0.0034430318985181896,0.0006993567124867404,0.002743675186031449,0.26773378054992925,0.2519996993243694,0.23626561809880953,0.04050286842077222,0.024547000509419492,0.09551588749325801,1.0843663627396778,1.0868081445431397,1.0022518051899845,0.02330810552834471,0.018079155265535406,1.0766179671960505,1.175612949326598,0.10718988808838725,-0.009042669911192847,0
2026-05-09 00:00:00+00:00,0.2732599973678589,0.2781369984149933,0.2697669863700866,0.2707889974117279,327895948,0.25341294929385183,0.251526919901371,63.309168258622,0.004241641947958674,0.0014078137595811273,0.002833828188377547,0.270576064763584,0.25341294929385183,0.23624983382411968,-0.009042669911192847,0.031093944439993804,0.08361547234477196,1.0685681144799242,1.076580580392389,1.0074983202323649,0.02488716609812256,0.0167207362217775,0.8033712447561083,1.0062032050218226,0.10744446823860043,0.0432514422191701,1
2026-05-10 00:00:00+00:00,0.2707900106906891,0.2882040143013,0.2686539888381958,0.2825010120868683,621326706,0.25512359961867326,0.2520215603709221,69.45075940128653,0.0057532875511160375,0.0022769085178881094,0.003476379033227928,0.2764508413451896,0.25512359961867326,0.23379635789215691,0.0432514422191701,0.03381766379280626,0.07768046719991561,1.1073103880202197,1.1209398579672585,1.0123086264650756,0.026483877047096243,0.018322332245898357,1.5014403654913944,1.1418413787226047,0.14753844533517024,-0.0069628525140569275,0
2026-05-11 00:00:00+00:00,0.2825010120868683,0.2829309999942779,0.2749370038509369,0.2805339992046356,491338886,0.2566677995026111,0.2526203402876854,67.409926360648,0.006715148035336238,0.0031645564213777354,0.0035505916139585026,0.28063523554139064,0.2566677995026111,0.23270036346383152,-0.0069628525140569275,0.03598743629192103,0.051819769430430096,1.092984783242285,1.110496482132682,1.0160219054820228,0.02757867232142493,0.018573046929598908,1.1781339687383376,0.9978880440821618,0.13064296980887158,-0.034291782386763,0
2026-05-12 00:00:00+00:00,0.2805339992046356,0.2816179990768432,0.2674019932746887,0.2709139883518219,468807216,0.2577854990959167,0.2528066000342369,58.37525589609592,0.006624808255109527,0.003856606788124094,0.0027682014669854326,0.28224088417997567,0.2577854990959167,0.23333011401185771,-0.034291782386763,-0.041015866277616775,0.0315698773718065,1.0509279587174156,1.0716254572275121,1.0196944979324334,0.029372036887031185,0.0205528358679994,1.1254577154581507,0.7684171443381379,0.08330069062710854,-0.023088511847434323,0
2026-05-13 00:00:00+00:00,0.2709139883518219,0.2772609889507293,0.261911004781723,0.2646589875221252,504848933,0.2585179984569549,0.25277599960565567,53.36688154609479,0.005979558409484775,0.00428119711239623,0.0016983612970885454,0.2828700334373516,0.2585179984569549,0.23416596347655816,-0.023088511847434323,-0.056588548010290896,-0.031475554155682484,1.0237545900162646,1.0470099532194814,1.02271575964592,0.03050152497404849,0.02145284732071522,1.2059172518979715,0.6260878006727931,0.061033917848053454,0.020781529651206165,1
2026-05-14 00:00:00+00:00,0.2646589875221252,0.2799470126628876,0.2626110017299652,0.2701590061187744,514445671,0.25950354933738706,0.2527730396389961,56.87085124198988,0.00584462558760851,0.004593882807438686,0.0012507427801698237,0.28407488233292216,0.25950354933738706,0.23493221634185196,0.020781529651206165,-0.002786796789787882,-0.0023265025498639957,1.0410609288720514,1.0687809368618129,1.026626691311713,0.03066942228973333,0.021810482387063814,1.2023601391564276,0.7168269988307833,0.08109443818528983,-0.032095970538217666,0
2026-05-15 00:00:00+00:00,0.2701590061187744,0.2724609971046448,0.2577140033245086,0.2614879906177521,451445385,0.260064448416233,0.2529073193669319,50.43654536151584,0.004980598629218069,0.0046712259717945626,0.0003093726574235067,0.2842575401219989,0.260064448416233,0.2358713567104671,-0.032095970538217666,-0.011981444250435791,-0.07438211039985498,1.0054738054747134,1.0339281254188253,1.0282994144543407,0.028654663034549294,0.023250224793107704,1.0388811707728043,0.5294204275094739,-0.0024796802871158707,-0.024655003754809224,0
2026-05-16 00:00:00+00:00,0.2614870071411133,0.2620689868927002,0.2525869905948639,0.2550410032272339,323935708,0.26020009815692896,0.25308765947818757,46.24699836882905,0.0037326058799054262,0.004483501953416735,-0.000750896073511309,0.2842404873754797,0.26020009815692896,0.23615970893837823,-0.024655003754809224,-0.05595964801889286,-0.09087310646723379,0.9801725865353688,1.0077180521289488,1.0281026688278905,0.029532263566313697,0.023971629949639018,0.7418463831585418,0.3926994300551077,-0.043762360461362615,-0.012409795278108149,0
2026-05-17 00:00:00+00:00,0.2550410032272339,0.2577849924564361,0.2480680048465728,0.2518759965896606,316840035,0.26038634777069086,0.2532119995355606,44.30144944011105,0.0024598178017496974,0.004078765123083328,-0.0016189473213336306,0.28408903567759,0.26038634777069086,0.23668365986379178,-0.012409795278108149,-0.03675883548373915,-0.07027319585077185,0.9673164462964667,0.9947237771181835,1.0283333659079719,0.019000840507027255,0.023831183369677406,0.7343767519118102,0.32047708651318835,-0.04092183465449928,-0.002072399449284834,0
2026-05-18 00:00:00+00:00,0.2518759965896606,0.2525720000267029,0.2466309964656829,0.2513540089130401,470711622,0.2606137983500957,0.2534478396177292,43.97289001886306,0.0013929470107377773,0.003541601500614218,-0.002148654489876441,0.2838504667703414,0.2606137983500957,0.2373771299298499,-0.002072399449284834,-0.014456476674492902,-0.050272158650848,0.9644693047886266,0.9917386129317686,1.0282738994468241,0.019476876827970748,0.023795294506281008,1.0675761101906756,0.3007504933670343,-0.08016536875439273,-0.012452571667602719,0
2026-05-19 00:00:00+00:00,0.2513540089130401,0.2527430057525635,0.2475520074367523,0.2482240051031112,321271805,0.26079914867877957,0.25354843974113467,41.963178749692325,0.00029151862826132247,0.002891584926143639,-0.0026000662978823167,0.28354923727961956,0.26079914867877957,0.2380490600779396,-0.012452571667602719,-0.0144991644142215,-0.0811929290486787,0.9517822675442975,0.979000325762369,1.0285969377096056,0.01760655020801867,0.023879339347038942,0.7479372909799384,0.22362429447408674,-0.08333053604207996,0.0031302018828036626,1
2026-05-20 00:00:00+00:00,0.2482170015573501,0.2508420050144195,0.246955007314682,0.249000996351242,358236888,0.26094019860029216,0.25369719952344894,42.66372063995199,-0.000512763778423686,0.0022107151852301743,-0.0027234789636538604,0.2833409502406487,0.26094019860029216,0.23853944695993562,0.0031302018828036626,-0.009361348848078932,-0.047753605192384474,0.9542454466077164,0.9814889435869675,1.028549779384434,0.017713630304523335,0.02384665830792662,0.8282873046579913,0.23350889200653355,-0.11858370165882848,0.005044112646582999,1
2026-05-21 00:00:00+00:00,0.249000996351242,0.2530069947242737,0.2462410032749176,0.2502569854259491,438963585,0.2610470980405807,0.2537411791086197,43.843723910192715,-0.0010368632446141612,0.0015611994992613073,-0.0025980627438754685,0.2832093667134416,0.2610470980405807,0.23888482936771976,0.005044112646582999,0.008190103620290046,-0.018757837919192832,0.9586660311659384,0.9862687101285238,1.02879279964579,0.013976517477718548,0.023811041562290705,1.000522631250576,0.25656570241284116,-0.10792636138410072,-0.03130377144561125,0
2026-05-22 00:00:00+00:00,0.2502590119838714,0.2540319859981537,0.2416069954633712,0.2424229979515075,484228680,0.2606641486287117,0.2538024792075157,38.518856655918874,-0.0020605998528999137,0.0008368396288290631,-0.002897439481728977,0.28386455537026883,0.2606641486287117,0.23746374188715452,-0.03130377144561125,-0.026417558548462727,-0.037530367189189784,0.9300204850833295,0.9551640264053369,1.0270354704281108,0.013777002727524886,0.024780478206169035,1.072747305002992,0.10687864483577879,-0.10516618419612433,0.0142437038117047,1
2026-05-23 00:00:00+00:00,0.2424219995737075,0.2499960064888,0.2368610054254531,0.2458759993314743,506391353,0.26048619896173475,0.25379663914442063,41.87005276028657,-0.002563736973207331,0.00015672430842178422,-0.0027204612816291154,0.284100163345283,0.26048619896173475,0.2368722345781865,0.0142437038117047,-0.0175059492825671,-0.02179400123855202,0.943911809191831,0.9687913920387292,1.0263579527288675,0.014989515595820626,0.025017860680984036,1.0932294797995472,0.19064492109509323,-0.07097052840149876,-0.01523939424957832,0
2026-05-24 00:00:00+00:00,0.2458759993314743,0.2464710026979446,0.2388399988412857,0.2421289980411529,278691172,0.26009794920682905,0.2536802390217781,39.36270476402001,-0.003227622432810495,-0.0005201450398246716,-0.0027074773929858234,0.2846806516623104,0.26009794920682905,0.2355152467513477,-0.01523939424957832,-0.0012127558558343576,-0.024554462649277076,0.9309146757193871,0.9544653496655151,1.0252984237550327,0.015254761204159702,0.025227157902755374,0.6166570017260379,0.13452042756044713,-0.10375374295424455,0.005501199396738654,1
2026-05-25 00:00:00+00:00,0.2421270012855529,0.2473919987678527,0.2403949946165084,0.2434609979391098,310864837,0.25916409865021706,0.25354091882705687,40.721681475298944,-0.0036047221892687165,-0.0011370604697134806,-0.002467661719555236,0.28481624024979146,0.25916409865021706,0.23351195705064262,0.005501199396738654,-0.009822029799292253,-0.022248900579969755,0.939408657322166,0.96024341579821,1.0221785889598192,0.01579902432771664,0.022379084328934297,0.7088017275207082,0.19392222769876336,-0.06894004055809377,-0.015033181663971829,0
2026-05-26 00:00:00+00:00,0.2434609979391098,0.2468809932470321,0.2382639944553375,0.2398010045289993,432644749,0.25781849920749667,0.25341513901948926,38.18905085627217,-0.004151056547536641,-0.0017398596852781128,-0.0024111968622585285,0.2846017799157505,0.25781849920749667,0.23103521849924288,-0.015033181663971829,-0.009614682797134178,-0.041780975180985336,0.9301155862210004,0.9462773434011654,1.017376073919833,0.016045354537637835,0.02195688956716107,1.0099365309618116,0.16364287342616446,-0.0597550923396275,-0.011421959409978477,0
2026-05-27 00:00:00+00:00,0.2398020029067993,0.242244005203247,0.2360430061817169,0.237062007188797,421872879,0.25654044896364214,0.2528805390000343,36.3662442563274,-0.004750286313517232,-0.002341945010925937,-0.0024083413025912954,0.28475938610917173,0.25654044896364214,0.22832151181811253,-0.011421959409978477,-0.026283432683181562,-0.022114200418323682,0.9240726292733443,0.9374466225286116,1.0144728810610741,0.015786032470325274,0.02187796462758992,0.9930368154402256,0.15486932278151244,-0.058814613545718486,-0.011161696155915446,0
2026-05-28 00:00:00+00:00,0.2370609939098358,0.2379039973020553,0.2281019985675811,0.2344159930944442,520513722,0.2545982487499714,0.2525546389818191,34.64581154073207,-0.005376712054350474,-0.0029488984196108445,-0.00242781363473963,0.28331453930347705,0.2545982487499714,0.22588195819646575,-0.011161696155915446,-0.022456167125454618,-0.046608885243738074,0.9207290083312898,0.9281793200849473,1.0080917530416038,0.014908581635623695,0.019112655620545142,1.2154044665214505,0.1485922229766653,-0.06738709237956053,-0.007751126394353713,0
2026-05-29 00:00:00+00:00,0.2344159930944442,0.2374050021171569,0.2301979959011078,0.2325990051031112,360213113,0.25268874913454054,0.25213025897741315,33.47469410884476,-0.005951173291584316,-0.003549353394005539,-0.0024018198975787773,0.2819457698238064,0.25268874913454054,0.22343172844527465,-0.007751126394353713,-0.018826306832589346,-0.0393591557192251,0.9204960881707763,0.9225350659872538,1.0022150858028407,0.011313504061279348,0.019109222421985223,0.8379394449221624,0.15666797988764364,-0.06294717544948736,0.012222720139812626,1
2026-05-30 00:00:00+00:00,0.2325980067253112,0.2385690063238144,0.2325100004673004,0.2354419976472854,351798466,0.2503357984125614,0.2517539191246032,37.05967648275493,-0.006106638692826738,-0.0040608104537697785,-0.0020458282390569595,0.27694733075903755,0.2503357984125614,0.2237242660660853,0.012222720139812626,0.004376853896772559,-0.03293751508333986,0.9405047106337922,0.9352068816484069,0.994367036203556,0.010726179763184822,0.01574378154233151,0.8448504627702698,0.22016266159794723,-0.05445359216486911,-0.0006583442218776048,0
2026-05-31 00:00:00+00:00,0.2354429960250854,0.2382999956607818,0.2319879978895187,0.235286995768547,291589615,0.248073448240757,0.2514663991332054,36.94278692260484,-0.006171215567969263,-0.0044828914766096755,-0.0016883240913595872,0.27136110216260867,0.248073448240757,0.22478579431890536,-0.0006583442218776048,0.01155632916075544,-0.01882397769483246,0.9484569889970624,0.9356597803108958,0.986507338936161,0.010056345091122748,0.015848447342921845,0.7174662877385573,0.2254671399034315,-0.05981846873094265,-0.020124329291937748,0
2026-06-01 00:00:00+00:00,0.235287994146347,0.2369759976863861,0.2254800051450729,0.23055200278759,492945357,0.24605534896254538,0.2513519990444183,33.46986425875349,-0.006529202980673304,-0.004892153777422401,-0.0016370492032509029,0.26796353875008466,0.24605534896254538,0.22414715917500608,-0.020124329291937748,-0.020769424777906775,-0.02746118822837107,0.9369924440158571,0.9172475399602747,0.9789273604267739,0.010649554217860447,0.014931435944907829,1.209317789951352,0.1461746423300295,-0.04896810642648719,-0.07807352119297695,0
2026-06-02 00:00:00+00:00,0.23055200278759,0.2308170050382614,0.2100120037794113,0.2125519961118698,658043120,0.24344999939203263,0.25063157886266707,24.16839929028832,-0.008171168546174945,-0.00554795673117291,-0.002623211815002035,0.2682458991412909,0.24344999939203263,0.21865409964277438,-0.07807352119297695,-0.09662667323544616,-0.09327007382881747,0.8730827547450222,0.8480655034629021,0.9713460709810651,0.02889897861602998,0.021491097316232347,1.584567847942406,-0.12304662449458217,-0.13553174490479325,-0.05692253214585996,0
2026-06-03 00:00:00+00:00,0.2125550061464309,0.2179600000381469,0.2003760039806366,0.2004529982805252,643831979,0.23996469900012016,0.2498472988605499,20.12074915499352,-0.01032965229433988,-0.0065042958438063046,-0.003825356450533576,0.26829693375173946,0.23996469900012016,0.21163246424850085,-0.05692253214585996,-0.1305519108189892,-0.13820354394179657,0.8353436947841434,0.8023020428666163,0.9604454404530279,0.03241464529708929,0.02250458776853767,1.5265663983263555,-0.19729234326170988,-0.17212312485406778,-0.10378494240298575,0
2026-06-04 00:00:00+00:00,0.2004490047693252,0.2011460065841674,0.1796150058507919,0.1796489953994751,946165886,0.23587274923920631,0.24852215886116025,15.357880937526161,-0.013562633782195771,-0.007915963431484197,-0.005646670350711574,0.2732970580025463,0.23587274923920631,0.19844844047586635,-0.10378494240298575,-0.15479977282865554,-0.23697132544463695,0.761635229075518,0.7228691245187439,0.9491014818158703,0.04363841056055069,0.029928903732510264,2.1191307744845296,-0.2511662298864793,-0.26210359392182503,-0.12813875866370728,0
2026-06-05 00:00:00+00:00,0.1796489953994751,0.1796540021896362,0.1551470011472702,0.1566289961338043,1208509053,0.23095214888453483,0.24646985888481138,11.978907890180054,-0.0177773897749888,-0.009888248700185117,-0.007889141074803683,0.28138324622220656,0.23095214888453483,0.1805210515468631,-0.12813875866370728,-0.2186248273791901,-0.3343066172348895,0.6781880874038171,0.6354894543393456,0.9370401311118176,0.053135998786783246,0.03875674102387519,2.4627443944068843,-0.23687820287832187,-0.3468376146236575,0.004003160820740037,1
2026-06-06 00:00:00+00:00,0.1566279977560043,0.1619029939174652,0.1492269933223724,0.157256007194519,683251427,0.22622114941477775,0.24443771898746486,12.543326036361293,-0.020826939715781173,-0.01207598690330433,-0.008750952812476844,0.2853842972195228,0.22622114941477775,0.1670580016100327,0.004003160820740037,-0.12464855790126805,-0.31791524127682114,0.6951428175541148,0.6433377297330423,0.9254756195232648,0.05150370760155673,0.03917147075139711,1.3422432425179627,-0.0828386823488757,-0.3366460992238214,0.049079186057177315,1
2026-06-07 00:00:00+00:00,0.157256007194519,0.1673929989337921,0.156917005777359,0.1649740040302276,545023352,0.22190214917063714,0.2427470391988754,19.394906740275616,-0.022363163543288128,-0.014133422231301089,-0.008229741311987039,0.2857651566744598,0.22190214917063714,0.15803914166681451,0.049079186057177315,0.05327881875265539,-0.22384166204960543,0.7434538360571117,0.6796128371933275,0.9141291687963261,0.06248115090676004,0.042133318147803155,1.0629364007656732,0.05429483072025689,-0.29623400753309104,0.03249597289114914,1
2026-06-08 00:00:00+00:00,0.1649740040302276,0.1738519966602325,0.1601330041885376,0.1703349947929382,486559298,0.21800769865512842,0.24130325913429257,23.857138866865384,-0.022884249460767808,-0.015883587677194434,-0.007000661783573375,0.28455533749945655,0.21800769865512842,0.1514600598108003,0.03249597289114914,0.08317003484796026,-0.15024970315204855,0.7813255946634948,0.7058959560017448,0.9034594038939214,0.06916130100329476,0.043722662216830854,0.9338646658215753,0.14181521170338732,-0.2676882056420291,-0.029753071213091786,0
2026-06-09 00:00:00+00:00,0.1703370064496994,0.1707279980182647,0.1611710041761398,0.1652670055627823,423198020,0.21382099911570546,0.23964283913373943,22.58430502864539,-0.023436002531731365,-0.01739407064810182,-0.006041931883629545,0.28265523365966355,0.21382099911570546,0.14498676457174736,-0.029753071213091786,0.0017760466824880972,-0.08005605489032885,0.772922239846756,0.689638823176145,0.8922486475649566,0.06713181962708752,0.043516129637420305,0.8072216028185822,0.1473121705020472,-0.29805639089773595,-0.02722867552180952,0
2026-06-10 00:00:00+00:00,0.1652680039405822,0.1664350032806396,0.1588190048933029,0.1607670038938522,457510708,0.2093465000391006,0.2378651791810989,21.488048952281602,-0.023960185241469506,-0.01870729356677536,-0.005252891674694147,0.2798229891920828,0.2093465000391006,0.13887001088611836,-0.02722867552180952,-0.0561716100130627,0.026419167984151004,0.767946938992651,0.675874478338219,0.8801057000432772,0.06632281294303645,0.04316130238595291,0.8711298200004037,0.15534962986168607,-0.3167195519296804,0.059520853440821586,1
2026-06-11 00:00:00+00:00,0.1607660055160522,0.1712519973516464,0.160640001296997,0.1703359931707382,470482548,0.20574214980006214,0.23630069911479945,29.3422687019235,-0.023334480980669814,-0.01963273104955425,-0.003701749931115564,0.27646902529175615,0.20574214980006214,0.13501527430836813,0.059520853440821586,0.030671503913890952,0.08317638358984802,0.8279100482631719,0.7208442201348955,0.8706793952399973,0.06434397698851872,0.046651796836589404,0.8970029240293312,0.24969800105561032,-0.2611818977444731,-0.002911892209424116,0
2026-06-12 00:00:00+00:00,0.1703380048274994,0.1739369928836822,0.1678140014410019,0.1698399931192398,438278422,0.20194034948945042,0.23469731897115703,29.179323030870293,-0.022617903789214966,-0.020229765597486394,-0.002388138191728572,0.2717521975548756,0.20194034948945042,0.1321285014240252,-0.002911892209424116,0.05643564292196501,0.02949549001744911,0.841040404003621,0.7236554463586019,0.8604288722798225,0.0356405591615399,0.046214149126558204,0.8410649362650378,0.27009377878001967,-0.20094849154062955,0.011251851129813195,1
2026-06-13 00:00:00+00:00,0.1698289960622787,0.1754930019378662,0.1692409962415695,0.171751007437706,334776233,0.19842144995927807,0.23312337934970853,30.77440403645963,-0.021646283436724922,-0.020513069165334102,-0.00113321427139082,0.26678374018300743,0.19842144995927807,0.1300591597355487,0.011251851129813195,0.008307194742742663,0.008313104694012585,0.8655868983567773,0.7367386656662273,0.851143503979607,0.035468540264712946,0.046652937649598006,0.6390034501596568,0.3049330820084605,-0.1431856399705832,0.06424414682784985,1
2026-06-14 00:00:00+00:00,0.1717520058155059,0.1830769926309585,0.1658760011196136,0.1827850043773651,381601010,0.19538765028119084,0.23177367925643919,39.278338722428664,-0.019758156243015218,-0.02036208658087033,0.000603930337855111,0.26064910288447696,0.19538765028119084,0.13012619767790473,0.06424414682784985,0.07621886353373197,0.10599816191337741,0.9354992708818151,0.7886357284561549,0.8430105217642505,0.03836926799379139,0.04981607975116674,0.7234959160897049,0.4034449479661816,0.017456312354637182,-0.023125515734161883,0
2026-06-15 00:00:00+00:00,0.182777002453804,0.1892639994621276,0.1774439960718155,0.1785580068826675,664256765,0.19232550039887425,0.23029827922582624,37.383729475587096,-0.018390886518255378,-0.01996784656834734,0.0015769600500919606,0.2544860350166166,0.19232550039887425,0.13016496578113193,-0.023125515734161883,0.03963295206539286,0.11066327391758812,0.928415662573847,0.7753336563473704,0.8351147956701988,0.039958957415535935,0.049866238932758065,1.2323391946634699,0.38925856573732615,0.1400060735250439,-0.03589871336683992,0
2026-06-16 00:00:00+00:00,0.1785580068826675,0.1809359937906265,0.1720149964094162,0.1721480041742324,403655785,0.18907980024814602,0.22877821922302244,34.65393468841407,-0.01762142029447822,-0.019498561313573515,0.001877141019095297,0.2481047944697535,0.18907980024814602,0.13005480602653854,-0.03589871336683992,-0.05819405284020074,0.010637863259340241,0.9104515868342756,0.7524667547412607,0.8264764053601765,0.04096683439211438,0.05011457089297079,0.7501359192565431,0.3565709637315361,0.09469906584422327,-0.032280366326118415,0
2026-06-17 00:00:00+00:00,0.1721480041742324,0.1745570003986358,0.1647980064153671,0.166591003537178,519578389,0.1856885507702827,0.22717393934726712,32.44224024044209,-0.01726104173356907,-0.019051057397572627,0.001790015664003556,0.24144955650741276,0.1856885507702827,0.12992754503315265,-0.032280366326118415,-0.06702025607484041,-0.019129708629820663,0.8971528015384724,0.7333191651112779,0.8173849135328494,0.041699010501516184,0.050259797234919676,0.9656452429915972,0.3287553552823739,0.009801541257701052,-0.018986678841078186,0
2026-06-18 00:00:00+00:00,0.166592001914978,0.1684650033712387,0.1600999981164932,0.1634279936552047,336500935,0.18223000019788738,0.22555215924978253,31.22082932770799,-0.017034306706534774,-0.018647707259365057,0.0016134005528302825,0.23419119340974948,0.18223000019788738,0.13026880698602528,-0.018986678841078186,-0.05065414821889025,-0.048459766883871436,0.8968226608008275,0.7245685175384206,0.8079284224279182,0.034845607431305964,0.050229153598676135,0.6267737713635442,0.3190764551343057,-0.0405495133054119,-0.008162595793540839,0
2026-06-19 00:00:00+00:00,0.1634259968996048,0.1646070033311844,0.1588190048933029,0.1620939970016479,266241532,0.1785626001656055,0.22387043923139568,30.695936400268394,-0.01676895783770005,-0.018271957375032056,0.0015029995373320067,0.22474252766259875,0.1785626001656055,0.13238267266861223,-0.008162595793540839,-0.0269942940497776,-0.11319860426296247,0.9077712625785914,0.7240527045828736,0.7976158030450846,0.034839967731317825,0.04982610826783412,0.4998902481165866,0.32169089411162616,-0.019199286332619026,0.006058222031663618,1
2026-06-20 00:00:00+00:00,0.1620929986238479,0.1643210053443908,0.1600400060415268,0.1630759984254837,227223971,0.17495205029845234,0.2221695792675018,31.607478978002163,-0.01629162789425917,-0.017875891478877477,0.0015842635846183076,0.21304124882895192,0.17495205029845234,0.13686285176795276,0.006058222031663618,-0.0021538245795491573,-0.0867057642918092,0.9321182469556134,0.7340158763551203,0.7874707728901196,0.03446118512660075,0.04996642043116798,0.42922521784728257,0.34410210333699986,0.014362365881720462,-0.03950302658709104,0
2026-06-21 00:00:00+00:00,0.1630810052156448,0.1633149981498718,0.1566279977560043,0.1566340029239654,246967999,0.17125615030527114,0.22030061960220335,28.920201247828388,-0.016245883244741327,-0.017549889832050247,0.0013040065873089202,0.19977111800898337,0.17125615030527114,0.1427411826015589,-0.03950302658709104,-0.03368412266141474,-0.09012013426867937,0.9146182641893961,0.7110011910397678,0.7773748009175291,0.016297595825286282,0.05021873917645204,0.47761787606057265,0.2436057523676916,-0.08044095667460283,0.011415084198018954,1
2026-06-22 00:00:00+00:00,0.1566330045461654,0.162882998585701,0.1565349996089935,0.1584219932556152,297545767,0.1685496501624584,0.2184803596138954,30.681769977776625,-0.015882273441657074,-0.017216366553971615,0.001334093112314541,0.1899486512004549,0.1685496501624584,0.1471506491244619,0.011415084198018954,-0.02853887276364042,-0.04903632313938089,0.9399129164784291,0.7251086254873572,0.771463624741025,0.020484942663173793,0.048534128308236994,0.5962148577033014,0.26336145577869907,-0.0672279811952674,-0.044564464911884705,0
2026-06-23 00:00:00+00:00,0.1584219932556152,0.159740999341011,0.1493310034275055,0.1513620018959045,398295602,0.16609510034322736,0.21650971978902814,27.756647227867006,-0.01597958959110754,-0.0169690111613988,0.0009894215702912594,0.18284214879491675,0.16609510034322736,0.14934805189153796,-0.044564464911884705,-0.03365808783307456,-0.07383063017194369,0.9112972121581093,0.6991002623041358,0.7671484703092041,0.022036987892055923,0.04802730803598444,0.8182231670053887,0.06012850593273908,-0.11871258192879341,-0.02542910169317303,0
2026-06-24 00:00:00+00:00,0.1513620018959045,0.1538739949464798,0.1398649960756302,0.1475130021572113,655127987,0.16448830068111417,0.21421721965074536,26.285332583209566,-0.01618077356665701,-0.016811363642450443,0.0006305900757934343,0.18191273875237374,0.16448830068111417,0.1470638626098546,-0.02542910169317303,-0.06886033229491162,-0.08995394717972405,0.8967993562240509,0.6886141198065823,0.7678575090708952,0.021441302246095282,0.04316565031032715,1.3873092373354594,0.012888207514064057,-0.19296989017399757,-0.02768573544133346,0
2026-06-25 00:00:00+00:00,0.1475140005350113,0.1502510011196136,0.1395130008459091,0.1434289962053299,464230454,0.16382830068469045,0.2117515397071838,24.78414272595292,-0.016479789708144593,-0.016745048855589275,0.0002652591474446818,0.1833767080076298,0.16382830068469045,0.1442798933617511,-0.02768573544133346,-0.05241081375251855,-0.12047758351840687,0.8754836350367708,0.6773457062161989,0.7736817447053136,0.021822676648358852,0.03327067281228375,1.06715888640004,-0.021763848644147626,-0.1967372468512224,0.033305673753191156,1
2026-06-26 00:00:00+00:00,0.1434260010719299,0.1490799933671951,0.1386950016021728,0.1482059955596923,459782723,0.1633758001029491,0.2094631993770599,29.832083228983464,-0.016145186568983227,-0.016625076398268067,0.0004798898292848394,0.1839564876638126,0.1633758001029491,0.14279511254208563,0.033305673753191156,0.004697846239631431,-0.05380701001662003,0.9071477872873598,0.7075514744377747,0.7799737643119462,0.029352422913285513,0.03426607015514936,1.0847977751136553,0.13145535108108053,-0.1390780493180055,-0.02095730356599923,0
2026-06-27 00:00:00+00:00,0.1482069939374923,0.1492889970541,0.1440760046243667,0.1450999975204467,257755448,0.16238209977746007,0.20689999938011167,28.493099821417815,-0.015946814305603102,-0.016489423979735074,0.0005426096741319719,0.1844996528198734,0.16238209977746007,0.14026454673504674,-0.02095730356599923,0.011650373071876219,-0.08409183258837905,0.8935713832947227,0.7013049683672182,0.7848337373802289,0.02828635963939933,0.0322465882548446,0.6294725137347743,0.109312516988822,-0.12900460145157344,-0.009862186336199175,0
2026-06-28 00:00:00+00:00,0.1451009958982467,0.146014004945755,0.1415909975767135,0.143668994307518,215776788,0.16104879975318906,0.20435759931802747,27.872388152717306,-0.015723818466030576,-0.016336302876994176,0.0006124844109635999,0.18433200907656383,0.16104879975318906,0.1377655904298143,-0.009862186336199175,-0.030612805069326288,-0.05082522358337449,0.8920836077492909,0.7030274126676149,0.7880734569726475,0.026370735616932327,0.030956605212891262,0.5449743392684014,0.12677384366804403,-0.12090339546952777,0.013350152357582967,1
2026-06-29 00:00:00+00:00,0.143667995929718,0.1481840014457702,0.1421300023794174,0.1455869972705841,307640288,0.16006479933857914,0.20161931902170177,30.071256772734102,-0.015216914726109143,-0.01611242524681717,0.0008955105207080274,0.18424361199638647,0.16006479933857914,0.13588598668077181,0.013350152357582967,0.0033563043312168084,-0.013056509314172682,0.9095503688017583,0.7220885279099346,0.7938961410803604,0.026665210142429997,0.03086476527239859,0.7884947988676023,0.20060973892942255,-0.10183597194469807,-0.009787948592134499,0
2026-06-30 00:00:00+00:00,0.1455869972705841,0.1459410041570663,0.1420720070600509,0.1441619992256164,299197952,0.15923454910516735,0.19889187902212138,29.355224152802506,-0.014760030845414773,-0.015841946366536692,0.0010819155211219192,0.1844307928248599,0.15923454910516735,0.1340383053854748,-0.009787948592134499,0.0034315331604752863,0.0051105636912995855,0.9053437211694794,0.7248259704438824,0.8006086014575627,0.022421880980570696,0.030473523454984906,0.7827369943532771,0.20089688670992778,-0.11598272819105204,0.06852010037058065,1
2026-07-01 00:00:00+00:00,0.1441610008478164,0.1575099974870681,0.1427599936723709,0.1540399938821792,600280916,0.1584197491407394,0.19655439913272854,40.01739742031059,-0.013445879731578958,-0.015362733039545147,0.0019168533079661886,0.18315414529584143,0.1584197491407394,0.13368535298563736,0.06852010037058065,0.05806148055849092,0.0393641181684663,0.9723534768719446,0.7837015836931721,0.8059842457851186,0.03432024397001412,0.0315246778032261,1.544187584046795,0.4114642776986338,-0.01656095734873997,0.047085214156800115,1
2026-07-02 00:00:00+00:00,0.1540389955043792,0.162444993853569,0.1526239961385727,0.1612929999828338,440502940,0.1579923994839191,0.1944870793819427,46.412705291633905,-0.011684457378161595,-0.014627077907268436,0.0029426205291068416,0.1821854181410602,0.1579923994839191,0.133799380826778,0.047085214156800115,0.1188315981273751,0.1115989161895421,1.0208908815214914,0.8293250147794095,0.8123542190360437,0.03346032316205564,0.03357699620091874,1.1328439443466807,0.5682139038887662,0.01812252622390753,0.1154793106920704,1
2026-07-03 00:00:00+00:00,0.1612920016050338,0.1825519949197769,0.1607580035924911,0.1799190044403076,751150969,0.15840079933404919,0.19268227934837337,58.61551956330723,-0.008685434296931749,-0.0134387491852011,0.004753314888269352,0.18381660926708712,0.15840079933404919,0.13298498940101125,0.1154793106920704,0.16800189292348655,0.25231616819978453,1.1358465689360504,0.9337599962423657,0.822082860290735,0.050204433887068085,0.04262075585677045,1.8335705157417972,0.9233232220997796,0.1886669189539556,0.06731913441597581,1
2026-07-04 00:00:00+00:00,0.1799180060625076,0.199315994977951,0.175026997923851,0.1920309960842132,827217332,0.1588630989193916,0.1912931394577026,64.30741275172872,-0.005270594266859663,-0.011805118201532813,0.00653452393467315,0.18639471666241025,0.1588630989193916,0.13133148117637294,0.06731913441597581,0.19057241234679,0.31901199752962506,1.208782891624513,1.0038572038108755,0.8304694008878363,0.04647834780664192,0.04285759291383258,1.915091985005104,1.1023601205423565,0.3017903050983739,-0.013877958392430556,0
2026-07-05 00:00:00+00:00,0.1920309960842132,0.1940409988164901,0.1855310052633285,0.1893659979104995,567947115,0.1594034984707832,0.1899796393513679,62.2777757832252,-0.0027476784934315213,-0.009993630259912555,0.007245951766481034,0.18891584806255668,0.1594034984707832,0.1298911488790097,-0.013877958392430556,0.05250692387710587,0.3135638998328396,1.1879663854755864,0.9967699620708644,0.8390556957315092,0.04723981604472736,0.04260647538742263,1.3296788472302956,1.007626465770592,0.3202769518055273,-0.02816770074165853,0
2026-07-06 00:00:00+00:00,0.1893679946660995,0.1900810003280639,0.1782280057668686,0.184031993150711,496739022,0.1599976979196071,0.18862275928258893,58.31090310272843,-0.001165227158980292,-0.008227949639726102,0.00706272248074581,0.1910298648042848,0.1599976979196071,0.12896553103492941,-0.02816770074165853,-0.04165474895518595,0.19470267761417737,1.150216506509864,0.9756616531889443,0.8482417420259629,0.053503764361200246,0.04226124195804107,1.1504308498293156,0.8872480984073814,0.24173109499196488,-0.05183334199717582,0
2026-07-07 00:00:00+00:00,0.184030994772911,0.1846099942922592,0.1740870028734207,0.1744929999113083,337902381,0.16039279773831364,0.1870855391025543,51.93934742706754,-0.0006730812475650438,-0.006716975961293891,0.006043894713728847,0.19197476489791077,0.16039279773831364,0.1288108305787165,-0.05183334199717582,-0.07854101667301783,0.08183864104381056,1.0879104446821835,0.9326910072705129,0.8573233319246093,0.06120498743302251,0.04336055058254782,0.7993878803422542,0.7232318541422756,0.20257066087626696,-0.043514673364972056,0
2026-07-08 00:00:00+00:00,0.1744929999113083,0.1758829951286316,0.1648930013179779,0.1668999940156936,339543624,0.1605663977563381,0.18545905888080594,47.490960578471686,-0.000885536274481763,-0.005550688023931465,0.004665151749449702,0.19225659725661584,0.1605663977563381,0.12887619825606036,-0.043514673364972056,-0.09309250441572581,-0.07236039608552491,1.0394453406681443,0.8999290464584953,0.8657781330570308,0.06380770189777421,0.04435611928081726,0.8029816271575004,0.599929889354278,0.16169807424454108,-0.0023366878654814682,0
2026-07-09 00:00:00+00:00,0.1669020056724548,0.1697040051221847,0.1650280058383941,0.1665100008249282,311240084,0.1607871979475021,0.18380923897027965,47.26704080621941,-0.001073008629597444,-0.004655152145064661,0.003582143515467217,0.19258357092582673,0.1607871979475021,0.12899082496917746,-0.0023366878654814682,-0.045749681021231225,-0.1329003951429436,1.035592403813733,0.905884827975657,0.8747503599288607,0.0621477492713811,0.04430524871763333,0.7321513639751931,0.5899914414975459,0.14371478185965447,4.805671444030324e-05,1
2026-07-10 00:00:00+00:00,0.1665080040693283,0.1694490015506744,0.165240004658699,0.1665180027484893,335731129,0.16095929816365237,0.18213445931673047,47.272534196388065,-0.0012070223312461992,-0.003965526182300968,0.002758503851054769,0.19284496722834762,0.16095929816365237,0.12907362909895712,4.805671444030324e-05,-0.0022887434445827415,-0.12065521484384378,1.0345348460651538,0.9142586382235101,0.8837388529742488,0.039487353020710554,0.04429844584418539,0.7798110340699927,0.587166190139502,0.15507556528739097,-0.0033089529562586595,0
2026-07-11 00:00:00+00:00,0.1665180027484893,0.1738169938325882,0.1659179925918579,0.1659670025110244,261359245,0.16142594814300532,0.18060533940792076,46.910151701083905,-0.0013422180157973418,-0.003440864549000243,0.002098646533202901,0.19331826421293738,0.16142594814300532,0.12953363207307325,-0.0033089529562586595,-0.003261055259225709,-0.09816222891686277,1.0281308824278748,0.918948482116391,0.8938049598766498,0.021062297466673,0.043242575879046986,0.6060526881741856,0.5711935495381028,0.07742799988662563,-0.024149349376635043,0
2026-07-12 00:00:00+00:00,0.1659490019083023,0.1662700027227401,0.161324992775917,0.1619590073823928,218267221,0.1616027988493442,0.17892699956893915,44.252741547069675,-0.0017525707359968834,-0.003103205786399571,0.0013506350504026874,0.1934641896049501,0.1616027988493442,0.1297414080937383,-0.024149349376635043,-0.027378393271882184,-0.07183091892102433,1.0022042225480308,0.9051680728597434,0.9031772691581962,0.020887037124740472,0.043640616756043984,0.5108241485992162,0.5055899715078497,0.0041291773333616,-0.029192598872837316,0
2026-07-13 00:00:00+00:00,0.1619600057601928,0.1640270054340362,0.1558520048856735,0.1572310030460357,258683692,0.16189624890685078,0.1772290396690368,41.28185337800794,-0.0024312625779595587,-0.0029688171447115686,0.0005375545667520099,0.19346728982384143,0.16189624890685078,0.13032520798986014,-0.029192598872837316,-0.052636965980080275,-0.05793284191938752,0.971183730986261,0.8871627547023554,0.9134860134049196,0.020941858890065838,0.04290690327524684,0.6154682676835862,0.42611510857242013,-0.12610119461726543,0.05084871536945057,1
2026-07-14 00:00:00+00:00,0.1572310030460357,0.1672700047492981,0.15625,0.1652259975671768,318749406,0.16278189867734905,0.17566433966159814,47.67848605910567,-0.002297517163816931,-0.002834557148532641,0.00053703998471571,0.19363978138783208,0.16278189867734905,0.131924015966866,0.05084871536945057,0.02017171034563381,-0.007711268100355384,1.0150145618750412,0.9405779106076402,0.9266644498874047,0.03041513462152396,0.04365385538234847,0.7899908452703774,0.5396025046948123,-0.1395868326657086,-0.0007686598884267815,0
2026-07-15 00:00:00+00:00,0.1652259975671768,0.1687069982290268,0.1621890068054199,0.1650989949703216,309478890,0.16386539861559862,0.17417029947042462,47.58979659388917,-0.0021766796001914668,-0.002702981638864407,0.00052630203867294,0.193353476685939,0.16386539861559862,0.13437732054525825,-0.0007686598884267815,0.05004097011314124,-0.008521647838348079,1.0075281076123752,0.9479170413802762,0.9408343392291414,0.02590617777657516,0.04295163412832738,0.7820112593259491,0.5209168659920863,-0.12814868143143243,-0.026820267796526465,0
2026-07-16 00:00:00+00:00,0.1650950014591217,0.1661999970674514,0.160178005695343,0.1606709957122802,242986450,0.164488648623228,0.1726424792408943,44.482930125458644,-0.0024104315398706666,-0.0026444716190656588,0.00023404007919499217,0.1930969490335451,0.164488648623228,0.13588034821291092,-0.026820267796526465,-0.027568312020901264,-0.031909998485346036,0.976790781960326,0.9306573701834422,0.9527704267598651,0.027667782298968803,0.043184124390245306,0.6312852356596805,0.4332771808147846,-0.12693987082615343,0.03716911039125814,1
2026-07-17 00:00:00+00:00,0.1606709957122802,0.166944995522499,0.1579069942235946,0.1666429936885833,380301500,0.16556579843163483,0.17128701925277706,49.291200334269334,-0.002089702519687764,-0.0025335177991900803,0.00044381527950231644,0.19268379372170474,0.16556579843163483,0.1384478031415649,0.03716911039125814,0.009351957100279362,0.028920813864531603,1.0065061459984639,0.9728874634840814,0.9665986316645563,0.031967069674488306,0.04330785761135963,0.9725514304495981,0.5198612627044543,-0.0449875136923259,-0.0001259923124121709,0
2026-07-18 00:00:00+00:00,0.1666419953107834,0.1690260022878646,0.1635420024394989,0.1666219979524612,241810290,0.166713448613882,0.16996747910976406,49.27504241353875,-0.0018162796991247065,-0.0023900701791770055,0.0005737904800522989,0.1917959878683002,0.166713448613882,0.14163090935946376,-0.0001259923124121709,0.03703843505667748,0.05972737389251326,0.9994514500048967,0.9803169337168178,0.9808549817122331,0.03192581210202623,0.04315320000020354,0.6163338773113247,0.49817700551580535,-0.0016656445368492534,-0.003834977386940719,0
2026-07-19 00:00:00+00:00,0.1666209995746612,0.1683100014925003,0.1643909960985183,0.1659830063581466,160990172,0.16773324906826012,0.1685782992839813,48.751260317425505,-0.0016323348848496788,-0.0022385231203115403,0.0006061882354618615,0.190774594851224,0.16773324906826012,0.14469190328529624,-0.003834977386940719,-0.0039604865216837926,0.004581656652803856,0.9895653204130015,0.9846048219915735,0.9949871945599734,0.0301322234000927,0.0432183266273335,0.41815192855267264,0.46201952076498093,-0.0031649418303449917,0.022899863550640776,1
2026-07-20 00:00:00+00:00,0.1659840047359466,0.1713719964027404,0.1610600054264068,0.1697839945554733,404337279,0.169014348834753,0.16726823925971981,52.01851780118837,-0.0011664037367295488,-0.002024099243595142,0.0008576955068655932,0.18921111553405057,0.169014348834753,0.14881758213545543,0.022899863550640776,0.018977065704819163,0.028376911597759236,1.0045537300591727,1.0150402449794862,1.0104389786295411,0.026852332483309642,0.043150650166635995,1.0360689301994874,0.5190536864682175,0.01961344571203516,0.0209913787164151,1
2026-07-21 00:00:00+00:00,0.1697790026664734,0.1771930009126663,0.169512003660202,0.173347994685173,399209624,0.1699797488749027,0.16612415909767148,54.92056523837787,-0.0005037579124801406,-0.0017200309773721418,0.0012162730648920012,0.18897270499089233,0.1699797488749027,0.15098679275891305,0.0209913787164151,0.04437194197540162,0.07890035732145462,1.019815571164005,1.0434845577352438,1.023209085290023,0.02133479719966752,0.04095737945274785,1.0499785244524225,0.588670920674499,0.04447264855348787,0.004961151230526761,1
2026-07-22 00:00:00+00:00,0.173348993062973,0.1800999939441681,0.1704600006341934,0.1742080003023147,297555174,0.17062549889087672,0.16535727918148038,55.61813027046637,8.975431144719881e-05,-0.0013580739196082737,0.0014478282310554725,0.1892495210511236,0.17062549889087672,0.15200147673062983,0.004961151230526761,0.026056671351291305,0.045396487702739075,1.0209962838774125,1.0535248352213187,1.0318596177650845,0.02109233862260705,0.0398388776232742,0.7976066855510636,0.5961795841041485,0.07563020493822514,-0.03379294718174419,0
2026-07-23 00:00:00+00:00,0.1742070019245147,0.176046997308731,0.1682209968566894,0.1683209985494613,227254470,0.17004559859633442,0.1647146391868591,49.92322583660805,8.411555148801764e-05,-0.0010696360253890154,0.001153751576877033,0.18816667237748816,0.17004559859633442,0.15192452481518068,-0.03379294718174419,-0.028999447872711248,0.010196736432633857,0.9898580141967268,1.0218945892144473,1.0323648185479595,0.02307618134903072,0.030965237511054584,0.6551665221076297,0.45241451837509966,0.07053313461454258,-0.026716759484096353,0
2026-07-24 00:00:00+00:00,0.1683229953050613,0.1683399975299835,0.1628060042858123,0.1638240069150924,202047884,0.16863524913787836,0.16439813941717143,46.0447361396742,-0.00027999523756344624,-0.0009117078678239016,0.0006317126302604554,0.18368143791645958,0.16863524913787836,0.15358906035929715,-0.026716759484096353,-0.059606868623727105,-0.013007352321331433,0.971469534113522,0.9965076703172283,1.0257734651725892,0.021699765526291298,0.026573902273669774,0.640188763831206,0.3401175774946103,-0.008485290890825836,0.004956502353138159,1
2026-07-25 00:00:00+00:00,0.1638270020484924,0.1664749979972839,0.161540001630783,0.1646360009908676,140670459,0.16739874929189674,0.1645582795143127,46.84770278580714,-0.0004973019381822041,-0.0008288266818955622,0.0003315247437133581,0.1789244043211092,0.16739874929189674,0.15587309426268428,0.004956502353138159,-0.021892678812209354,-0.030320841361308193,0.9834960039264589,1.0004723036530538,1.01726117814289,0.021866335193257813,0.026672369233718546,0.47807596749357484,0.38014788339461814,-0.0028043415984284614,0.00653561761808219,1
2026-07-26 00:00:00+00:00,0.1646360009908676,0.1663399934768676,0.1641599982976913,0.1657119989395141,132412639,0.1664827495813369,0.1647273993492126,47.95305875926264,-0.0005760546229552355,-0.0007782722701074969,0.00020221764715226145,0.1749480677354418,0.1664827495813369,0.158017431427232,0.00653561761808219,0.011524513775323708,-0.04405009564446971,0.9953703873598854,1.0059771452362591,1.0106560914520544,0.022032856464732086,0.026324334442020415,0.479709739142472,0.4544759790599801,0.03137469339059207,-0.062059426959203634,0
2026-07-27 00:00:00+00:00,0.1657170057296753,0.166700005531311,0.1543339937925338,0.1554280072450637,273538955,0.16552949994802468,0.16453647941350932,39.498424044300464,-0.0014515661251358059,-0.0009129310411131587,-0.0005386350840226471,0.17447685680434286,0.16552949994802468,0.1565821430917065,-0.062059426959203634,-0.055929406025324035,-0.10780212748358764,0.938974667922438,0.9446416247575443,1.0060352606185266,0.029451895693416386,0.02736275751908415,1.0026778707142519,-0.06449591008700069,-0.06729947773548628,0.039638862473547976,1
2026-07-28 00:00:00+00:00,0.1554339975118637,0.1628769934177398,0.1541009992361068,0.1615889966487884,320034342,0.16526395007967942,0.16436155945062633,45.677604457392896,-0.0016294911829558,-0.001056243069481687,-0.0005732481134741131,0.1743541547847239,0.16526395007967942,0.15617374537463494,0.039638862473547976,-0.02488052957607878,-0.0399950211719704,0.977763127233016,0.9831313184718791,1.0054902778488433,0.033513533508625244,0.02758478647283069,1.1773199223724335,0.29786189914669026,-0.030206103428844666,0.0026301049404584553,1
2026-07-29 00:00:00+00:00,0.1615899950265884,0.1681649982929229,0.1606789976358413,0.1620139926671981,361049305,0.16503914967179295,0.16429649919271466,46.08665740792482,-0.001716418640657219,-0.0011882781837167936,-0.0005281404569404255,0.17422151295844948,0.16503914967179295,0.15585678638513642,0.0026301049404584553,0.04237322178203229,-0.011048528735061569,0.9816700642810456,0.986107394030111,1.004520184439275,0.03335714612309487,0.02759687035357096,1.3161447281139276,0.3352735069308955,-0.02391216895050363,0.047347845381614295,1
2026-07-30 00:00:00+00:00,0.1620150059461593,0.1752029955387115,0.1614779978990554,0.1696850061416626,390646940,0.1651974998414516,0.16447485923767086,52.970397878688345,-0.0011530311734784526,-0.0011812287816691254,2.8197608190672725e-05,0.17459397744745075,0.1651974998414516,0.15580102223545245,0.047347845381614295,0.05010248012413099,0.03066768580630841,1.0271644928314163,1.0316774668672184,1.0043936234822157,0.03748485509124442,0.02964273091996389,1.4099255508777788,0.7387866224118899,-0.0005830255912512294,-0.010142378818354114,0
2026-07-31 00:00:00+00:00,0.1696850061416626,0.1722819954156875,0.1671829968690872,0.1679639965295791,319417569,0.16529734954237935,0.1644274193048477,51.385206968046035,-0.0008357792959008681,-0.0011121388845154738,0.00027635958861460573,0.1747703858417274,0.16529734954237935,0.15582431324303128,-0.010142378818354114,0.036725246779167,0.013589828162576145,1.0161324243527334,1.0215084396488314,1.0052906640584,0.035875066313972484,0.029738611746069375,1.1408906605743103,0.6407493280366339,-0.03105890071224693,0.03722229659613796,1
2026-08-01 00:00:00+00:00,0.1679649949073791,0.1761180013418197,0.1679619997739792,0.1742160022258758,302241056,0.16591019928455347,0.1645149394869804,56.480330094759346,-7.896008503549545e-05,-0.0009055031246194783,0.0008265430395839828,0.1760372201551973,0.16591019928455347,0.15578317841390965,0.03722229659613796,0.026702395145216773,0.12087908295181982,1.0500620394474784,1.0589676704689979,1.0084810522492609,0.03800841978280966,0.03016816925165414,1.06358940079266,0.9100812592081825,4.5933157760913446e-05,0.08689213422677367,1
2026-08-02 00:00:00+00:00,0.1742160022258758,0.19131700694561,0.1729349941015243,0.1893540024757385,691825197,0.1675163492560386,0.16486699938774105,65.82102358382718,0.0017224790326974548,-0.0003799066931560916,0.0021023857258535466,0.18135628176839236,0.1675163492560386,0.15367641674368482,0.08689213422677367,0.12734875561497216,0.1718248544317469,1.1303613248299864,1.1485258006692285,1.0160696190149412,0.048042422793513465,0.03431091525574241,2.2621390727584845,1.2889364055860544,0.12495769456890793,0.022370785622032763,1
2026-08-03 00:00:00+00:00,0.1893530040979385,0.1954270005226135,0.1816489994525909,0.1935900002717971,645244278,0.16893454939126962,0.1650830993056297,67.89739797626189,0.0034521479202627436,0.00038650422952767543,0.0030656436907350684,0.1869649124416319,0.16893454939126962,0.15090418634090733,0.022370785622032763,0.11120676515583439,0.1948967930779968,1.1459467644088774,1.1726821284920912,1.0233303718057138,0.031793792247903456,0.0330909709827492,2.0029148628043467,1.1837203114452004,0.1816949415242417,-0.004132437831969149,0
2026-08-04 00:00:00+00:00,0.1935900002717971,0.1981769949197769,0.1911209970712661,0.192790001630783,507916080,0.1703190997242927,0.165367739200592,67.06872180933425,0.004704143334653077,0.0012500320505527559,0.003454111284100321,0.1911453381953304,0.1703190997242927,0.14949286125325503,-0.004132437831969149,0.018145901909228268,0.1361640372033286,1.131934128015387,1.165825949866362,1.0299415142738009,0.03431004696027097,0.03314888448719842,1.529524566844154,1.0394853693272499,0.17100755892070718,-0.007879011136103675,0
2026-08-05 00:00:00+00:00,0.192791000008583,0.1975409984588623,0.1889470070600509,0.1912710070610046,420004299,0.17184910029172892,0.16575019925832746,65.43567747242,0.005510269595806749,0.0021020795596035547,0.0034081900362031947,0.19413578013390764,0.17184910029172892,0.1495624204495502,-0.007879011136103675,-0.011978889444375529,0.1387619431127376,1.113017215314513,1.1539715060185363,1.0367957387725135,0.035705974093481564,0.03235374297314953,1.2319537619070675,0.9357290297794538,0.15423752223772103,0.049756621621411146,1
2026-08-06 00:00:00+00:00,0.1912710070610046,0.2107349932193756,0.1865780055522918,0.2007880061864853,778964361,0.17355635091662402,0.1664341393113136,70.31291583796155,0.006838245718164243,0.003049312791315693,0.0037889329268485502,0.19914980855859943,0.17355635091662402,0.14796289327464862,0.049756621621411146,0.04148557750945758,0.1525233251889122,1.1569038247580077,1.2064111787240543,1.0427929728526935,0.03597318486044279,0.03304064669487401,2.158642018246283,1.032004226447291,0.2918392878183298,0.0015538802292152099,1
2026-08-07 00:00:00+00:00,0.2007880061864853,0.203353002667427,0.1968010067939758,0.201100006699562,425045744,0.17528025135397907,0.16718757957220073,70.4600776895185,0.007825643054750586,0.0040045788440026715,0.0038210642107479147,0.20342461666959358,0.17528025135397907,0.14713588603836456,0.0015538802292152099,0.05138781768123635,0.062031982795444085,1.1473055586475618,1.2028405890804588,1.0484047427595151,0.03430903278310985,0.03301600824143972,1.148709284156397,0.9587020360210097,0.2445154736411308,-0.00936853978924801,0
2026-08-08 00:00:00+00:00,0.2010989934206009,0.2020269930362701,0.1979449987411499,0.1992159932851791,194932580,0.1769419007003307,0.16793001949787137,68.25965971217973,0.008359772170817598,0.004875617509365657,0.0034841546614519407,0.20665547929619177,0.1769419007003307,0.14722832210446962,-0.00936853978924801,-0.007829217148788037,0.02906138233112876,1.1258836516206068,1.186303639342484,1.0536645039964017,0.03634997964698138,0.03316056531054256,0.5244106782146183,0.8748133620625398,0.2296221456278762,-0.02289972016938413,0
2026-08-09 00:00:00+00:00,0.1992159932851791,0.1993480026721954,0.1942609995603561,0.1946540027856826,207763448,0.17818540111184117,0.16856157958507534,63.119455428249914,0.008319061869533434,0.005564306381399212,0.0027547554881342216,0.20870827140197207,0.17818540111184117,0.14766253082171027,-0.02289972016938413,-0.03205372301906262,0.009668557182075155,1.0924239672334584,1.1547946054185976,1.0570938024575676,0.024311922002331916,0.033775522286669524,0.5741086593834102,0.7697747871891049,0.1471491041652464,-0.0184892316923303,0
2026-08-10 00:00:00+00:00,0.1946550011634826,0.1988420039415359,0.1910549998283386,0.1910549998283386,237199960,0.17907075136899941,0.1692499995231628,59.32403859453144,0.007905262259456758,0.006032497557010722,0.001872764702446036,0.2100269711153771,0.17907075136899941,0.14811453162262173,-0.0184892316923303,-0.040965553629813245,-0.0011293255364996924,1.0669246561357417,1.1288330893152627,1.05802512185232,0.02412658859184118,0.03409120416098749,0.670457452207491,0.6935676991170976,0.13747591017038618,-0.021669176516540545,0
2026-08-11 00:00:00+00:00,0.1910569965839386,0.1911700069904327,0.1837249994277954,0.1869149953126907,274474857,0.1797061011195182,0.16981985956430432,55.2113317516303,0.007160715056473699,0.006258141056903317,0.0009025739995703816,0.21076352924595085,0.1797061011195182,0.14864867299308557,-0.021669176516540545,-0.03975776178367452,-0.0690928264953724,1.0401149106694938,1.1006662930486826,1.0582160507056029,0.025310351881868056,0.034625902253608364,0.7783557027020547,0.616057488144633,0.07289223104976505,-0.024123275731559035,0
2026-08-12 00:00:00+00:00,0.1869170069694519,0.1880339980125427,0.1807879954576492,0.1824059933423996,219423729,0.18041035085916515,0.17044073939323423,51.05951635260456,0.006136084298028172,0.006233729705128289,-9.764540710011701e-05,0.21101625930922582,0.18041035085916515,0.14980444240910448,-0.024123275731559035,-0.045269720728115304,-0.09295879032510801,1.0110616850625844,1.070201842539298,1.0584931249501883,0.02642999415687787,0.034133136112359665,0.6229333891224456,0.5326022422515364,-0.03669322561179622,-0.0008332612398979089,0
2026-08-13 00:00:00+00:00,0.1824070066213607,0.1862030029296875,0.1806360036134719,0.1822540014982223,197703303,0.18133185058832163,0.17113555938005443,50.92051240932318,0.005251259319676044,0.006037235628037841,-0.0007859763083617969,0.21092821152922533,0.18133185058832163,0.15173548964741793,-0.0008332612398979089,-0.024936435980810523,-0.08514372519617741,1.0050854326303338,1.0649686257984308,1.0595802020643967,0.010775889020433024,0.03336648244273473,0.5616164972272223,0.5155787887528126,-0.05855673721607135,-0.013173890729996973,0
2026-08-14 00:00:00+00:00,0.1822540014982223,0.1832329928874969,0.1780859977006912,0.17985300719738,186818089,0.18209270089864726,0.17186403959989544,48.666600380207605,0.0043066446565731276,0.005691117433744898,-0.0013844727771717708,0.21064586269088406,0.18209270089864726,0.15353953910641047,-0.013173890729996973,-0.01399617467737091,-0.07603745813847318,0.9877002554730963,1.0464842303025295,1.0595160065047025,0.00850122816570068,0.03363766227791598,0.5272389960212961,0.4607802856026229,-0.06710407346838942,-0.020689193487410495,0
2026-08-15 00:00:00+00:00,0.1798519939184188,0.1812659949064254,0.1758719980716705,0.1761319935321808,120082621,0.18261370062828058,0.1724225595593452,45.31867177490029,0.003220650372797701,0.005197024021555459,-0.0019763736487577585,0.21027468702791638,0.18261370062828058,0.1549527142286448,-0.020689193487410495,-0.033590527043112495,-0.07810843113012489,0.9645059101600836,1.0215136231727198,1.05910561294868,0.008144491136626183,0.03411793226701928,0.33948847960140854,0.38283666022508256,-0.0791495468207335,-0.007295589566784222,0
2026-08-16 00:00:00+00:00,0.1761330068111419,0.1788280010223388,0.174796000123024,0.1748470067977905,160348989,0.18358465060591694,0.17301749974489208,44.18816490130896,0.0022305915178336966,0.004603737520811107,-0.0023731460029774104,0.20844964621696485,0.18358465060591694,0.15871965499486904,-0.007295589566784222,-0.027833843190042784,-0.06456404685301798,0.9524053684265648,1.0105741156564854,1.0610756188050674,0.00851871575596397,0.030585935735708537,0.46069771311159674,0.3242983038323125,-0.12919596086133578,-0.004781322035585345,0
2026-08-17 00:00:00+00:00,0.1748470067977905,0.1775629967451095,0.1728599965572357,0.1740110069513321,197318873,0.18420575112104412,0.17362433999776836,43.42911685092741,0.0013627950879554485,0.0039555490342399755,-0.002592753946284527,0.20731602942143945,0.18420575112104412,0.1610954728206488,-0.004781322035585345,-0.012042029039211255,-0.04602363243245544,0.9446556684160587,1.0022270319562838,1.0609442842139056,0.009181522298966694,0.02963846388369172,0.5770889653575391,0.2794326827830188,-0.1347041215602749,0.0014538845512219734,1
2026-08-18 00:00:00+00:00,0.1740110069513321,0.1765519976615905,0.1715970039367675,0.1742639988660812,179403037,0.18481825143098826,0.1741978800296783,43.74404893131578,0.0006875488630113946,0.0033019489999942596,-0.002614400136982865,0.20602284247736685,0.18481825143098826,0.16361366038460967,0.0014538845512219734,-0.0033343889746052513,-0.04383992980378548,0.9428938836765911,1.0003795616593707,1.0609672827218137,0.009776877366007825,0.02964273172515588,0.5390088645943285,0.2511328433115537,-0.12525096006412972,0.0723672233623911,1
2026-08-19 00:00:00+00:00,0.1742649972438812,0.1914069950580597,0.1734099984169006,0.1868750005960464,469459755,0.18567775115370747,0.17505214005708689,56.687838131384446,0.0011566803192147035,0.0028728952638383486,-0.0017162149446236451,0.2056577677257132,0.18567775115370747,0.16569773458170173,0.0723672233623911,0.07392632150167455,0.03904295795821788,1.0064479962456452,1.067539080271192,1.0606996926353225,0.031126065159879607,0.03200006511994554,1.3939681797557142,0.5299611724050421,-0.03996322746160541,0.06514512554811391,1
2026-08-20 00:00:00+00:00,0.1868740022182464,0.2027119994163513,0.1818210035562515,0.1990489959716797,705748854,0.18723200112581248,0.17595232009887687,65.04828795049241,0.002482196842567369,0.0027947555795841527,-0.00031255873701678365,0.20622177272786588,0.18723200112581248,0.16824222952375908,0.06514512554811391,0.14222672076201648,0.13011266141895894,1.0631141833383848,1.1312666741752742,1.0641064637317483,0.03856688621357539,0.03442351419285607,1.981906402191642,0.8111410472306422,0.04184133443523397,0.15153056396669196,1
2026-08-21 00:00:00+00:00,0.1990460008382797,0.2327049970626831,0.1988279968500137,0.2292110025882721,1156944577,0.18998175114393231,0.17731068015098564,76.9300024593969,0.005898505793610981,0.0034155056223895185,0.0024830001712214623,0.21575199961319255,0.18998175114393231,0.16421150267467208,0.15153056396669196,0.22654716712879241,0.3109232281760088,1.2064895770679536,1.2927083827837764,1.0714625367302006,0.06252913453571705,0.046658568152305666,2.900838188091538,1.2611345209017673,0.22628471945134332,-0.01288771551850243,0
2026-08-22 00:00:00+00:00,0.229214996099472,0.2577030062675476,0.218517005443573,0.2262569963932037,1334074498,0.19182690083980558,0.17823743999004357,74.26717268493212,0.008272234468541528,0.004386851391619921,0.003885383076921607,0.22226894208056996,0.19182690083980558,0.1613848595990412,-0.01288771551850243,0.13668996564742852,0.3002453141167325,1.1794852307088601,1.2694134094713352,1.0762435818788754,0.06139249637277425,0.04378915512484543,3.095705583109713,1.0655024129474835,0.24040330170780133,0.0026739595030245145,1
2026-08-23 00:00:00+00:00,0.2262620031833648,0.2300260066986084,0.2140890061855316,0.2268619984388351,650953599,0.1934905007481575,0.178934060037136,74.46214021099394,0.010085985195064096,0.005526678152308756,0.0045593070427553395,0.22773700085934342,0.1934905007481575,0.15924400063697156,0.0026739595030245145,-0.010248217244861024,0.3018294077663999,1.1724709872662593,1.267852517244353,1.0813508658329245,0.06027382531719421,0.0437129285704145,1.509530909164014,0.9872249365969147,0.24475729791341738,-0.025134239651728674,0
2026-08-24 00:00:00+00:00,0.2268739938735962,0.2269060015678405,0.217070996761322,0.2211599946022033,621164339,0.19490900039672848,0.1795699399709701,69.14485459931578,0.010937214259416655,0.006608785373730336,0.00432842888568632,0.2313154067818592,0.19490900039672848,0.15850259401159777,-0.025134239651728674,-0.022527488087672243,0.18346485028389758,1.1346833350540104,1.2316092250070185,1.0854210923511929,0.06317880857956054,0.044288739789664446,1.421781778064978,0.8605271271184348,0.22967081867856054,-0.05452156868346647,0
2026-08-25 00:00:00+00:00,0.2211659997701645,0.2281710058450698,0.2078830003738403,0.2091020047664642,558508806,0.19580055028200144,0.18007134020328514,59.473064117650615,0.010517600072119215,0.007390548313408112,0.003127051758711103,0.23270179737687843,0.19580055028200144,0.15889930318712445,-0.05452156868346647,-0.07828545016171673,0.05050519720388258,1.067933693063198,1.161217573714984,1.0873498806692912,0.07135923536606104,0.0463364480727886,1.2584222378394028,0.6802304194525367,0.18718922424652806,0.016790832317721938,1
2026-08-26 00:00:00+00:00,0.209099993109703,0.2127179950475692,0.2029709964990615,0.2126130014657974,392649073,0.19639180004596707,0.18083374023437493,61.175959375419566,0.010349063336466957,0.00798225131801988,0.0023668120184470766,0.2340016446397128,0.19639180004596707,0.15878195545222135,0.016790832317721938,-0.03864619888320786,-0.07241363169764325,1.0825961237487187,1.175737454693101,1.0860351602053226,0.06870126075290338,0.04525029331442208,0.9249663291467242,0.7156510030159472,0.21599451634698585,0.005653474432018912,1
2026-08-27 00:00:00+00:00,0.2126149982213974,0.2172019928693771,0.2079930007457733,0.2138150036334991,425701769,0.1970275498926639,0.18177204042673104,61.768240598103866,0.010194967054545007,0.008424794465324906,0.0017701725892201002,0.23539473489905682,0.1970275498926639,0.158660364886271,0.005653474432018912,0.02253923329094154,-0.054990532704156214,1.0852035857420985,1.176281033824253,1.0839266007583939,0.06588177723195122,0.04524895220422852,1.0027513271525907,0.7187735917821176,0.2287441316473704,-0.05028649618834391,0
2026-08-28 00:00:00+00:00,0.2138150036334991,0.2173400074243545,0.1998469978570938,0.2030629962682724,423234993,0.19721990004181858,0.1825031003355979,53.85392160274167,0.009100344399351118,0.00855990445213015,0.0005404399472209685,0.23567176075134585,0.19721990004181858,0.1587680393322913,-0.05028649618834391,-0.04491731517680153,-0.10490519493937722,1.0296273156269466,1.1126550502148604,1.0806386284899188,0.02781115943829113,0.04678362733434999,0.9708363373281819,0.5759793689906672,0.16526073996685176,-0.007347442385436276,0
2026-08-29 00:00:00+00:00,0.2030629962682724,0.203342005610466,0.1992889940738678,0.2015710026025772,185357194,0.1975657500326633,0.18320416033267967,52.842130745568355,0.008020006990760858,0.008451924959856291,-0.0004319179690954328,0.2360448560036761,0.1975657500326633,0.1590866440616505,-0.007347442385436276,-0.057264461440270864,-0.08857384914871469,1.0202730107280829,1.100253412567407,1.0783911766736327,0.02801963705386642,0.04647724509099656,0.4262765078596499,0.552044511805071,0.07864081316204552,-0.0439745812899508,0
2026-08-30 00:00:00+00:00,0.2015710026025772,0.2058109939098358,0.1907559931278228,0.1927070021629333,321904022,0.19764835014939305,0.18373896032571785,47.17185889733949,0.006375092951913575,0.008036558558267747,-0.0016614656063541726,0.23607566688498424,0.19764835014939305,0.15922103341380187,-0.0439745812899508,-0.05099892297293551,-0.07840672126430204,0.9749992955533157,1.0488086022763905,1.075701907744649,0.028376356937297585,0.04742894129971923,0.7331600999698429,0.43570526898274026,-0.03186147097998282,0.026236689578721606,1
2026-08-31 00:00:00+00:00,0.1927029937505722,0.2001380026340484,0.1921389997005462,0.1977629959583282,338111310,0.19819075018167492,0.1844550400972366,50.4386977730737,0.00541701914502013,0.007512650675618225,-0.0020956315305980947,0.23628496295204732,0.19819075018167492,0.16009653741130253,0.026236689578721606,-0.018891639149888007,-0.06984523714490765,0.9978417044036888,1.0721474233183124,1.074466439503076,0.033768846421252455,0.04740986571922309,0.7645329468268062,0.49438557470756533,-0.13720112156410502,-0.0062953739738466075,0
2026-09-01 00:00:00+00:00,0.1977660059928894,0.202797994017601,0.1939869970083236,0.1965180039405822,352379517,0.19889635071158407,0.18524078011512754,49.62491797221679,0.004505343504072334,0.006911189241309047,-0.002405845737236713,0.23627558801246593,0.19889635071158407,0.1615171134107022,-0.0062953739738466075,0.019776145832141045,-0.08089703434734508,0.9880422805019149,1.060878732093688,1.0737179501617817,0.029032509415242134,0.04702244460232515,0.7849960540594844,0.4681862586994817,-0.13143899603855436,0.021097277090710964,1
2026-09-02 00:00:00+00:00,0.1965180039405822,0.2006680071353912,0.192232996225357,0.2006639987230301,316001388,0.19981685057282444,0.1859495401382446,52.38026846401238,0.004070459397609694,0.006343043272569177,-0.0022725838749594832,0.23636802724894102,0.19981685057282444,0.16326567389670787,0.021097277090710964,0.014669087867748454,-0.011814055683847635,1.0042396231738069,1.0791314599317965,1.0745756640445046,0.029694842219706006,0.04714139868663885,0.6948013310527236,0.5115885209074431,-0.11547989480868615,0.10247481626958144,1
2026-09-03 00:00:00+00:00,0.2006639987230301,0.224491000175476,0.1998119950294494,0.2212270051240921,734499869,0.20188555046916004,0.18707210034132,63.146857835636084,0.005323705016874847,0.006139175621430312,-0.0008154706045554651,0.2383624926982021,0.20188555046916004,0.165408608240118,0.10247481626958144,0.12573403295395136,0.09751403856570184,1.0958040563575977,1.1825761549715603,1.0791857797117388,0.05154253765946934,0.05157248517030096,1.5232507580813122,0.7651189144841871,0.00030299567518676795,-0.04498550580943028,0
2026-09-04 00:00:00+00:00,0.2212270051240921,0.226292997598648,0.2098619937896728,0.2112749963998794,680584315,0.20364270061254497,0.188084180355072,56.48996818341516,0.005451031173434595,0.0060015467318311685,-0.0005505155583965735,0.2382331136767112,0.20364270061254497,0.16905228754837873,-0.04498550580943028,0.05287942901753562,0.09635350053988656,1.0374788576481109,1.1233001946310794,1.0827210466510317,0.050608433050132275,0.05264829993134929,1.3339103354326673,0.6103238601570946,0.010392017215913762,0.034348596547219,1
2026-09-05 00:00:00+00:00,0.2112749963998794,0.2216659933328628,0.2098120003938675,0.218531996011734,451541564,0.20582695007324214,0.189121960401535,59.81654759208259,0.006067574072272569,0.006014752199919449,5.282187235312007e-05,0.2382077092459063,0.20582695007324214,0.17344619090057797,0.034348596547219,-0.012182098251731888,0.10501964714259371,1.0617268337988337,1.1555083055809965,1.088329190519387,0.051124660671656115,0.05273522431834339,0.8604445427942705,0.6961820269676917,0.027839287838137272,0.02099467359779461,1
2026-09-06 00:00:00+00:00,0.218529999256134,0.2234559953212738,0.2164870053529739,0.2231200039386749,411138699,0.20828239992260927,0.19025192052125928,61.80478915814635,0.006847469294055136,0.006181295618746587,0.0006661736753085495,0.23782861787576046,0.20828239992260927,0.1787361819694581,0.02099467359779461,0.05606440771806476,0.1353667321297234,1.0712379155491716,1.1727608495481276,1.0947716025780418,0.044602210006313515,0.05260603721332146,0.7678118090640047,0.7510914263137214,0.043518930603792194,-0.011195772750617117,0
2026-09-07 00:00:00+00:00,0.2231210023164749,0.2258490025997162,0.2157440036535263,0.2206220030784607,524822170,0.21060030013322825,0.19134470045566554,60.062273159743555,0.007181193751969656,0.006381275245391201,0.0007999185065784547,0.23587442334969358,0.21060030013322825,0.18532617691676292,-0.011195772750617117,0.009563849252603118,0.09945981582365437,1.047586365921096,1.1530081708721203,1.1006330440911491,0.046221576714026,0.052837400554126925,0.9494936221894497,0.6982601504985859,0.08647073633736091,-0.00595135978784378,0
2026-09-08 00:00:00+00:00,0.2206210047006607,0.2309039980173111,0.2158540040254593,0.219309002161026,635529548,0.21222200021147725,0.19233520060777662,59.11878324698394,0.007256081003338438,0.006556236396980648,0.0006998446063577902,0.2351386208207949,0.21222200021147725,0.1893053796021596,-0.00595135978784378,-0.017080502466718994,-0.008669841016878732,1.0333942849586124,1.140243707173791,1.1033965677674114,0.04619330801656411,0.051089729506059514,1.1327654181450064,0.6546258078441822,0.08799876633754455,-0.033578215111209286,0
2026-09-09 00:00:00+00:00,0.219309002161026,0.2227420061826706,0.2099300026893615,0.2119449973106384,527650001,0.21286680027842517,0.19310714066028592,53.99573254839218,0.006644620987105387,0.006573913315005596,7.070767209979133e-05,0.23493272052757036,0.21286680027842517,0.19080088002927997,-0.033578215111209286,-0.03932973885989266,0.003171226705364072,0.9956695785036414,1.0975513209192613,1.1023248521550035,0.049803953311063284,0.05016261203820859,0.955649527923972,0.4791125192745479,0.0998302860393181,-0.034103196791087864,0
2026-09-10 00:00:00+00:00,0.2119449973106384,0.214819997549057,0.2047010064125061,0.2047169953584671,434879282,0.21164209991693492,0.19371732056140897,49.46479325347643,0.005513241947010528,0.006361779041406583,-0.0008485370943960551,0.23257852762548198,0.21164209991693492,0.19070567220838786,-0.034103196791087864,-0.06653628742446616,-0.063217290398634,0.967279172899977,1.0567820924075357,1.092530597179325,0.02973021946500495,0.036905143600705376,0.8427332908956114,0.3346158987848553,0.035163299212984445,0.007068328926560952,1
2026-09-11 00:00:00+00:00,0.2047149986028671,0.2151650041341781,0.2010129988193512,0.206164002418518,662505733,0.21063745021820063,0.1944741806387901,50.36278690861412,0.004679435661732151,0.006025310365471697,-0.0013458747037395462,0.23052298824553719,0.21063745021820063,0.19075191219086407,0.007068328926560952,-0.027275920476893534,-0.07599498575133268,0.9787623340718921,1.0601098908931268,1.0831126760700005,0.02598096661951547,0.03695039456892481,1.3731945003589292,0.38752007128162713,0.04908455349898788,0.006082498905708222,1
2026-09-12 00:00:00+00:00,0.206164002418518,0.2094199955463409,0.2060129940509796,0.2074179947376251,213865707,0.20966525003314013,0.19534606039524074,51.17253935665176,0.004072875302292056,0.005634823352835769,-0.001561948050543713,0.22805597951785714,0.20966525003314013,0.19127452054842312,0.006082498905708222,0.01319382093523025,-0.059849009421511834,0.9892816988262966,1.0617976851847404,1.0733016555794757,0.02086486558126861,0.03699064435365207,0.46431833868182754,0.4389024971145778,0.03365823494785092,-0.018397601767753846,0
2026-09-13 00:00:00+00:00,0.2074179947376251,0.2093870043754577,0.2025080025196075,0.2036020010709762,230042792,0.20878735035657878,0.1961253803968429,48.57560739296524,0.0032468256649092198,0.00515722381525046,-0.0019103981503412401,0.22653268095415618,0.20878735035657878,0.19104201975900137,-0.018397601767753846,-0.012427006254665529,-0.07162041199985514,0.9751644470953497,1.0381216375922637,1.064560588405822,0.01691960383693873,0.03681671588287784,0.5215853027095572,0.3538953879419277,-0.07966931543113176,0.024439859804578523,1
2026-09-14 00:00:00+00:00,0.2036029994487762,0.2153870016336441,0.2027750015258789,0.2085780054330825,439778509,0.2087611503899097,0.1969827005267143,51.99660924153641,0.0029595811327128296,0.004717695278742934,-0.0017581141460301045,0.22650607221184613,0.2087611503899097,0.19101622856797326,0.024439859804578523,0.005592623228880322,-0.01588615876892363,0.9991227057501593,1.0588645849374763,1.0597943364148266,0.022080523239751744,0.035257519975781214,1.0107321099211024,0.4948395107438346,-0.012765310674493269,-0.06306992146345691,0
2026-09-15 00:00:00+00:00,0.2085839956998825,0.2085890024900436,0.1936960071325302,0.1954230070114135,490152020,0.20790165066719052,0.19778260052204127,43.71668935120579,0.0016514029939903307,0.004104436821792414,-0.0024530338278020833,0.2265054714763625,0.20790165066719052,0.18929782985801855,-0.06306992146345691,-0.04017148169733109,-0.04539920259565888,0.9399781405499619,0.9880697619285028,1.0511624891089526,0.030312770471282325,0.03774443369311166,1.11402232264844,0.16462148330237458,-0.10574647841993667,0.0033618979007852268,1
2026-09-16 00:00:00+00:00,0.1954240053892135,0.1963369995355606,0.1906100064516067,0.1960799992084503,416542511,0.20701490044593807,0.19847242057323453,44.19463788799485,0.0006600673284415659,0.0034155629231222445,-0.0027554955946806786,0.22611597446993742,0.20701490044593807,0.1879138264219387,0.0033618979007852268,-0.0599200581992424,-0.04891253124586192,0.9471781924202919,0.9879458246245278,1.0430411431877078,0.02994292492779038,0.03771852772476922,0.9477083421483208,0.2137621365230895,-0.12119040988210372,0.03327211657438056,1
2026-09-17 00:00:00+00:00,0.1960839927196502,0.2037010043859481,0.1944459974765777,0.2026039958000183,363487914,0.20699195042252536,0.19928422063589094,48.8404968015073,0.00039629048292655344,0.0028117084350831063,-0.002415417952156553,0.22611410833988665,0.20699195042252536,0.18786979250516406,0.03327211657438056,0.03674587193403189,-0.023209167284141796,0.9788013272325321,1.0166584948549082,1.0386770701766554,0.031914974519992256,0.036900230038797006,0.832659077634716,0.3852651818515955,-0.0816691310341996,0.10827031967876466,1
2026-09-18 00:00:00+00:00,0.2026059925556183,0.226499006152153,0.2017610073089599,0.2245399951934814,752308249,0.20814040005207057,0.2003813204169273,60.69044804645872,0.001934991874859987,0.0026363651230384825,-0.0007013732481784955,0.22860366035316004,0.20814040005207057,0.1876771397509811,0.10827031967876466,0.1451448189510427,0.1028378601996458,1.0787910234500757,1.1205635072485194,1.038721571546685,0.05248841005585111,0.04397958535706086,1.6182630466924366,0.9007082669162376,0.023852158283108604,0.014358245318218943,1
2026-09-19 00:00:00+00:00,0.2245330065488815,0.2342910021543502,0.2213100045919418,0.2277639955282211,613967887,0.20989324972033496,0.20157732039690013,62.08063632382209,0.0033756611758712918,0.0027842243336050443,0.0005914368422662475,0.23079142362711003,0.20989324972033496,0.1889950758135599,0.014358245318218943,0.12418313680761339,0.09198472319888973,1.085142070227115,1.129908836369886,1.0412542904482558,0.05238862980899415,0.04237463438658835,1.2804617243619152,0.9275671617914077,0.07463728051291296,0.000891266938275237,1
2026-09-20 00:00:00+00:00,0.2277649939060211,0.2322939932346344,0.2186869978904724,0.2279669940471649,484947040,0.2114034496247768,0.20265234023332593,62.171351266608895,0.004482115226028094,0.0031238025120896543,0.0013583127139384396,0.23296554134863326,0.2114034496247768,0.18984135790092035,0.000891266938275237,0.015262309285837938,0.1665309910713364,1.0783503980270284,1.1249166616318995,1.0431828686575995,0.050848066039270244,0.04221769123321624,0.9961296736699787,0.8840894620641572,0.11357141427357398,0.061864263972809086,1
