Date,Open,High,Low,Close,Volume,SMA_20,SMA_50,RSI_14,MACD,MACD_Signal,MACD_Hist,BB_Upper,BB_Middle,BB_Lower,Daily_Return,Daily_Return_2,Daily_Return_5,Price_to_SMA20,Price_to_SMA50,SMA20_to_SMA50,Volatility_7,Volatility_20,Volume_to_Avg20,BB_Position,Momentum_10,Target_Next_Day_Return,Target_Is_Up
2024-02-13 00:00:00+00:00,327.9324035644531,329.2057800292969,319.4844055175781,324.86822509765625,886487720,309.00042419433595,309.6447003173828,62.18792627048426,4.849516034347005,2.27076153770863,2.578754496638375,329.8311667193068,309.00042419433595,288.1696816693651,-0.009380808217761882,0.012720844829400502,0.01880484963145035,1.0513520359873059,1.0491644932552358,0.9979193051830486,0.01706559890126359,0.01599905176718979,1.060525173854662,0.8808745867867835,0.08384524871425958,0.028866309037186566,1
2024-02-14 00:00:00+00:00,324.8655700683594,334.369140625,323.8765869140625,334.2459716796875,887463520,311.1167587280273,310.3757550048828,67.4453196773513,5.914901002963006,2.9995894307595052,2.915311572203501,333.203258487467,311.1167587280273,289.03025896858765,0.028866309037186566,0.019214711510392224,0.03212578159278312,1.074342549228855,1.0769074784028447,1.0023874407430209,0.018414997907433027,0.016669530795907515,1.0745121155476438,1.023605215936827,0.09684444359432542,0.06122689720734087,1
2024-02-15 00:00:00+00:00,334.2108764648437,365.1331176757813,333.8529968261719,354.7108154296875,1744161787,313.7363998413086,310.99642456054687,75.4631020059278,8.314721194864887,4.062615783580582,4.2521054112843055,342.7659205807677,313.7363998413086,284.70687910184944,0.06122689720734087,0.09186060078070257,0.09772090365247954,1.1306014080900535,1.1405623583322901,1.0088103111945208,0.025052998589081818,0.019697793653998624,2.0165656107469525,1.2057370315570413,0.17901299249319225,0.01742141812676823,1
2024-02-16 00:00:00+00:00,354.68756103515625,365.5620727539063,351.7015991210937,360.890380859375,1461675119,316.4896774291992,311.7422521972656,77.28253039700019,10.593124328838599,5.368717492632186,5.224406836206413,352.066669781547,316.4896774291992,280.91268507685146,0.01742141812676823,0.0797149747109629,0.12501372297905022,1.1402911582799047,1.1576562955957899,1.0152286871557261,0.02506249925210361,0.01979339678590887,1.6179387900249116,1.1240086709753268,0.19219784325479283,-0.02211826557444252,0
2024-02-17 00:00:00+00:00,360.8729553222656,363.2817993164063,349.043212890625,352.9081115722656,1101515839,318.8863021850586,312.52283935546876,70.0562422999171,11.620716421398072,6.619117278385363,5.001599143012709,357.52370939046926,318.8863021850586,280.2488949796479,-0.02211826557444252,-0.005082179000485576,0.076121089263266,1.1066894662896598,1.1292234266784642,1.0203615929085808,0.02836819042394278,0.02081903389400041,1.1981123128187001,0.9402703474166185,0.1471665788740122,-0.009147280292539972,0
2024-02-18 00:00:00+00:00,352.9129943847656,358.00885009765625,349.6799621582031,349.6799621582031,959954204,320.83489990234375,313.1731146240234,67.3149375291816,12.035863931866686,7.702466609081628,4.333397322785058,361.60758994518505,320.83489990234375,280.06220985950245,-0.009147280292539972,-0.031063223892188296,0.0763747733502973,1.0899062485553763,1.11657082242838,1.0244650160583504,0.02860080894666396,0.02096019271171068,1.0365088708387762,0.8537301834334557,0.09661583911023608,0.006083094431091229,1
2024-02-19 00:00:00+00:00,349.67828369140625,355.6981201171875,349.623779296875,351.8070983886719,1290009052,323.0521179199219,313.9605426025391,68.19799970060846,12.393647191423781,8.64070272555006,3.752944465873721,365.5494229854203,323.0521179199219,280.5548128544235,0.006083094431091229,-0.0031198296312560103,0.05253953135391387,1.0890103449991242,1.1205455802579782,1.0289577003594759,0.02835232177117526,0.020594910226998914,1.3553948297068266,0.8383153405190255,0.08635318645596013,0.008688919991863386,1
2024-02-20 00:00:00+00:00,351.8079528808594,360.3736267089844,346.0740051269531,354.8639221191406,1489888631,325.7777603149414,314.7696551513672,69.47434089422237,12.776572752864354,9.467876731012918,3.3086960218514356,369.12864308788477,325.7777603149414,282.42687754199807,0.008688919991863386,0.014824869943769192,0.00043163806343948785,1.0892822204194679,1.127376531732364,1.0349719389509786,0.02704115951102137,0.019339050737767816,1.511752555897144,0.8354736967704012,0.09819472177752919,0.0667112078836749,1
2024-02-21 00:00:00+00:00,354.8638610839844,379.0655212402344,351.4012451171875,378.5373229980469,2264483250,329.6958312988281,316.0983251953125,77.12961524212025,14.819460111821797,10.538193407174695,4.281266704647102,377.26353638694457,329.6958312988281,282.1281262107117,0.0667112078836749,0.07597977622340002,0.04889834441319785,1.1481410653777726,1.197530302522654,1.0430166977161741,0.033703774927878315,0.02314610574298457,2.1342182484208885,1.0133891955555003,0.18002503147485371,0.009173316383840557,1
2024-02-22 00:00:00+00:00,378.7139587402344,386.5940856933594,374.3027038574219,382.009765625,2002118598,333.7385711669922,317.40529479980466,78.00109225829888,16.528134119857953,11.736181549711347,4.791952570146606,384.7144233322131,333.7385711669922,282.7627190017713,0.009173316383840557,0.07649648728378078,0.08246241188132952,1.144637745314294,1.2035393608223925,1.051458739456408,0.02793013459085706,0.02306742419451079,1.7778225584535217,0.9734711869215364,0.16486062976027838,-0.01751440520683678,0
2024-02-23 00:00:00+00:00,381.9831237792969,385.45794677734375,369.4000854492188,375.319091796875,1755398357,337.51768951416017,318.4396765136719,72.28559903558582,17.144755055877965,12.81789625094467,4.326858804933295,389.08314628585333,337.51768951416017,285.952232742467,-0.01751440520683678,-0.008501754003233386,0.07332170102178215,1.1119982847036196,1.178619121542667,1.0599109169100955,0.029654004593473508,0.02372989982825414,1.4830809487546512,0.8665380338826544,0.15529640266927647,0.01711531919128717,1
2024-02-24 00:00:00+00:00,375.3238220214844,383.0736999511719,371.9991455078125,381.7427978515625,1088410661,341.3681213378906,319.72552673339845,74.23743207134163,17.94491319466215,13.843299639688167,4.101613554973982,394.11342107978606,341.3681213378906,288.62282159599516,0.01711531919128717,-0.0006988506511101944,0.08509123209850089,1.118273130939806,1.1939703462272402,1.0676911688147401,0.027051064319151004,0.023735116090550488,0.9092101534347805,0.8827324587332128,0.1421014169091972,0.017836431968539568,1
2024-02-25 00:00:00+00:00,381.74261474609375,390.4501037597656,378.1285705566406,388.5517272949219,1324081579,345.7530059814453,321.3406713867187,76.15443445587685,18.91047974680197,14.856735661110928,4.05374408569104,398.8966518936112,345.7530059814453,292.60936006927943,0.017836431968539568,0.03525702738620207,0.09493161484156465,1.1237840902987648,1.209158260665105,1.075970260749681,0.025480970743106304,0.02306105020117815,1.0835559451302934,0.9026701647852023,0.09540422900339363,0.033694775151521084,1
2024-02-26 00:00:00+00:00,388.5350036621094,404.4400939941406,382.2568664550781,401.6438903808594,2011146388,350.69969329833987,323.3157385253906,79.338059203935,20.4958627931195,15.984561087512644,4.511301705606856,405.3697705866089,350.69969329833987,296.0296160100708,0.033694775151521084,0.05213220168474608,0.0610417149881195,1.1452644472066342,1.2422651993766691,1.0846972525922947,0.025924055206011633,0.023442674455239378,1.5608026270897428,0.965923953371207,0.11292489820437868,-0.016552609298319032,0
2024-02-27 00:00:00+00:00,401.6438903808594,403.7400512695313,390.9178771972656,394.9956359863281,1750697179,355.0677459716797,325.1256433105469,73.93957191708677,20.974055851575258,16.98246004032517,3.9915958112500896,409.20754844236956,355.0677459716797,300.92794350098984,-0.016552609298319032,0.016584429404724155,0.03399355600263809,1.11245147008603,1.2149015130407423,1.0920939436097734,0.029207597194323733,0.02443959372060016,1.3091845585389146,0.8687480207954632,0.11925915850036839,0.052597974676620085,1
2024-02-28 00:00:00+00:00,394.9517211914063,427.04681396484375,394.66107177734375,415.7716064453125,2323818531,359.91273193359376,327.4215533447266,78.79536056825654,22.76703032599295,18.139374097458724,4.627656228534224,417.63831179702436,359.91273193359376,302.18715207016317,0.052597974676620085,0.03517473165359619,0.10778165974655685,1.1552011628252847,1.2698357887501877,1.0992334751849973,0.025336532373750064,0.025500037666555803,1.6680602587178817,0.9838312117770996,0.18900609539990754,-0.038465564161607735,0
2024-02-29 00:00:00+00:00,415.5836181640625,419.7790222167969,392.3798828125,399.7787170410156,2058367303,363.70955352783204,329.31519104003905,68.25273909681398,22.636543020695456,19.03880788210607,3.5977351385893854,421.4349556963432,363.70955352783204,305.9841513593209,-0.038465564161607735,0.012109199745318433,0.047246259237787136,1.0991702394488339,1.2139698620596262,1.1044420768418521,0.03223435380550878,0.028024237557454108,1.4281229734098635,0.812420201143779,0.13635773374687665,0.020091223255907398,1
2024-03-01 00:00:00+00:00,399.6724243164063,408.55279541015625,399.4783020019531,407.8107604980469,1527194519,367.94339752197266,331.2973760986328,70.395112556854,22.917075886100804,19.814461482905017,3.102614403195787,425.5593260364634,367.94339752197266,310.3274690074819,0.020091223255907398,-0.019147161142935687,0.049566201486750394,1.108351891200041,1.2309507708767207,1.1106136784265677,0.030566360897990214,0.02791691663860177,1.0313433303547273,0.8459751843281267,0.14920321587701468,0.007785743219241192,1
2024-03-02 00:00:00+00:00,407.8048400878906,414.84515380859375,406.5416564941406,410.9858703613281,1520439801,372.45331420898435,333.5844842529297,71.22185291263058,23.128988451952523,20.47736687671452,2.6516215752380035,428.63023317910876,372.45331420898435,316.27639523885995,0.007785743219241192,0.02803339158037943,0.023259360354293435,1.1034560700155915,1.232029335182482,1.1165186985333035,0.030526358014265776,0.02756914993699954,0.9993111687349896,0.8429571864989238,0.08572086658796563,0.00826111767232729,1
2024-03-03 00:00:00+00:00,410.9778137207031,416.6257019042969,405.0853271484375,414.3810729980469,1810575392,376.77513732910154,335.82755981445314,72.11848388105011,23.302280975113604,21.04234969639434,2.2599312787192645,431.8227124021196,376.77513732910154,321.7275622560835,0.00826111767232729,0.016111179832469125,0.04907759794184097,1.0998100244499351,1.233910264026559,1.1219303666955511,0.030383067887379905,0.027493513680526518,1.1584758541693936,0.8415766781648676,0.08473947601859,0.0112320716689156,1
2024-03-04 00:00:00+00:00,414.4140319824219,423.8005676269531,411.4765319824219,419.0354309082031,2111212949,381.4834976196289,338.22724182128906,73.34455484355853,23.54378622141911,21.542637001399296,2.0011492200198155,433.8824740464004,381.4834976196289,329.08452119285744,0.0112320716689156,0.019585978807003857,0.007850041735161017,1.0984365864392296,1.238916855578449,1.1278911052977671,0.028548710791190653,0.027027552832333494,1.2999034105805176,0.8583269736294729,0.1164777920090132,-0.05816617389921874,0
2024-03-05 00:00:00+00:00,419.0164489746094,427.0828857421875,363.22064208984375,394.6617431640625,3319029162,384.50428619384763,339.7691314697266,58.769845030999136,21.52035471433186,21.53818054398581,-0.017825829653951075,432.19104811440695,384.50428619384763,336.8175242732883,-0.05816617389921874,-0.04758742886424572,-0.012799515479029688,1.0264170188342037,1.1615585602402696,1.1316633872259434,0.03716302078823789,0.031068208640935246,1.901250049986104,0.6065018525176444,0.03384201453231728,0.08703711550851523,1
2024-03-06 00:00:00+00:00,394.6649475097656,433.4255065917969,386.2295227050781,429.011962890625,3281109608,388.2193435668945,342.0448455810547,68.32337554642721,22.429987389652183,21.716541913119084,0.7134454765330993,437.67720198306824,388.2193435668945,338.7614851507208,0.08703711550851523,0.023808325612941772,0.05198784447640792,1.1050762152883333,1.254256476696304,1.1349954503989093,0.046355847513527594,0.033778467211981016,1.8002788704076242,0.9123977526530997,0.10413088593733799,0.1078727180743817,1
2024-03-07 00:00:00+00:00,429.011962890625,477.2071838378906,423.7870178222656,475.2906494140625,3328990543,393.9393569946289,345.36895080566404,76.29332767995213,26.578797243813767,22.68899297925802,3.889804264555746,455.1534728121696,393.9393569946289,332.7252411770882,0.1078727180743817,0.20429876380615442,0.15646469548016162,1.2065071462777017,1.3761823357465166,1.1406333895263647,0.05539466038176673,0.04024769569057315,1.7375396329747175,1.1644814789281224,0.1833633245693529,0.026938312057717573,1
2024-03-08 00:00:00+00:00,475.2777099609375,489.57855224609375,464.8338623046875,488.09417724609375,3644157779,400.6986602783203,348.86497680664064,77.94653372986379,30.547761062093173,24.26074659582505,6.287014466268122,471.87945505781494,400.6986602783203,329.51786549882564,0.026938312057717573,0.1377169390741011,0.17788723725901034,1.2181078342190355,1.3990919401365454,1.1485780657781781,0.055327124723790255,0.03937690712536844,1.7836814240369212,1.1138981535574948,0.2356951135100338,0.0030069020193361773,1
2024-03-09 00:00:00+00:00,488.09271240234375,494.0759582519531,482.640625,489.5618286132813,2314944823,407.69275360107423,352.3702044677734,78.1347635830823,33.42630306796127,26.0938578902523,7.332445177708973,484.9922526684926,407.69275360107423,330.39325453365586,0.0030069020193361773,0.030026214941977658,0.16830652613842623,1.2008107190747757,1.389339457212975,1.1570012118841349,0.055636379554103436,0.03904347657309365,1.096712506824893,1.0295576038649568,0.17747778112807389,0.08132359371004605,1
2024-03-10 00:00:00+00:00,489.5409240722656,537.415283203125,486.8355407714844,529.374755859375,4507153439,416.5711364746094,356.61849182128907,82.49861498065741,38.47660449882312,28.570407211966465,9.906197286856656,506.58756679642215,416.5711364746094,326.5547061527966,0.08132359371004605,0.08457502780752879,0.3413379052534913,1.2707907713899933,1.4844287887478886,1.1681142341978277,0.05840745182470232,0.04142064596420699,1.9840784292196387,1.1265723878490161,0.3241694299725899,-0.01257471801888932,0
2024-03-11 00:00:00+00:00,529.4474487304688,532.7896728515625,509.9839172363281,522.718017578125,3950105375,424.9638412475586,360.7064782714844,79.6367358863255,41.46389168861435,31.149104107296047,10.314787581318306,521.7975885226124,424.9638412475586,328.13009397250477,-0.01257471801888932,0.06772625443197033,0.2184229410670071,1.2300293974272993,1.449150622642001,1.1781430798914323,0.06080425735118839,0.042033352367427924,1.649539380725327,1.0047526254090846,0.2817661234336861,0.028978731493335186,1
2024-03-12 00:00:00+00:00,522.718994140625,547.018310546875,521.9139404296875,537.86572265625,4381078189,432.9302612304688,365.35505249023436,81.2322033625793,44.54019981575294,33.827323248987426,10.712876566765516,539.4165496344649,432.9302612304688,326.44397282647265,0.028978731493335186,0.0160396140973722,0.1316564365811319,1.2423842147867765,1.4721726687237389,1.184957641285228,0.04599358915367164,0.040668547044404535,1.7520798022593875,0.9927181846533554,0.30872071631896336,0.17233970073051674,1
2024-03-13 00:00:00+00:00,537.86572265625,631.1683959960938,532.0458984375,630.5613403320312,5717769152,445.3578399658203,371.9982012939453,87.62298058542211,53.83735431894934,37.829329462979814,16.008024855969524,580.8787204509474,445.3578399658203,309.83695948069317,0.17233970073051674,0.20631261813696344,0.2918845782790531,1.4158532392298846,1.6950655625180688,1.1972042832914336,0.06572218244812263,0.05315248203803482,2.128505055465465,1.1833024538478272,0.5216943567666357,-0.04372712069759732,0
2024-03-14 00:00:00+00:00,630.5613403320312,630.9562377929688,569.2069091796875,602.9887084960938,4918366892,456.74132080078124,378.19614685058593,79.0051224087284,58.308392437744146,41.92514205793268,16.383250379811464,605.128055720465,456.74132080078124,308.3545858810975,-0.04372712069759732,0.12107666113808824,0.23169061240763433,1.3201974094196347,1.594380888111789,1.2076836969500542,0.07138626447962146,0.05460200773832191,1.7291206437950768,0.9927913124258405,0.43899218065927403,0.0494438560689161,1
2024-03-15 00:00:00+00:00,602.9675903320312,634.2008056640625,547.7039794921875,632.8027954101562,5849156503,469.29432067871096,385.01381713867187,81.16252851287037,63.525191145753695,46.24515187549689,17.280039270256808,632.6858543149099,469.29432067871096,305.90278704251205,0.0494438560689161,0.00355469790923868,0.19537773270445902,1.3484134955969065,1.643584638372179,1.2189025426837694,0.0713847588148432,0.054824055184165985,1.8975551967518764,1.000357855430584,0.6034054639724671,-0.08853878063909348,0
2024-03-16 00:00:00+00:00,632.8027954101562,641.4811401367188,571.286865234375,576.7752075195312,3952760767,478.7054946899414,390.5029614257812,67.18964606468688,62.419055587867945,49.4799326179711,12.939122969896843,644.1847913617953,478.7054946899414,313.22619801808753,-0.08853878063909348,-0.043472623296614055,0.10341558569544995,1.204864397667108,1.4770059756106428,1.2258690508827905,0.08611966225714512,0.0606092715184986,1.2298939600836698,0.7963201886942464,0.34442686314222426,-0.009864564489409089,0
2024-03-17 00:00:00+00:00,576.7752075195312,589.6356811523438,550.1432495117188,571.0855712890625,3512190982,487.1775787353516,395.80817626953126,65.9479957679916,60.387222780964294,51.66139065056974,8.72583213039455,653.3931662371033,487.1775787353516,320.96199123359986,-0.009864564489409089,-0.09752994861707465,0.0617623455697387,1.172232869935281,1.4428341947645205,1.230842635255723,0.08334057232159796,0.06093464057948371,1.0678741343374012,0.7524071111947507,0.20155019248347483,-0.028942146700544846,0
2024-03-18 00:00:00+00:00,571.0855712890625,586.5149536132812,540.8463134765625,554.55712890625,3982384372,495.15565338134763,400.7998065185547,62.34369053915282,56.78864927742842,52.68684237594148,4.101806901486938,658.0251212781759,495.15565338134763,332.28618548451936,-0.028942146700544846,-0.038521209517364485,-0.12053420748211452,1.1199652576301171,1.3836262390525311,1.2354188932434647,0.08442389287925511,0.06138126714838282,1.1711034176707245,0.6823591502200124,0.13616829447782175,-0.08561888005367457,0
2024-03-19 00:00:00+00:00,554.55712890625,559.8604125976562,498.5623474121094,507.0765686035156,4346763421,499.7209014892578,404.727177734375,53.32720353730732,49.53446694392795,52.05636728953878,-2.521900345610824,658.2829620458585,499.7209014892578,341.1588409326571,-0.08561888005367457,-0.11208303256736962,-0.1590612536208038,1.0147195506378393,1.2528848975304376,1.2347105136023946,0.09127642416821394,0.06505060831301548,1.2413338885132494,0.5231949152541194,0.03577635952510039,0.09786279815971288,1
2024-03-20 00:00:00+00:00,507.0864562988281,558.9464721679688,501.1168518066406,556.7005004882812,3177352364,507.5669906616211,409.7119329833984,59.861075310964445,47.24509965983998,51.09411376359902,-3.849014103759039,660.7446760239591,507.5669906616211,354.38930529928314,0.09786279815971288,0.00386501492868474,-0.12026226096638637,1.096802019695201,1.3587607674361752,1.2388386810354088,0.06871348387895605,0.06661675957328295,0.8931075714561497,0.6603807686166431,0.051618903860548127,-0.006201306635766457,0
2024-03-21 00:00:00+00:00,556.7005004882812,570.05322265625,541.6550903320312,553.2482299804688,2595135487,514.8388641357421,414.76987609863284,59.239751012324504,44.63763534080215,49.802818079039646,-5.1651827382374975,661.757411518735,514.8388641357421,367.9203167527493,-0.006201306635766457,0.09105461430432382,-0.04079054930298098,1.0746046355867176,1.3338679153471251,1.241263876196527,0.06761073627948379,0.06684766057682515,0.718668280276575,0.6307165314689629,0.05840665784546206,-0.002656430599688786,0
2024-03-22 00:00:00+00:00,553.2482299804688,587.7314453125,535.97265625,551.778564453125,2949959002,521.878498840332,419.80192932128904,58.95919232401702,41.968820913838385,48.236018645999394,-6.267197732161009,661.1374404922132,521.878498840332,382.6195571884508,-0.002656430599688786,-0.008841263894749929,-0.033807554956006736,1.05729315478456,1.314378343485005,1.2431541219547855,0.06262610713273396,0.06696756014119942,0.8010729513738746,0.6073542038238989,0.025866756721671047,0.00018295772061671656,1
2024-03-23 00:00:00+00:00,551.778564453125,567.544677734375,544.9212646484375,551.8795166015625,1962524597,528.7534210205079,424.81642028808596,58.97356560824957,39.40764544114859,46.47034400502924,-7.062698563880652,658.9484765874147,528.7534210205079,398.558365453601,0.00018295772061671656,-0.0024739588935595025,-0.004828379557519247,1.043737013628055,1.2991011887612764,1.2446633316620337,0.05433053144962896,0.06704672368650012,0.5318340235785204,0.5888132636080416,-0.12478060213624531,0.02920074930374872,1
2024-03-24 00:00:00+00:00,551.8795166015625,572.4882202148438,549.5263061523438,567.9948120117188,1745465728,536.2013900756835,430.18158203125,61.30337601450097,38.23748713553624,44.82377263113064,-6.586285495594396,656.6465983206177,536.2013900756835,415.7561818307494,0.02920074930374872,0.029389049526898248,0.12013618293578698,1.0592938073725389,1.320360600585772,1.246453619757091,0.055739729570846656,0.06709284317961776,0.4753680112695195,0.6319829256776281,-0.05803408254800135,0.03421298906611803,1
2024-03-25 00:00:00+00:00,567.9948120117188,597.6621704101562,565.1378784179688,587.4276123046875,2490221265,545.8396835327148,435.8354510498047,63.96110146734038,38.43513649627016,43.54604540415855,-5.110908907888387,648.0687339710611,545.8396835327148,443.6106330943686,0.03421298906611803,0.06441278328651845,0.05519504974300471,1.0761907388316154,1.347819712439041,1.2523985421973842,0.0552803771616402,0.06475631470996303,0.6859396531746802,0.703405629777683,-0.07170509269962766,-0.012388078900180344,0
2024-03-26 00:00:00+00:00,587.4276123046875,597.0130004882812,572.8078002929688,580.1505126953125,2086911757,553.3966110229492,441.4213806152344,62.237268517805205,37.571473359957395,42.35113099531832,-4.779657635360927,640.4870935590886,553.3966110229492,466.30612848680965,-0.012388078900180344,0.021401076957975773,0.04862606196822994,1.048344896118733,1.3142782342955914,1.253669702748989,0.03871002625735747,0.06330187474686996,0.5844594930400617,0.6535983088695222,0.0058520288871239945,-0.009719746673026664,0
2024-03-27 00:00:00+00:00,580.1593017578125,584.9867553710938,565.5116577148438,574.5115966796875,1983797879,558.3576583862305,446.85740966796874,60.86830325131416,36.01682121077408,41.08426903840948,-5.067447827635398,637.6713384519101,558.3576583862305,479.0439783205509,-0.009719746673026664,-0.02198741658453185,0.04119955665384256,1.0289311663426366,1.285670964047727,1.2495208679679508,0.018993787037341017,0.05978475628525009,0.5662477087828462,0.6018357632635377,0.005999145422098007,0.015246476127502184,1
2024-03-28 00:00:00+00:00,574.5115966796875,591.3146362304688,574.2017822265625,583.2708740234375,1986567688,563.1164932250977,452.37013549804686,62.25708709268149,35.0870865662057,39.88483254396873,-4.797745977763029,635.8255972918446,563.1164932250977,490.4073891583507,0.015246476127502184,0.005378537568859754,0.056880816333211515,1.0357907840399259,1.289366446309,1.2448135918723329,0.01867665925802031,0.05967945188553844,0.5807776592649487,0.6385959919120866,0.051777794604893845,0.050383254624431384,1
2024-03-29 00:00:00+00:00,583.2867431640625,619.9725952148438,582.4693603515625,612.657958984375,2788931743,569.2712997436523,458.24585693359376,66.54669782566435,36.30307803453934,39.16848164208285,-2.865403607543513,636.389186441457,569.2712997436523,502.1534130458476,0.050383254624431384,0.06639789784079086,0.07863301922506771,1.0762143801387143,1.3369634437811355,1.242283571428225,0.02381495314951119,0.06030011797500408,0.8097403136767519,0.8232123460328034,0.20821587294327082,-0.01900179601322527,0
2024-03-30 00:00:00+00:00,612.66015625,612.9949340820312,597.6298217773438,601.016357421875,1750650703,572.8533798217774,463.7893383789062,63.469276748475714,35.91339284338153,38.51746388234259,-2.6040710389610595,638.6396996515886,572.8533798217774,507.0670599919661,-0.01900179601322527,0.030424086284350338,0.023132629165786067,1.0491626279814559,1.2958822199807818,1.235158578297822,0.026766032298626466,0.05845741661143785,0.5294726040485808,0.7140488909620959,0.07960448552628274,0.009803847892750017,1
2024-03-31 00:00:00+00:00,601.005126953125,608.6642456054688,600.8792724609375,606.9086303710938,1456592924,577.0629104614258,469.46483337402344,64.36745405215115,35.66885336656162,37.9477417791864,-2.278888412624781,640.0567146565339,577.0629104614258,514.0691062663176,0.009803847892750017,-0.00938423883827788,0.04612271658860756,1.0517200453687157,1.2927669704443412,1.229193050124968,0.02574080078120007,0.058258096008078186,0.4577991688200688,0.7368940905460166,0.09699154463181814,-0.05027439282247226,0
2024-04-01 00:00:00+00:00,606.90869140625,607.6455688476562,570.0531616210938,576.3966674804688,2020241864,578.9894577026367,474.57701599121094,56.60607612355777,32.636777211207686,36.88554886559066,-4.2487716543829706,639.2325348861139,578.9894577026367,518.7463805191596,-0.05027439282247226,-0.04096342742985415,0.003281171018436835,0.9955218697202953,1.21454821463824,1.2200115854606821,0.031536271217519486,0.05951304941259457,0.6594151739974867,0.47848059608350224,0.044615910463544406,-0.04461373809349589,0
2024-04-02 00:00:00+00:00,576.3765869140625,578.1329956054688,546.8681640625,550.6814575195312,2480273065,574.9954635620118,479.0317529296875,51.022194021891416,27.837934104445935,35.07602591336172,-7.238091808915783,631.3056545963885,574.9954635620118,518.685272527635,-0.04461373809349589,-0.09264520232177686,-0.055873553704306356,0.9577144384898989,1.1495719316133945,1.2003284960661258,0.035376363196814954,0.04555944014533373,0.8547323810923032,0.2841065214319991,-0.0021708707172334307,0.020589390919121486,1
2024-04-03 00:00:00+00:00,550.6814575195312,567.9979858398438,540.246826171875,562.0196533203125,2096610785,572.9470108032226,483.7747814941406,53.21364115331519,24.665386787194052,32.993898088128184,-8.328511300934132,627.9346752255317,572.9470108032226,517.9593463809135,0.020589390919121486,-0.02494291686834471,-0.08265346907107418,0.9809278043573508,1.1617382195585149,1.184325915116272,0.0367974869187433,0.04500503554565788,0.7594421953486377,0.40063810131134825,-0.01051974166849079,0.041674476793876813,1
2024-04-04 00:00:00+00:00,562.0196533203125,597.8353271484375,561.34912109375,585.4415283203125,2340488273,570.5789474487304,488.79869262695314,57.44912079895809,23.76709744419395,31.14853795934134,-7.381440515147389,618.3140695056609,570.5789474487304,522.8438253918,0.041674476793876813,0.06312191980705717,-0.02591415176846834,1.026048246150753,1.1977150044611848,1.1673086611223638,0.040132636464759536,0.04456403972308624,0.9053093295073295,0.6556776251022933,-0.00338098506568818,-0.011059361288524028,0
2024-04-05 00:00:00+00:00,585.4832153320312,591.3327026367188,565.7509765625,578.9669189453125,1983792648,570.6885330200196,493.2838146972656,55.94149345996544,22.275966328519303,29.374023633176936,-7.098057304657633,618.4935606492874,570.6885330200196,522.8835053907518,-0.011059361288524028,0.030154222409979115,-0.046039403672174406,1.0145059615645065,1.1736994032545578,1.1569172067205533,0.0338097224757036,0.039848843853023355,0.7977153305317433,0.586584887990156,-0.002040149451047024,0.01209028996412953,1
2024-04-06 00:00:00+00:00,578.9669189453125,590.6022338867188,575.9175415039062,585.966796875,1328988130,571.4325942993164,497.7853430175781,57.24775786242344,21.412238863865923,27.781666679314736,-6.369427815448812,619.7244010137932,571.4325942993164,523.1407875848396,0.01209028996412953,0.0008972177908090906,0.016603373916723063,1.0254346754467256,1.1771475498311488,1.1479498187618145,0.03409633238029128,0.03983791510671317,0.5589425950417499,0.6504831105369119,0.019939023444463633,-0.0031821325600386308,0
2024-04-07 00:00:00+00:00,585.966796875,590.8859252929688,578.7191162109375,584.1021728515625,1374676397,572.9098464965821,502.4092242431641,56.76495800488741,20.342770257337634,26.293887394919317,-5.951117137581683,620.8342600908361,572.9098464965821,524.9854329023281,-0.0031821325600386308,0.008869684498735708,0.06068974154780915,1.0195359294720154,1.1626024059002136,1.1403250952639674,0.03362646257771439,0.039194791715004035,0.611702067885646,0.6167706135096283,0.001425236309830824,0.004791571098221148,1
2024-04-08 00:00:00+00:00,584.1021728515625,600.8928833007812,577.9833374023438,586.9009399414062,1739232272,576.9010650634766,507.1536437988281,57.34642392560149,19.49630453281054,24.934370822497563,-5.438066289687022,613.7583815315709,576.9010650634766,540.0437485953823,0.004791571098221148,0.0015941911237771222,0.0442712038166273,1.0173337778061293,1.1572448450635826,1.1375272013076871,0.027061120546367144,0.033142875087408014,0.8215859236218541,0.635656578342947,-0.04204143382984382,-0.010343513296106388,0
2024-04-09 00:00:00+00:00,586.9009399414062,589.666748046875,574.1403198242188,580.830322265625,1988165022,578.1075561523437,511.7341082763672,55.599749260488764,18.126673229967082,23.572831303991467,-5.446158074024385,613.7400584054762,578.1075561523437,542.4750538992112,-0.010343513296106388,-0.005601503877248892,-0.00787645876082188,1.0047097916024537,1.135023663405961,1.1297029977140607,0.018903154625084337,0.025662991424932842,0.9663194941356452,0.5382062154088818,-0.03358649878156428,0.05036514099351819,1
2024-04-10 00:00:00+00:00,580.830322265625,610.4829711914062,574.46142578125,610.0839233398438,1654268255,580.9493408203125,516.8385083007812,61.65997989462111,19.1806490957116,22.694394862335496,-3.513745766623895,617.2925713887075,580.9493408203125,544.6061102519175,0.05036514099351819,0.03950067519188494,0.05374573810057437,1.0501499536575645,1.180414991417004,1.1240442255943923,0.024717995877347992,0.027697346513365917,0.8228479127840217,0.900825436592687,0.005231912696328722,-0.008507230420539358,0
2024-04-11 00:00:00+00:00,610.0839233398438,617.4686279296875,592.6021728515625,604.893798828125,1299527568,583.6051025390625,521.3656378173828,60.09283360680006,19.37380374063673,22.030276637995744,-2.656472897359013,618.7148130206781,583.6051025390625,548.4953920574469,-0.008507230420539358,0.04142944271338389,0.03230046830991773,1.0364779132266713,1.1602103302404432,1.1193777652517256,0.021798045261876894,0.027816061142543046,0.6740650322419136,0.8031739082583698,0.049440138979675696,-0.014074655570107897,0
2024-04-12 00:00:00+00:00,604.893798828125,626.9840698242188,575.5808715820312,596.380126953125,2619549858,585.8301330566406,525.6530450439453,57.510700467972896,18.625198327223302,21.349260975841258,-2.7240626486179558,617.990779612094,585.8301330566406,553.6694865011873,-0.014074655570107897,-0.02246214965262272,0.021020216448814244,1.0180086228092067,1.1345508840403784,1.1144806228748554,0.02219174405563334,0.028126241709578923,1.3359953806176894,0.6640202394297858,0.08298566950018094,-0.0705595648879368,0
2024-04-13 00:00:00+00:00,596.3749389648438,599.8919677734375,517.2700805664062,554.2998046875,2660310655,585.1453826904296,529.2326593017578,46.80540239569552,14.469596317436753,19.973328044160358,-5.503731726723604,619.41872481431,585.1453826904296,550.8720405665492,-0.0705595648879368,-0.08364111888507031,-0.055547934983987246,0.9472856166768243,1.0473650764841582,1.1056486639778431,0.035465467327834704,0.03204345720841309,1.325852975992663,0.050006271763068426,-0.013735905118628877,0.023306232525198034,1
2024-04-14 00:00:00+00:00,554.2998046875,570.257568359375,537.1805419921875,567.2184448242188,1724305772,584.1349243164062,532.942172241211,49.88932042618726,12.079433884009518,18.39454921213019,-6.3151153281206724,619.3048588848375,584.1349243164062,548.964989747975,0.023306232525198034,-0.048897809988893814,-0.023435204602113124,0.9710401162676855,1.064315181586895,1.0960568608408519,0.037348479113668835,0.031505802481054196,0.8760851975393286,0.25950368262311446,-0.03112707694033512,-0.025288199346045537,0
2024-04-15 00:00:00+00:00,567.2184448242188,585.4859619140625,546.8653564453125,552.87451171875,1488692418,582.7711242675781,536.2286279296875,46.65509344622213,8.924896756711519,16.500618721046457,-7.575721964334939,620.6060267329987,582.7711242675781,544.9362218021575,-0.025288199346045537,-0.0025713394749499185,-0.09377301946903716,0.9486992211798381,1.0310425123204074,1.086795993189669,0.03795103511284505,0.0318752031337147,0.7680469093012775,0.10490696948205036,-0.04506718151374567,-0.02721262365460342,0
2024-04-16 00:00:00+00:00,552.8746948242188,554.1048583984375,524.2218627929688,537.829345703125,1299731119,580.93701171875,538.9523370361328,43.47175033473903,5.151500900667884,14.230795156970743,-9.079294256302859,623.6940820467845,580.93701171875,538.1799413907155,-0.02721262365460342,-0.051812664748942416,-0.11086979773131345,0.9257963167330526,0.9979163438845381,1.0779005336789225,0.03866306588503223,0.03233717897819201,0.6826032603481961,-0.00409985629161107,-0.08215047580954282,-0.006346492814858662,0
2024-04-17 00:00:00+00:00,537.8313598632812,548.0428466796875,514.1128540039062,534.416015625,1411927485,578.4942687988281,541.7407446289062,42.7589346454054,1.8641416237385329,11.757464450324301,-9.893322826585768,626.0076128618975,578.4942687988281,530.9809247357587,-0.006346492814858662,-0.03338641174896473,-0.10390036241599199,0.9238052033508454,0.9864792724628388,1.067843381791595,0.028422409660133117,0.03206247802434152,0.7528883170428112,0.03614869629762937,-0.08506415407427226,0.033225245869286324,1
2024-04-18 00:00:00+00:00,534.4149780273438,555.0400390625,527.4300537109375,552.172119140625,1439312699,575.4699768066406,544.4687548828125,47.57469790250571,0.6837727655819208,9.542726113375826,-8.858953347793905,621.5042451606415,575.4699768066406,529.4357084526397,0.033225245869286324,0.026667889270246325,-0.0038385103672813337,0.9595150770587573,1.0141484046398044,1.0569384774531287,0.03455454334671279,0.030736457973595123,0.7961386441131314,0.24695092917675593,-0.059173224026951465,0.004920862520487956,1
2024-04-19 00:00:00+00:00,552.172119140625,564.5448608398438,525.0286254882812,554.8892822265625,1320094794,573.163623046875,547.5709661865235,48.29161854555104,-0.032056182136557254,7.62776965427335,-7.659825836409907,618.4243715168012,573.163623046875,527.9028745769489,0.004920862520487956,0.03830960525690652,-0.021736180672821903,0.96811671207749,1.01336505492796,1.0467385205585091,0.035143927662441496,0.030617117081096334,0.73899451335368,0.29812153534695673,-0.04466199343359889,0.028962945477800428,1
2024-04-20 00:00:00+00:00,554.8881225585938,574.0986938476562,549.800048828125,570.9605102539062,697007137,571.3662170410156,550.8339611816406,52.434831221486725,0.6895097690645571,6.240117677231592,-5.550607908167035,613.7480844198199,571.3662170410156,528.9843496622113,0.028962945477800428,0.034026330671173,0.03271266472193002,0.9992899356402092,1.0365383227807714,1.0372748546863915,0.02512667912954568,0.03134743965092101,0.3986634402680929,0.4952136749487323,-0.06412792009296076,0.015166414616440305,1
2024-04-21 00:00:00+00:00,570.9605102539062,582.2720336914062,567.1710815429688,579.6199340820312,782061076,571.5273803710937,554.2066424560547,54.54809165374148,1.9377618052228627,5.379646502829846,-3.4418846976069837,614.0141750574784,571.5273803710937,529.0405856847091,0.015166414616440305,0.044568624133870305,0.0777023208435601,1.0141595205914422,1.0458552635048788,1.0312532124087856,0.02428611018121193,0.0294656018679956,0.4637319329225218,0.5952361053672386,-0.041782317482932374,0.04478032048251923,1
2024-04-22 00:00:00+00:00,579.6146850585938,608.5170288085938,579.1416625976562,605.5755004882812,1300340623,574.2720825195313,558.0305310058594,60.24893314628582,4.964183805500966,5.296553963364071,-0.33237015786310486,618.1580852496733,574.2720825195313,530.3860797893893,0.04478032048251923,0.06062589200605428,0.13315372814952076,1.0545097331414945,1.0852013767001623,1.029105130653687,0.02494755227459019,0.029007472541191976,0.7990029234060463,0.8566446705255525,0.01541864512175306,0.0020891477903743905,1
2024-04-23 00:00:00+00:00,605.5755004882812,613.5433349609375,599.9375610351562,606.8406372070312,1380221181,576.5131317138672,561.786635131836,60.50893552271344,7.379662845328539,5.713175739756965,1.6664871055715746,622.3010951346633,576.5131317138672,530.7251682930711,0.0020891477903743905,0.046963020980481884,0.0990062992522871,1.052605055851904,1.0801977107636644,1.02621368267078,0.01867581120085539,0.028783831582056354,0.8671721016107641,0.8311733393168322,0.09478775217889979,0.002052406055352174,1
2024-04-24 00:00:00+00:00,606.8406372070312,617.3051147460938,592.944091796875,608.0861206054688,1518718475,577.645361328125,566.0551226806641,60.7808994622139,9.287388257657653,6.428018243337103,2.8593700143205503,625.4388910733551,577.645361328125,529.8518315828949,0.002052406055352174,0.004145841625302182,0.09586928434704545,1.0526980069698029,1.0742524822066069,1.020475459337905,0.017087495204290735,0.02740208970134497,0.9794732303836178,0.8184610912775471,0.07204927158868202,0.009733628308191467,1
2024-04-25 00:00:00+00:00,608.0906372070312,617.8062133789062,601.7774658203125,614.0050048828125,1161642323,579.397265625,569.7549835205078,62.116121547170074,11.14836744604952,7.3720880838795875,3.776279362169932,629.8873810677262,579.397265625,528.9071501822739,0.009733628308191467,0.011806011721223975,0.0753896177684239,1.0597305878212608,1.0776650009954882,1.0169235590444732,0.016044039159280727,0.027264297481941018,0.7695856423405256,0.8427179652329178,0.11056847777992673,-0.026546299162473308,0
2024-04-26 00:00:00+00:00,614.0050048828125,614.834228515625,597.1796264648438,597.7054443359375,817787521,579.9841979980469,572.2032794189453,56.41963733596421,11.179102807049617,8.133491028513593,3.045611778536024,631.065323820039,579.9841979980469,528.9030721760547,-0.026546299162473308,-0.017071062663287284,0.031202360703051157,1.0305547054541482,1.0445683655341662,1.013598171941627,0.022553065752297343,0.027968283533699706,0.5511148304778895,0.6734617831216736,0.11132917738903614,-0.0033209072047378774,0
2024-04-27 00:00:00+00:00,597.7054443359375,599.2827758789062,586.1527099609375,595.7205200195312,781864034,580.5651153564453,574.355806274414,55.74914545764831,10.917444494193319,8.690281721649539,2.22716277254378,632.1056186661302,580.5651153564453,529.0246120467604,-0.0033209072047378774,-0.029779048571063282,-0.016273743671604723,1.0261045733927383,1.0371976978585808,1.0108109102653775,0.021518789135499893,0.027969488641325386,0.537645162817085,0.6470242206602406,0.11471307483709214,0.007303167889052498,1
2024-04-28 00:00:00+00:00,595.7205200195312,607.8242797851562,595.716552734375,600.0711669921875,681109845,581.2236267089844,576.5659930419922,56.9565826553738,10.935086378017104,9.139242652923052,1.795843725094052,633.4371199639108,581.2236267089844,529.010133454058,0.007303167889052498,0.003958007541454478,-0.011155268450709022,1.0324273470951655,1.0407675343913032,1.0080782316737382,0.021180114062982664,0.027991338096139892,0.48604463254016583,0.680485341128031,0.08674658895510756,-0.01206511760181439,0
2024-04-29 00:00:00+00:00,600.0711669921875,602.5989379882812,583.3385009765625,592.8312377929688,868114786,581.8236724853516,577.8351226806641,54.301256191554586,10.246747788163361,9.360743679971113,0.8860041081922478,634.2933389462454,581.8236724853516,529.3540060244578,-0.01206511760181439,-0.004850063292209161,-0.025086714357681394,1.0189190743315695,1.0259522388371538,1.0069025741913784,0.012625540823158787,0.02803224643293727,0.6452804778749895,0.6048945614683982,0.06837752463727442,-0.024194407732277323,0
2024-04-30 00:00:00+00:00,592.831787109375,603.3228149414062,556.1708984375,578.488037109375,1727881192,580.2438781738281,578.950523071289,49.38879770990768,8.446492168496547,9.1778933776762,-0.7314012091796531,631.0057219079724,580.2438781738281,529.4820344396837,-0.024194407732277323,-0.035967616959495574,-0.05784475287822155,0.9969739602079403,0.9992011649640447,1.0022339648225516,0.014622399525833048,0.02606645976702427,1.280851258383646,0.4827051094356524,0.01318397108080438,-0.029524956245803424,0
2024-05-01 00:00:00+00:00,578.4874877929688,579.3329467773438,538.0464477539062,561.408203125,1502825527,578.0695983886719,579.421372680664,44.254630710449476,5.577285286317419,8.457771759404444,-2.880486473087025,628.1058945119024,578.0695983886719,528.0333022654414,-0.029524956245803424,-0.053005025148392115,-0.06072764026980626,0.9711775272214377,0.968911796483573,0.9976670272176219,0.01624588923697958,0.026743537023691567,1.1056895608152206,0.33350690843864755,-0.03142012530309868,-0.001570104821511209,0
2024-05-02 00:00:00+00:00,561.408203125,565.4573974609375,543.5223388671875,560.5267333984375,877449354,576.2769287109375,578.0206805419922,44.00041246085438,3.1954556963223695,7.40530854678803,-4.20985285046566,626.1197348339177,576.2769287109375,526.4341225879572,-0.001570104821511209,-0.031048703791158205,-0.05907768062100649,0.9726690510624272,0.9697347383364361,0.9969832362582258,0.014254496856530316,0.026626254963397565,0.6897807686890284,0.34200131836840697,-0.07439000926147199,0.04724788673809055,1
2024-05-03 00:00:00+00:00,560.5267333984375,590.2448120117188,559.4467163085938,587.0104370117188,854728192,577.9124603271484,577.7011151123047,52.777543447488334,3.4055945599632196,6.6053657494230675,-3.199771189459848,626.8574675501009,577.9124603271484,528.967453104196,0.04724788673809055,0.04560359778180567,-0.021765301682356575,1.0157428283851504,1.0161144260516173,1.0003658383363214,0.025379485420299726,0.023707597807027015,0.7232483178618414,0.5929408043922392,-0.03267777234988822,-0.0019827235107712227,0
2024-05-04 00:00:00+00:00,587.0184326171875,593.1934204101562,583.2993774414062,585.8465576171875,582273374,578.8438659667969,576.7619903564453,52.3889269809136,3.4385779964718495,5.972008198832825,-2.533430202360975,627.6407658471444,578.8438659667969,530.0469660864494,-0.0019827235107712227,0.04517148373144941,-0.011781903061964583,1.0120977210990991,1.0157509811891867,1.0036095922497683,0.025375584126705705,0.023245076464373005,0.5177193804952015,0.5717534481448777,-0.036573048182940604,0.01074312575597669,1
2024-05-05 00:00:00+00:00,585.8465576171875,594.9953002929688,580.2462768554688,592.140380859375,531182053,580.8071594238281,577.0692938232422,54.34658376534153,3.9273050159454215,5.563067562255344,-1.6357625463099223,628.3481718666924,580.8071594238281,533.2661469809639,0.01074312575597669,0.008739101597189824,0.02360004507304736,1.0195128817743735,1.0261165984699736,1.0064773254106478,0.025620441819546893,0.02241061892878864,0.49329060620614473,0.6191941531447965,-0.03560984658033939,-0.006188445897946204,0
2024-05-06 00:00:00+00:00,592.139892578125,601.88671875,583.3734130859375,588.4759521484375,1522319999,583.3394897460937,577.4171014404296,52.98067255244885,3.9731360882678928,5.245081267457854,-1.2719451791899612,626.4285439841298,583.3394897460937,540.2504355080576,-0.006188445897946204,0.004488196605514805,0.048214024791174426,1.0088052711887885,1.01915227429257,1.0102566901653762,0.02531563882270007,0.021353790919137368,1.3992643752121432,0.5596028677488317,-0.015441539432109685,-0.0186749280979589,0
2024-05-07 00:00:00+00:00,588.4759521484375,599.9354858398438,576.7245483398438,577.4862060546875,1535678414,585.4929992675782,577.8756829833984,49.00291591569157,3.087090817358103,4.813483177437904,-1.7263923600798012,622.1052459145885,585.4929992675782,548.8807526205678,-0.0186749280979589,-0.024747805213722884,0.030256313652385236,0.9863246986336186,0.9993260195225725,1.0131815830090891,0.024538902659003027,0.021862085514468527,1.4035603902892089,0.39065416703205125,-0.030608839803345944,0.01854804939664123,1
2024-05-08 00:00:00+00:00,577.4862060546875,589.5725708007812,575.1480102539062,588.1974487304688,1603241013,587.2942657470703,579.4981005859376,52.728202927216266,3.212173387592202,4.493221219468764,-1.2810478318765623,620.3788802264447,587.2942657470703,554.2096512676959,0.01854804939664123,-0.00047326219015741966,0.0020221305174619175,1.0015378712786334,1.0150118665371555,1.0134533058059205,0.021425934315573734,0.02106505071738973,1.4544150207751005,0.5136495920779355,-0.01978718344564845,0.013319564218300828,1
2024-05-09 00:00:00+00:00,588.1974487304688,602.5897216796875,586.7303466796875,596.031982421875,1897318659,589.3514007568359,580.2847302246093,55.30024189159492,3.898543634382577,4.374285702451527,-0.4757420680689499,618.8772655792827,589.3514007568359,559.8255359343891,0.013319564218300828,0.03211466555000486,0.017385823424677316,1.0113354811008508,1.0271371128293698,1.0156245202742404,0.021185584473725115,0.021180906710953414,1.67727933667787,0.6131310074270919,0.005399082276470679,-0.01746515345831623,0
2024-05-10 00:00:00+00:00,596.0276489257812,596.5833740234375,582.0457763671875,585.6221923828125,1521708160,590.0844848632812,580.9322094726563,51.30580607624904,3.5614596521490967,4.211720492391041,-0.6502608402419447,618.3906054201403,590.0844848632812,561.7783643064221,-0.01746515345831623,-0.004378217473085866,-0.011007843219715263,0.9924378752620439,1.0080732017155902,1.0157544636730214,0.014902209862209772,0.020818358568821728,1.2979170346702207,0.4211779574049153,0.012332416257189838,0.010938281996332622,1
2024-05-11 00:00:00+00:00,585.6221923828125,594.20654296875,581.8966674804688,592.0278930664062,1333662111,590.7048828125,581.7371960449219,53.530184722406545,3.7677721462169984,4.122930823156233,-0.35515867693923475,618.586003871797,590.7048828125,562.8237617532031,0.010938281996332622,-0.006717910235619962,0.00603583018983378,1.002239714436771,1.0176895977968197,1.015415357361618,0.015441272822764189,0.020693071780750912,1.1113819974863675,0.5237259156669571,0.05454086664741631,0.004048234058796174,1
2024-05-12 00:00:00+00:00,592.0291748046875,599.1841430664062,587.8043212890625,594.424560546875,1276671115,590.1473358154296,582.5880969238282,54.37004568427817,4.077662564270895,4.1138771713791655,-0.03621460710827051,617.2103379013794,590.1473358154296,563.0843337294799,0.004048234058796174,0.015030796780850952,0.029331184562672474,1.0072477235291342,1.0203170364886367,1.0129752717769478,0.01498126974432553,0.018015715033394372,1.0649399053035244,0.5790234711925393,0.06047495173498185,-0.00474009174609602,0
2024-05-13 00:00:00+00:00,594.424560546875,597.7680053710938,585.520751953125,591.60693359375,1636169234,589.3856506347656,583.0603393554687,53.15377303745138,4.049217151223274,4.100945167347987,-0.051728016124712894,615.3036984701187,589.3856506347656,563.4676027994126,-0.00474009174609602,-0.0007110466881482536,0.00579649719773534,1.0037688107211162,1.0146581642780383,1.0108484677354133,0.014880803216156068,0.018023280174199633,1.350401051383892,0.5428520499131588,0.007830348989075198,-0.04208859114022567,0
2024-05-14 00:00:00+00:00,591.60693359375,592.8369750976562,563.4202270507812,566.70703125,1944063031,587.3166961669922,582.645927734375,43.82380495425147,1.994468938066575,3.679649921491705,-1.6851809834251301,613.5536346331232,587.3166961669922,561.0797577008611,-0.04208859114022567,-0.046629179102853135,-0.049200298032192835,0.964908770597708,0.9726439408126414,1.0080164782937375,0.021264115492089484,0.020187468803341664,1.5768411687932242,0.10723952332325365,-0.03266986230154467,0.02711685001757691,1
2024-05-15 00:00:00+00:00,566.70703125,587.4215087890625,561.1272583007812,582.0743408203125,1895100260,585.7201629638672,582.684404296875,49.69276784722664,1.587776726096081,3.261275282412581,-1.6734985563165,608.8173424109688,585.7201629638672,562.6229835167657,0.02711685001757691,-0.01611305113604944,-0.006058260101217017,0.9937754880673629,0.9989530121759503,1.0052099535264813,0.022863640216369042,0.021131391642050804,1.4927251571328468,0.4210764640785561,-0.016999414943553837,-0.022134791614630833,0
2024-05-16 00:00:00+00:00,582.1001586914062,586.4363403320312,565.7623291015625,569.1902465820312,1911862000,584.2944030761719,582.5779772949219,45.40930833270325,0.22325791165701503,2.653671808261468,-2.430413896604453,607.7934015243957,584.2944030761719,560.7954046279481,-0.022134791614630833,0.0043818325785618395,-0.03857528800896104,0.9741497498271063,0.9770198475832305,1.002946259296,0.023020211326929982,0.020888308817579478,1.4437198030798801,0.1786212712975797,-0.03277229170707319,0.02106167176356122,1
2024-05-17 00:00:00+00:00,569.1902465820312,584.666015625,568.8367309570312,581.1783447265625,1557134929,583.5672943115235,582.5361267089844,49.74962914113546,0.10796173624248695,2.144529793857672,-2.036568057615185,606.4700352941312,583.5672943115235,560.6645533289158,0.02106167176356122,-0.0015393155666117986,-0.02228409910944107,0.9959062997391254,0.9976691883641747,1.0017701350272723,0.02447452973387692,0.02152342816908972,1.1424114118802609,0.4478457712381425,0.006393466429439387,-0.0011996396565184808,0
2024-05-18 00:00:00+00:00,581.1783447265625,581.9871826171875,575.0185546875,580.4811401367188,1358737176,582.58779296875,581.8925903320312,49.503121463741365,-0.03921781845724581,1.7077802713946886,-1.7469980898519344,604.1553217439308,582.58779296875,561.0202641935692,-0.0011996396565184808,0.019836765690362634,-0.018806056564359408,0.9963839736131508,0.9975743801884347,1.001194726738696,0.023925763267490824,0.021434264774555695,0.9726761484602582,0.4511614693090026,-0.013118568620799742,-0.010076963574233933,0
2024-05-19 00:00:00+00:00,580.4815673828125,581.876708984375,572.36962890625,574.6316528320312,1298887094,581.6778137207032,581.3648962402344,47.38185647694906,-0.6207082765764653,1.242082561800458,-1.8627908383769234,602.9594473755708,581.6778137207032,560.3961800658356,-0.010076963574233933,-0.011264514505631484,0.013983630244628786,0.9878864884950638,0.9884182147017339,1.00053824625892,0.02387090217340718,0.021386953538190766,0.9157122198414821,0.3344544172937519,-0.03590466656317193,0.04521971605239217,1
2024-05-20 00:00:00+00:00,574.6316528320312,601.5638427734375,569.5235595703125,600.6163330078125,2145457267,582.784228515625,581.2390502929687,56.33336657250728,1.0036336095927254,1.1943927713589115,-0.19075916176618612,605.6122926672903,582.784228515625,559.9561643639598,0.04521971605239217,0.03468707504666102,0.0318550241561395,1.0305981246912026,1.033337888610679,1.0026584212156384,0.03039286980349896,0.023050653557739345,1.4906012056095816,0.8905741716361585,0.025603778033054025,0.029643113590389403,1
2024-05-21 00:00:00+00:00,600.60107421875,629.861083984375,593.9327392578125,618.4204711914062,3564986916,585.6348419189453,582.0795263671876,61.203507337530574,3.6851018528941495,1.6925345876659592,1.9925672652281903,611.2876239836334,585.6348419189453,559.9820598542573,0.029643113590389403,0.07620328282224786,0.08649168692717568,1.0559830579154623,1.0624329549108622,1.0061079549970549,0.024316458037505047,0.022565961683885218,2.3112772758058195,1.1390267767017659,0.044579957184617935,-0.006061565497960442,0
2024-05-22 00:00:00+00:00,618.4204711914062,625.5662841796875,610.5460205078125,614.671875,2138536549,588.3420989990234,583.3593347167969,59.69393340711711,5.444938508554856,2.443015371843739,3.0019231367111168,614.2648879575614,588.3420989990234,562.4193100404854,-0.006061565497960442,0.023401864417837315,0.05763038244171992,1.0447524935675567,1.053676247931139,1.0085415008995193,0.02429524316577034,0.02265787416329219,1.3320182875706446,1.0078499856456327,0.0340620421782325,-0.026031836250285934,0
2024-05-23 00:00:00+00:00,614.671875,616.5244750976562,581.9541015625,598.6708374023438,2631566566,588.9251190185547,584.0923583984375,53.61498528472491,5.485241282167863,3.051460553908564,2.4337807282592987,615.2432874742236,588.9251190185547,562.6069505628858,-0.026031836250285934,-0.03193560806778306,0.03133555254067488,1.016548315004852,1.0249592017328903,1.008273966523665,0.02513280212199927,0.021329275679757457,1.553162600656526,0.6851519113156566,0.011940197802760233,0.002597510374290124,1
2024-05-24 00:00:00+00:00,598.6708374023438,604.3148803710938,588.8939819335938,600.2258911132812,1778282198,589.6440856933593,584.3880456542969,54.10414829134654,5.578357525817751,3.556839948290402,2.021517577527349,616.3903007906102,589.6440856933593,562.8978705961084,0.002597510374290124,-0.02350194384071791,0.044540251402982456,1.0179460893048369,1.0271015904188319,1.008994092329828,0.024432375396452526,0.021317893649487864,1.0137697805027956,0.6978187452214418,0.05914671605423316,0.00327971006195682,1
2024-05-25 00:00:00+00:00,600.2266235351562,606.3673095703125,599.6072387695312,602.1944580078125,1392399167,590.1467895507812,584.8525964355468,54.75463653956675,5.744777497177665,3.9944274580678547,1.7503500391098106,617.46243471863,590.1467895507812,562.8311443829325,0.00327971006195682,0.005885739517157429,0.0026275092988179427,1.0204146979537108,1.029651679205936,1.0090521836570454,0.024305237793253498,0.021211320051325467,0.7747649774310512,0.7205268882173738,0.034566232827141885,-0.003933165179356046,0
2024-05-26 00:00:00+00:00,602.1944580078125,604.830078125,598.6958618164062,599.825927734375,1372657185,590.7142883300781,585.1297790527344,53.76722747462235,5.62075337888416,4.319692642231116,1.301060736653044,618.3534640280734,590.7142883300781,563.0751126320829,-0.003933165179356046,-0.0006663547588132701,-0.03006780066838388,1.015424782478269,1.0251160498196352,1.0095440524089963,0.02375323020473586,0.02117674919758128,0.7669735820639464,0.6648319672022227,0.05382327145679322,0.006169290651137027,1
2024-05-27 00:00:00+00:00,599.825927734375,613.38818359375,599.7007446289062,603.5264282226562,1691663828,592.0162994384766,585.5182641601563,55.128706660193814,5.754725936222144,4.606699301029322,1.1480266351928217,619.4845711539695,592.0162994384766,564.5480277229838,0.006169290651137027,0.002211860632610696,-0.01813235195988716,1.0194422498081503,1.030755939079595,1.0110979207243704,0.016631121887601717,0.02067420708360417,0.9411176148188092,0.7095168000265488,0.03845305610381655,-0.0038327590616551444,0
2024-05-28 00:00:00+00:00,603.5264282226562,604.985107421875,593.7161865234375,601.2132568359375,1852329404,592.66708984375,585.8045104980469,54.05707474935937,5.609582775808917,4.807275995985242,0.8023067798236756,620.3701510807531,592.66708984375,564.9640286067469,-0.0038327590616551444,0.002312886184834717,0.004246773476766386,1.0144198440214398,1.0263035638370046,1.0117147943088876,0.01072081375870456,0.020358041370386694,1.0234092299940165,0.6542458957707599,0.03571540101085069,-0.010381026809598626,0
2024-05-29 00:00:00+00:00,601.2132568359375,602.9315185546875,592.9666137695312,594.9720458984375,1642696946,592.6140930175782,586.0873449707032,51.16703498943883,4.9340653784673805,4.8326338724816695,0.10143150598571093,620.294096273246,592.6140930175782,564.9340897619103,-0.010381026809598626,-0.014173997896680057,-0.008753113273902713,1.0039789011240903,1.0151593461349664,1.0111361354290993,0.010982168543667754,0.020310787018239455,0.9140167174534849,0.5425930744855766,0.03539727226330136,9.201866799224412e-05,1
2024-05-30 00:00:00+00:00,594.9725341796875,601.6650390625,586.5576782226562,595.0267944335938,1737524745,593.0843231201172,585.7862023925782,51.19168592519862,4.3529525955659665,4.736697617098529,-0.3837450215325626,620.5831436986924,593.0843231201172,565.585502541542,9.201866799224412e-05,-0.010289963389865764,-0.01190257312883769,1.0032752025938867,1.0157746836700376,1.012458676386932,0.005602684133561455,0.019886334798817476,0.9610100192542679,0.5353191750156355,-0.009306337951595522,-0.0025283828904517636,0
2024-05-31 00:00:00+00:00,595.0267944335938,598.4236450195312,589.7748413085938,593.5223388671875,1590349553,593.1590454101563,585.5587731933593,50.4382063319098,3.7280449558521696,4.534967084849257,-0.8069221289970878,620.6539005372482,593.1590454101563,565.6641902830644,-0.0025283828904517636,-0.0024365968808851557,-0.010509030329844182,1.000612472253171,1.0135999425478652,1.012979520698407,0.0054072938043447155,0.01975914113357029,0.873408721530611,0.5066065715813363,-0.04026084756905235,0.013111318381739734,1
2024-06-01 00:00:00+00:00,593.5223388671875,607.5828857421875,592.6806030273438,601.30419921875,1520074486,593.50302734375,585.6572546386719,54.19385178757523,3.8167352951655857,4.391320726912523,-0.5745854317469377,621.2356570263213,593.50302734375,565.7703976611787,0.013111318381739734,0.010549785058220351,-0.0036820740567244936,1.0131442832059585,1.0267168970522387,1.0133965261130737,0.0076817003055241325,0.019952343746446836,0.8292714916911074,0.6406496961213654,-0.021747661353872738,0.002864460470445529,1
2024-06-02 00:00:00+00:00,601.3041381835938,604.9780883789062,596.164794921875,603.026611328125,1667233984,594.0740112304687,586.6317907714844,55.00654243201528,3.9801268655161266,4.309081954633244,-0.3289550891171178,622.110836963765,594.0740112304687,566.0371854971725,0.002864460470445529,0.016013335705405085,0.0030161585287238335,1.0150698396637707,1.0279473782610378,1.012686357227925,0.00755772727390731,0.01991435350050212,0.9087837876402582,0.659657876088024,0.007275740947531473,0.038814824471446796,1
2024-06-03 00:00:00+00:00,603.0509643554688,637.2471313476562,601.1831665039062,626.4329833984375,2952110605,597.0603088378906,587.8160815429687,64.28089789107185,5.929957612960948,4.633257086298785,1.2967005266621623,625.5433383382436,597.0603088378906,568.5772793375376,0.038814824471446796,0.04179046847225787,0.05287800950798016,1.04919549018041,1.0656955518367286,1.0157263939949661,0.016369412003995817,0.018859254107900212,1.5661234182192991,1.0156171073758644,0.043662049027155536,0.09541073698409064,1
2024-06-04 00:00:00+00:00,626.4329833984375,687.40380859375,625.2649536132812,686.201416015625,3416994948,602.2666625976562,590.4826196289063,77.2030255530485,12.157877095515573,6.138181088142144,6.01969600737343,650.4615071946773,602.2666625976562,554.0718180006352,0.09541073698409064,0.1379289124642662,0.15322775786730825,1.1393647675200003,1.1621026482487733,1.019956629673801,0.036985903606818075,0.027322263527955946,1.7424097534462113,1.3707856008229224,0.13950138014508706,0.018490180849409787,1
2024-06-05 00:00:00+00:00,686.201416015625,712.58837890625,685.777099609375,698.889404296875,3501231414,608.7516204833985,593.7038208007813,78.9444538241516,17.91089709892151,8.492724290298018,9.418172808623492,671.0477567303355,608.7516204833985,546.4554842364614,0.018490180849409787,0.11566507961531158,0.17752839030590462,1.148069887258616,1.1771684463041194,1.0253456338925373,0.03461578794715497,0.026411662311640955,1.7158334062992147,1.2234620736041903,0.16515370873792734,0.016561484442218166,1
2024-06-06 00:00:00+00:00,698.889404296875,720.672607421875,692.9947509765625,710.4640502929688,2997888288,615.2159057617188,597.2247814941406,80.41428495563635,23.137469749723778,11.42167338218317,11.715796367540607,690.8650042254386,615.2159057617188,539.5668072979989,0.016561484442218166,0.03535789013409918,0.18153848121474248,1.1548206794382538,1.1896091259232837,1.0301245440997404,0.03327340784292425,0.026337227515542412,1.4190646970718455,1.1295391912497776,0.17718796902603984,-0.03814843040647864,0
2024-06-07 00:00:00+00:00,710.4603881835938,710.8385009765625,665.18017578125,683.3609619140625,2987033806,620.359896850586,599.8485583496093,68.37751427812492,24.806618255029548,14.098662356752445,10.707955898277103,699.9526310016641,620.359896850586,540.7671626995078,-0.03814843040647864,-0.02221874060093254,0.1332185828565784,1.101555670157464,1.1392224794108443,1.0341941948771376,0.04035259122402612,0.02840890486307024,1.361458649225298,0.8957714591377881,0.1366365497501696,-0.0010182038776419544,0
2024-06-08 00:00:00+00:00,683.3685913085938,694.3128051757812,678.6458129882812,682.6651611328125,1966216051,625.761572265625,602.4040759277344,68.09571015083421,25.77615370820331,16.43416062704262,9.341993081160691,706.935300873215,625.761572265625,544.5878436580349,-0.0010182038776419544,-0.03912779140435474,0.08976567202657804,1.0909349365464598,1.1332346317236843,1.038773801956633,0.04115916544422546,0.028167263184709534,0.882755618518964,0.8505049591985036,0.14739031159347005,-0.01369610469078264,0
2024-06-09 00:00:00+00:00,682.6638793945312,684.7598876953125,670.8135375976562,673.3153076171875,1856183346,629.3965209960937,604.451171875,64.26305298710774,25.496158655076556,18.246560232649408,7.249598422427148,712.3212112046385,629.3965209960937,546.4718307875489,-0.01369610469078264,-0.01470036314151979,-0.01877890091404899,1.0697792014350305,1.1139283683222447,1.041269419734457,0.042688491978718976,0.027247472714199413,0.8388020354436135,0.764811279431034,0.1315714080709871,-0.07266798518220119,0
2024-06-10 00:00:00+00:00,673.33544921875,674.3134765625,615.77294921875,624.3868408203125,3184376694,629.6948394775391,605.3465100097657,48.78793038287247,21.083109240424847,18.8138700342045,2.269239206220348,712.4961088768996,629.6948394775391,546.8935700781785,-0.07266798518220119,-0.08536882154026015,-0.10660136356125838,0.9915705222205241,1.0314536063158928,1.040222135694448,0.05266317915085968,0.03181087506277564,1.451489987977923,0.4679473594080699,0.05200225826720151,-0.03496027450367811,0
2024-06-11 00:00:00+00:00,624.3967895507812,628.2633666992188,597.0418701171875,602.55810546875,2604834485,629.0891510009766,605.286162109375,43.72863206411363,15.64400492180755,18.17989701172511,-2.53589208991756,712.5278952736447,629.0891510009766,545.6504067283084,-0.03496027450367811,-0.1050877669762803,-0.15188093581895157,0.9578262548479629,0.9954929472844415,1.0393251826683927,0.032952208514473745,0.032787673192632455,1.17483996926971,0.34101483211728234,0.0020853109817446924,0.027610148463703243,1
2024-06-12 00:00:00+00:00,602.6026000976562,634.6758422851562,592.2932739257812,619.19482421875,2221546160,630.1153503417969,605.5332458496093,48.14244302097663,12.531464801274979,17.050210569635084,-4.518745768360105,712.4767828286303,630.1153503417969,547.7539178549634,0.027610148463703243,-0.0083153844093532,-0.09389786843484027,0.9826690047828176,1.0225612358409362,1.0405957966150925,0.03476228251934801,0.032782371832394505,1.0113192544672776,0.4337036414174032,0.026811773455595267,-0.0317828052907041,0
2024-06-13 00:00:00+00:00,619.2251586914062,619.298583984375,596.3087768554688,599.5150756835938,1879189691,630.0798095703125,605.3618249511719,43.768945428190584,8.380161806015849,15.316200816911238,-6.936039010895389,712.4961444220254,630.0798095703125,547.6634747185996,-0.0317828052907041,-0.00505018479967001,-0.12180215160129126,0.9514906946350772,0.9903417278285598,1.0408317531769273,0.031743243389676164,0.03364990093372633,0.8535072302375974,0.3145711408926875,-0.04297013156748619,0.006114051935081299,1
2024-06-14 00:00:00+00:00,599.4786987304688,611.6287231445312,590.496337890625,603.1805419921875,1848914113,630.1291137695313,605.1453356933594,44.775248748639285,5.324617890689069,13.317884231666804,-7.993266340977735,712.4763597027647,630.1291137695313,547.7818678362978,0.006114051935081299,-0.025863075077812603,-0.10416333154997126,0.9572332539657894,0.996753187068821,1.041285583152593,0.032737351683826375,0.03366830807349721,0.8311398018870193,0.3363723554325455,-0.12098615958196612,0.00766333654102036,1
2024-06-15 00:00:00+00:00,603.1141967773438,609.0504760742188,601.5859375,607.8029174804688,1471028668,630.527963256836,605.34728515625,46.08557171886113,3.2387303277097317,11.302053450875391,-8.06332312316566,712.3327008295025,630.527963256836,548.7232256841694,0.00766333654102036,0.013824242513709617,-0.02656033448439754,0.9639587027052906,1.004056567832108,1.0415970777734411,0.03360549567945533,0.03368571930707583,0.6598106133322682,0.36110189671973025,-0.13033033017297602,0.003703665395592415,1
2024-06-16 00:00:00+00:00,607.8084716796875,611.197509765625,601.4769287109375,610.0540161132812,1428836675,630.8543426513672,605.633955078125,46.74823450615206,1.7471541470505372,9.39107359011042,-7.6439194430598825,712.2565808484284,630.8543426513672,549.4521044543061,0.003703665395592415,0.011395384370974648,0.012440145732833363,0.967028321544612,1.0072982384790266,1.0416429550585367,0.03443413626661214,0.03367106239002276,0.6446859747453069,0.37223737947025554,-0.14133021106174504,-0.009157664361376217,0
2024-06-17 00:00:00+00:00,610.0736694335938,611.9440307617188,592.4261474609375,604.4673461914062,1797626078,631.0170471191407,605.7218786621094,45.261412920313205,0.11296946305617439,7.5354527646995715,-7.422483301643397,712.1824934625151,631.0170471191407,549.8516007757662,-0.009157664361376217,-0.0054879158903834435,-0.02378488555023972,0.9579255409200987,0.9979288638649242,1.0417603678323493,0.022556492541340168,0.033732874433233334,0.8120846198864724,0.33644702195430193,-0.11544940393094572,-0.02608124142419832,0
2024-06-18 00:00:00+00:00,604.3328857421875,604.65283203125,575.76171875,588.7020874023438,2265505402,630.7035491943359,605.6392956542969,41.27222662707969,-2.4262895456174647,5.543104302636165,-7.969393848253629,712.501167309732,630.7035491943359,548.9059310789398,-0.02608124142419832,-0.0350000625304836,-0.018036224141520618,0.9334053822185636,0.9720341655941344,1.0413847874797506,0.020727114816430508,0.03418651640587315,1.009252959825467,0.24325987259959977,-0.13764152483561154,0.017104816389752697,1
2024-06-19 00:00:00+00:00,588.584716796875,605.731689453125,587.01416015625,598.771728515625,1788904109,630.8907958984375,606.0449694824218,44.629102958576,-3.5848112494091993,3.717521192227092,-7.302332441636292,712.3610335114948,630.8907958984375,549.4205582853803,0.017104816389752697,-0.009422539880223235,-0.007309276691852551,0.9490893390874843,0.9879988427706803,1.040996671315059,0.018377265124274893,0.0343994051768862,0.7960223300776451,0.30287852150768246,-0.11071124963037993,-0.01948079748215037,0
2024-06-20 00:00:00+00:00,598.771728515625,607.4007568359375,584.7599487304688,587.107177734375,1817442036,630.5700378417969,606.5589489746094,41.658566816318206,-5.382137874537648,1.8975893788741443,-7.279727253411792,712.7075273315544,630.5700378417969,548.4325483520394,-0.01948079748215037,-0.0027091965564557396,-0.03405008293129619,0.9310736991941786,0.9679309467396076,1.0395857466249214,0.01574846820321934,0.03469514802568117,0.8046555042287918,0.2354261715483667,-0.05970603582381695,-0.00203583180409439,0
2024-06-21 00:00:00+00:00,587.1126098632812,588.7054443359375,578.015869140625,585.9119262695312,1672110625,629.800424194336,607.0666528320312,41.354815116781204,-6.8243125509701485,0.15320899290528578,-6.977521543875435,713.3684936681974,629.800424194336,546.2323547204745,-0.00203583180409439,-0.02147696965916146,-0.03957369217493523,0.9303136418478147,0.9651525471481412,1.0374485589947156,0.015266943741364489,0.03455945962818044,0.737828122189637,0.2374086885031356,-0.027625848939944353,0.008280153060847173,1
2024-06-22 00:00:00+00:00,585.9009399414062,590.9393310546875,581.1376342773438,590.7633666992188,1387634576,629.1872619628906,607.1417114257813,43.166226068154906,-7.489442048929618,-1.3753212154616952,-6.114120833467923,713.7564377124812,629.1872619628906,544.6180862133,0.008280153060847173,0.006227464257808624,-0.022671165909180613,0.9389309072408747,0.9730238518976064,1.0363103870517125,0.015347322327112969,0.03461032291816918,0.6161020550927734,0.2728256488070486,-0.04591682037297995,-0.022940640869621,0
2024-06-23 00:00:00+00:00,590.6715698242188,592.7726440429688,576.0581665039062,577.2108764648438,1444372224,626.7261566162109,606.9689978027344,39.49617002329902,-9.006315468603816,-2.9015200660901197,-6.104795402513696,714.4392761672929,626.7261566162109,539.013037065129,-0.022940640869621,-0.01485043982648826,-0.019519568867515158,0.9209937552013026,0.9509725843566691,1.0325505238076387,0.01640001015559037,0.03366344739917202,0.6635015650834425,0.21774302176921953,-0.03720373368979546,-0.016688444133000413,0
2024-06-24 00:00:00+00:00,577.222900390625,581.2367553710938,552.9365234375,567.578125,2033721646,620.7949920654297,606.4777526855469,37.08283570865204,-10.860537604078559,-4.493323573687808,-6.367214030390751,707.6126082458513,620.7949920654297,533.9773758850081,-0.016688444133000413,-0.039246241399093496,-0.05209598588255826,0.9142762622997758,0.9358597615274505,1.0236071963340527,0.016750337120361586,0.02436785414584355,0.9648872648679828,0.19351342845652372,-0.05902447859906035,0.01854428337921532,1
2024-06-25 00:00:00+00:00,567.653076171875,579.1007690429688,566.8991088867188,578.1034545898438,1581413208,614.7556945800782,606.270302734375,41.303173003363064,-11.34988150243646,-5.8646351594375385,-5.485246342998922,695.275761571403,614.7556945800782,534.2356275887533,0.01854428337921532,0.0015463640090545017,-0.015335740195301817,0.9403791777556928,0.9535407754305393,1.0139960539175887,0.01756466901236629,0.024371087586084493,0.7860926746891713,0.27240307068930214,-0.04886363990113518,-0.009862698641535106,0
2024-06-26 00:00:00+00:00,578.1137084960938,584.1988525390625,567.8788452148438,572.4017944335938,1537826836,607.8525817871093,606.1686145019531,39.747776330750845,-12.058760506463955,-7.103460228842822,-4.955300277621133,676.6424828575267,607.8525817871093,539.062680716692,-0.009862698641535106,0.008498688059187964,-0.02305829806530102,0.941678643118881,0.9442946743521137,1.002778050933138,0.01537995636536744,0.02360794003716003,0.7932111322159632,0.24232564081444113,-0.06171948825052209,0.014668864522531022,1
2024-06-27 00:00:00+00:00,572.3585205078125,583.7315063476562,566.4297485351562,580.7982788085938,1659378248,602.7244476318359,606.0206311035156,43.14339942502843,-11.806923246012957,-8.04415283227685,-3.7627704137361064,662.5165514337629,602.7244476318359,542.932343829909,0.014668864522531022,0.004661491290796738,-0.016868154750866005,0.9636215705047435,0.9583803735377887,0.9945609385184171,0.015913503961375437,0.023301544097486807,0.8862528643923917,0.3166466186247862,-0.03915689992510796,-0.02467948303657952,0
2024-06-28 00:00:00+00:00,580.865966796875,584.3499755859375,565.00537109375,566.4644775390625,1618598501,596.9144134521484,605.4292810058594,39.09303275570801,-12.618500157519634,-8.959022297325408,-3.659477860194226,645.5393848984675,596.9144134521484,548.2894420058294,-0.02467948303657952,-0.010372638507198162,-0.018617803932590604,0.94898776905556,0.9356410324223817,0.9859358180701727,0.018194339436480585,0.023536748003089608,0.8725729316179784,0.18688993528045517,-0.037773961294081726,0.004701456337355081,1
2024-06-29 00:00:00+00:00,566.4916381835938,572.9425659179688,566.06591796875,569.127685546875,1375085097,591.7050323486328,605.0993908691406,40.21606663080411,-12.89810080086852,-9.746837998034032,-3.151262802834488,626.1115643709679,591.7050323486328,557.2985003262977,0.004701456337355081,-0.020094056211149458,0.00273012732278044,0.9618435781893854,0.9405524020267194,0.9778642009517334,0.017816211616437795,0.023703185099868556,0.75103617833972,0.17190318996547438,-0.04950808723424294,0.02221545874198405,1
2024-06-30 00:00:00+00:00,569.1678466796875,584.0786743164062,567.7850341796875,581.7711181640625,1564676508,589.5742462158203,604.8942553710938,45.3663453026624,-11.961581314931777,-10.189786661413581,-1.7717946535181959,620.5678683873848,589.5742462158203,558.5806240442557,0.02221545874198405,0.027021360088628876,0.006344303160791265,0.9867648085006391,0.9617732570582183,0.9746732440930937,0.018476272726256605,0.01915907865570543,0.8941354804430699,0.37411719726459014,-0.00908873161950452,-0.00873911977018249,0
2024-07-01 00:00:00+00:00,581.674560546875,587.2811889648438,576.136474609375,576.6869506835938,1613874196,588.2806884765625,604.5395031738282,43.734750076744724,-11.497101273794442,-10.451249583889755,-1.045851689904687,619.151924877149,588.2806884765625,557.4094520759761,-0.00873911977018249,0.013282195417105847,0.0074862732641156615,0.9802921666135388,0.9539276551093705,0.973105455289676,0.01740145519784213,0.01772592244337523,0.9491232438343471,0.31222427176987705,-0.015744645521507672,0.003978117443526941,1
2024-07-02 00:00:00+00:00,576.6046752929688,581.0347290039062,573.8269653320312,578.9810791015625,1528045271,586.2700012207031,604.2869860839844,44.70119462536873,-10.81916391735274,-10.524832450582352,-0.29433146677038735,613.7112285843192,586.2700012207031,558.828773857087,0.003978117443526941,-0.00479576757145439,-0.00312879664650334,0.9875672947550379,0.9581227006948899,0.9701847213688344,0.01596145829285801,0.016381987178965905,0.917354172260903,0.36719030416247267,-0.019944174371352097,-0.03869439109696726,0
2024-07-03 00:00:00+00:00,579.0103759765625,579.9353637695312,550.4166870117188,556.5777587890625,1736158280,584.1231353759765,604.0844006347656,37.86180493954004,-11.951880555697812,-10.810242071605446,-1.1416384840923666,613.826462002679,584.1231353759765,554.419808749274,-0.03869439109696726,-0.03487020448562983,-0.01745337817642456,0.9528432021971118,0.9213576086457725,0.966956165003079,0.02171267984755472,0.01707441783573404,1.0467880430894878,0.03632505656535703,-0.0357462385361651,-0.07650907942454022,0
2024-07-04 00:00:00+00:00,556.4862060546875,556.8927612304688,512.42236328125,513.9945068359375,2056945763,579.6638336181641,602.7228039550781,28.831909131678444,-16.100087416124097,-11.868211140509178,-4.231876275614919,621.5860636485338,579.6638336181641,537.7416035877943,-0.07650907942454022,-0.11224299827978546,-0.09687312726310271,0.8867113610101743,0.8527875558434095,0.9617419978378109,0.03313570348980113,0.023423215284068676,1.2324721696408465,-0.2832279763582912,-0.09440747591190635,-0.031126184290617864,0
2024-07-05 00:00:00+00:00,513.614501953125,515.2207641601562,456.9234008789063,497.9958190917969,2865780557,574.1734786987305,601.2989154052734,26.294574248706837,-20.442878851419323,-13.58314468269121,-6.859734168728114,627.7271411596747,574.1734786987305,520.6198162377863,-0.031126184290617864,-0.10525382800908434,-0.14400044357073183,0.8673264049402322,0.8282000953820936,0.9548885986460487,0.033478428982820586,0.02368852718382986,1.6482347989111876,-0.2112273568823485,-0.13856972287924163,0.05959599902612567,1
2024-07-06 00:00:00+00:00,497.9655151367188,530.4472045898438,496.6573181152344,527.6743774414062,1604647597,570.0544967651367,600.2288360595703,37.315275579091,-21.244863169115774,-15.115488379976124,-6.12937478913965,624.6504448186712,570.0544967651367,515.4585487116022,0.05959599902612567,0.026614818686837127,-0.08498991209024054,0.9256560213730036,0.8791220043767385,0.9497286076881536,0.044293497671199396,0.028210809485729682,0.9182599279536673,0.11187486585841204,-0.07813989653272568,-0.07023507368123483,0
2024-07-07 00:00:00+00:00,527.4404907226562,527.4404907226562,488.9649353027344,490.6131286621094,1660301909,564.3617858886719,598.4314758300782,31.068067819371265,-24.587544652051292,-17.00989963439116,-7.5776450176601315,627.0001900347419,564.3617858886719,501.7233817426019,-0.07023507368123483,-0.014824804037815942,-0.15262666368403377,0.8693237935831636,0.8198317576487516,0.9430683523219621,0.046832924774797766,0.031579087797453685,0.9538560005442545,-0.08868563329442332,-0.15527792253703554,0.040767619091101936,1
2024-07-08 00:00:00+00:00,490.7127990722656,523.1556396484375,472.1614074707031,510.6142578125,2305009896,560.4573944091796,597.1511279296875,37.180485462277204,-25.33072303663289,-18.674064314839505,-6.656658721793384,626.357505408783,560.4573944091796,494.5572834095762,0.040767619091101936,-0.032330771320804974,-0.08258235305083794,0.9110670372201565,0.8550838036307337,0.9385520150523295,0.05273054849483259,0.03326873467412382,1.32274458770134,0.1218281286583905,-0.09859439018876726,0.011660186394680139,1
2024-07-09 00:00:00+00:00,510.5447692871094,520.6463012695312,507.2747802734375,516.568115234375,1586240513,556.3472137451172,595.4701635742188,38.916856553143276,-25.149364506151073,-19.96912435310182,-5.180240153049255,622.4393757423884,556.3472137451172,490.25505174784604,0.011660186394680139,0.05290316352325153,0.005007073741468915,0.928499509788205,0.867496218674927,0.9342990594284825,0.05329334549859561,0.033086704509171366,0.9155984014466219,0.19906341910569803,-0.09235110441340677,0.015386983939886356,1
2024-07-10 00:00:00+00:00,516.6347045898438,529.192138671875,511.8351745605469,524.5165405273438,1592646761,553.2176818847656,593.5920849609375,41.251456257649274,-24.086609628344263,-20.79262140815031,-3.2939882201939525,619.1042876597061,553.2176818847656,487.3310761098252,0.015386983939886356,0.02722658543535772,0.0532549078100959,0.9481196239794081,0.8836312912795334,0.9319829153738989,0.05319477924620066,0.03330288652821551,0.9252992674813901,0.2821928977836481,-0.09841426610760806,0.0011849406988555522,1
2024-07-11 00:00:00+00:00,524.5767211914062,540.0792236328125,521.0379638671875,525.1380615234375,1685684515,550.178988647461,591.8014086914062,41.43993050700142,-22.929895617515626,-21.220076250023375,-1.7098193674922513,615.318258442042,550.178988647461,485.03971885288007,0.0011849406988555522,0.01659015730224489,-0.004806592903500162,0.9544858534391087,0.8873552070188968,0.9296682646701012,0.04355772148758277,0.03332618903830492,0.9789665219685084,0.30778931662121034,-0.08938799308541867,0.016413326945504236,1
2024-07-12 00:00:00+00:00,525.1171264648438,537.316162109375,517.9932861328125,533.75732421875,1600204226,547.3286865234375,590.5031384277344,44.117435213437346,-21.074752338550525,-21.191011467728806,0.11625912917828174,609.9300756223859,547.3286865234375,484.7272974244891,0.016413326945504236,0.01761771646346122,0.08793934168515594,0.9752043650573278,0.903902603532176,0.9268853133968896,0.04080733707798978,0.03354470392492559,0.9236224961642345,0.39160494279738384,-0.07810921032685336,-0.002638855219163183,0
2024-07-13 00:00:00+00:00,533.7614135742188,539.1996459960938,527.7648315429688,532.3488159179688,1436156860,545.0855834960937,589.1455969238282,43.765281427408176,-19.493484023314863,-20.851505978846017,1.3580219555311537,606.379967423853,545.0855834960937,483.7911995683344,-0.002638855219163183,0.01373115933286706,0.04256551354163274,0.9766334536011146,0.9035946609761343,0.9252137100611633,0.03469627048854952,0.03326387413197908,0.8291325137642496,0.3961016755373843,-0.04353199977629052,0.023424321225296474,1
2024-07-14 00:00:00+00:00,532.3785400390625,547.3585815429688,532.1102294921875,544.8187255859375,1486806663,543.9476135253906,587.9980822753906,47.74232857236079,-17.037699996288666,-20.088744782334548,3.051044786045882,604.3219099155838,543.9476135253906,483.5733171351973,0.023424321225296474,0.020723652613812593,0.05468903232392641,1.0016014631535952,0.9265654804138801,0.9250839924859332,0.014433877135563666,0.03363423885541446,0.8721429360912113,0.507214262630218,0.05996993808309092,0.07584601027748317,1
2024-07-15 00:00:00+00:00,544.9208984375,586.5435791015625,544.7008056640625,586.1410522460938,2019082961,544.3494934082031,587.724384765625,58.27345413427107,-11.623122919645539,-18.395620409796745,6.772497490151206,605.7788692891886,544.3494934082031,482.92011752721766,0.07584601027748317,0.10104697281117647,0.11748821430262879,1.0767733952983611,0.9973059948496732,0.926198584775891,0.02614220968613761,0.03763404905342767,1.1693592349925217,0.8401593963681028,0.17699994613418402,-0.01630506485507377,0
2024-07-16 00:00:00+00:00,586.0093994140625,587.3955078125,556.6705322265625,576.583984375,2082707183,544.5586029052735,587.1855358886719,55.488290785968275,-8.010862841683092,-16.318668896174017,8.307806054490925,606.4170241586131,544.5586029052735,482.7001816519338,-0.01630506485507377,0.058304271305836375,0.09796647133577929,1.0588097980618945,0.981945141925836,0.9274046610857248,0.02957328879504509,0.037762585012097595,1.187470957543973,0.7588603202348745,0.09268899348637549,-0.013304678687447336,0
2024-07-17 00:00:00+00:00,576.5607299804688,584.0094604492188,565.4176635742188,568.9127197265625,1739938322,543.9643249511719,586.5395251464844,53.28675298862905,-5.701405398235465,-14.195216196586307,8.493810798350841,604.5725594110327,543.9643249511719,483.35609049131114,-0.013304678687447336,-0.029392809893646343,0.06586400581812857,1.0458640275309048,0.9699477960747492,0.9274129050643609,0.031620182726451077,0.03774949717181867,0.9897656554816342,0.7058168745363574,0.15959538481567814,0.005341449143263288,1
2024-07-18 00:00:00+00:00,568.96826171875,579.3433227539062,562.9327392578125,571.9515380859375,1636814280,544.2386779785156,586.0791149902344,54.06424884042722,-3.584615276857903,-12.073096012640626,8.488480735782723,605.3235589428401,544.2386779785156,483.15379701419107,0.005341449143263288,-0.008034295808760472,0.07439243027089071,1.0509204164069277,0.9758947614017396,0.9286095751553679,0.031419691673535706,0.037325767082789535,0.9306212831323087,0.7268389466421902,0.12012449581061424,0.03802876450748238,1
2024-07-19 00:00:00+00:00,571.9271240234375,598.0529174804688,565.973876953125,593.7021484375,2052978808,545.4674011230469,586.0526220703125,59.28746031577623,-0.150219737456041,-9.68852075760371,9.538301020147669,609.5741373522499,545.4674011230469,481.3606648938439,0.03802876450748238,0.04357334236234345,0.08972419734470338,1.088428285934492,1.013052627151747,0.9307481625047719,0.03287591720095876,0.03822582603002144,1.145165764483256,0.8762065435837959,0.14932015919745267,-0.00021887043528179273,0
2024-07-20 00:00:00+00:00,593.7093505859375,598.30126953125,587.2839965820312,593.5722045898438,1585229672,546.0574554443359,586.0536193847656,59.244119109867704,2.531892013401375,-7.2444382034026935,9.77633021680407,611.7683032323717,546.0574554443359,480.3466076563001,-0.00021887043528179273,0.03780157069995971,0.012678095682385315,1.0870141936013753,1.0128291763012591,0.9317534051194541,0.0326620974380316,0.03795475322587573,0.8837454707383341,0.8615441798801368,0.13165583680749537,0.013947741547196468,1
2024-07-21 00:00:00+00:00,593.5726318359375,603.6642456054688,583.540771484375,601.8511962890625,1815088659,547.3156677246094,586.0645593261719,61.19073374448947,5.264840534798282,-4.742582455762499,10.00742299056078,616.374319047195,547.3156677246094,478.25701640202385,0.013947741547196468,0.013725818363651054,0.043822257639451134,1.0996418187536585,1.0269366859191098,0.9338828956896591,0.03250470706295259,0.03796558386392539,1.006245192285823,0.8948493600729887,0.14608184092213472,-0.02315092290327392,0
2024-07-22 00:00:00+00:00,601.8511962890625,605.191162109375,587.77197265625,587.9177856445312,1985538902,547.7625030517578,585.7623828125,56.31563560424659,6.234544190633301,-2.5471571264833397,8.78170131711664,617.7926510672164,547.7625030517578,477.73235503629917,-0.02315092290327392,-0.009526084445311334,0.0334059430541529,1.0733078339043942,1.0036796538925599,0.9351274836422778,0.020997822960797042,0.03840440121496786,1.0869551373750723,0.786699969446798,0.10147019809996016,-0.009896345112793248,0
2024-07-23 00:00:00+00:00,587.9177856445312,593.1072998046875,578.2872924804688,582.0995483398438,1839296067,549.0385925292969,584.8757141113281,54.36777471868798,6.459101695080108,-0.7459053621706502,7.205007057250758,620.6571855369447,549.0385925292969,477.4199995216492,-0.009896345112793248,-0.03281815849333669,0.017742779900316474,1.0602160872849438,0.995253409049985,0.9387269453708079,0.020263771534427637,0.03734446395959869,1.0040620361747226,0.7308126592700337,0.09345513868775335,-0.012920568570026214,0
2024-07-24 00:00:00+00:00,582.10498046875,588.8692016601562,570.95361328125,574.5784912109375,1601708271,552.0677917480468,582.6432556152344,51.87019714784911,5.961458696029354,0.5955674494693506,5.365891246560003,622.5615184272406,552.0677917480468,481.57406506885314,-0.012920568570026214,-0.022689047277197005,-0.03221086074371127,1.0407752449959335,0.9861583150125355,0.9475228391086381,0.020217355201509364,0.0326371878283868,0.8853652935081889,0.6596645582757558,0.05462324297498067,-0.006726865630736878,0
2024-07-25 00:00:00+00:00,574.5784912109375,575.8388061523438,554.7559814453125,570.71337890625,1995371028,555.7036697387696,580.0797351074219,50.584141604543674,5.195302559122524,1.5155144713999853,3.679788087722539,621.8199527058852,555.7036697387696,489.587386771654,-0.006726865630736878,-0.01956051927211977,-0.038510606640331346,1.0270102754126786,0.983853329750543,0.9579780780238112,0.02035822347267143,0.03161278388201029,1.1301551498007054,0.6135099289757853,-0.02632075211371887,0.018160714942664358,1
2024-07-26 00:00:00+00:00,570.71337890625,582.7736206054688,570.4503784179688,581.0779418945312,1665724792,558.3738479614258,577.4920129394532,53.885927204550605,5.36263479782906,2.2849385366858,3.0776962611432594,624.0358037405609,558.3738479614258,492.7118921822907,0.018160714942664358,0.011311684622750118,-0.03451559874370358,1.040661098323276,1.0062094866677473,0.9668944945563571,0.014768533747852341,0.029277315250913934,0.9418182857928549,0.6728862144273803,0.007794107435020958,0.0008791664955425382,1
2024-07-27 00:00:00+00:00,581.0779418945312,592.8525390625,574.8931274414062,581.5888061523438,1760015335,562.9226318359375,575.4565698242187,54.0489009458074,5.473375611708661,2.9226259516903728,2.5507496600182886,620.9846306115206,562.9226318359375,504.8606330603544,0.0008791664955425382,0.019055847730319764,-0.010765075741413499,1.0331593957335268,1.0106562973640187,0.9782191417293057,0.01480842893300989,0.023346341048692737,0.9923338084787494,0.6607434699979355,0.02228124980554802,0.004317145027716629,1
2024-07-28 00:00:00+00:00,581.5888061523438,584.68994140625,575.0437622070312,584.099609375,1464043630,566.5968994140625,573.4852587890625,54.89266909299093,5.698055701749695,3.4777119017022375,2.2203438000474573,619.8203076469186,566.5968994140625,513.3734911812063,0.004317145027716629,0.005200107012524047,0.0034359432864368156,1.030890938476786,1.0185084976871945,0.9879886025500549,0.013368868701752431,0.022108911965423216,0.845503682154555,0.6644268052542025,0.021239686372234612,-0.016190785095917537,0
2024-07-29 00:00:00+00:00,584.099609375,596.6491088867188,573.986083984375,574.642578125,1825858615,569.5006225585937,571.5118041992188,51.08754286386926,5.054744952331703,3.7931185118281308,1.261626440503572,617.2911626069649,569.5006225585937,521.7100825102225,-0.016190785095917537,-0.011943538035572576,0.00011153726608781334,1.0090288848909508,1.005478056450939,0.99648094470517,0.011902079014678678,0.022668080574983866,1.0472106243339656,0.5537967928506548,-0.03210291618896921,0.022661951042937778,1
2024-07-30 00:00:00+00:00,574.642578125,587.6651000976562,567.990234375,587.6651000976562,1811656040,572.6580505371094,570.7773693847656,55.64690043617561,5.531956289468781,4.140886067356261,1.3910702221125195,616.0793362227673,572.6580505371094,529.2367648514514,0.022661951042937778,0.006104251167829755,0.02970268758004857,1.0262059523069158,1.0295872464794702,1.0032949469499306,0.014845385190127385,0.022891025375592927,1.0325796258659325,0.672807521974225,-0.009951787577838656,-0.0192234250992257,0
2024-07-31 00:00:00+00:00,587.6651000976562,592.5235595703125,575.251953125,576.3681640625,1798590737,575.2195556640625,570.2535705566406,51.18918215621468,4.941617496222079,4.3010323531294254,0.6405851430926539,612.4388988425549,575.2195556640625,538.00021248557,-0.0192234250992257,0.0030028856252357627,-0.00810524284689862,1.0019968173667384,1.0107225869710745,1.0087083805588002,0.016008176452124025,0.023559389025564592,1.0218449511854582,0.5154302615299949,-0.04234108428077843,-0.0021191932917768996,0
2024-08-01 00:00:00+00:00,576.3681640625,577.2913208007812,553.7516479492188,575.146728515625,2045220020,577.2890258789063,569.3726086425781,50.716126451614464,4.325350164483552,4.305895915400251,0.01945424908330118,608.9959475356534,577.2890258789063,545.5821042221592,-0.0021191932917768996,-0.021301880237487247,-0.01107668780514881,0.9962890384759702,1.0101411971447183,1.0139037549684755,0.01575157356272147,0.02344783045506087,1.1474584573656077,0.46621719720265875,-0.021722522163376,-0.05604059935452954,0
2024-08-02 00:00:00+00:00,575.146728515625,577.0011596679688,540.11865234375,542.9151611328125,2062337930,577.8173431396484,568.2406103515625,40.16733579453035,1.222048729712128,3.6891264782626267,-2.4670777485504987,606.5874661958891,577.8173431396484,549.0472200834078,-0.05604059935452954,-0.05804103178408715,-0.07050928913692611,0.9395965136366621,0.9554318210324998,1.0168533058243776,0.024808463338689083,0.027012623337440488,1.1370885372427697,-0.10656991175547158,-0.0673156117691307,-0.02474389895945217,0
2024-08-03 00:00:00+00:00,542.9151611328125,544.6666870117188,522.1957397460938,529.4813232421875,1826715291,577.0504730224609,566.7666259765625,36.737527232735516,-2.2948844623633704,2.4923242901374274,-4.787208752500797,610.033308021505,577.0504730224609,544.0676380234167,-0.02474389895945217,-0.07939783538592604,-0.07859016474235003,0.9175650103341622,0.9342140115075921,1.0181447646607258,0.024931099405186796,0.02708582956233749,0.9978256703866546,-0.22111978521027628,-0.07848739320837905,-0.061271717812358295,0
2024-08-04 00:00:00+00:00,529.4813232421875,531.6157836914062,488.2488098144531,497.0390930175781,1980159444,572.5953750610352,564.5513494873047,30.061692668575873,-7.61214809843284,0.471429812423374,-8.083577910856214,620.9136063690141,572.5953750610352,524.2771437530562,-0.061271717812358295,-0.08449951557718938,-0.15421369597244794,0.8680459442491948,0.8804143209806555,1.014248527757547,0.029265245129217642,0.023735128654835614,1.0827941608040048,-0.2818610077204971,-0.12909156962443347,-0.06521050530126005,0
2024-08-05 00:00:00+00:00,497.0390930175781,499.3894348144531,407.5245971679688,464.6269226074219,4703145244,566.9975219726563,561.6428076171875,25.14541363851248,-14.276933508716866,-2.478242851804674,-11.798690656912191,635.2141321608707,566.9975219726563,498.78091178444186,-0.06521050530126005,-0.12248666343439818,-0.19387129342376586,0.8194514166321678,0.8272640836951818,1.009534021059019,0.03313570136957041,0.026944618672802224,2.399843611139615,-0.2503348457420174,-0.20040516235642247,0.04239293604323713,1
2024-08-06 00:00:00+00:00,464.6269226074219,492.8955078125,464.2871398925781,484.3238220214844,2087680023,562.7680770874024,559.2399371337891,32.38239289574443,-17.764668751450586,-5.535528031733857,-12.229140719716728,640.3332098562644,562.7680770874024,485.2029443185404,0.04239293604323713,-0.025582034038606483,-0.15791258472171465,0.8606099772540314,0.8660394043095991,1.0063088125853379,0.038679973450703696,0.029393884499140984,1.0558990975218556,-0.0056669940840283475,-0.1672401241253969,-0.020851875541537446,0
2024-08-07 00:00:00+00:00,484.3238220214844,497.62408447265625,468.9976806640625,474.2247619628906,1883200228,557.88173828125,556.950390625,30.74131525316774,-21.100401510386746,-8.648502727464436,-12.45189878292231,644.7642581277282,557.88173828125,470.9992184347718,-0.020851875541537446,0.020657088275485735,-0.1265214237646206,0.8500453221930261,0.8514667911997044,1.0016722273149048,0.0386330659029311,0.02937048054126553,0.9465801018276465,0.01856267252502779,-0.18810977725131162,0.0909120862283137,1
2024-08-08 00:00:00+00:00,474.19970703125,521.0404663085938,469.190673828125,517.3375244140625,1790085695,554.0635070800781,555.3217065429687,43.82848921856493,-20.034212205637687,-10.925644623099087,-9.1085675825386,641.0297702483281,554.0635070800781,467.0972439118282,0.0909120862283137,0.06816452317952182,-0.022935273247722043,0.9337152109880652,0.9315996805430706,0.997734287264362,0.05912159971273284,0.0355491695047498,0.9057610434806698,0.2888492541356904,-0.09972295108712281,-0.01576304692582331,0
2024-08-09 00:00:00+00:00,517.3375244140625,517.72314453125,500.1761169433594,509.1827087402344,1565495419,549.8440322875977,553.763217163086,42.203994965348095,-19.621095200619607,-12.66473473860319,-6.956360462016416,636.9279500065672,549.8440322875977,462.76011456862807,-0.01576304692582331,0.07371598782114908,0.024431912687050472,0.9260493500707938,0.9194953600363052,0.9929226341620049,0.056183411281925645,0.03557994062790062,0.7925168393052037,0.26653942190231766,-0.13354951884054356,0.02776001221224056,1
2024-08-10 00:00:00+00:00,509.1827087402344,524.9590454101562,507.8503112792969,523.317626953125,1394699693,545.9173538208008,552.5113311767578,45.94397770618758,-17.946253983686802,-13.721038587619914,-4.225215396066888,630.16344751998,545.9173538208008,461.6712601216217,0.02776001221224056,0.011559382911254357,0.1263179154930132,0.9586022926190138,0.9471617999915856,0.9880654441205524,0.05704107375247162,0.03613846211618838,0.7136470034030283,0.36587077290269643,-0.09204279558997697,-0.037287282208752104,0
2024-08-11 00:00:00+00:00,523.3178100585938,535.5400390625,503.2338562011719,503.8045349121094,1563057068,541.7116912841797,550.7721545410157,41.911919392264394,-17.986140669034853,-14.574059003902901,-3.412081665131952,625.5264892962621,541.7116912841797,457.89689327209726,-0.037287282208752104,-0.010562365405987761,0.04022249578663262,0.9300233740899929,0.9147240483352929,0.9835495255485701,0.053369730805643376,0.03661937698317174,0.8085322881026099,0.27386358214091416,-0.12404172720870732,0.029240701263160807,1
2024-08-12 00:00:00+00:00,503.8041687011719,523.5446166992188,500.2337036132813,518.5361328125,1786263873,538.5335205078125,549.5986596679687,45.78058743899194,-16.637250454173454,-14.986697293957013,-1.6505531602164414,620.7044384786778,538.5335205078125,456.36260253694707,0.029240701263160807,-0.009136887225572599,0.09343959743096852,0.9628669582601732,0.943481436300746,0.9798668738260005,0.044395453904354176,0.03749495330197675,0.9252609672061017,0.37831833823249517,-0.044903937236611235,0.010784990423386098,1
2024-08-13 00:00:00+00:00,518.5361328125,525.6865234375,514.5475463867188,524.1285400390625,1757981177,536.0110229492187,548.72966796875,47.21771797795931,-14.944711385092774,-14.978300112184167,0.03358872709139327,616.6052470226381,536.0110229492187,455.41679887579943,0.010784990423386098,0.04034105236964325,0.013126856847841317,0.9778316444972028,0.9551671262449608,0.976821655977501,0.04292122946468956,0.03760927396447158,0.9069401886977603,0.4262820441119229,-0.010109484448569739,-0.00021601612237198697,0
2024-08-14 00:00:00+00:00,524.1285400390625,531.5051879882812,516.50634765625,524.0153198242188,1604400640,533.6761199951172,547.6479052734375,47.190446707621824,-13.457369722637054,-14.674114034274746,1.216744311637692,612.7282619879705,533.6761199951172,454.6239780022639,-0.00021601612237198697,0.010566644569202976,0.02913023327261377,0.9818976345222513,0.9568471179718672,0.9744876495577132,0.04094274888358702,0.03761184115096586,0.8361407162302961,0.4388960252856155,0.054273853275534245,-0.007909994878554705,0
2024-08-15 00:00:00+00:00,524.0153198242188,533.6436767578125,511.6082458496094,519.870361328125,1645936961,530.6157409667969,546.5972766113281,46.13979935340529,-12.469365169431285,-14.233164261306054,1.7637990918747697,606.6216179375244,530.6157409667969,454.6098639960694,-0.007909994878554705,-0.008124302314505005,-0.006587329467709235,0.9797492256466166,0.9511030946789588,0.9707617722802976,0.023934431699303062,0.037268530134864884,0.8582300851755984,0.4293121790910304,0.11889848829827732,0.0001890213577697697,1
2024-08-16 00:00:00+00:00,519.870361328125,524.3740234375,511.040283203125,519.9686279296875,1538941515,527.5347320556641,545.38068359375,46.170397455528956,-11.545347569280125,-13.69560092290087,2.1502533536207444,599.7413051058262,527.5347320556641,455.328159005502,0.0001890213577697697,-0.007722468678756811,0.03208405621120103,0.985657618984643,0.9534049216840402,0.9672779911813321,0.022811648502280346,0.037263222530862825,0.807091951691394,0.44760792676921246,0.07359705281360696,0.042821093050657844,1
2024-08-17 00:00:00+00:00,519.9686279296875,547.161376953125,518.940673828125,542.2342529296875,1554176167,525.4414642333984,544.8960791015625,52.724010397756665,-8.913656029910612,-12.739211944302818,3.825555914392206,593.0227662637982,525.4414642333984,457.86016220299865,0.042821093050657844,0.04301820850957716,0.0457019648537329,1.0319593900355566,0.9951149838034,0.9642966510233634,0.025999246222980922,0.03873174908833182,0.8131598167870623,0.6242413818006589,0.14341193548243858,-0.01959620286705288,0
2024-08-18 00:00:00+00:00,542.2342529296875,542.3954467773438,531.2366943359375,531.6085205078125,1458218557,523.289761352539,544.1456958007813,49.619314663684676,-7.597846087934045,-11.710938773029065,4.113092685095021,586.8988310364615,523.289761352539,459.68069166861653,-0.01959620286705288,0.022385759357195223,0.014271271066812252,1.0158970416959279,0.9769598925623795,0.9616721502913848,0.021658552710542626,0.038800199629080566,0.7703629517658901,0.5653897250550113,0.02758546484698421,0.05306598005895369,1
2024-08-19 00:00:00+00:00,531.6085205078125,560.6581420898438,529.6116333007812,559.81884765625,1721716619,521.8974487304688,543.706650390625,56.87922270190984,-4.229959254453888,-10.21474286931403,5.984783614860142,580.6036028284594,521.8974487304688,463.19129463247816,0.05306598005895369,0.03242988548132675,0.06832534561020376,1.0726606328849204,1.029633989678164,0.9598879255118777,0.02682633390582606,0.0404272222061771,0.9117324731903759,0.8229763515293804,0.09944591213887488,0.016877102578348735,1
2024-08-20 00:00:00+00:00,559.81884765625,574.556884765625,559.1103515625,569.2669677734375,2062353969,521.5423889160156,543.5582507324219,59.00966829631393,-0.7894006233823347,-8.329674420127692,7.540273796745357,578.9325598492321,521.5423889160156,464.1522179827992,0.016877102578348735,0.07083868262617798,0.09501716220004885,1.0915066155152098,1.0472970781077726,0.9594967755769674,0.02690533512286628,0.04040736847529347,1.0845422796205586,0.9157905272050659,0.08780392337984111,0.0013223085558178305,1
2024-08-21 00:00:00+00:00,569.2669677734375,575.0878295898438,547.611083984375,570.0197143554688,1887431524,521.2860382080078,543.3790234375,59.1826962414506,1.9752379245808243,-6.268691951185988,8.243929875766813,577.7056357978067,521.2860382080078,464.8664406182088,0.0013223085558178305,0.018221727871303273,0.09625789660631101,1.0934873995762282,1.049027823616443,0.9593414830595989,0.026793299182465223,0.04040451670119289,0.9966899042401697,0.9318860664496511,0.13143029658300098,0.022862657552255694,1
2024-08-22 00:00:00+00:00,570.0197143554688,589.4165649414062,561.2243041992188,583.0518798828125,1998394415,523.2928741455078,543.908505859375,62.16073272646751,5.158358391125489,-3.983281882723693,9.141640273849182,585.5093293095904,523.2928741455078,461.07641898142515,0.022862657552255694,0.024215197595763627,0.07527674014060848,1.1141980116486128,1.0719668356014969,0.9620972433933633,0.02539437930066011,0.038414464093971756,1.0570703973413964,0.9802508080836743,0.12441899992655103,0.01501435925802097,1
2024-08-23 00:00:00+00:00,583.0518798828125,597.5437622070312,575.76904296875,591.8060302734375,2037288685,526.4091094970703,545.464736328125,64.05775736476369,8.291808264837073,-1.52826385321154,9.820072118048612,595.7644141516065,526.4091094970703,457.0538048425341,0.01501435925802097,0.03822028496435936,0.1132365405056377,1.1242321221204687,1.084957451616883,0.9650653368367487,0.024376758342183707,0.03785876456327725,1.0716754826273838,0.9714630056209399,0.12912384093667395,-0.01866122120635505,0
2024-08-24 00:00:00+00:00,591.8067626953125,592.7732543945312,575.83740234375,580.76220703125,1954023736,530.5952651977539,547.1200640869141,59.972912909869336,9.771308069481279,0.7316505313270238,9.039657538154255,602.5447141188488,530.5952651977539,458.64581627665893,-0.01866122120635505,-0.0039270482277198315,0.03741095796020799,1.0945484159471321,1.061489506879045,0.9697967594795881,0.02538095153572157,0.03494541366385137,1.028582657050329,0.848626310456616,0.10829242020265184,-0.011213312415240928,0
2024-08-25 00:00:00+00:00,580.76220703125,583.9363403320312,569.9006958007812,574.2499389648438,1681089758,536.076416015625,548.0515753173828,57.638829085203014,10.299609232272815,2.645242271516182,7.654366960756633,603.4207522867849,536.076416015625,468.73207974446507,-0.011213312415240928,-0.029665279518159227,0.008753311668330266,1.071209107151071,1.0478027339530758,0.9781495759868534,0.023899327014541012,0.030800045324448234,0.9613798543305248,0.7834204408483159,0.10460218870295668,-0.044269810600210846,0
2024-08-26 00:00:00+00:00,574.2499389648438,575.981201171875,547.2277221679688,548.8280029296875,1818728257,539.3016250610351,549.2158728027343,49.534290595507905,8.568185226159471,3.8298308624448403,4.738354363714631,602.2447334552321,539.3016250610351,476.35851666683817,-0.044269810600210846,-0.05498671179862802,-0.03717715526688947,1.0176642854869467,0.9992937751943194,0.98194835904668,0.023881224185213944,0.03222702653559548,1.0481531245139173,0.5756745107740076,0.055502146571624555,-0.02706150512933836,0
2024-08-27 00:00:00+00:00,548.8280029296875,558.2140502929688,523.4385375976562,533.9758911132812,1853530701,542.2891815185546,549.68310546875,45.508340303416496,5.929229461358432,4.249710582227559,1.6795188791308728,597.4131016443899,542.2891815185546,487.1652613927193,-0.02706150512933836,-0.07013330802291673,-0.0841708782062327,0.9846700050663117,0.9714249643127122,0.9865487516777688,0.023688052213148493,0.032535422442965097,1.069124197336518,0.4245945282347843,-0.015230247391761709,0.0053190996885124076,1
2024-08-28 00:00:00+00:00,533.9758911132812,546.109375,523.7744140625,536.816162109375,1861040561,543.2631134033203,550.08806640625,46.40543738507171,4.020676283936496,4.203903722569347,-0.1832274386328514,597.2064932528534,543.2631134033203,489.31973355378716,0.0053190996885124076,-0.021886348284330115,-0.09291873578688448,0.9881329117790498,0.9758731281273179,0.9875929811611485,0.02402017530148127,0.025764675166378308,1.071263731929753,0.44024335041734425,0.009796008530088995,-0.0003548528082830682,0
2024-08-29 00:00:00+00:00,536.816162109375,545.4614868164062,532.3034057617188,536.6256713867188,1577402536,544.6352615356445,550.3302490234375,46.350323514542914,2.4643555740756256,3.8559940928706027,-1.3916385187949771,596.2755047882425,544.6352615356445,492.99501828304653,-0.0003548528082830682,0.004962359382767234,-0.07599760299512104,0.9852936621724747,0.9750975388668212,0.989651690965745,0.020320016076323076,0.02542858717736646,0.9076831842617669,0.4224481756432971,-0.04142978816564025,-0.0024409482403187077,0
2024-08-30 00:00:00+00:00,536.6256713867188,542.814697265625,523.058837890625,535.3157958984375,1598876190,545.2351699829102,550.5338037109375,45.946229158382025,1.1124406704291232,3.3072834083823066,-2.1948427379531834,596.105713683372,545.2351699829102,494.3646262824484,-0.0024409482403187077,-0.00279493487126381,-0.06779999513206714,0.981807163898133,0.9723577231590118,0.9903754616114192,0.01736528980201704,0.02476481341173322,0.9146665810252015,0.40250375401056865,-0.05964015795223909,-0.004518497792742937,0
2024-08-31 00:00:00+00:00,535.3157958984375,541.1749877929688,531.6283569335938,532.89697265625,1284869085,546.6897918701172,550.5165966796875,45.16320781996819,-0.15238386508588064,2.615349953688669,-2.7677338187745497,594.1195695963621,546.6897918701172,499.26001414387235,-0.004518497792742937,-0.006948416613825503,-0.029027364107509834,0.9747703004171987,0.967994381768495,0.9930487021959905,0.01756737446114154,0.023096666109021384,0.7409286960742124,0.3545974715138177,-0.06512536455198581,-0.03809696593190415,0
2024-09-01 00:00:00+00:00,532.89697265625,532.9790649414062,508.7206115722656,512.59521484375,1498350087,546.3927459716797,550.1215246582032,39.13481912311884,-2.7611201344769825,1.540055936055539,-4.301176070532522,594.6324327581585,546.3927459716797,498.1530591852009,-0.03809696593190415,-0.04244332266817352,-0.04004052734469876,0.9381442536031006,0.9317854180714549,0.9932219000359235,0.020102715107571136,0.02397123540359045,0.8712667121219357,0.14969164002322166,-0.12084115920048755,0.02700670130835059,1
2024-09-02 00:00:00+00:00,512.59521484375,529.0226440429688,502.1722717285156,526.438720703125,1653356892,546.5082550048828,549.7539245605469,44.568227651866714,-3.669210816762302,0.49820258549197083,-4.167413402254272,594.5340627004314,546.5082550048828,498.48244730933425,0.02700670130835059,-0.012119138003230834,-0.01933146231192573,0.9632767956971144,0.9575897454919322,0.9940961411812411,0.021360420651150933,0.02463153553754508,0.9643340772645269,0.29105469262500266,-0.11045394305987433,-0.01475912596293727,0
2024-09-03 00:00:00+00:00,526.438720703125,537.9566650390625,518.6689453125,518.6689453125,1559458476,546.2409362792969,548.404482421875,42.28655763925591,-4.958674649522777,-0.5931728615109788,-4.365501788011798,594.8498748506997,546.2409362792969,497.6319977078941,-0.01475912596293727,0.011848980038960066,-0.03346229416832769,0.9495241218012648,0.9457780925165742,0.9960548350498096,0.01975941190227084,0.024867537073825694,0.910760733265861,0.21638970344625252,-0.10691684301593829,-0.020915942250012587,0
2024-09-04 00:00:00+00:00,518.637939453125,523.4694213867188,496.4385070800781,507.8204956054688,1898187560,545.6384429931641,547.0292126464843,39.26405609587044,-6.777832618776074,-1.8301048129639979,-4.947727805812076,595.8944201565068,545.6384429931641,495.38246582982134,-0.020915942250012587,-0.03536636718664843,-0.051362766620444034,0.9306904638532424,0.9283242720231945,0.997457595277971,0.020185593880347484,0.02524638225472011,1.10048039458182,0.12374677080918345,-0.11568036642567558,-0.011325122164542956,0
2024-09-05 00:00:00+00:00,507.8204956054688,512.6257934570312,497.3491821289063,502.0693664550781,1468645986,544.7434799194336,545.6923455810547,37.72462840886613,-8.584638109603588,-3.181011472291916,-5.403626637311673,597.4995346779026,544.7434799194336,491.98742516096473,-0.011325122164542956,-0.032004188813387624,-0.05784909238179803,0.9216620023232459,0.9200593897289749,0.9982611710255699,0.01994235063474686,0.025352010420610558,0.8531908234001607,0.09555245687221273,-0.08519724982145238,-0.030208228165060746,0
2024-09-06 00:00:00+00:00,502.0693664550781,508.8201293945313,473.1689147949219,486.9027404785156,1860035342,541.976904296875,543.9913696289062,33.944910884455155,-11.112269120666042,-4.767263001966741,-6.345006118699301,600.7474345873326,541.976904296875,483.2063740064173,-0.030208228165060746,-0.04119123845525996,-0.050122345315037675,0.8983828215155978,0.8950560021028741,0.9962968799791705,0.021081362192009248,0.02385566208616675,1.0710479365328365,0.03144744869435414,-0.0881559475215693,0.01298697717161379,1
2024-09-07 00:00:00+00:00,486.9027404785156,499.1057739257813,483.2615966796875,493.2261352539063,1358748616,540.0577850341797,541.9818493652343,36.788560335030944,-12.461540909408427,-6.3061185834550795,-6.155422325953348,602.6371764131097,540.0577850341797,477.4783936552496,0.01298697717161379,-0.017613564563021544,-0.063089176656419,0.9132840020493187,0.9100417953692906,0.996449946924776,0.023220829235524477,0.023925898648973848,0.7846434685856939,0.12582210574165828,-0.08120103292752079,0.019816503294077803,1
2024-09-08 00:00:00+00:00,493.2261352539063,506.4251098632813,491.0293273925781,503.0001525878906,1378399660,537.2168502807617,540.1704083251954,41.01540119637247,-12.596957128539316,-7.564286292471928,-5.032670836067388,601.1628906775879,537.2168502807617,473.27080988393544,0.019816503294077803,0.03306083694159301,-0.030209621891221672,0.9363074749517096,0.9311879081778072,0.9945321735531734,0.022149411246849597,0.02073300229940115,0.8039610012051662,0.23245647830159238,-0.06266103280511137,0.030904953911493838,1
2024-09-09 00:00:00+00:00,503.0001525878906,524.6112670898438,501.9822082519531,518.5453491210938,1602303180,534.6807693481445,538.504291381836,47.07681562842051,-11.319424732007064,-8.315313980378955,-3.00411075162811,597.2839257943443,534.6807693481445,472.07761290194463,0.030904953911493838,0.051333885326562134,0.02111937900977745,0.9698223292251146,0.9629363357355495,0.9928997371146662,0.02304538920707117,0.021730023396244247,0.9472631054290878,0.3711293396131132,-0.03132813734591444,-0.002047117844753976,0
2024-09-10 00:00:00+00:00,518.5453491210938,523.913818359375,514.0165405273438,517.4838256835938,1461007853,532.0539749145507,537.0956121826172,46.7237212309112,-10.274192675812174,-8.7070897194656,-1.5671029563465737,592.7948049231319,532.0539749145507,471.31314490596964,-0.002047117844753976,0.028794569984096352,0.03070185169302664,0.9726152798063449,0.9634854836751948,0.9906131475407544,0.02235637726626393,0.02169611722012212,0.874757113437335,0.38006297223055213,-0.028923314943653522,0.024561550423986445,1
2024-09-11 00:00:00+00:00,517.4838256835938,534.5135498046875,507.2425231933594,530.1940307617188,1629703281,529.4110824584961,536.0575018310547,51.42192356074146,-8.324274361440871,-8.630526647860655,0.3062522864197845,585.2074330532463,529.4110824584961,473.614731863746,0.024561550423986445,0.02246415219106468,0.0889115765515256,1.00147890425638,0.9890618617418699,0.9876012939845897,0.02190669566641873,0.021812304759608103,0.9866511214756658,0.5070161246647579,0.0343327744940678,0.026612410537075082,1
2024-09-12 00:00:00+00:00,530.1940307617188,547.791748046875,530.1493530273438,544.3037719726562,1725751181,527.035969543457,535.452007446289,56.054893943921506,-5.576133655446142,-8.019648049377754,2.4435143939316113,575.1667015454808,527.035969543457,478.9052375414332,0.026612410537075082,0.05182760302437184,0.10355825263082585,1.032763992264432,1.0165313873200021,0.9842823674469532,0.021483990088061525,0.022502054557974077,1.0547470225578288,0.6793843736728663,0.03393567107995055,0.023358821100053717,1
2024-09-13 00:00:00+00:00,544.3037719726562,559.5098876953125,539.0565795898438,557.01806640625,1745545933,525.848762512207,535.178101196289,59.77749286297706,-2.3452405702297483,-6.884766553548153,4.539525983318405,569.3481231886576,525.848762512207,482.3494018357564,0.023358821100053717,0.05059286617390568,0.10739144618633234,1.0592742744988763,1.0408087796588497,0.982567786941902,0.011014790893074881,0.023010483017211356,1.0736855368537848,0.8582731264245594,0.07393756931146989,-0.006199086058313097,0
2024-09-14 00:00:00+00:00,557.01806640625,559.3895263671875,548.8692016601562,553.5650634765625,1412065214,524.8145187377929,534.6278436279297,58.332272761234194,-0.06264091585887854,-5.520341426010299,5.457700510151421,564.2634852506618,524.8145187377929,485.36555222492404,-0.006199086058313097,0.01701493169952073,0.067534525986638,1.0547822968158658,1.0354213123658633,0.9816445682597739,0.01467261603004373,0.022930067312252382,0.8758078058534625,0.8644017483878912,0.09008019224697295,0.0007356435392480432,1
2024-09-15 00:00:00+00:00,553.5650634765625,561.5770874023438,552.3637084960938,553.9722900390625,1565883242,525.0717330932617,534.0755133056641,58.45982510785324,1.7589198031309934,-4.064489180182041,5.823408983313034,565.2404681850782,525.0717330932617,484.9029980014454,0.0007356435392480432,-0.005468002836673036,0.07051131367684316,1.0550411593774893,1.0372546133228373,0.983141372356367,0.015734461697452986,0.020611411420326523,0.9788862149683034,0.8597394451149728,0.1033779932650567,-0.03639750285414223,0
2024-09-16 00:00:00+00:00,553.9722900390625,554.7008666992188,527.4401245117188,533.80908203125,1805132571,525.0633926391602,533.069702758789,50.25651344374816,1.5575628068088463,-2.9400787827838633,4.4976415895927095,565.2244117597444,525.0633926391602,484.902373518576,-0.03639750285414223,-0.03568863490271357,0.00681835528087249,1.0166564447544721,1.001387021750879,0.9849807443976014,0.02269758249602102,0.02136445349941403,1.1301586715778493,0.608882812035107,0.09633616254990884,0.02286298263603359,1
2024-09-17 00:00:00+00:00,533.8087158203125,552.5006103515625,529.4241333007812,546.0135498046875,1617928146,525.5232620239258,532.4971221923828,54.425209917209834,2.3556302496590433,-1.880936976295282,4.2365672259543254,566.4541725358399,525.5232620239258,484.5923515120116,0.02286298263603359,-0.014366675693857855,0.0031412198850555573,1.03899025839855,1.0253830998309534,0.9869034782014513,0.023462738838914653,0.021938076614980744,1.020721693275774,0.7503033468409827,0.10702477175830705,0.023865718834333416,1
2024-09-18 00:00:00+00:00,546.0135498046875,559.0445556640625,537.5084228515625,559.0445556640625,1657679444,526.644206237793,531.924711303711,58.43090932128745,3.9935624144673056,-0.7060370981427645,4.69959951261007,570.0108090387971,526.644206237793,483.277603436789,0.023865718834333416,0.04727434298567279,0.003638103286105032,1.061522274511912,1.050984366366215,0.990072833704274,0.023381884418303602,0.022515660145251127,1.0431585190059165,0.8735633798080131,0.11142025064570737,0.012841472124878184,1
2024-09-19 00:00:00+00:00,559.0445556640625,571.718994140625,553.5143432617188,566.2235107421875,1859308230,528.1895919799805,531.7218182373047,60.49114138243536,5.804012094956988,0.5959727404771861,5.208039354479802,574.9289728033934,528.1895919799805,481.45021115656755,0.012841472124878184,0.037013661922362884,0.022867135411555717,1.072008080696237,1.0648867346073148,0.9933570033499213,0.022081794256548853,0.022605789272986027,1.1605313910826531,0.9068723001049561,0.09194598254888531,0.004170742155389373,1
2024-09-20 00:00:00+00:00,566.2235107421875,576.9052734375,559.6436157226562,568.5850830078125,1821452417,529.9739974975586,531.5905853271485,61.17286085051403,7.344700520006313,1.9457182963830115,5.398982223623301,580.0742346445259,529.9739974975586,479.87376035059134,0.004170742155389373,0.017065772749396135,0.026378201999453177,1.0728546790834428,1.0695920859055417,0.9969589607600086,0.02069599243396384,0.022535978684191903,1.1181777135079776,0.8853383507645848,0.0987494773517108,0.035971539652745355,1
2024-09-21 00:00:00+00:00,568.576416015625,590.0252685546875,566.8111572265625,589.0379638671875,1694887390,533.7961349487305,532.5130413818359,66.55527140230356,10.099661143570643,3.576506865820538,6.523154277750105,589.6474709139752,533.7961349487305,477.9447989834857,0.035971539652745355,0.04029230982495857,0.10346186248045952,1.1034886266528754,1.1061474895312857,1.0024095063729612,0.02347974179624106,0.02139968788546619,1.0342410596267695,0.9945434873109661,0.11098565749774458,-0.001614581509218227,0
2024-09-22 00:00:00+00:00,589.0379638671875,593.9545288085938,577.45263671875,588.0869140625,1680179600,536.8785446166992,533.6851531982422,66.09644018881951,12.06714300218789,5.27463409309401,6.792508909093881,597.611519928239,536.8785446166992,476.14556930515937,-0.001614581509218227,0.0342988791607457,0.07705553144763977,1.0953816649208075,1.1019360582512772,1.005983661713877,0.023636397744141117,0.020957314922431188,1.0244278174655677,0.9215862073537403,0.08043879970033219,0.02768147595238135,1
2024-09-23 00:00:00+00:00,588.0869140625,615.7206420898438,585.5076293945312,604.3660278320312,2189508231,541.1633987426758,535.8316918945312,69.91916132076202,14.76971885591388,7.173651045657984,7.596067810255896,608.2471943618623,541.1633987426758,474.0796031234893,0.02768147595238135,0.026022200443942545,0.08106951710518584,1.1167902878062315,1.1279027294842983,1.0099503387515085,0.013399913598033338,0.02091880583962445,1.3098140151590385,0.9710722500567559,0.08500255966787429,0.003569101103794603,1
2024-09-24 00:00:00+00:00,604.3660278320312,612.6076049804688,600.2676391601562,606.5230712890625,1904808937,546.0985275268555,538.6696148681641,70.39548059071555,16.890877548642948,9.117096346254977,7.773781202387971,617.2531359852787,546.0985275268555,474.94391906843225,0.003569101103794603,0.0313493750425522,0.0711725313102094,1.1106476958212188,1.1259648856145432,1.0137912227711408,0.014186571606441463,0.01983295932749514,1.1392747344092935,0.9246003531697741,0.09566717863281893,-0.03160725969717648,0
2024-09-25 00:00:00+00:00,606.5230712890625,607.762939453125,584.8588256835938,587.3525390625,1744393946,550.3626861572266,540.7301892089844,61.1308407903336,16.83099215822176,10.659875508648334,6.1711166495734275,620.6235720562348,550.3626861572266,480.1018002582183,-0.03160725969717648,-0.02815096809885509,0.03300729585695028,1.0672099577890102,1.0862210965541204,1.0178138693575316,0.021928387420653273,0.021390119521807655,1.0347965642900516,0.7632321841091072,0.06025617097397373,0.016045520900358934,1
2024-09-26 00:00:00+00:00,587.3513793945312,608.8541870117188,581.2283325195312,596.7769165039062,2081857126,555.8563949584961,543.1812322998047,63.66270025873256,17.344069415659533,11.996714290050573,5.34735512560896,622.3035433429245,555.8563949584961,489.4092465740677,0.016045520900358934,-0.016068893742891666,0.013138291776493505,1.0736170743316995,1.0986699852960307,1.0233350526582543,0.02209643568949457,0.01944285392246482,1.2269116819046597,0.807917815439313,0.11795946639396071,0.018583305727698063,1
2024-09-27 00:00:00+00:00,596.7769165039062,614.4735107421875,596.5009765625,607.8670043945312,2144197609,561.5884384155273,544.991821899414,66.4335139756518,18.43307918509049,13.283987269058558,5.149091916031933,624.9964561376505,561.5884384155273,498.1804206934041,0.018583305727698063,0.034927005448508464,0.03363463777044551,1.0824065504439067,1.1153690385224198,1.0304529643367317,0.02237754628929783,0.019522062850495844,1.2350659694016528,0.8649267682662255,0.1132819041065356,-0.010363787871287666,0
2024-09-28 00:00:00+00:00,607.8670043945312,617.3323974609375,595.207763671875,601.5671997070312,1858159482,566.5167907714844,546.83951171875,63.47265239191511,18.573679864871565,14.341925788221161,4.231754076650404,625.9486276386508,566.5167907714844,507.0849539043179,-0.010363787871287666,0.008026924417901204,-0.004631014974550873,1.0618700266373662,1.1000799810830582,1.0359836453494142,0.02008246604595575,0.01994107281372976,1.0557198565161128,0.7948790646828446,0.07606306798294127,-0.008570955766680766,0
2024-09-29 00:00:00+00:00,601.5671997070312,602.660400390625,593.0492553710938,596.4111938476562,1649655134,570.4100830078125,548.3013830566406,61.0735167166713,18.060865914494798,15.08571381347589,2.9751521010189084,626.7304859504329,570.4100830078125,514.0896800651922,-0.008570955766680766,-0.01884591607054842,-0.016671876009456965,1.0455831893832206,1.0877433693907823,1.0403221670314264,0.020526745611242268,0.01962843495992956,0.9359983100532041,0.7308320740028602,0.05331407568346935,-0.04887755854951503,0
2024-09-30 00:00:00+00:00,596.4111938476562,596.4414672851562,564.6533203125,567.2600708007812,1978021598,572.8988952636719,549.5704937744141,49.64755853847008,15.12782105602173,15.094135261985057,0.033685794036673045,623.4782589042288,572.8988952636719,522.3195316231149,-0.04887755854951503,-0.0570295869238846,-0.034208532228002686,0.9901573829003538,1.032188003589633,1.0424484242759102,0.02466103282482807,0.023249271122049216,1.1060868046251537,0.44425765710534615,-0.0023303675151341574,-0.03395786244205801,0
2024-10-01 00:00:00+00:00,567.2600708007812,582.4347534179688,538.4796142578125,547.9971313476562,2124076272,573.7890502929688,550.1597137451172,43.81434378103548,11.120809873709163,14.299470184329879,-3.1786603106207156,621.7634667191886,573.7890502929688,525.814633866749,-0.03395786244205801,-0.08117564358184504,-0.08173872649434277,0.955049823742465,0.9960691734719368,1.0429499579076755,0.025598820282046252,0.02429821929427303,1.1715650683381467,0.23119090479216028,-0.06967434195597089,-0.009643827926737347,0
2024-10-02 00:00:00+00:00,547.9971313476562,557.9986572265625,536.1533203125,542.7123413085938,1821113448,573.7094787597656,550.5313897705078,42.344415736674186,7.433102079622131,12.926196563388329,-5.493094483766198,621.89462731345,573.7094787597656,525.5243302060812,-0.009643827926737347,-0.04327420658664438,-0.10718572091412515,0.9459706722674673,0.9857972704060101,1.0421013032497926,0.024414963646639636,0.023705508401183458,1.0018268031897917,0.17835382496914887,-0.07715623604079036,0.0031557168577471817,1
2024-10-03 00:00:00+00:00,542.7123413085938,550.507568359375,535.380615234375,544.4249877929688,1611934612,573.0798248291015,550.9395831298829,43.01166849713838,4.595785982385905,11.260114447187846,-6.66432846480194,622.4967182836135,573.0798248291015,523.6629313745896,0.0031557168577471817,-0.006518544259351722,-0.09498890887317535,0.9499985241241428,0.9881754814204767,1.0401863332698662,0.02244446003191329,0.02308558999068084,0.890024743978408,0.21007043307457768,-0.09918002878831844,0.020129914609636756,1
2024-10-04 00:00:00+00:00,544.4249877929688,557.4121704101562,542.2801513671875,555.3842163085938,1518084330,573.1707824707031,551.6498602294922,47.22094585535924,3.1946843520953507,9.647028428169346,-6.452344076073995,622.4429217921077,573.1707824707031,523.8986431492986,0.020129914609636756,0.023349155778262576,-0.06878975103465645,0.9689681213591544,1.0067694317506906,1.0390119236724866,0.0228096526670414,0.02351349075008103,0.8357594094758363,0.3195068612092655,-0.08431477284414213,0.014089257386326492,1
2024-10-05 00:00:00+00:00,555.3842163085938,564.8151245117188,552.3409423828125,563.2091674804688,1426434745,573.6326263427734,552.5146710205078,50.057420512903434,2.6847611243865686,8.254574967412792,-5.569813843026223,622.316717129103,573.6326263427734,524.9485355564437,0.014089257386326492,0.03450278754406311,-0.0071411747958815,0.9818290341524679,1.019356040700617,1.0382215286397016,0.024976906670069837,0.023711415882307647,0.788329108465862,0.39294799703611266,-0.04110541791573352,0.013021018748173185,1
2024-10-06 00:00:00+00:00,563.2091674804688,571.430419921875,561.5877685546875,570.542724609375,1416593714,575.4693084716797,553.0808404541016,52.627021680595085,2.8396661599761046,7.171593205925455,-4.33192704594935,620.458975334129,575.4693084716797,530.4796416092304,0.013021018748173185,0.027293732619074973,0.041141808911068,0.9914390154439536,1.031572028676561,1.0404795581043746,0.02634824660339783,0.02212008035693869,0.7913870702425326,0.4452476067741603,-0.04395979664933891,-0.011205129949682147,0
2024-10-07 00:00:00+00:00,570.542724609375,580.9834594726562,564.1204223632812,564.1497192382812,1703177011,576.3761169433594,553.7316644287109,50.20213199689948,2.4186863017326914,6.221011825086903,-3.8023255233542113,619.5608570370324,576.3761169433594,533.1913768496864,-0.011205129949682147,0.0016699865913405443,0.03950044304870137,0.9787874664725574,1.01881426596819,1.0408942705814213,0.018939119302727025,0.02186628125289454,0.9492279089262012,0.3584407631195925,-0.07191916133002618,0.02881176722479184,1
2024-10-08 00:00:00+00:00,564.1497192382812,585.9742431640625,560.2928466796875,580.4038696289062,2143563900,577.4440826416015,554.1433648681641,55.780884928275704,3.3579227823983047,5.648394016549183,-2.2904712341508784,619.8739807429129,577.4440826416015,535.0141845402902,0.02881176722479184,0.017283797679275903,0.06608602221178606,1.0051256685734222,1.0473893696570558,1.042048176068987,0.01497424530909276,0.022154282380645634,1.1787082401619924,0.534878554035618,-0.0351803258030553,-0.017447693777179252,0
2024-10-09 00:00:00+00:00,580.4038696289062,585.0736694335938,567.143798828125,570.2771606445312,1913652029,577.6467651367187,554.163568725586,51.8812366607348,3.2476962567315013,5.1682544645856465,-1.9205582078541452,619.8892957988046,577.6467651367187,535.4042344746329,-0.017447693777179252,0.010861374555894976,0.026815570011918366,0.9872420223967787,1.0290773209000401,1.0423759296648412,0.01672427237367811,0.022415913064143627,1.0507138211665412,0.41277032440196637,-0.04381881740771032,-0.013241616748298046,0
2024-10-10 00:00:00+00:00,570.27685546875,572.0607299804688,551.783203125,562.7257690429688,1559089785,577.3537994384766,554.0176898193359,49.12338039048592,2.5219354463923764,4.638990660946993,-2.1170552145546164,619.9408115379651,577.3537994384766,534.766787338988,-0.013241616748298046,-0.03045827485133823,-0.0008582929139141493,0.9746636630611337,1.015718052660868,1.0421215965626485,0.018448244241507927,0.022607133717690398,0.8622476114472294,0.3282571413869687,-0.007993338490071333,0.018004275410726578,1
2024-10-11 00:00:00+00:00,562.7257690429688,577.1348266601562,560.0671997070312,572.8572387695312,1622508791,576.5447631835938,553.8137969970703,52.75225945806345,2.73278783304454,4.257750095366503,-1.5249622623219627,618.8107459322908,576.5447631835938,534.2787804348967,0.018004275410726578,0.004524252947608831,0.0040566885884678605,0.9936040969417526,1.034386000991163,1.0410444201819762,0.01817079166273416,0.021416665268784028,0.8991207381080157,0.45637715990199945,0.045365397006254415,0.006271247099175259,1
2024-10-12 00:00:00+00:00,572.8572387695312,578.7108154296875,572.8572387695312,576.4497680664062,1482994534,575.9629058837891,553.5066717529297,54.00504574180663,3.1534262242402065,4.036885321141244,-0.8834590969010376,617.8788111251213,575.9629058837891,534.0470006424569,0.006271247099175259,0.024388431769844177,0.021802809446989757,1.0008453012818075,1.041450442215659,1.0405708463454315,0.017723364666241203,0.021480582855456558,0.8263229256464151,0.5058076066807344,0.062164473128553555,-0.008028543013099743,0
2024-10-13 00:00:00+00:00,576.4497680664062,578.0640258789062,565.1304931640625,571.8217163085938,1472484694,574.3356903076171,553.3278619384765,52.08892057516524,3.077860422140816,3.8450803413411587,-0.7672199192003428,614.0794360241736,574.3356903076171,534.5919445910607,-0.008028543013099743,-0.0018076448910059328,-0.01478651981731216,0.9956228142505354,1.0334229588680526,1.0379663302974547,0.017616019562475414,0.020449921317171972,0.8371907751497366,0.4683727092942812,0.050322320117391905,0.029867238099690496,1
2024-10-14 00:00:00+00:00,571.8217163085938,591.4108276367188,569.9707641601562,588.9004516601562,1825783992,573.4545593261719,553.6208721923828,58.0097217124669,4.345987352561906,3.9452617435853083,0.4007256089765976,610.9091275380268,573.4545593261719,535.9999911143169,0.029867238099690496,0.021598904680824926,0.03265656123169447,1.0269348147691664,1.0637251614594363,1.0358253962775033,0.019791906957342287,0.021673817110885202,1.0403986582403457,0.7061950393689962,0.06034783554766987,0.008980732328034868,1
2024-10-15 00:00:00+00:00,588.9004516601562,598.8892822265625,578.4895629882812,594.189208984375,2040945899,573.7963928222656,554.5280963134766,59.671743012698066,5.711902342686358,4.298589863405518,1.4133124792808394,611.9041267592704,573.7963928222656,535.6886588852608,0.008980732328034868,0.039116200098476606,0.055912562872171945,1.0355401609651216,1.0715222780136244,1.0347471961058157,0.017297962912230833,0.020552789365013688,1.1532615385988008,0.7675679456015462,0.05500628060174573,0.011155707599518339,1
2024-10-16 00:00:00+00:00,594.189208984375,605.1041870117188,589.9337768554688,600.8178100585938,1918592073,573.9984375,555.8649346923828,61.71699480193017,7.245748049215081,4.888021500567431,2.3577265486476495,612.6580401400349,573.9984375,535.3388348599651,0.011155707599518339,0.020236626351434417,0.04880896914058441,1.0467237727604333,1.0808701404975076,1.0326221383574994,0.014714012811068468,0.02039009148509156,1.0891479700704894,0.8468656003569507,0.05306366051717992,-0.014610416161483952,0
2024-10-17 00:00:00+00:00,600.8178100585938,605.8289794921875,585.7150268554688,592.0396118164062,1739191571,573.2070678710937,556.9694036865235,57.55422205733081,7.664651258096342,5.443347452073214,2.221303806023128,609.5245625441055,573.2070678710937,536.889573198082,-0.014610416161483952,-0.0036176980925705093,0.027044583264025368,1.0328546959744531,1.0629661304512539,1.0291536017545933,0.015042164600344425,0.020193826749474973,0.9987875115102599,0.7592764742567354,0.0494370406064939,0.012373122121835944,1
2024-10-18 00:00:00+00:00,592.0396118164062,602.1707153320312,591.6998291015625,599.364990234375,1638190792,573.096957397461,558.2241900634766,59.98007023666615,8.489865996310186,6.052651160920608,2.437214835389578,609.0640749240772,573.096957397461,537.1298398708448,0.012373122121835944,-0.002418070503064973,0.048167589897752494,1.045835233458928,1.073699422030099,1.0266430004265725,0.014520643707634482,0.020286018143372424,0.946764481590338,0.8651673339888201,0.032668839057864885,-0.0023192473805487834,0
2024-10-19 00:00:00+00:00,599.364990234375,600.9993286132812,595.72705078125,597.9749145507812,1432675869,573.1751434326172,559.4773724365234,59.28762372993127,8.928761921902606,6.627873313117009,2.3008886087855966,609.3617830137163,573.1751434326172,536.9885038515182,-0.0023192473805487834,0.010025178410216773,0.015409162728680759,1.0432673527495344,1.0688098286202372,1.0244831545848585,0.014908210865784713,0.020194734527364776,0.8332148655235995,0.8426647431931951,0.04856893422655362,0.012614087198808743,1
2024-10-20 00:00:00+00:00,597.9749145507812,606.3153686523438,593.7393188476562,605.517822265625,1608355248,575.0880310058594,560.9297894287109,61.86061312989606,9.772587414398231,7.256816133373254,2.5157712810249766,613.9071099079084,575.0880310058594,536.2689521038104,0.012614087198808743,0.01026558462956606,0.01906566647451169,1.0529132752189996,1.0794895077373685,1.0252406662009665,0.013824020535804508,0.01668534610862492,0.9455505978691322,0.8919437570446757,0.07604423962213946,-0.011065333011316403,0
2024-10-21 00:00:00+00:00,605.517822265625,610.9203491210938,591.6964721679688,598.8175659179688,1917193200,577.629052734375,562.6542364501953,58.33390205695525,9.787842351846393,7.763021377067883,2.0248209747785104,615.6260397802339,577.629052734375,539.6320656885161,-0.011065333011316403,0.0014091751120037799,-0.003329202475588988,1.036681868897161,1.0642727400329004,1.0266145979432348,0.011666794134524212,0.01464851724434216,1.1340124418629958,0.7788183331223228,0.045317271724101715,-0.009112807456344796,0
2024-10-22 00:00:00+00:00,598.8175659179688,599.5232543945312,587.2017211914062,593.3606567382812,1739710555,580.1614685058594,563.9926751708985,55.55594096167831,9.252942868540458,8.061005675362399,1.1919371931780596,614.9781505377645,580.1614685058594,545.3447864739543,-0.009112807456344796,-0.020077304218488745,0.0022313454970048774,1.0227508873803959,1.052071565572166,1.0286684456142299,0.011978134114188983,0.01462190175409599,1.0315154841904377,0.6895526434759993,0.029336274570114673,-0.018348483241632185,0
2024-10-23 00:00:00+00:00,593.3606567382812,593.810791015625,573.0883178710938,582.473388671875,1719055847,582.0638885498047,565.2687640380859,50.39908870880299,7.859915417706588,8.020787623831238,-0.16087220612464925,612.5470893841739,582.0638885498047,551.5806877154355,-0.018348483241632185,-0.02729408450308002,-0.028182496204682717,1.0007035312276296,1.0304361849235841,1.029711750551614,0.012520521004793604,0.015496058005613338,1.0160421387787997,0.5067168163260698,0.018627610773587433,0.02005481574190071,1
2024-10-24 00:00:00+00:00,584.6485595703125,597.5253295898438,583.0283813476562,594.15478515625,1595144217,584.0024169921875,566.9954498291015,55.203686010351184,7.610789750790218,7.938788049223034,-0.32799829843281625,612.1862059185827,584.0024169921875,555.8186280657923,0.02005481574190071,0.0013383570497143005,-0.006388444233318857,1.0173841201143494,1.0479004467061148,1.02999489179007,0.014488042164319528,0.015491823965039765,0.940662419512119,0.6801100659420998,0.008922277918587795,-0.03349494875615222,0
2024-10-25 00:00:00+00:00,594.15478515625,596.9539794921875,567.056884765625,574.2536010742188,1712373877,584.554638671875,568.4391345214843,46.873355752607196,5.741314332835827,7.499293305945593,-1.7579789731097657,611.425203716182,584.554638671875,557.684073627568,-0.03349494875615222,-0.014111868039840547,-0.05163220642197952,0.9823779730478909,1.0102288287340193,1.028350448045694,0.018178167503683985,0.017324411525817058,1.0013508250347554,0.30832115773020075,-0.03355094237445244,0.014893228737924202,1
2024-10-26 00:00:00+00:00,574.2536010742188,586.1702270507812,571.3250122070312,582.8060913085938,1433826425,585.1678070068359,570.357201538086,50.34141744845326,4.8934474647265915,6.978124137701793,-2.0846766729752018,611.2399081944368,585.1678070068359,559.095705819235,0.014893228737924202,-0.01910056795161852,-0.026738485175914817,0.9959640368626523,1.0218264795060652,1.025967245488985,0.01983984230389081,0.017397041928169654,0.8380414062752938,0.4547079907129747,-0.0299786698204626,0.010140129096174899,1
2024-10-27 00:00:00+00:00,582.8060913085938,590.1192626953125,581.2571411132812,588.7158203125,1402058513,586.3961120605469,572.2669952392578,52.64194758582163,4.644829896408737,6.511465289443182,-1.8666353930344446,610.5425399557621,586.3961120605469,562.2496841653317,0.010140129096174899,0.025184377096160615,-0.00782801551305079,1.003955872496838,1.0287432705539223,1.0246897286386085,0.01952459853527747,0.017249588083276448,0.8267490146723417,0.5480341908546392,-0.005614137023211452,0.020179938458475988,1
2024-10-28 00:00:00+00:00,588.7158203125,603.7217407226562,585.1207885742188,600.5960693359375,1671332663,587.4057220458984,574.2189135742187,56.95874072947345,5.344823690662906,6.278136969687127,-0.9333132790242207,612.1776627780735,587.4057220458984,562.6337813137234,0.020179938458475988,0.030524694735772684,0.031113319537884543,1.022455258427,1.0459357139553875,1.0229647755585036,0.021106956535376004,0.016648180729938556,0.9994466370116821,0.7662356460611663,0.0020539723234103135,0.008445284358007843,1
2024-10-29 00:00:00+00:00,600.5960693359375,611.781494140625,599.9456787109375,605.6682739257812,1886358424,589.1752777099609,575.9613720703124,58.69006270735369,6.236962514517245,6.269902078653151,-0.03293956413590582,613.8514525257115,589.1752777099609,564.4991028942104,0.008445284358007843,0.028795648135092833,0.01937792820519557,1.027993360956906,1.0515779413273607,1.0229423469705106,0.020799156161571675,0.01606565382105027,1.1289520218330364,0.8341886726562866,0.012865689158180649,-0.01641233347599469,0
2024-10-30 00:00:00+00:00,605.6682739257812,606.065185546875,594.447509765625,595.7278442382812,1662620787,590.8253814697266,577.5262524414062,54.097421513870096,6.071886432613724,6.230298949445266,-0.15841251683154223,612.2545420634789,590.8253814697266,569.3962208759743,-0.01641233347599469,-0.008105655941170076,0.037395051809674396,1.0082976509173647,1.031516475173086,1.0230277480410637,0.020476382979415175,0.016250376415463025,0.9919758050892538,0.6143876529159049,-0.01616794364650287,-0.03305764463667238,0
2024-10-31 00:00:00+00:00,595.7278442382812,596.06884765625,571.4256591796875,576.0344848632812,1810695051,590.984243774414,578.4430615234374,46.35779435664835,4.302377797987106,5.844714719153634,-1.5423369211665285,611.8933408301878,590.984243774414,570.0751467186403,-0.03305764463667238,-0.04892742502495906,-0.011618969922067901,0.9747036252343145,0.9958361041555019,1.0216809277959822,0.02296581813040905,0.017711093901518055,1.0742909426541363,0.14250587026175163,-0.03804678144296214,-0.005680591844517191,0
2024-11-01 00:00:00+00:00,576.0344848632812,584.7971801757812,568.1642456054688,572.7622680664062,1708220753,590.7998687744141,579.0122314453125,45.20063036061209,2.6059491483382544,5.196961604990558,-2.5910124566523036,612.3051368942367,590.7998687744141,569.2946006545915,-0.005680591844517191,-0.03855044949466746,-0.027098901873615966,0.9694691863330539,0.9892058180475647,1.0203581836253746,0.019136818363972463,0.017705131912614462,1.006766049580218,0.0806236730575432,-0.03471478676241335,-0.008250305808621516,0
2024-11-02 00:00:00+00:00,572.7622680664062,576.4204711914062,562.9451293945312,568.0368041992188,1427236241,590.6106231689453,579.2326062011718,43.51149964195911,0.8701808761785514,4.331605459228157,-3.461424583049606,612.8723874398615,590.6106231689453,568.348858898029,-0.008250305808621516,-0.013884031033247424,-0.05421158545496085,0.9617788470369771,0.9806713194628676,1.019643260489762,0.018060928824701915,0.01771038029180054,0.8422866256733227,-0.0070087593914990145,-0.024784968297991705,-0.01830022730899139,0
2024-11-03 00:00:00+00:00,568.0368041992188,569.0484619140625,547.816650390625,557.6416015625,1584005358,589.0476806640625,579.3141369628906,39.972703934696305,-1.3289150559489826,3.1995013561927297,-4.528416412141713,615.7594368725823,589.0476806640625,562.3359244555426,-0.01830022730899139,-0.026399550645946457,-0.07929534108165359,0.9466832989374361,0.9625893206853005,1.0168018404525752,0.01767071358484457,0.01665242884153738,0.9415213720983561,-0.08786997860412643,-0.06145399230294479,-0.009989383126833284,0
2024-11-04 00:00:00+00:00,557.6416015625,564.1986083984375,543.9083251953125,552.0711059570312,1580672363,586.9417755126954,579.27611328125,38.180692403769555,-3.481079152998518,1.8633852543544802,-5.344464407352998,618.2007789390639,586.9417755126954,555.6827720863268,-0.009989383126833284,-0.02810680245392705,-0.07328302462858871,0.940589218538407,0.9530362003533708,1.01323317508817,0.012770747293061964,0.016498183453950096,0.9525706334941887,-0.05777001397058266,-0.03862839532166995,0.02090483357182249,1
2024-11-05 00:00:00+00:00,552.0711059570312,571.9705200195312,551.2522583007812,563.612060546875,1513727150,585.0814880371094,579.8721728515625,43.80192189589837,-4.206931237217873,0.6493219560400098,-4.856253193257882,617.2778037075877,585.0814880371094,552.885172366631,0.02090483357182249,0.010706624053237634,-0.021565417770699313,0.9633052353745422,0.9719591436424216,1.0089835578071107,0.016423591563140418,0.0170886706959155,0.9234929972445887,0.1665856474080944,-0.03293381975233267,0.0503594239686731,1
2024-11-06 00:00:00+00:00,563.612060546875,594.8584594726562,563.284912109375,591.9952392578125,2342544855,585.0792694091797,580.791806640625,54.709296506242644,-2.4634913349535736,0.02675929784129305,-2.490250632794867,617.2735722691734,585.0792694091797,552.884966549186,0.0503594239686731,0.07231701291733361,0.03357932647402739,1.0118205689557531,1.019289928833517,1.0073820992643714,0.0276845704933941,0.020591944933837147,1.4033097598633344,0.6074098401619211,0.0055704617273095725,0.01087960409310007,1
2024-11-07 00:00:00+00:00,591.9952392578125,610.3167114257812,588.6566162109375,598.4359130859375,1970633102,585.0328155517578,581.5796337890625,56.760164719975585,-0.5556884698538624,-0.08973025569773806,-0.4659582141561244,617.1428970990975,585.0328155517578,552.9227340044182,0.01087960409310007,0.06178691865690866,0.05351609026385784,1.0229099927010743,1.0289836134512726,1.0059375905930499,0.023800475802241684,0.020548124917964875,1.1688755902675199,0.7087054421587125,-0.0035966872916575188,-0.0008146031718834212,0
2024-11-08 00:00:00+00:00,598.4359130859375,605.9241333007812,589.5486450195312,597.9484252929688,1878681588,585.0314910888671,582.2141320800781,56.551432534274035,0.9064735916240352,0.1095105137666166,0.7969630778574186,617.1393270369983,585.0314910888671,552.923655140736,-0.0008146031718834212,0.01005613836121344,0.07228087649402393,1.0220790408736127,1.0270249249304146,1.0048390426366385,0.023481492913979704,0.02054146979874912,1.099787525351534,0.70114924943818,-0.012746001342904267,0.04419489777617902,1
2024-11-09 00:00:00+00:00,597.9484252929688,637.8369750976562,597.845703125,624.3746948242188,2739276599,585.9743347167969,583.3299243164063,64.23060129107698,4.149790456054006,0.9175665022240946,3.232223953829912,621.5367518893521,585.9743347167969,550.4119175442416,0.04419489777617902,0.04334429330038603,0.13096789179329926,1.065532494910346,1.0703628749303613,1.0045333014648434,0.02623400182842001,0.022651636901740126,1.5522017690976098,1.0399008723323901,0.04808714392486779,0.006290766494407629,1
2024-11-10 00:00:00+00:00,624.3746948242188,643.664306640625,613.567138671875,628.302490234375,2965668641,587.4485809326172,584.11521484375,65.21468572581006,6.956888026932688,2.1254308071658135,4.831457219766875,627.423605558453,587.4485809326172,547.4735563067815,0.006290766494407629,0.05076368405274101,0.11477829204848922,1.0695446556988855,1.0756482184810834,1.0057066927964868,0.022599611534306254,0.022465468789079183,1.6320060816164086,1.0109929222576886,0.09073763245875677,0.053453101521763635,1
2024-11-11 00:00:00+00:00,628.302490234375,664.1434936523438,614.0211791992188,661.88720703125,3375111971,590.8749084472656,585.591220703125,72.24583611229019,11.756022927777167,4.051549231288084,7.7044736964890825,642.9110787240204,590.8749084472656,538.8387381705109,0.053453101521763635,0.06008012899624671,0.11806170580199504,1.120181611317012,1.1302888151849606,1.0090228260898386,0.02250424713434435,0.024959816261380288,1.7773455065253052,1.1823359425405917,0.1556054648392282,-0.05270287965357112,0
2024-11-12 00:00:00+00:00,661.8871459960938,666.9176025390625,613.6227416992188,627.0038452148438,3603680244,593.101431274414,586.0439770507812,58.923501744281815,12.599338811428765,5.7611071473162205,6.838231664112545,647.3861403563263,593.101431274414,538.8167221925017,-0.05270287965357112,-0.0020669105084190065,0.04773766330565099,1.0571612411515896,1.0698921408085955,1.0120425334957777,0.03764205278588677,0.02773500971457899,1.8079932281992699,0.8122648579480554,0.10380848666795961,-0.009574965265173763,0
2024-11-13 00:00:00+00:00,627.0038452148438,638.8924560546875,600.5243530273438,621.0003051757812,3294001434,594.4437072753906,586.3335217285156,56.9761935049271,12.637559300502176,7.136397577953412,5.501161722548764,650.1471406077698,594.4437072753906,538.7402739430114,-0.009574965265173763,-0.061773216676687226,0.03855161901549975,1.0446747060745445,1.059124682731882,1.013832034578146,0.03525165531689003,0.02762650304560725,1.5850747763316122,0.7383748748656925,0.11361904032222747,0.0010947008635044941,1
2024-11-14 00:00:00+00:00,621.0,659.531982421875,612.5340576171875,621.6801147460938,3392713356,596.8150329589844,587.0200732421876,57.14888574323428,12.57771618159029,8.224661298680788,4.353054882909502,652.9358839435713,596.8150329589844,540.6941819743975,0.0010947008635044941,-0.008490746124413029,-0.00431564587812705,1.0416629615776085,1.0590440482085635,1.0166859025155615,0.03528417848221965,0.02630059483689359,1.569136376137708,0.7215315818530473,0.12608703487278738,-0.004525896198429802,0
2024-11-15 00:00:00+00:00,621.6801147460938,628.1688842773438,604.2251586914062,618.866455078125,2547491086,598.618051147461,587.4618640136719,56.14440993151672,12.163043266689328,9.012337692282497,3.1507055744068317,655.1593437004362,598.618051147461,542.0767585944857,-0.004525896198429802,-0.003436149837401814,-0.015018299788578049,1.033825247821797,1.0534580931771296,1.018990487412353,0.0354310715061017,0.026247438157487403,1.1486379071314279,0.679058551868908,0.0980362174607059,0.005666349886010336,1
2024-11-16 00:00:00+00:00,618.98779296875,633.4874877929688,617.8651733398438,622.3731689453125,2115528251,600.3009185791016,587.7519873046875,57.15515979706576,11.979284758474705,9.60572710552094,2.3735576529537656,657.5997106434279,600.3009185791016,543.0021265147752,0.005666349886010336,0.0011148083761722827,-0.059699050935232645,1.0367686433305074,1.0589044059202433,1.0213507253832708,0.031144443485159427,0.02620539043369667,0.938770298288402,0.6926065940572672,0.051314483078588546,-0.006383764105426737,0
2024-11-17 00:00:00+00:00,622.3731689453125,646.4497680664062,606.1865234375,618.4000854492188,2452647630,601.1911193847657,588.0886450195312,55.59186100970097,11.381857218065875,9.960953128029928,1.4209040900359469,659.0595973873277,601.1911193847657,543.3226413822036,-0.006383764105426737,-0.0007535868604275908,-0.013722020736056106,1.0286247842151495,1.0515422984041476,1.022279760842516,0.031083236729893157,0.025966667341392725,1.0698218526497836,0.6486903289878402,0.03336058536382369,0.001674321228259279,1
2024-11-18 00:00:00+00:00,618.4000854492188,629.09716796875,613.0554809570312,619.4354858398438,2284855769,601.8794799804688,588.549130859375,55.93015430724282,10.866675475766101,10.142097597577163,0.7245778781889385,660.2971210316921,601.8794799804688,543.4618389292455,0.001674321228259279,-0.004720131348925349,-0.0025198366617461554,1.0291686399741435,1.0524788048456883,1.0226495094838204,0.019864717218676983,0.025919286498911766,0.9880454766960404,0.6502628790161268,0.0359346385707886,-0.005566453909814806,0
2024-11-19 00:00:00+00:00,619.4354858398438,621.5847778320312,606.5615844726562,615.9874267578125,2075194269,602.8924591064454,589.5236779785156,54.44277368060797,10.064147454876093,10.12650756903695,-0.06236011416085674,661.5630250958839,602.8924591064454,544.2218931170069,-0.005566453909814806,-0.00390145271350284,-0.009156940769460276,1.021720237919007,1.0448900523725213,1.022677258992839,0.005411104970177367,0.02563802091935704,0.8894467537022082,0.6115974205338706,-0.013433068533899362,-0.016022947309136892,0
2024-11-20 00:00:00+00:00,615.9874267578125,620.4660034179688,600.7662353515625,606.1174926757812,2115915285,604.3966094970704,590.6860852050781,50.31779295639605,8.533349876924262,9.807876030614413,-1.2745261536901502,661.6943883322225,604.3966094970704,547.0988306619182,-0.016022947309136892,-0.021500210221256033,-0.020600506454553802,1.0028472747061616,1.0261245488207928,1.0232111854932762,0.0070986225267835,0.024677598311734404,0.9010066544210169,0.5150170147403265,-0.03530942166140083,0.02756703528044402,1
2024-11-21 00:00:00+00:00,606.1171264648438,629.3636474609375,594.548095703125,622.8263549804688,2698689844,606.8998138427735,592.2883654785156,56.34764517482034,8.56966158942214,9.560233142375958,-0.9905715529538188,662.7341962951913,606.8998138427735,551.0654313903557,0.02756703528044402,0.011102382817539391,0.0007281580533495813,1.0262424551374492,1.0515593269796566,1.024669484014688,0.013802052632260966,0.025188302894829876,1.1254324063883538,0.6426230616168085,-0.05901436322659892,0.017158992499990422,1
2024-11-22 00:00:00+00:00,622.8263549804688,639.73193359375,617.4517822265625,633.513427734375,2447537777,610.1736450195312,594.0701342773438,59.7154067698227,9.352980995942517,9.518782713089271,-0.1658017171467545,664.057757056562,610.1736450195312,556.2895329825005,0.017158992499990422,0.04519905033205851,0.02443942463911153,1.0382510501811277,1.066395011600797,1.0271070868791892,0.014915471201630734,0.025152249558600268,0.9994319754891386,0.7165738826576931,0.01038204561138012,0.027913911712759587,1
2024-11-23 00:00:00+00:00,633.5134887695312,679.4188842773438,632.2477416992188,651.197265625,3306614137,614.8514282226563,595.9863952636719,64.58431660744267,11.270782630548752,9.869182696581166,1.401599933967585,665.6913255505843,614.8514282226563,564.0115308947283,0.027913911712759587,0.045551878814474644,0.0512753636354768,1.0591132031804955,1.0926378031446542,1.0316534624093865,0.017597583484565988,0.024946720670203915,1.304353779545228,0.8574538828029628,0.04862632143259771,0.014005433951285617,1
2024-11-24 00:00:00+00:00,651.197265625,687.3417358398438,638.9230346679688,660.3175659179688,3110188599,620.2637512207032,597.9285632324219,66.81218103143243,13.372437123989357,10.569833582062806,2.802603541926551,665.7256798155925,620.2637512207032,574.8018226258139,0.014005433951285617,0.04231029211086024,0.07196598052899139,1.0645754561965586,1.104341900557936,1.037354275011611,0.016753614307342596,0.024606710945625557,1.1909426848572575,0.940520408341941,0.06215005153841102,-0.03585828647825795,0
2024-11-25 00:00:00+00:00,660.3167114257812,675.9611206054688,627.268798828125,636.6397094726562,2787672069,623.9151336669922,599.2505029296875,56.81898255487716,12.977808225788294,11.051428510807904,1.9263797149803903,661.2171558981278,623.9151336669922,586.6131114358567,-0.03585828647825795,-0.022355063389849827,0.05035693106650152,1.020394722164979,1.0623932835436531,1.0411591323106468,0.02408824629090193,0.02640312989355342,1.0420298987256709,0.6705614742120196,0.028719046328480546,-0.03620953713099928,0
2024-11-26 00:00:00+00:00,636.6397094726562,645.29296875,600.9912719726562,613.5872802734375,2637257322,624.9947357177734,600.2392541503906,49.1164302520155,10.681790569131522,10.977500922472627,-0.2957103533411054,659.5561019855164,624.9947357177734,590.4333694500305,-0.03620953713099928,-0.07076941165356876,-0.014834110074421925,0.9817479175544813,1.0222378427114707,1.0412426901376568,0.028528041118931577,0.025915666617782926,0.9804047380280297,0.33496810635372926,-0.014116753597787302,0.05111123887821112,1
2024-11-27 00:00:00+00:00,613.5872802734375,646.851806640625,608.6214599609375,644.948486328125,2393610865,627.3203643798828,601.530146484375,57.547864986639894,11.262935160795564,11.034587770137215,0.22834739065834952,660.592538030239,627.3203643798828,594.0481907295266,0.05111123887821112,0.013050987445239803,0.01805022292052283,1.0281006690507615,1.0721798235674591,1.0428743564162792,0.03322294924305719,0.028101264190125576,0.8828873888833354,0.7649078796818177,0.042930784622419615,0.014595191976103372,1
2024-11-28 00:00:00+00:00,644.948486328125,663.02197265625,641.6170654296875,654.3616333007812,2597378212,630.1410247802735,603.2118359375,59.70605871979826,12.340801648826414,11.295830545875054,1.0449711029513598,662.4807517897738,630.1410247802735,597.8012977707732,0.014595191976103372,0.06645240919787843,0.004859307375537192,1.03843680631483,1.0847957455672024,1.0446430047263922,0.03239105952526869,0.02816991314916146,0.9455148740944613,0.8744714436425608,0.056383833763711255,0.0006848202803808601,1
2024-11-29 00:00:00+00:00,654.3617553710938,663.32470703125,649.1632080078125,654.8097534179688,2098059690,631.6627777099609,605.053515625,59.81080641286163,13.080395497528457,11.652743536205735,1.4276519613227219,665.6807488160833,631.6627777099609,597.6448066038384,0.0006848202803808601,0.015290007339945566,-0.008341157019415513,1.0366445143276057,1.0822344412652032,1.0439783612487143,0.03217267191870846,0.02661206858097195,0.772768612171381,0.8402168758947817,0.06302454396592738,-0.0007339396180400248,0
2024-11-30 00:00:00+00:00,654.8097534179688,676.9244384765625,648.8923950195312,654.3291625976562,2273610461,632.964111328125,606.6829541015625,59.6317672199281,13.472447302184264,12.016684289401443,1.4557630127828212,668.4024500369121,632.964111328125,597.5257726193379,-0.0007339396180400248,-4.962195439428552e-05,0.027785657824662913,1.033753969438649,1.07853559783405,1.0433194258201672,0.030581162714411442,0.026608796935351,0.8482393348762531,0.8014397972362299,0.07954178934687817,0.0024503455006743557,1
2024-12-01 00:00:00+00:00,654.3291625976562,664.2872924804688,646.5952758789062,655.9324951171875,2055110342,632.6663757324219,608.2726086425781,60.06129890272939,13.753979403661333,12.364143312253422,1.3898360914079113,667.1692773608647,632.6663757324219,598.1634741039791,0.0024503455006743557,0.0017146074769935904,0.06901253693668385,1.0367747050850158,1.078352840153311,1.0401033463339422,0.0300751754748903,0.02374504859294308,0.7860770757754171,0.837161778961598,0.05315468729282813,-0.01271169328761923,0
2024-12-02 00:00:00+00:00,655.9324951171875,667.4237060546875,629.906005859375,647.594482421875,2641248821,633.6959075927734,609.7880639648438,56.68348555158582,13.152671867544086,12.521849023311555,0.6308228442325312,668.7123667277036,633.6959075927734,598.6794484578433,-0.01271169328761923,-0.010292495827398107,0.0041026471878620185,1.0219325620736581,1.0619992759635435,1.039206808136717,0.026622420092707263,0.020559759216727962,1.0292185425927871,0.6984577420513263,0.022226923804690157,0.1391335384443706,1
2024-12-03 00:00:00+00:00,647.6990966796875,744.779296875,625.9749755859375,737.6965942382812,4177512806,639.5307220458984,612.7639868164063,73.81869266290863,19.71930682753532,13.961340584156309,5.757966243379011,697.2018171631562,639.5307220458984,581.8596269286406,0.1391335384443706,0.1246532222900254,0.12735306701454263,1.1534967262844609,1.2038837302938739,1.0436819653331093,0.053144704727055826,0.03674362862105683,1.6003087135330416,1.351083822778035,0.13283122208792109,0.002109474756836649,1
2024-12-04 00:00:00+00:00,737.6965942382812,793.3505249023438,723.5433349609375,739.2527465820312,5614818578,645.4093536376953,615.6652575683594,74.0099179537059,24.76352236118896,16.121776939562842,8.64174542162612,717.5684746877232,645.4093536376953,573.2502325876674,0.002109474756836649,0.14153651188838512,0.1289580564786763,1.145401352514354,1.2007381243206654,1.048312123680348,0.05278689131648161,0.036732470182696396,2.0630980802389813,1.1502531598138115,0.11954124006125344,-0.033724306400052084,0
2024-12-05 00:00:00+00:00,739.253662109375,739.947509765625,695.9388427734375,714.3219604492188,3771629643,650.18212890625,617.9353405761718,65.72728798339088,26.44455703523829,18.186332958697932,8.258224076540358,727.3992435952104,650.18212890625,572.9650142172896,-0.033724306400052084,-0.03168597221625824,0.09168596064615842,1.0986490226221168,1.1559817242094854,1.0521847290689197,0.05674298630021287,0.037873536709793404,1.355358618809232,0.9153213429518285,0.12201917320066102,0.024756800365977494,1
2024-12-06 00:00:00+00:00,717.95849609375,746.1255493164062,708.4383544921875,732.0062866210938,2870854029,655.663784790039,620.7346740722656,68.42650739729807,28.87095999830126,20.3232583666186,8.54770163168266,739.8223779482915,655.663784790039,571.5051916317865,0.024756800365977494,-0.009802411955101786,0.11597808016862321,1.1164354408494617,1.1792579296704053,1.0562705970469228,0.05653859916515698,0.03805592005274598,1.0178455448336758,0.9535633199541469,0.19299455864678983,0.024953825883369918,1
2024-12-07 00:00:00+00:00,732.0062866210938,761.0914306640625,730.8739624023438,750.2726440429688,2326982728,662.2574127197265,623.7528271484375,70.96975442192098,31.9001194930637,22.63863059190762,9.261488901156078,754.4076461047716,662.2574127197265,570.1071793346814,0.024953825883369918,0.050328403135109445,0.1585531754950995,1.132901843954884,1.2028364624380656,1.0617305187173538,0.05600215568524296,0.038043092792751435,0.8268609489842408,0.9775638003838526,0.16330631042253319,-0.009299272473133335,0
2024-12-08 00:00:00+00:00,751.73193359375,757.5942993164062,729.051513671875,743.295654296875,2035017685,668.4504211425781,626.6592419433593,68.6936949099857,33.3532894936244,24.781562372250978,8.571727121373424,765.0252607296889,668.4504211425781,571.8755815554673,-0.009299272473133335,0.01542250098410003,0.007589922608189692,1.111968263893625,1.1861241397985445,1.0666888420405616,0.05682073487789258,0.03825357401779187,0.7263393243017309,0.8874986149305809,0.13590958954528842,-0.07180356369223717,0
2024-12-09 00:00:00+00:00,743.295654296875,743.295654296875,662.2440795898438,689.9243774414062,3267965774,672.1472686767578,628.347373046875,54.33763571359241,29.854180776321073,25.796086053065,4.0580947232560725,765.8851503429966,672.1472686767578,578.409387010519,-0.07180356369223717,-0.08043511526205438,-0.06672733969362565,1.0264482347739743,1.0979983477864204,1.0697064991574579,0.0660174839612039,0.04230783772982727,1.1420928049290295,0.5948235038420501,0.053625688744168176,-0.01875780550493067,0
2024-12-10 00:00:00+00:00,689.9243774414062,704.5599975585938,650.5972900390625,676.98291015625,3102408468,675.6905395507813,629.9106799316406,51.52571543709931,25.740127487580025,25.78489433996801,-0.04476685238798339,764.1267924429015,675.6905395507813,587.254286658661,-0.01875780550493067,-0.08921449191486786,-0.05227201788600644,1.0019126664202342,1.074728420590865,1.0726767477955903,0.03419645395971387,0.04238882065923687,1.065860281982885,0.507306791972774,0.034621332585360376,0.05144663282991724,1
2024-12-11 00:00:00+00:00,676.98291015625,712.8771362304688,660.154052734375,711.8114013671875,2276828057,680.1397918701172,632.2796948242187,57.84777514703541,25.00187275695953,25.628290023366315,-0.6264172664067864,766.302171187371,680.1397918701172,593.9774125528634,0.05144663282991724,0.031723801392479434,-0.02758840412030461,1.0465663233877052,1.1257856407441322,1.0756945026665836,0.04176030573865831,0.043342968225082414,0.7879346619316439,0.6837902443504609,0.08519002590352964,-0.008242615233095218,0
2024-12-12 00:00:00+00:00,711.8114013671875,725.2216796875,700.1067504882812,705.9442138671875,2393129125,683.7613311767578,634.749111328125,56.510693847757146,23.67050867733417,25.236733754159886,-1.5662250768257167,767.7329160558324,683.7613311767578,599.7897462976832,-0.008242615233095218,0.042779962797366844,-0.05908309536238743,1.0324424352167632,1.1121625871836143,1.0772151058960626,0.03986953809726971,0.04341902341134904,0.8289630320151111,0.6320856497014715,0.09010226774492591,0.028770839835762674,1
2024-12-13 00:00:00+00:00,705.9443359375,729.6268920898438,698.5020751953125,726.2548217773438,2449855057,687.514208984375,637.3911120605469,59.96081262786853,23.97788720975018,24.984964445277946,-1.0070772355277668,772.0649413228599,687.514208984375,602.9634766458902,0.028770839835762674,0.02029107763996829,-0.022926048902641716,1.0563488176487261,1.1394178676723619,1.078637897478349,0.040327837422450115,0.0434419009719236,0.8613945251038826,0.7290968494387315,-0.015510133231334544,-0.01453917103168434,0
2024-12-14 00:00:00+00:00,726.2548217773438,731.6613159179688,705.5390014648438,715.6956787109375,1957844883,690.2831146240235,640.2199536132813,57.410837828711045,23.103133767345753,24.60859830969151,-1.5054645423457558,774.7107556243363,690.2831146240235,605.8554736237106,-0.01453917103168434,0.013813364642980996,0.0373538058839209,1.0368146975473325,1.1178903042176136,1.078196814591915,0.03892472155323964,0.043645019535475525,0.7026331348186114,0.6504990769955294,-0.03186605390377095,0.004804554135363626,1
2024-12-15 00:00:00+00:00,715.6956787109375,723.0733032226562,703.1802978515625,719.13427734375,1831103596,694.4078430175781,642.9465173339844,58.0366954634579,22.42880621745462,24.17263989124413,-1.74383367378951,775.8069677649786,694.4078430175781,613.0087182701776,0.004804554135363626,-0.00980447113062577,0.062263561686913604,1.0356079421838356,1.1184978189565171,1.0800398233697277,0.03909380270587216,0.042580218957119616,0.6686248578806213,0.6518839078608246,0.006736901790762362,0.0016576565382502295,1
2024-12-16 00:00:00+00:00,719.13427734375,730.0011596679688,704.34130859375,720.3263549804688,2276490785,699.7447967529297,645.5787280273438,58.265664994004425,21.73998249306203,23.686108411607712,-1.9461259185456825,772.3544634537628,699.7447967529297,627.1351300520965,0.0016576565382502295,0.00647017497418978,0.0119623731748697,1.0294129492967221,1.1157839062967994,1.0839031188203767,0.025299679155696718,0.04138571317069796,0.8367688724126077,0.6417273977605443,-0.015956053730821096,-0.00505862355040454,0
2024-12-17 00:00:00+00:00,720.3263549804688,735.7572021484375,713.72900390625,716.6824951171875,2363860623,703.3314971923828,647.9004565429688,57.237575197197046,20.661878417984894,23.08126241288315,-2.4193839948982543,771.4949835689473,703.3314971923828,635.1680108158183,-0.00505862355040454,-0.0034093524725571367,0.01521123204789121,1.0189825110607165,1.1061614293980007,1.0855548720326267,0.02349002155836494,0.040256125538359985,0.8693587055975528,0.5979336491904773,-0.04477058998816108,-0.0405461498198878,0
2024-12-18 00:00:00+00:00,716.7249145507812,721.7589111328125,686.6619262695312,687.623779296875,2702479586,704.9946044921875,649.5395666503906,49.70538589733327,17.263672784688765,21.91774448724427,-4.654071702555505,769.6607193810582,704.9946044921875,640.3284896033167,-0.0405461498198878,-0.04539966566193521,-0.053192132185681085,0.9753603430655688,1.058632629329851,1.0853759196345387,0.020997931490746573,0.041507077608563196,0.9919756907940457,0.3656883498787241,-0.07489869566459817,-0.03061913213778622,0
2024-12-19 00:00:00+00:00,687.6243896484375,704.4877319335938,651.0365600585938,666.5693359375,2806454484,705.5825836181641,650.956396484375,45.07683113358584,12.724967216718255,20.079189033139066,-7.354221816420811,768.5180945839718,705.5825836181641,642.6470726523564,-0.03061913213778622,-0.06992379403866045,-0.06864138520707652,0.9447077513157883,1.0239846163851312,1.0839168144422717,0.023207683731044735,0.042194133597835026,1.0169196606845767,0.1900537782090967,-0.03385159630178414,0.017278432007407307,1
2024-12-20 00:00:00+00:00,666.5693359375,679.4436645507812,619.5003662109375,678.0866088867188,3064285256,706.7704559326172,652.9974389648437,47.933069889036624,9.942744260932955,18.051900078697845,-8.10915581776489,766.4451313599048,706.7704559326172,647.0957805053296,0.017278432007407307,-0.013869750723147556,-0.0570792823402162,0.959415611100992,1.0384215441359883,1.082347975289178,0.02041714650540356,0.0423314049936069,1.0946635966629383,0.2596648256524735,0.0016303199296625603,-0.02183663371639255,0
2024-12-21 00:00:00+00:00,678.0866088867188,692.6364135742188,652.6074829101562,663.2794799804688,2185739949,707.1378051757813,654.807783203125,44.71359950065216,6.468436855634764,15.735207434085229,-9.266770578450465,765.5723579227247,707.1378051757813,648.7032524288379,-0.02183663371639255,-0.004935504499924526,-0.07919587365583314,0.9379776828868452,1.0129376849125138,1.0799166157077018,0.020893626142642906,0.042682911707800864,0.7790006725684303,0.12472267576646504,-0.06818087107554438,-0.021973796124124645,0
2024-12-22 00:00:00+00:00,663.2660522460938,668.8275146484375,639.608642578125,648.7047119140625,1091595586,707.1933166503907,656.4211413574219,41.74169563987513,2.510027198258854,13.090171386919955,-10.580144188661102,765.3913325472512,707.1933166503907,648.9953007535302,-0.021973796124124645,-0.043330596103196006,-0.09485062585770243,0.9172947433760283,0.9882446969526263,1.0773469531891924,0.020033169582312077,0.042893676855493154,0.4000947285790825,-0.0024965528033004235,-0.08108218868962036,0.06828379645511284,1
2024-12-23 00:00:00+00:00,648.7047119140625,697.39990234375,637.9652709960938,693.000732421875,1738271695,704.9585235595703,659.1283239746094,52.1508823755141,2.913690473607403,11.054875204257446,-8.141184730650043,761.6374651765085,704.9585235595703,648.279581942632,0.06828379645511284,0.04480954610910226,0.007819614863375124,0.9830375962016653,1.0513897024527965,1.0695315281076077,0.037323490526332714,0.032559404443986445,0.6669292947416164,0.3945129284654661,-0.04578845930975983,0.005397422117285222,1
2024-12-24 00:00:00+00:00,693.000732421875,698.4424438476562,681.998046875,696.7411499023438,1145844254,702.8329437255859,662.0217248535156,52.915903193124265,3.495127306312611,9.542925624668479,-6.047798318355868,757.2397084227752,702.8329437255859,648.4261790283966,0.005397422117285222,0.07404977504563726,0.04526432936253877,0.9913325152475769,1.052444540330622,1.0616463438282189,0.03752591361872497,0.03259280845399316,0.4808547720346284,0.44401620959133364,-0.02648406211245169,0.008017059750913935,1
2024-12-25 00:00:00+00:00,696.7411499023438,711.9866333007812,695.9627075195312,702.3269653320312,893387310,702.2331939697266,664.7960229492187,54.0962209667038,4.356430587793852,8.505626617293554,-4.149196029499702,756.3704867419261,702.2331939697266,648.095901197527,0.008017059750913935,0.01345775332381427,0.035748171586975186,1.000133533081475,1.0564548238665974,1.056313771033747,0.03382741410090787,0.03181203467257371,0.3990081961514138,0.500866051454579,-0.023371590732400582,-0.019886546579559683,0
2024-12-26 00:00:00+00:00,702.3269653320312,718.1624145507812,683.262451171875,688.360107421875,1253518341,700.0508850097656,666.7233203125,50.67548588674416,3.8674296150639975,7.577987216847643,-3.7105576017836457,752.6312430849439,700.0508850097656,647.4705269345873,-0.019886546579559683,-0.012028918460813554,0.03781306100732196,0.9833001031236073,1.0324524228419572,1.0499870991187836,0.03222829757816321,0.03152141833106428,0.5808291844218595,0.38882942208975313,-0.044377451050587324,0.003006093583914682,1
2024-12-27 00:00:00+00:00,688.3508911132812,709.6464233398438,685.1991577148438,690.4293823242188,1884726979,697.0587219238281,668.5631896972657,51.168160020389834,3.605306285447682,6.783451030567651,-3.178144745119969,744.1277288182375,697.0587219238281,649.9897150294187,0.003006093583914682,-0.01694023381572396,0.06431997431781222,0.9904895536185059,1.0327062467152197,1.0426220477969563,0.03177324742560863,0.030887426526676063,0.8823461397862487,0.42957850571947437,-0.036631441359086025,0.04421837173725773,1
2024-12-28 00:00:00+00:00,690.4293823242188,729.3158569335938,690.4293823242188,720.9590454101562,1890880986,695.9418914794921,671.0234020996094,57.8564695666154,5.794267612000226,6.585614346854166,-0.7913467348539402,739.3057365708919,695.9418914794921,652.5780463880924,0.04421837173725773,0.047357389884742807,0.040343843347139696,1.0359471878858744,1.0744171412715264,1.0371350526701657,0.03295418117105047,0.03264458530338909,0.8882239737102541,0.7884563612605666,0.048478931527597746,-0.0377338060764838,0
2024-12-29 00:00:00+00:00,720.9590454101562,722.7669677734375,689.4752197265625,693.7545166015625,1647228348,696.1333984375,672.4109985351563,51.13539421616091,5.273072420300309,6.323105961543396,-1.0500335412430868,739.4191081874261,696.1333984375,652.8476886875739,-0.0377338060764838,0.004816038196622241,-0.00428657515233577,0.9965827212984222,1.0317417741721997,1.0352796131443758,0.03608648867017276,0.029493269509318278,0.8043905791130254,0.4725211640321834,0.04078372526067042,0.014979051551079037,1
2024-12-30 00:00:00+00:00,693.7542724609375,711.03564453125,686.9070434570312,704.1463012695312,1790325219,697.491567993164,673.9278747558594,53.364041578326116,5.633610891253056,6.185206947485328,-0.5515960562322721,739.9438274834176,697.491567993164,655.0393085029104,0.014979051551079037,-0.02331997115184281,0.002590440104545788,1.0095409515781164,1.0448392589854203,1.0349647107946691,0.025997178187623714,0.029286820914050958,0.9032045140045344,0.5783790233579327,0.03843121518886394,-0.0044868854986935824,0
2024-12-31 00:00:00+00:00,704.1463012695312,713.5983276367188,698.0257568359375,700.9868774414062,2372886701,696.950341796875,674.7098681640625,52.57887700500894,5.599849548687644,6.068135467725792,-0.46828591903814853,738.9070215600241,696.950341796875,654.993662033726,-0.0044868854986935824,0.010424956763196658,0.018343262317775055,1.0057917119806905,1.0389456424416106,1.0329630181537592,0.026086361302157007,0.026929580545026838,1.1942084291895936,0.5481036114787681,0.05684993822219231,0.00788326028568287,1
2025-01-01 00:00:00+00:00,700.9868774414062,709.198974609375,699.7586059570312,706.512939453125,1420234997,696.9787780761719,676.3000500488281,53.8576808949157,5.950407864721342,6.044589947124902,-0.09418208240356041,738.9618862237639,696.9787780761719,654.9956699285799,0.00788326028568287,0.003361003500731208,0.023295006760522874,1.0136792706992739,1.0446737944232232,1.030576262748836,0.026080547106450438,0.026924621880224164,0.7327027940489232,0.6135475885138809,0.08911331531490507,-0.0011809416917166748,0
2025-01-02 00:00:00+00:00,706.512451171875,714.4386596679688,697.7047119140625,705.6785888671875,1880664942,695.9499664306641,677.9936157226563,53.62255680007079,6.0906930186934005,6.053810561438603,0.036882457254797885,735.8701299447181,695.9499664306641,656.02980291661,-0.0011809416917166748,0.006693008923228216,-0.021194624910039983,1.0139789107059216,1.0408336782272243,1.026484542467068,0.024476034307033042,0.026082216769139004,0.9846974091497293,0.6218509843164651,0.01829414580992772,0.01128695973771654,1
2025-01-03 00:00:00+00:00,705.6785888671875,715.0968627929688,697.5460815429688,713.6435546875,1822243906,695.8473602294922,679.8328845214844,55.614647841375096,6.766575321360847,6.1963635134230515,0.5702118079377954,735.5638602144012,695.8473602294922,656.1308602445832,0.01128695973771654,0.010092688804672845,0.028668697082314232,1.025574853732489,1.0497337962546693,1.0235564887675006,0.024630212671968667,0.026021956649421217,0.9575078575960535,0.724040316553193,0.024259231405415527,0.0002769335400556461,1
2025-01-04 00:00:00+00:00,713.6435546875,721.15625,708.851318359375,713.8411865234375,1524500208,695.5827056884766,681.7323791503907,55.66553421846558,7.234766271088233,6.404044064956088,0.8307222061321449,734.71204102382,695.5827056884766,656.4533703531332,0.0002769335400556461,0.011567019015488622,0.013768282580519209,1.026249187459152,1.0470988445833576,1.0203163689472208,0.017549209317940892,0.025999241403867664,0.8075620009637742,0.7333093659588564,0.016394388596432163,-0.006420035476668362,0
2025-01-05 00:00:00+00:00,713.8411865234375,713.8411865234375,703.0022583007812,709.25830078125,1411808759,695.0293029785156,683.4700817871094,54.116162368476694,7.153548736357379,6.553944999236347,0.5996037371210319,732.9805094017524,695.0293029785156,657.0780965552788,-0.006420035476668362,-0.006144879859764529,0.011799683569019725,1.0204725149598106,1.0377313062873368,1.0169125489168183,0.00822037728179518,0.026034005141228327,0.7653959647560038,0.6874643673253854,0.03035939057776793,0.028398377073320935,1
2025-01-06 00:00:00+00:00,709.25830078125,745.153564453125,706.1865844726562,729.4000854492188,2056633884,695.6651824951172,685.6900817871094,59.45721068394037,8.615146895066005,6.966185378402279,1.648961516663726,735.5222955242004,695.6651824951172,655.8080694660339,0.028398377073320935,0.02179602300836203,0.0323945178043159,1.0484930161850359,1.063746005408432,1.0145475353559288,0.012084223167283038,0.026786706520737443,1.124344035013447,0.9231980240200239,0.056444155076093905,-0.04391442995940498,0
2025-01-07 00:00:00+00:00,729.3932495117188,733.0914306640625,691.5519409179688,697.368896484375,2200352831,696.1524383544922,687.24875,49.57433250778112,7.106900784094364,6.994328459540696,0.1125723245536685,735.8335091189682,696.1524383544922,656.4713675900163,-0.04391442995940498,-0.01676315142703133,-0.011775463382206142,1.0017474019523054,1.0147255946036642,1.0129555540908475,0.02223079847055867,0.027072168575979577,1.2196542104559371,0.5153279398268127,-0.032720511762718396,-0.002196453396433262,0
2025-01-08 00:00:00+00:00,697.368896484375,706.7611083984375,677.1226196289062,695.837158203125,2189465209,697.6158294677734,688.8457446289062,49.15357659753834,5.722046209938753,6.739872009620308,-1.017825799681555,734.7823090534768,697.6158294677734,660.4493498820701,-0.002196453396433262,-0.04601442735700145,-0.024951386959800037,0.9974503570740282,1.0101494618043771,1.012731565676713,0.021919723611117773,0.026048974309549312,1.2347329424034348,0.4760715665772575,0.003001986367979992,-0.015400773784107424,0
2025-01-09 00:00:00+00:00,695.837158203125,700.9730224609375,675.7342529296875,685.1207275390625,1931492677,697.9675354003906,690.4258093261719,46.19924970609809,3.7169657218297516,6.135290752062198,-2.418325030232446,734.4833211640948,697.9675354003906,661.4517496366864,-0.015400773784107424,-0.01756340009865487,-0.04023368156193108,0.9815939750636704,0.9923162174480601,1.010923296858759,0.022486613483962643,0.026096075768001555,1.125191525374212,0.32409240835647707,-0.027019347678411187,0.012412006822617228,1
2025-01-10 00:00:00+00:00,685.120361328125,700.4706420898438,683.6865844726562,693.6244506835938,1680784122,699.4847839355468,691.8417712402344,48.82759770534949,2.7820348127971783,5.464639564209194,-2.6826047514120157,732.2622560801753,699.4847839355468,666.7073117909183,0.012412006822617228,-0.0031799214707722845,-0.022042533841952205,0.9916219289017543,1.0025767155402652,1.0110473420557002,0.0226176881301295,0.02564988517332123,0.9937574875279639,0.4106042524253437,-0.010502945197327085,0.004373240054440508,1
2025-01-11 00:00:00+00:00,693.6244506835938,700.7665405273438,690.4573364257812,696.6578369140625,1290072226,701.8824401855469,693.1046594238281,49.77026556069118,2.2598145142728754,4.82367455422193,-2.5638600399490548,724.4428784791774,701.8824401855469,679.3220018919164,0.004373240054440508,0.01683952756245022,-0.044889285302168735,0.9925562986443951,1.005126466027783,1.0126644376752794,0.02279410841396922,0.024992320247670563,0.7583012237552916,0.3842087373595159,-0.01394893424979704,-0.005181249552086764,0
2025-01-12 00:00:00+00:00,696.6578369140625,697.9985961914062,689.8890991210938,693.0482788085938,1291862069,701.8848175048828,693.9416796875,48.62245353070615,1.5369727276506637,4.166334188907677,-2.6293614612570133,724.4413247811957,701.8848175048828,679.3283102285699,-0.005181249552086764,-0.000830668345719543,-0.0061955984810373455,0.9874102723468191,0.9987125706596719,1.0114464054399497,0.022770188695741052,0.019907676783341408,0.7694483926616075,0.3041244021504942,-0.01789810582019913,-0.006898165488511854,0
2025-01-13 00:00:00+00:00,693.048095703125,699.4813842773438,659.7593994140625,688.2675170898438,2127442444,701.4611358642578,694.5006787109374,47.07396035510249,0.5717570286286673,3.4474187568518753,-2.875661728223208,724.7314672302343,701.4611358642578,678.1908044982813,-0.006898165488511854,-0.012043673923751164,-0.010878466353864358,0.9811912334128697,0.9910249740393875,1.010022246725863,0.01806060448196984,0.019928319796253677,1.2311405770111215,0.2165141620264073,-0.03555842049013991,0.015040914462059574,1
2025-01-14 00:00:00+00:00,688.2675170898438,699.8079223632812,686.4327392578125,698.6196899414062,1566844744,701.2757720947266,695.7402783203125,50.7328472921578,0.6348325115295665,2.8849015077874136,-2.250068996257847,724.5761063532971,701.2757720947266,677.9754378361561,0.015040914462059574,0.008038994256489795,0.019703041901580898,0.9962124997625591,1.004138630047473,1.0079562646391238,0.010917802455289505,0.020145580040043475,0.8893943896436568,0.4430033465647959,-0.021323365574019704,0.022055995076088575,1
2025-01-15 00:00:00+00:00,698.6196899414062,714.6610107421875,688.7565307617188,714.0284423828125,1856118408,702.5591888427734,697.7491015625,55.64775987705297,1.9062042953214586,2.6891620652942225,-0.7829577699727639,725.6911877470801,702.5591888427734,679.4271899384668,0.022055995076088575,0.03742865187346345,0.029416482765435736,1.0163249641057728,1.0233312243381718,1.006893720492799,0.013527210107004077,0.020157341355065226,1.0358795083691021,0.7479088293987369,0.00672553510661511,-0.008025461416803714,0
2025-01-16 00:00:00+00:00,714.0716552734375,717.0333251953125,701.2029418945312,708.2980346679688,1899114340,703.4526214599609,699.0160925292969,53.509824427024434,2.4234436324892386,2.636018378733226,-0.21257474624398753,725.9845274069355,703.4526214599609,680.9207155129864,-0.008025461416803714,0.013853524121792526,0.01670862959852437,1.0068880448521913,1.0132785814774112,1.006346819448192,0.011984231697213478,0.020279669151421917,1.0594497318108134,0.607523376393696,-0.02893069414470084,0.01899264568704817,1
2025-01-17 00:00:00+00:00,708.2980346679688,729.853515625,708.1862182617188,721.75048828125,1946000436,703.4921936035156,700.3638696289063,57.62559518442444,3.874200738936679,2.883654850773917,0.990545888162762,726.1559507278689,703.4921936035156,680.8284364791623,0.01899264568704817,0.01081475952507982,0.04141444449151166,1.0259537985549056,1.0305364390994007,1.0044667123908988,0.012901548228552499,0.018154391714025164,1.0839393369119064,0.9028082055758304,0.034962258741089824,-0.01707723193597377,0
2025-01-18 00:00:00+00:00,721.75048828125,723.0932006835938,695.2164306640625,709.4249877929688,2200623289,704.2757171630859,701.4561743164063,52.996217556479884,3.983452555590361,3.103614391737206,0.8798381638531549,726.6030215392007,704.2757171630859,681.9484127869712,-0.01707723193597377,0.001591071935598709,0.03074018485222685,1.0073114413920514,1.0113603868186467,1.0040195566735546,0.015560721446464174,0.01638309738138237,1.2071613788323114,0.6153133074898064,0.01952731243173611,-0.03837052369055427,0
2025-01-19 00:00:00+00:00,709.4248046875,713.4689331054688,676.8472900390625,682.2039794921875,2841079952,703.1786010742187,702.0136706542969,44.494645113527824,1.8521767918739442,2.853326871764554,-1.0011500798906097,727.5916564876128,703.1786010742187,678.7655456608246,-0.03837052369055427,-0.05479249329395963,-0.023497348679931362,0.9701717009732818,0.9717816162416806,1.0016594127274416,0.02206127685145391,0.01826452288869229,1.5148295513299372,0.0704220297938702,-0.004257276023967194,-0.0005872653600220712,0
2025-01-20 00:00:00+00:00,682.2048950195312,707.5763549804688,672.1893920898438,681.8033447265625,2865652878,702.2194244384766,702.5310876464844,44.38179853609247,0.12930694678266264,2.3085228867681757,-2.179215939985513,728.4358700183722,702.2194244384766,676.0029788585811,-0.0005872653600220712,-0.03893525537116693,-0.04513139217355311,0.97092635292987,0.9704956217818618,0.9995563709371896,0.02195837707101646,0.018250887285420743,1.5081195995276795,0.1106245667496118,-0.01704251622817088,0.014686411714395442,1
2025-01-21 00:00:00+00:00,681.8033447265625,696.9175415039062,675.4456787109375,691.8165893554688,2008007873,701.4846069335938,703.4155297851562,47.93590049413976,-0.423216089051607,1.7621750916042194,-2.1853911806558264,728.0162966680299,701.4846069335938,674.9529171991577,0.014686411714395442,0.014090521533510536,-0.023269082371838112,0.9862177765804627,0.9835105425761212,0.9972549328671316,0.021915208654668415,0.01849142507775595,1.0406675601011923,0.3178024529365595,-0.0069492472517623805,0.004577262276281413,1
2025-01-22 00:00:00+00:00,691.8165893554688,703.270263671875,690.2745361328125,694.9832153320312,1762077789,700.949838256836,702.5612622070313,49.04483970714141,-0.5986731920557986,1.2900054348722159,-1.8886786269280145,727.5566407836357,700.949838256836,674.3430357300363,0.004577262276281413,0.0193308975489912,-0.0370866017880519,0.9914878032647203,0.9892136852931597,0.9977063580973236,0.019710075018210538,0.018531382819641198,0.916027050501139,0.38787410815721224,0.0027919216923297796,-0.006877115698665226,0
2025-01-23 00:00:00+00:00,694.96484375,697.00146484375,681.0576782226562,690.2037353515625,2277458782,699.7778472900391,701.5802819824219,47.40368309912525,-1.1105861550503278,0.8098871168877072,-1.920473271938035,726.0937670370752,699.7778472900391,673.461927543003,-0.006877115698665226,-0.0023313317846408443,-0.027094129431786462,0.9863183552100809,0.9837843979897594,0.9974308931726391,0.019672683944708173,0.01836256128604875,1.1701059902369644,0.31809277368018135,0.002813176873297074,-0.014474768882107636,0
2025-01-24 00:00:00+00:00,690.2037353515625,690.8380126953125,679.0867309570312,680.2131958007812,1730218663,698.0964477539062,700.8981066894531,44.08304695381159,-2.295967430335736,0.1887162074430186,-2.4846836377787547,724.92126831888,698.0964477539062,671.2716271889324,-0.014474768882107636,-0.021252339920459162,-0.0029181648762707235,0.9743828349067475,0.970487991490842,0.9960027585910026,0.017200357417440283,0.018582103660643032,0.8842734974072836,0.1666659538353859,-0.02634694441859886,0.008902058779429955,1
2025-01-25 00:00:00+00:00,680.2141723632812,689.459716796875,678.1116333007812,686.2684936523438,1457363671,696.9469573974609,699.9833508300782,46.52798040434364,-2.7154763794479777,-0.3921223099351807,-2.323354069512797,723.7281338810438,696.9469573974609,670.1657809138779,0.008902058779429955,-0.0057015653460847915,0.006549027604978885,0.9846782260374697,0.9804068808758514,0.9956621919235414,0.01778454192103635,0.01871625261007943,0.743957775552749,0.30063490206147003,-0.038877931301769864,-0.028421383011810075,0
2025-01-26 00:00:00+00:00,686.2691650390625,690.3150024414062,665.041015625,666.7637939453125,1529267261,693.8151428222657,698.313173828125,40.400294250013914,-4.5691363432227945,-1.2275251165927035,-3.341611226630091,719.2316803343084,693.8151428222657,668.3986053102229,-0.028421383011810075,-0.019772333054543956,-0.03621305963983412,0.9610107257577067,0.9548205861420886,0.9935587195338142,0.014778641573143356,0.018249098210249594,0.7913147937037505,-0.0321603869948028,-0.058639497343976665,0.019541464509534645,1
2025-01-27 00:00:00+00:00,666.7637939453125,679.913330078125,639.9559936523438,679.7933349609375,2295184879,692.9363647460938,697.0431274414062,45.55837269013367,-4.929970520509642,-1.9680141973760912,-2.9619563231335504,719.0415717814161,692.9363647460938,666.8311577107714,0.019541464509534645,-0.009435313949712643,-0.021856470826905783,0.9810328473813433,0.975252905019254,0.9941083090362186,0.017135423177633106,0.01642812174215956,1.184729818222944,0.24826804155636936,-0.058132490384908087,-0.02702111578531141,0
2025-01-28 00:00:00+00:00,679.7933349609375,682.856689453125,659.5821533203125,661.424560546875,1659082131,691.2157348632812,696.4731311035156,40.26742538766637,-6.621808697904385,-2.89877309748175,-3.7230356004226346,720.818034100202,691.2157348632812,661.6134356263605,-0.02702111578531141,-0.008007683450903524,-0.04169663728352402,0.9569003238586593,0.9496770672242467,0.992451401202076,0.018271396719723287,0.017419536267965312,0.868271427515063,-0.003190209618073955,-0.06766103262788048,0.009466188295785383,1
2025-01-29 00:00:00+00:00,661.426025390625,678.9920654296875,660.2319946289062,667.6857299804688,1716776649,690.3439849853515,696.2871875,42.709763610874475,-7.3723942245462695,-3.793497322894654,-3.5788969016516154,721.678242777381,690.3439849853515,659.0097271933221,0.009466188295785383,-0.0178107144595121,-0.018416969705453257,0.9671783118304949,0.9589229013071116,0.9914644379196645,0.018839015557322928,0.017329042508431758,0.9035421046579336,0.13844276837081487,-0.021281390827602165,0.014779196923988991,1
2025-01-30 00:00:00+00:00,667.7298583984375,682.32470703125,666.649169921875,677.5535888671875,1506319921,689.5404418945312,695.60203125,46.42758045466286,-7.0892642932078616,-4.4526507169572955,-2.636613576250566,721.3412653751916,689.5404418945312,657.7396184138709,0.014779196923988991,0.024385287880717366,-0.012698972582546042,0.982616171149571,0.9740534938485166,0.9912858371839771,0.02030673605783605,0.017434271622509264,0.796434878719208,0.3115323486098793,-0.00623311089956502,-0.00026303846541197995,0
2025-01-31 00:00:00+00:00,677.5572509765625,689.2151489257812,673.79345703125,677.3753662109375,1589542506,688.576318359375,695.030654296875,46.369052915099935,-6.800866703703946,-4.922293914306626,-1.87857278939732,720.6367213756265,688.576318359375,656.5159153431235,-0.00026303846541197995,0.014512270961298146,0.01591503972169095,0.9837331725623017,0.9745978282011195,0.9907135952959809,0.019603714618557908,0.017389468659497424,0.8338356466208889,0.3253148573528577,-0.020874352200755175,-0.035345902791806716,0
2025-02-01 00:00:00+00:00,677.3399047851562,681.2196044921875,651.126220703125,653.4329223632812,1544346912,686.5955505371094,693.5742163085938,39.21674770338004,-8.407349962410422,-5.619305123927385,-2.788044838483037,722.1926257451585,686.5955505371094,650.9984753290603,-0.035345902791806716,-0.03559964392518966,-0.03877709774717186,0.9516999081222043,0.9421240106661457,0.9899381124508536,0.022942266169441675,0.018982805563296515,0.8047974596382185,0.034194481147576096,-0.05978603806841465,-0.05483696055752718,0
2025-02-02 00:00:00+00:00,653.4325561523438,662.6337280273438,602.7611694335938,617.6006469726562,2282982721,683.06220703125,691.6123156738281,31.40847090933802,-12.42859556706037,-6.981163212553982,-5.447432354506388,730.1383643557663,683.06220703125,635.9860497067336,-0.05483696055752718,-0.08824460147206936,-0.06625685858714492,0.9041645703938077,0.8929867687086177,0.9876374256952786,0.02858029341500106,0.022273415548926083,1.1849166662270232,-0.19527297658705292,-0.10519080767061495,-0.0007769719814731957,0
2025-02-03 00:00:00+00:00,617.6006469726562,619.1079711914062,519.1922607421875,617.1207885742188,3960962742,678.9872619628907,689.5720458984375,31.318540093851425,-15.47578700343297,-8.68008797072978,-6.79569903270319,733.8572780152322,678.9872619628907,624.1172459105492,-0.0007769719814731957,-0.05557132575709811,-0.0757316490914508,0.9088841914208795,0.894933012793721,0.9846502131307309,0.02592625378258543,0.021793923268163838,1.93556740979374,-0.06375483223529929,-0.0927538713098427,-0.07096336659015856,0
2025-02-04 00:00:00+00:00,617.1207885742188,619.3443603515625,559.2634887695312,573.3278198242188,2336864401,671.9522308349609,686.6320751953125,24.440708971370256,-21.18028165297335,-11.180126707178495,-10.000154945794854,741.9102840878548,671.9522308349609,601.994177582067,-0.07096336659015856,-0.07168520202408024,-0.15382660612458043,0.853227050249997,0.8349854900983699,0.9786205088712526,0.03386908819364903,0.025166380016979267,1.1286766044812855,-0.2048824718879838,-0.16457213885348432,-0.0062458727683673,0
2025-02-05 00:00:00+00:00,573.3278198242188,578.96240234375,562.0692749023438,569.7468872070312,1494467850,665.0246734619141,683.6933630371094,23.977025359949337,-25.693902779164205,-14.082881921575638,-11.611020857588567,746.3456198897804,665.0246734619141,583.7037270340477,-0.0062458727683673,-0.0767660111995887,-0.15889045331830132,0.8567304491743202,0.8333368700203495,0.9726943530762605,0.03208734803748129,0.02517912237779435,0.7289325906469772,-0.0858133140358646,-0.14550416147256862,0.00443558482069073,1
2025-02-06 00:00:00+00:00,569.7468872070312,589.00634765625,569.597412109375,572.2740478515625,1722558011,657.5508514404297,681.3863684082031,25.057605290527178,-28.735810757907643,-17.01346768884204,-11.722343069065602,744.2201050545741,657.5508514404297,570.8815978262853,0.00443558482069073,-0.0018379920461200072,-0.12420383444744432,0.8703114695965186,0.8398671801850989,0.9650190874474699,0.0303025292001042,0.024481975743237693,0.8447879240672259,0.008033125746510049,-0.1581646679656742,0.010122397942521788,1
2025-02-07 00:00:00+00:00,572.2747192382812,589.6243286132812,571.2775268554688,578.0668334960938,1583843573,650.982943725586,679.616318359375,27.598003921121787,-30.329495809406126,-19.67667331295486,-10.652822496451265,740.9466119254657,650.982943725586,561.0192755257062,0.010122397942521788,0.014602881517875144,-0.06401193662984106,0.8879907516283113,0.8505782128533548,0.9578683238464443,0.03184092439574297,0.024892889362318225,0.7886870032201339,0.0947469034528002,-0.12602756538381332,0.06099188400184263,1
2025-02-08 00:00:00+00:00,578.0668334960938,633.0552368164062,574.0418701171875,613.32421875,2087349099,647.5389556884766,678.3210705566406,40.7603700424042,-28.41991922483362,-21.425322495330615,-6.994596729503005,737.7435745471676,647.5389556884766,557.3343368297856,0.06099188400184263,0.07173166606549519,-0.00615206924561762,0.9471618863422684,0.9041798130296863,0.9546201405141318,0.04369601244725017,0.028554347974593938,1.0592903882835332,0.3103493071010296,-0.08141781198777298,0.005409652826872113,1
2025-02-09 00:00:00+00:00,613.32421875,647.7876586914062,603.4038696289062,616.64208984375,2630256614,644.280892944336,677.3883227539062,41.83204071487539,-26.335265013204662,-22.407310998905423,-3.927954014299239,733.9802932912452,644.280892944336,554.5814925974267,0.005409652826872113,0.06673148174642152,0.07554887190510184,0.9571013149648474,0.9103228814704188,0.951124888490884,0.038612525349284166,0.028633567693599243,1.3428263823289937,0.3459365224645099,-0.08989916078118099,0.00271214752277138,1
2025-02-10 00:00:00+00:00,616.64208984375,621.4203491210938,597.0648193359375,618.3145141601562,1860480297,640.6057891845703,676.7805187988281,42.397707173008676,-24.268459175283965,-22.77954063418113,-1.4889185411028336,728.100630113138,640.6057891845703,553.1109482560026,0.00271214752277138,0.008136472126156757,0.08524421641197444,0.9652028198921075,0.9136115727112843,0.9465488018501746,0.038616946928159764,0.028332331344276603,0.953422510243945,0.37261377477894353,-0.08719072909478887,0.03925634213236995,1
2025-02-11 00:00:00+00:00,618.3145141601562,646.0993041992188,615.691650390625,642.5872802734375,2162944541,637.9859924316406,675.7722497558593,49.99786527692524,-20.436314180123873,-22.31089534336968,1.8745811632458071,721.6804923833321,637.9859924316406,554.2914924799492,0.03925634213236995,0.042074958646208804,0.12286636566142684,1.0072122082559514,0.9508932639740523,0.9440843311664988,0.024200132713182686,0.02997660456124321,1.0971541352710463,0.5274885915111073,-0.0165979425257885,0.08629189363753365,1
2025-02-12 00:00:00+00:00,642.5872802734375,704.7020263671875,627.5713500976562,698.037353515625,3007130370,638.3776733398438,675.798173828125,62.251183933672344,-12.777661242315503,-20.404248523158845,7.626587280843342,723.1672696405674,638.3776733398438,553.5880770391202,0.08629189363753365,0.1289357398697888,0.20753745599615336,1.0934551483664139,1.0329080198034926,0.9446276981242653,0.03319848779426086,0.03604591963263168,1.4976516023631614,0.8518101440428256,0.13024064488476816,-0.04263357327551687,0
2025-02-13 00:00:00+00:00,698.037353515625,730.834716796875,660.646728515625,668.2775268554688,5139846836,637.7808898925781,675.1171850585938,54.52797929582799,-9.005681024702312,-18.12453502346754,9.118853998765228,721.4918293587976,637.7808898925781,554.0699504263586,-0.04263357327551687,0.03997938859153782,0.08959911646317775,1.0478167932689662,0.9898689318617605,0.9446965712141141,0.04263789860336399,0.037220293971773795,2.3594828537811354,0.6821544302175534,0.08289582724873257,-0.01531382742571763,0
2025-02-14 00:00:00+00:00,668.2775268554688,683.9999389648438,652.4675903320312,658.0436401367188,2581045409,636.3696472167969,674.5108557128906,52.13270592891361,-6.764175452572886,-15.85246310928861,9.088287656715725,717.5522559277499,636.3696472167969,555.1870385058439,-0.01531382742571763,-0.057294517517551435,0.06714032495488498,1.0340588100245107,0.975586433581165,0.9434535290676942,0.04495552127074467,0.03730137841032797,1.1550561918671325,0.633489138031343,0.14776157266967038,0.006510294083683199,1
2025-02-15 00:00:00+00:00,658.0436401367188,670.7623291015625,654.4702758789062,662.3276977539062,1794465917,636.1478424072266,673.9488220214844,53.06222344062131,-4.589177311754838,-13.599805949781857,9.010628638027018,717.00438604264,636.1478424072266,555.2912987718131,0.006510294083683199,-0.008903230862122524,0.07118251728819946,1.0411537281139134,0.9827566665481794,0.9439112015940985,0.041134846982924085,0.036785808293507596,0.7983129726463369,0.661890764615948,0.16249463160863842,0.0177753887752905,1
2025-02-16 00:00:00+00:00,662.3275756835938,685.0858764648438,654.3810424804688,674.100830078125,2009553142,635.8632171630859,673.0116577148438,55.613130415337054,-1.8936533714411325,-11.258575434113713,9.36492206267258,716.1106478200503,635.8632171630859,555.6157865061215,0.0177753887752905,0.024401405867352732,0.04904166448996272,1.0601349659532704,1.0016183558647103,0.9448026789344298,0.04108279231690887,0.03673929347060238,0.8997162613558117,0.7382482068397574,0.1779336012332584,-0.010193972222111602,0
2025-02-17 00:00:00+00:00,674.100830078125,681.6255493164062,659.2930908203125,667.2290649414062,1942930816,636.1534423828125,672.4811486816407,53.77607533731715,-0.3083705416864859,-9.068534455628267,8.760163913941781,716.8309519615323,636.1534423828125,555.4759328040927,-0.010193972222111602,0.007400214733766397,-0.04413558732789091,1.048849256308659,0.992189991123869,0.9459795915914573,0.04192924578574733,0.036272387904228424,0.8643955737220137,0.6925916077532873,0.15424208115533578,-0.029653542697729685,0
2025-02-18 00:00:00+00:00,667.2362060546875,667.759521484375,630.6552734375,647.443359375,1985512627,635.141323852539,671.34708984375,48.77973316199182,-0.6411725231967011,-7.383062069141954,6.741889545945253,714.652696104138,635.141323852539,555.62995160094,-0.029653542697729685,-0.03954522752929335,-0.03117592114536971,1.0193689735818814,0.9643943783619984,0.9460699740284305,0.04245915975380635,0.03684540128302034,0.8780907397457813,0.5773602264310913,0.05562986032825723,0.009377422765625587,1
2025-02-19 00:00:00+00:00,647.443603515625,659.9885864257812,638.140869140625,653.5147094726562,1916599180,633.9393798828125,670.397646484375,50.30550559640494,-0.4102837827072108,-5.988506411855006,5.578222629147795,711.4529300689428,633.9393798828125,556.4258296966823,0.009377422765625587,-0.02055419373847922,-0.006882416891259013,1.0308788666724922,0.9748165329931358,0.9456169531728627,0.021962518824458727,0.036744099963264,0.8399931937609296,0.6262703717146114,0.05979582035707187,0.005640698278772671,1
2025-02-20 00:00:00+00:00,653.5147094726562,658.9291381835938,646.6703491210938,657.2009887695312,1709065792,632.9306610107421,669.4114074707031,51.254942607881425,0.06934971893940656,-4.776935185696124,4.846284904635531,708.5665365991488,632.9306610107421,557.2947854223355,0.005640698278772671,0.0150710162568517,-0.007740441780950347,1.0383459504395494,0.9817594702377308,0.9455032494922675,0.016633008394547195,0.03677544664123029,0.7470802200174085,0.6604419038583142,0.06289109137635829,-0.01567473697202737,0
2025-02-21 00:00:00+00:00,657.2009887695312,668.0032958984375,635.3399047851562,646.8995361328125,1926193637,632.6039916992188,668.2358264160156,48.468122142297,-0.3774276592687329,-3.897033680410646,3.519606021141913,707.9228010588787,632.6039916992188,557.2851823395589,-0.01567473697202737,-0.01012245515511312,-0.04035196625133963,1.022597935866947,0.9680707177918952,0.9466777546066291,0.016680687876890518,0.03606103007054616,0.8350239081737102,0.5949002284763298,0.00671077064821457,0.03350633401775038,1
2025-02-22 00:00:00+00:00,646.8995361328125,679.123291015625,645.6533813476562,668.5747680664062,1899367077,635.1526977539063,667.3344506835938,54.1206239413666,1.0059125850915507,-2.916444427310207,3.9223570124017577,711.7724187337042,635.1526977539063,558.5329767741084,0.03350633401775038,0.017306394073097753,0.0020168532752964374,1.0526205279938046,1.0018586143447892,0.9517756757549057,0.021489321609937443,0.03434592356669258,0.8302983088157924,0.7181035762405886,-0.04220774905645397,-0.01596093967744361,0
2025-02-23 00:00:00+00:00,668.574462890625,671.0719604492188,648.9799194335938,657.9036865234375,1502735946,637.1918426513672,666.2157006835937,51.14617013862356,1.2270084074722263,-2.0877538603537205,3.3147622678259467,713.961571207718,637.1918426513672,560.4221140950165,-0.01596093967744361,0.017010601764237077,0.016156358694504602,1.032504879199156,0.9875235390705632,0.9564347432784224,0.021019142390972696,0.03463596750191641,0.6942132064605052,0.6348959040337581,-0.015523251815521277,-0.06678891565469236,0
2025-02-24 00:00:00+00:00,657.9036865234375,659.1483154296875,612.8212280273438,613.9630126953125,1901201673,639.2236022949219,664.309794921875,41.12361089765147,-2.1189903095155387,-2.094001150186084,-0.02498915932945467,710.8556481842805,639.2236022949219,567.5915564055632,-0.06678891565469236,-0.08168384147824947,-0.06052150962181002,0.9604823890905787,0.9242118923860163,0.962237207973272,0.03209064299556302,0.03417137300866563,0.8872190517969402,0.3236781507076711,-0.06698739225296335,0.014622677616543012,1
2025-02-25 00:00:00+00:00,613.9630126953125,627.2440185546875,589.2698364257812,622.9407958984375,2591258749,641.8832977294921,662.1806091308594,43.55727464749023,-4.000174800245077,-2.4752358801978827,-1.5249389200471941,706.233652475253,641.8832977294921,577.5329429837312,0.014622677616543012,-0.053142870820126475,-0.05213046458624271,0.9704891809803134,0.9407415247572323,0.9693477714063414,0.03224818674410491,0.034161357805420574,1.1790684559994191,0.35281742497074203,-0.05946739354104935,-0.019661164880932946,0
2025-02-26 00:00:00+00:00,622.9407958984375,630.8197631835938,595.2650146484375,610.6930541992188,1996066325,643.804248046875,660.4470922851563,41.06355547349754,-6.405479083230148,-3.2612845208043355,-3.1441945624258123,701.3380941239959,643.804248046875,586.2704019697542,-0.019661164880932946,-0.005325986140009564,-0.055969250109587865,0.9485694697602469,0.9246661259211728,0.9748006396989398,0.03195086841209348,0.03460516746707492,0.9026287429358743,0.21224595516113584,-0.09406274706939255,-0.009119797473313707,0
2025-02-27 00:00:00+00:00,610.6930541992188,618.6282348632812,595.80029296875,605.1236572265625,1866447677,645.1570892333984,658.632822265625,39.943674918530924,-8.661262207795403,-4.34128005820255,-4.319982149592853,697.1922154461503,645.1570892333984,593.1219630206466,-0.009119797473313707,-0.028601656512443063,-0.09490503361853087,0.9379477763246696,0.9187572145964472,0.9795398398369041,0.031289341924275786,0.03468802118757697,0.8386559132553638,0.11532300466463304,-0.09307958987113019,-0.029204044321229028,0
2025-02-28 00:00:00+00:00,605.1236572265625,605.4012451171875,559.970458984375,587.4515991210938,2166029990,643.8634582519531,656.6794396972656,36.538571131657484,-11.739646644767959,-5.820953375515632,-5.918693269252326,700.3285952061299,643.8634582519531,587.3983212977764,-0.029204044321229028,-0.038057506824931475,-0.10708571610935014,0.9123853692768745,0.8945789431018483,0.9804836566053892,0.0320143087319584,0.032527709246270596,0.9715506281328007,0.000471776269316118,-0.09265947265536623,0.034147386020311865,1
2025-03-01 00:00:00+00:00,587.44580078125,608.8959350585938,586.5928344726562,607.5115356445312,1694454521,643.4069305419922,654.9571813964844,42.527754474763725,-12.41747829984513,-7.140258360381532,-5.277219939463597,700.9363675134433,643.4069305419922,585.8774935705411,0.034147386020311865,0.003946099924291513,-0.010507924610082098,0.9442104316979871,0.9275591640192559,0.9823648763880029,0.03217081519888188,0.03347709267547102,0.7763231353658318,0.18802584566163932,-0.07039347877149782,0.02538974100386504,1
2025-03-02 00:00:00+00:00,607.5109252929688,634.5426635742188,602.6329956054688,622.9360961914062,2130538305,643.6380096435547,653.4827465820313,46.69361674838248,-11.5765839882622,-8.027523485957666,-3.5490605023045347,700.7788869092702,643.6380096435547,586.4971323778392,0.02538974100386504,0.0604041203111918,-7.5443879453684914e-06,0.9678360924277715,0.953255613020549,0.984934970372258,0.0352181377186166,0.03396210336171001,0.970115638298182,0.31885198090431144,-0.05213761568173947,-0.07667899415893398,0
2025-03-03 00:00:00+00:00,622.9360961914062,623.299560546875,568.5407104492188,575.1699829101562,2161303026,640.2671447753906,651.1251806640626,37.6035448691968,-14.59623897469146,-9.341266583704424,-5.254972390987035,705.1048228453973,640.2671447753906,575.429466705384,-0.07667899415893398,-0.0532361129572011,-0.058168454749567666,0.8983281238207672,0.8833477801051375,0.9833241960054468,0.0380872172070215,0.03684529716772376,0.9841607735966784,-0.002001026277865746,-0.11088206006678869,0.014633708933489809,1
2025-03-04 00:00:00+00:00,575.1699829101562,587.8701782226562,551.6925048828125,583.5868530273438,1969539538,634.5446197509766,649.0315673828125,39.826498933159584,-16.12429539089669,-10.697872345142878,-5.426423045753813,698.1038817201677,634.5446197509766,570.9853577817855,0.014633708933489809,-0.06316738330727889,-0.03559074900149739,0.9196939582536671,0.8991655912525622,0.9776791324800214,0.03808834052558167,0.030440202915915527,0.9185394855831434,0.09913185627978591,-0.12711804138953242,0.024656102131394464,1
2025-03-05 00:00:00+00:00,583.5859985351562,604.5371704101562,581.321533203125,597.975830078125,1534770591,631.0295349121094,647.0186901855469,43.53031902383606,-15.989899309617385,-11.75627773803778,-4.233621571579606,694.5096683858399,631.0295349121094,567.5494014383789,0.024656102131394464,0.03965062128690944,0.017915060530564464,0.9476194013033191,0.9242017875969583,0.975287954558388,0.03960447540476733,0.030182339349676048,0.781469725575322,0.23965315583604765,-0.0910891026648436,-0.002093855858938176,0
2025-03-06 00:00:00+00:00,597.975830078125,612.0313110351562,589.891357421875,596.7237548828125,1621101888,627.9635406494141,644.6725964355469,43.28067349743664,-15.802262802148562,-12.565474750859936,-3.2367880512886256,691.8719012567501,627.9635406494141,564.0551800420781,-0.002093855858938176,0.02251061994854986,-0.017757326616479108,0.9502522300350515,0.9256229568034257,0.9740813307739173,0.03949202465743198,0.0300914936692709,0.8461056482895112,0.2555892103183165,-0.028078658577198712,-0.004625885854174894,0
2025-03-07 00:00:00+00:00,596.7236938476562,609.43115234375,579.3677978515625,593.96337890625,1866542048,624.5453247070312,642.3859033203125,42.69927362032541,-15.69537230807805,-13.19145426230356,-2.5039180457744887,688.0263700988663,624.5453247070312,561.0642793151961,-0.004625885854174894,-0.0067100557749144585,-0.046509934907117634,0.9510332643749644,0.9246208172318537,0.972227630586119,0.03764792761863667,0.02998106410800275,0.9723798359670397,0.25912537662214785,-0.046517128406070696,-0.0014857941677209885,0
2025-03-08 00:00:00+00:00,593.9637451171875,601.6478881835938,591.710205078125,593.0808715820312,1147671365,620.4943267822266,639.8125109863281,42.50269685900863,-15.503160997469536,-13.653795609336756,-1.8493653881327798,680.9275119031369,620.4943267822266,560.0611416613164,-0.0014857941677209885,-0.0061048069076731215,0.031140165871056613,0.9558199744672016,0.9269604163690769,0.9698064919450844,0.03491906446202918,0.02951688352697618,0.6116130191625153,0.2731920372445326,-0.028839664207875648,-0.06491598210442129,0
2025-03-09 00:00:00+00:00,593.0823974609375,593.0997314453125,551.1481323242188,554.5804443359375,1540503120,614.8618957519532,636.7156201171875,34.944439417484915,-18.24715304443089,-14.572467096355583,-3.6746859480753056,677.8970996428567,614.8618957519532,551.8266918610497,-0.06491598210442129,-0.06630532448453963,-0.04970367056923264,0.901959363830322,0.8710017892035803,0.9656774175554038,0.03915599790279595,0.03233217045697651,0.8298581311174983,0.021842972695494327,-0.08352542870704738,-0.04049648226561331,0
2025-03-10 00:00:00+00:00,554.5804443359375,572.0503540039062,524.99609375,532.1218872070312,1896805158,609.0958221435546,633.7139782714844,31.432950319216417,-21.98062541008892,-16.054098759102253,-5.926526650986666,680.1676620929162,609.0958221435546,538.0239821941931,-0.04049648226561331,-0.10278359545198812,-0.11012810143595597,0.8736259022995206,0.8396877857396245,0.96115257518056,0.03139763604768945,0.032789778793419634,1.0242427456118988,-0.04152203595240431,-0.09418599250873294,0.036368850066268665,1
2025-03-11 00:00:00+00:00,532.106201171875,565.158203125,509.835693359375,551.4745483398438,2438043846,603.9938140869141,631.10740234375,37.28155235927922,-23.11141711150458,-17.465562429582718,-5.645854681921861,676.2794965587603,603.9938140869141,531.7081316150678,0.036368850066268665,-0.005600442691073959,-0.07582940376130154,0.9130466827272624,0.8738204405333024,0.9570380759976133,0.035160370956715765,0.034124518164000174,1.2982253441961293,0.13672428653125412,-0.09224020288805845,0.03340188253726284,1
2025-03-12 00:00:00+00:00,551.4745483398438,574.4215698242188,545.266845703125,569.8948364257812,1792696031,599.6285064697265,628.6689672851562,42.32432837219448,-22.264562362322295,-18.425362416130636,-3.839199946191659,668.8655715470422,599.6285064697265,530.3914413924108,0.03340188253726284,0.07098552066146047,-0.040521930030079645,0.9504131812895282,0.9065102082051463,0.9538064349814529,0.03661913152093848,0.03524979591743983,0.9524656102748267,0.28527635442994126,-0.08514719260918746,0.016360868731242206,1
2025-03-13 00:00:00+00:00,569.8948364257812,603.405029296875,568.1260375976562,579.2188110351562,2402408414,596.2444702148438,626.3536791992187,44.74606514653574,-20.60355212147647,-18.861000357199803,-1.7425517642766657,662.2960999446217,596.2444702148438,530.1928404850659,0.016360868731242206,0.05030923508407348,-0.023372968529398408,0.9714451705127719,0.9247471999776172,0.9519293811399512,0.037620033768375305,0.03553758521479428,1.2604621472978164,0.3711185534002662,0.007039359224753738,0.01366923918544738,1
2025-03-14 00:00:00+00:00,579.2188110351562,589.1632080078125,577.2465209960938,587.1362915039062,1535548122,592.1725463867188,624.2923303222656,46.78923458615703,-18.435798623346727,-18.775960010429188,0.34016138708246046,648.8211588771865,592.1725463867188,535.523933896251,0.01366923918544738,0.030253748544658787,0.05870356140478705,0.991495291509979,0.9404829484302987,0.9485500904376539,0.038170595879370495,0.034675703925414816,0.8134133342829486,0.4555482944647589,0.006082108358250071,0.05509758628206596,1
2025-03-15 00:00:00+00:00,587.1140747070312,619.49951171875,587.083984375,619.486083984375,1403335470,590.2516662597657,623.0777880859375,54.235508320644264,-13.946711455448735,-17.8101102994331,3.8633988439843634,639.6580606986389,590.2516662597657,540.8452718208924,0.05509758628206596,0.06951996755294387,0.1641807993200497,1.0495287339210042,0.994235544629835,0.9473161739130326,0.04365176924475724,0.037142080258883464,0.7453396868022861,0.7958566199439917,0.03597177816273889,-0.027877091449368785,0
2025-03-16 00:00:00+00:00,619.4927368164062,621.3615112304688,593.9570922851562,602.2166137695312,1437680152,589.6643463134766,621.3967504882812,50.19709922613917,-11.648305042405582,-16.577749248027597,4.929444205622016,638.1547017932255,589.6643463134766,541.1739908337277,-0.027877091449368785,0.025684534381272606,0.09201161791136347,1.0212871399373733,0.9691338316402869,0.9489337461937644,0.03482393641285214,0.03451439218510358,0.7730971067969433,0.6294305571888092,0.009205028024730666,0.048397861213613336,1
2025-03-17 00:00:00+00:00,602.2096557617188,643.0403442382812,602.2096557617188,631.3626098632812,2488514984,590.0854370117188,620.6887268066406,56.13375210320169,-7.389778334766106,-14.7401550653753,7.350376730609193,639.9201553423419,590.0854370117188,540.2507186810957,0.048397861213613336,0.019171578161238934,0.10785809856254969,1.0699511803927855,1.017196837312571,0.95069462602878,0.027845255183954566,0.036078493501292754,1.3418791834399295,0.914140725926386,0.06296555020934091,-0.005112987946437886,0
2025-03-18 00:00:00+00:00,631.3464965820312,642.8888549804688,622.400146484375,628.1344604492188,2175151767,590.9575073242188,619.6555493164062,55.34681671989418,-4.226627980503508,-12.637449648400942,8.410821667897434,642.877415550339,590.9575073242188,539.0375990980986,-0.005112987946437886,0.043037415586157035,0.08445107182662537,1.0629096892149361,1.0136832650690635,0.9536871056446656,0.029407591409263713,0.03577908964515137,1.1672686398809327,0.8580221382815995,0.059104231053149325,-0.014132249834934218,0
2025-03-19 00:00:00+00:00,628.1344604492188,628.1376342773438,605.617919921875,619.2575073242188,2006233746,591.6641998291016,618.8122082519532,53.140657236741774,-2.4083425906339926,-10.591628236847553,8.18328564621356,644.7672516682661,591.6641998291016,538.561147989937,-0.014132249834934218,-0.019172979758310005,0.054708278614555406,1.0466367704909092,1.0007196029204457,0.9561288415761214,0.0310083751302182,0.03587868595334408,1.0725978273829528,0.7598090555952434,0.11662341081234207,0.017254431956112315,1
2025-03-20 00:00:00+00:00,619.2509765625,637.2163696289062,616.9637451171875,629.9424438476562,2327219768,593.7887420654297,618.0573425292969,55.44291391585749,-0.10395491190774919,-8.494093571859594,8.390138659951845,649.5172029235034,593.7887420654297,538.060281207356,0.017254431956112315,0.002878338178014417,0.016879087575347285,1.0608864722771096,1.0192297712534595,0.9607340633402203,0.03102950271013491,0.03526614210005701,1.2388692766448375,0.8243737690360845,0.18383110898531085,0.0074059849179006765,1
2025-03-21 00:00:00+00:00,629.9424438476562,637.1900634765625,625.8570556640625,634.6077880859375,1472201311,595.1435546875,617.1984265136718,56.44903842399489,2.074825914215353,-6.380309674644605,8.455135588859957,653.5307568184611,595.1435546875,536.7563525565389,0.0074059849179006765,0.024788202936846915,0.05378658372384648,1.066310444072875,1.0282070738102895,0.9642661567516435,0.03107945302992092,0.03456689348372403,0.7883735963180801,0.8379527701115064,0.15074719222556632,-0.012658820741388244,0
2025-03-22 00:00:00+00:00,634.5969848632812,635.7655029296875,624.1967163085938,626.5744018554688,1182741851,595.3254699707031,616.1824072265625,54.180342305937195,3.1173632620042326,-4.4807750873148375,7.59813834931907,654.0986673122102,595.3254699707031,536.5522726291961,-0.012658820741388244,-0.005346586858976599,-0.007583927101494581,1.0524905005094163,1.0168651271231202,0.9661513587352543,0.02527506987985781,0.03430194639915248,0.6498579421519928,0.765843388638454,0.0994561835042509,-0.005146898023971835,0
2025-03-23 00:00:00+00:00,626.5744018554688,628.9656372070312,619.8584594726562,623.3494873046875,1222239081,597.7344451904297,615.5807385253906,53.255037700701266,3.6413823793035363,-2.8563435939911628,6.497725973294699,656.9768732724176,597.7344451904297,538.4920171084418,-0.005146898023971835,-0.017740565105900385,-0.007617752958672619,1.0428535486291026,1.0126201947089941,0.9710090127613296,0.022069202770962488,0.02913129843640181,0.6893437097895615,0.7161883209682774,0.07618999146568228,0.0213283947706433,1
2025-03-24 00:00:00+00:00,623.3494873046875,639.0225830078125,619.0501708984375,636.64453125,1788439257,600.3873291015625,615.9616162109374,56.5495667346269,5.071014738872805,-1.2708719274183695,6.341886666291174,661.6786862259631,600.3873291015625,539.0959719771619,0.0213283947706433,0.01607172167377202,0.02807721137029051,1.0603896857761703,1.0335782530838409,0.9747154908690909,0.014193024766215855,0.02929267044317039,1.013858823042995,0.7957774460340933,0.0843215458872113,-0.01052653376773982,0
2025-03-25 00:00:00+00:00,636.6449584960938,644.874267578125,627.444091796875,629.94287109375,2238118522,601.9856811523438,616.2180578613281,54.46575092764506,5.5987023615253975,0.1030429303703837,5.495659431155014,664.6638311696531,601.9856811523438,539.3075311350344,-0.01052653376773982,0.010577346935138676,6.782303652030919e-07,1.0464416194881738,1.0222726566632205,0.976903668226829,0.01473632001168116,0.02909129842313328,1.2439798444572296,0.7230218180792309,0.01687977725362222,-0.019249521169686923,0
2025-03-26 00:00:00+00:00,629.9423828125,634.0476684570312,615.8455200195312,617.8167724609375,1600178624,603.04033203125,617.1078369140625,50.81685710088435,4.9810058517380185,1.0786355146439106,3.9023703370941076,666.0546238771498,603.04033203125,540.0260401853503,-0.019249521169686923,-0.029573424202821164,-0.026458886796274506,1.0245032374201495,1.0011488033443556,0.9772041383347858,0.015680084154031618,0.029499787515067582,0.8899207456392212,0.6172467387701742,0.02590456379766448,0.03138502970171819,1
2025-03-27 00:00:00+00:00,617.8167724609375,641.4896240234375,617.6777954101562,637.2069702148438,2441273622,605.2025115966796,618.4570385742187,55.904092575257124,5.987088397352977,2.060326091185724,3.926762306167253,669.8518040457129,605.2025115966796,540.5532191476464,0.03138502970171819,0.011531361738376988,0.01696936282090178,1.0528822303359715,1.0303172742343605,0.9785683949719517,0.018887391568810252,0.03015594739750233,1.336329386997207,0.7475236573037133,0.009256741308814709,-0.027827780443273942,0
2025-03-28 00:00:00+00:00,637.2064208984375,637.2418823242188,615.9251098632812,619.4749145507812,1608298526,606.5222137451171,619.4010559082031,50.73585923232046,5.292577821458281,2.7067764372402356,2.585801384218045,671.207211389964,606.5222137451171,541.8372161002703,-0.027827780443273942,0.0026838735426992777,-0.006215731035024374,1.021355690710295,1.0001192420353076,0.9792075876522324,0.021636413751183234,0.030970278688720328,0.869406211348529,0.6001213672201161,-0.013786134090214563,-0.026211005749360305,0
2025-03-29 00:00:00+00:00,619.474609375,623.21240234375,598.2188110351562,603.2378540039062,1367332800,608.9550842285156,619.9044763183593,46.49693329515446,3.3928672375000133,2.843994597292191,0.5488726402078221,668.9009717662542,608.9550842285156,549.009196690777,-0.026211005749360305,-0.05330939207944374,-0.05247304517090945,0.9906114089976726,0.9731142087996575,0.9823369688264348,0.023171316599581184,0.027547049126606226,0.7426220294543797,0.4523134074792862,-0.0258691305811255,-0.0023334971425460482,0
2025-03-30 00:00:00+00:00,603.1913452148438,612.7893676757812,594.21435546875,601.8302001953125,1204098085,612.4404998779297,619.6745959472656,46.13704829314871,1.7535333737417886,2.625902352582111,-0.8723689788403224,660.5054365852525,612.4404998779297,564.3755631706069,-0.0023334971425460482,-0.028483339584887024,-0.044627333982883766,0.9826753787760084,0.9712036028769659,0.9883259760580027,0.023196338867621652,0.02550716183413009,0.666504087069689,0.3896253650844742,-0.044626686020131645,0.005387922947438284,1
2025-03-31 00:00:00+00:00,601.8302001953125,608.5010986328125,588.086181640625,605.0728149414062,1538796118,615.1204132080078,619.4432104492188,47.15178630121439,0.7078418263404274,2.2422902473337745,-1.534448420993347,653.9653898350001,615.1204132080078,576.2754365810155,0.005387922947438284,0.003041853102090153,-0.020627406194831055,0.9836656400098953,0.9768011090195159,0.9930214793409776,0.02087252439550261,0.024518016779384116,0.8735093138350466,0.370670558472936,-0.046540514785695763,0.01028686803557921,1
2025-04-01 00:00:00+00:00,605.0728149414062,618.123779296875,604.7547607421875,611.297119140625,2091803391,617.19052734375,619.3028625488281,49.13277485083139,0.37702693955247923,1.8692375857775156,-1.4922106462250364,649.7998102487938,617.19052734375,584.5812444387061,0.01028686803557921,0.015730215835363826,-0.04066159393310287,0.9904512335461646,0.9870729752882873,0.9965891725473631,0.021758982549285762,0.023634154765817334,1.1774322516849685,0.4096360349246838,-0.02438223245252802,-0.03379624286056038,0
2025-04-02 00:00:00+00:00,611.297119140625,611.5181884765625,585.1218872070312,590.6375732421875,1835749587,617.7614654541015,618.2638684082032,43.32741580483294,-1.5345100598241288,1.1884880566571867,-2.7229981164813157,647.8758930178667,617.7614654541015,587.6470378903364,-0.03379624286056038,-0.02385703231538605,-0.04655126564649592,0.9560932597309612,0.955316335665639,0.9991873971943482,0.024025759835794858,0.02485779400957511,1.0500511717178258,0.04965286730951262,-0.052477646534921596,0.002517410860342517,1
2025-04-03 00:00:00+00:00,590.6375732421875,609.3446655273438,579.444091796875,592.1244506835938,2067033502,618.010873413086,616.1456103515625,43.84170897881416,-2.8960544080573527,0.3715795637142788,-3.2676339717716316,647.1233059566118,618.010873413086,588.8984408695601,0.002517410860342517,-0.0313639110290338,-0.018422920986388425,0.9581133215560927,0.9610138264975017,1.0030273088539237,0.018303622981761754,0.024689459858012294,1.1646427035781222,0.05540605047706794,-0.06992925939219907,0.009212516133035642,1
2025-04-04 00:00:00+00:00,592.1237182617188,599.4798583984375,585.3539428710938,597.5794067382812,1520730677,616.9155395507812,614.7316479492188,45.78551899455792,-3.494634774441124,-0.40166330391680183,-3.092971470524322,647.4099175303443,616.9155395507812,586.4211615712181,0.009212516133035642,0.011753118681542718,-0.007063110916753157,0.9686567583844947,0.9720980020011034,1.0035525934102272,0.017731066799131723,0.02126373151459909,0.8540111791712927,0.18295577588992343,-0.051375237089796855,-0.00747103819823236,0
2025-04-05 00:00:00+00:00,597.5792846679688,598.5463256835938,589.9329833984375,593.1148681640625,1008300251,616.4604522705079,613.4330725097657,44.43005862143098,-4.279928625540492,-1.17731636824154,-3.1026122572989525,648.1275699343518,616.4604522705079,584.793334606664,-0.00747103819823236,0.0016726508748714508,-0.01976282272490082,0.9621296321273158,0.9668778791750265,1.0049351427179434,0.015231719291855392,0.020408102836390687,0.573150976777075,0.1313907638474419,-0.03998257314782894,-0.06494519116563213,0
2025-04-06 00:00:00+00:00,593.1387939453125,593.4614868164062,545.3226928710938,554.5949096679688,1679604717,612.6220672607421,611.2784167480469,34.845029532547926,-7.9192304273661875,-2.5256991800664697,-5.393531247299718,653.8504100700729,612.6220672607421,571.3937244514113,-0.06494519116563213,-0.07193102135987461,-0.09275720054491576,0.905280660469457,0.9072705570374463,1.0021980990590889,0.028150488540200712,0.02178670406797204,0.9772090636417999,-0.2037289597247732,-0.12964713885508994,-0.0002010678939254884,0
2025-04-07 00:00:00+00:00,554.5949096679688,564.7924194335938,522.7157592773438,554.4833984375,2852045942,608.9395141601562,608.8860681152344,34.82160974916155,-10.689183100430796,-4.158395964139335,-6.530787136291461,656.935530912974,608.9395141601562,560.9434974073386,-0.0002010678939254884,-0.06513320066674944,-0.06121211457345377,0.9105722088050705,0.910652135881292,1.0000877767577887,0.027674909886027697,0.021827625276013497,1.627302403261573,-0.06729828230443001,-0.1049138788136571,-0.0018323203432248913,0
2025-04-08 00:00:00+00:00,554.4859008789062,564.938232421875,548.1412353515625,553.4674072265625,1676208165,605.6500091552734,606.6108349609375,34.59347457625479,-12.81860762065105,-5.890438295441679,-6.928169325209372,659.3479176038586,605.6500091552734,551.9521007066883,-0.0018323203432248913,-0.0020330198163579505,-0.06528533556147298,0.9138403349460982,0.9123928807869098,0.9984160754304267,0.026393576120430196,0.02175919420610061,0.9654905760870943,0.014109548804169066,-0.08250550996924255,0.0522197262684978,1
2025-04-09 00:00:00+00:00,553.4674072265625,585.6036987304688,534.8805541992188,582.3693237304688,1963610005,603.271353149414,605.3093542480469,45.52670338873223,-12.035313177541639,-7.119413271861671,-4.915899905679968,656.6521467750852,603.271353149414,549.8905595237429,0.0522197262684978,0.05029172265851334,-0.025452823233706234,0.9653521929893986,0.9621019725590138,0.9966331247248531,0.03434979335920026,0.024856901887019216,1.143002534696432,0.30421769704737595,-0.03233615803681522,-0.008522734120774422,0
2025-04-10 00:00:00+00:00,582.378173828125,582.3907470703125,567.2200927734375,577.4059448242188,1731740429,600.4112609863281,603.7871789550782,44.161471675179264,-11.68040544195685,-8.031611705880707,-3.6487937360761435,652.8439004958169,600.4112609863281,547.9786214768393,-0.008522734120774422,0.0432519373048772,-0.026485465435168387,0.9616840694754504,0.9563070647235088,0.9944087617517939,0.03438802365518442,0.02473984087978152,1.0004756272686912,0.28062027415245755,-0.04572486060188752,0.015038023961178926,1
2025-04-11 00:00:00+00:00,577.4059448242188,589.8585205078125,575.7572631835938,586.0889892578125,1369541748,598.3869903564453,602.3649389648438,47.14744176886802,-10.576569279010187,-8.540603220506602,-2.0359660585035844,649.6803203913767,598.3869903564453,547.0936603215139,0.015038023961178926,0.006387124760481422,0.05678753814869841,0.9794480807624057,0.9729799185606631,0.993396115293107,0.03480299958534003,0.025027851255378184,0.7869766523136579,0.38012085498974546,-0.04123711546072828,0.018826590875150817,1
2025-04-12 00:00:00+00:00,586.0889892578125,600.055908203125,583.9794921875,597.123046875,1331878416,597.0756683349609,601.3694091796875,50.75150468277937,-8.710999947934397,-8.574682565992163,-0.1363173819422343,647.0047909287814,597.0756683349609,547.1465457411405,0.018826590875150817,0.034147729561017526,0.0768997747410578,1.0000793509810426,0.9929388455084872,0.9928600610886018,0.035556047566308036,0.025491151352507777,0.7629309564938573,0.500474457967392,0.010980462345481667,-0.021905981480209502,0
2025-04-13 00:00:00+00:00,597.1232299804688,597.5099487304688,580.824462890625,584.04248046875,1318461096,594.4455657958985,599.6787634277343,46.68708027361521,-8.193564886787385,-8.498459030151208,0.30489414336382303,641.0280955693382,594.4455657958985,547.8630360224587,-0.021905981480209502,-0.0034918055561051764,0.05524277101591202,0.982499515639889,0.9739255682999209,0.9912733317386075,0.023988281417517836,0.025255489818409305,0.7655500594308022,0.38833705063094226,-0.013649107388680415,0.0005012043116110476,1
2025-04-14 00:00:00+00:00,584.04248046875,592.5643920898438,583.3970336914062,584.335205078125,1359554984,592.1651824951172,598.2073937988281,46.7897784103493,-7.671441837143334,-8.333055591549634,0.6616137544063001,635.8032516571607,592.1651824951172,548.5271133330737,0.0005012043116110476,-0.02141575654096628,0.0033756608865718185,0.9867773762314087,0.9768104024381749,0.9898994707080754,0.02395136368903636,0.02522580525700573,0.8100728328552769,0.41028501527053474,-0.022163082446977178,-0.007956340609759138,0
2025-04-15 00:00:00+00:00,584.3346557617188,590.5156860351562,579.6400756835938,579.68603515625,1329270099,590.2586456298828,597.5218542480469,45.297315893200334,-7.545821187034562,-8.17560871064662,0.6297875236120571,632.4870035875877,590.2586456298828,548.030287672178,-0.007956340609759138,-0.007459124050366195,0.0039488515012178205,0.9820881734610588,0.9701503485353813,0.9878444469159969,0.024466466567162178,0.024978622532944653,0.7984723459806445,0.37481622557734573,-0.02264120110389467,0.005382531290089254,1
2025-04-16 00:00:00+00:00,579.6860961914062,585.4108276367188,576.459228515625,582.8062133789062,1435912484,587.538607788086,596.7191625976562,46.5299986047384,-7.112505079449193,-7.9629879844071345,0.8504829049579419,623.5905702077691,587.538607788086,551.4866453684028,0.005382531290089254,-0.0026166345719565998,-0.0056011560344502165,0.9919453898919156,0.9766842593789284,0.9846149488989004,0.014290745284547754,0.023747574048903625,0.8893860468451182,0.4343670345307471,0.050868306252265016,0.012621617378790084,1
2025-04-17 00:00:00+00:00,582.8062133789062,592.8593139648438,581.203857421875,590.1621704101562,1401643770,586.0729705810547,596.308544921875,49.42357694897159,-6.105158222529781,-7.591422032031664,1.4862638095018834,618.8971513844356,586.0729705810547,553.2487897776739,0.012621617378790084,0.018072084919352083,-0.011657356890297565,1.006977287870907,0.9896926271406626,0.982835103692567,0.014375416256180643,0.023346802233534445,0.873752425328537,0.5622894422498479,0.06434596973182027,0.0027139736340595633,1
2025-04-18 00:00:00+00:00,590.1621704101562,595.766357421875,587.26611328125,591.7638549804688,1418376835,585.4992706298829,596.0413488769532,50.05732889766329,-5.118582192581698,-7.096854064141672,1.9782718715599739,617.4497185317258,585.4992706298829,553.5488227280399,0.0027139736340595633,0.015369845749634736,0.01322057002689525,1.0106995596149018,0.9928234947046141,0.9823131763141375,0.013408296831867006,0.022664378961102637,0.8827789454740514,0.5980359394308294,0.0691936819655028,2.1865906503215626e-05,1
2025-04-19 00:00:00+00:00,591.7638549804688,594.1421508789062,587.9763793945312,591.7767944335938,1227124904,584.9966003417969,596.1278527832031,50.062772911657,-4.28626013647488,-6.534735278608314,2.248475142133434,616.1721721607183,584.9966003417969,553.8210285228755,2.1865906503215626e-05,0.0027358988840564535,0.012735137795563345,1.0115901427253344,0.9927011322666854,0.9813274075528654,0.011018559261434677,0.022661633581187054,0.7631993852117422,0.6087420967156362,0.016153788188676854,0.0020203862115371063,1
2025-04-20 00:00:00+00:00,591.7767944335938,595.1541137695312,587.765380859375,592.972412109375,1307477245,584.3915802001953,595.8370703125,50.59862825255332,-3.48993278349144,-5.925774779584939,2.435841996093499,614.3734712781245,584.3915802001953,554.4096891222662,0.0020203862115371063,0.0020422962956163637,0.0229199534702329,1.0146833599249327,0.9951922121904523,0.9807909063021174,0.006188903926691397,0.022627324810693707,0.8190656205358828,0.6431002448590768,0.026959312464119423,0.007490689904336101,1
2025-04-21 00:00:00+00:00,592.972412109375,607.8202514648438,592.6761474609375,597.4141845703125,1430343137,583.6974334716797,595.3266320800781,52.63217988106835,-2.471928845854336,-5.235005592838818,2.763076746984482,611.6292448783829,583.6974334716797,555.7656220649765,0.007490689904336101,0.009526210202470686,0.025064885816358018,1.023499762568852,1.003506566610233,0.9804658518840895,0.006430797460343754,0.022564004080952015,0.9149918894362898,0.7455399490371218,0.01932333744546466,0.03584243781744112,1
2025-04-22 00:00:00+00:00,597.4171752929688,618.9900512695312,595.8809814453125,618.8269653320312,1734142941,585.1069030761719,596.1997717285157,60.97258945584336,0.06196477113076071,-4.175611520044902,4.237576291175663,617.0676365423515,585.1069030761719,553.1461696099923,0.03584243781744112,0.04360161230888315,0.048571047686694735,1.0576306006279839,1.037952368780542,0.9813940407588834,0.012358975127642977,0.022594091340584536,1.1129498867521261,1.0275232855895107,0.03634748075897787,-0.021026819481991144,0
2025-04-23 00:00:00+00:00,618.8269653320312,619.8624877929688,601.9541625976562,605.8150024414062,1834047719,585.7914306640625,596.6443347167968,54.67275201133148,1.008511565002209,-3.1387869030354802,4.14729846803769,618.9490387997629,585.7914306640625,552.6338225283622,-0.021026819481991144,0.014061965865668213,0.023744517923287578,1.0341820838086426,1.0153704094566864,0.9818100945215784,0.016973976438177146,0.02320261699082256,1.1859339127748005,0.8019453588961473,0.03727900401214268,-0.006766392566025514,0
2025-04-24 00:00:00+00:00,605.8150024414062,606.7443237304688,594.3950805664062,601.7158203125,1573943361,585.9982513427734,596.7191345214844,52.82117473775493,1.411614762852082,-2.228706569857968,3.64032133271005,619.5151047686614,585.9982513427734,552.4813979168854,-0.006766392566025514,-0.027650936332986542,0.01679522747832518,1.026821870088709,1.0083735973960721,0.9820336192381225,0.01723031465604019,0.02319460418366554,1.01599700870525,0.7344726214303058,0.029744254810132986,-0.0025506891912288054,0
2025-04-25 00:00:00+00:00,601.7152709960938,610.1796264648438,597.7703247070312,600.1810302734375,1735398071,586.3515594482421,596.7882800292969,52.10959262093695,1.5889161852552434,-1.4651820188353255,3.054098204090569,620.3300693837772,586.3515594482421,552.3730495127071,-0.0025506891912288054,-0.009299822792872559,0.012156751337586424,1.0235856298194361,1.0056850148665355,0.9825118539852318,0.017354214362075668,0.023130468765842346,1.0945318362722551,0.7035031973360958,0.03535533698282589,0.012534670223807387,1
2025-04-26 00:00:00+00:00,600.19189453125,609.1361083984375,600.0881958007812,607.7041015625,1507509250,589.0070190429688,597.0630944824219,55.28910979361852,2.3098512921316114,-0.7101753566419382,3.0200266487735496,620.7642489338511,589.0070190429688,557.2497891520864,0.012534670223807387,0.009952008984723149,0.01722409219256904,1.0317433950955468,1.0178222489020234,0.9865071622850232,0.017738958967962418,0.017279348409296066,0.9559884757467659,0.7943752113105312,0.04272069791302413,-0.006723061953529674,0
2025-04-27 00:00:00+00:00,607.7041015625,608.5829467773438,597.9349975585938,603.6184692382812,1452152303,591.4637725830078,597.2738464355468,53.22250816251415,2.52244401049154,-0.0636514832152425,2.586095493706783,619.3408681694567,591.4637725830078,563.5866769965588,-0.006723061953529674,0.0057273369057959655,-0.024576330615440956,1.020550196341176,1.0106226362339459,0.9902723451106844,0.018198120838613326,0.01743797306806317,0.9636578851918406,0.7180050754853723,0.022801018944967222,0.004550094365998403,1
2025-04-28 00:00:00+00:00,603.6246337890625,608.1511840820312,598.9937133789062,606.364990234375,1478956158,594.1086517333985,598.3095373535157,54.45495068149817,2.8793551483767033,0.5249498431031466,2.3544053052735565,616.2555011939548,594.1086517333985,571.9618022728421,0.004550094365998403,-0.0022035581538480953,0.0009078477600461543,1.0206297929936163,1.013463687903908,0.9929787420091967,0.01810240838378682,0.01737627574139,0.9879108657704284,0.7767061410428856,0.024673922090743705,-0.00879997793588605,0
2025-04-29 00:00:00+00:00,606.364990234375,610.6404418945312,598.6602783203125,601.0289916992188,1587553456,595.041635131836,599.6876794433593,51.6099607623721,2.7005095168681237,0.960061777856142,1.7404477390119817,616.672335014581,595.041635131836,573.4109352490909,-0.00879997793588605,-0.004289924299914483,-0.0011414501498806517,1.0100620800526945,1.0022366846974486,0.9922525600061753,0.010618638479639382,0.013527013069104435,1.0739400850214087,0.638399510876644,0.01563460641352199,-0.002241639018533026,0
2025-04-30 00:00:00+00:00,601.0189819335938,604.4778442382812,592.4177856445312,599.6817016601562,1504095222,596.1554229736328,600.6518225097657,50.88705651911855,2.4221371298992835,1.2524768482647703,1.1696602816345132,616.1983572601401,596.1554229736328,576.1124886871254,-0.002241639018533026,-0.011021890580515725,-0.0008319633378844893,1.0059150324741397,0.9983848865295107,0.9925141332005868,0.007566355202763426,0.013349799588968132,1.025377902178589,0.5879681247295543,0.011314674028281235,0.00039439460936363524,1
2025-05-01 00:00:00+00:00,599.6871948242188,605.1372680664062,598.4885864257812,599.918212890625,1406049035,596.8468841552734,601.2522900390625,51.01676550278848,2.1953033963296775,1.441042157877752,0.7542612384519256,616.3751600069068,596.8468841552734,577.3186083036401,0.00039439460936363524,-0.0018481284995144343,-0.01281197321501748,1.0051459240500158,0.9977811691189554,0.9926729495142499,0.007199512062076723,0.012992643513729599,0.9573461409002954,0.5786379903347868,0.004191444369727293,0.002076902572575534,1
2025-05-02 00:00:00+00:00,599.9290161132812,603.5050659179688,595.8296508789062,601.1641845703125,1444818831,597.048941040039,601.6911975097656,51.73987427311758,2.0919607089061856,1.5712258680834386,0.520734840822747,616.6726414077891,597.048941040039,577.425240672289,0.002076902572575534,0.002472116301118099,-0.004065953566771863,1.0068926401964717,0.9991241139281507,0.9922846528436188,0.007182108219675246,0.01232235569544626,0.979975661576437,0.604853912696214,-0.028542357963088794,-0.003048792250225696,0
2025-05-03 00:00:00+00:00,601.1643676757812,601.29443359375,595.5932006835938,599.3313598632812,1221915136,597.8133850097656,601.9350988769531,50.55754194824874,1.8409459690941503,1.6251698882855812,0.21577608080856914,616.4711312719289,597.8133850097656,579.1556387476023,-0.003048792250225696,-0.0009782217221179224,-0.01159966436778459,1.0025392118871523,0.9956743857958611,0.9931525610071957,0.004742664322205172,0.01119489322020694,0.8315095538903098,0.5406794805810491,-0.01070234733705211,-0.022251970452505154,0
2025-05-04 00:00:00+00:00,599.3313598632812,600.4434814453125,585.30810546875,585.9950561523438,1306600030,597.8963775634766,601.2652783203125,42.8793102241,0.5594378744192454,1.4120234855123142,-0.8525856110930687,616.3149232026934,597.8963775634766,579.4778319242597,-0.022251970452505154,-0.02523292106766306,-0.025013661161953804,0.9800946755027474,0.9746031864493697,0.9943969810359792,0.009030181970774513,0.012379351588835508,0.890742293575443,0.17692016394083634,-0.026126559464552,0.01995699797405326,1
2025-05-05 00:00:00+00:00,585.9950561523438,599.8522338867188,584.6096801757812,597.6897583007812,1465943685,598.7965637207031,601.1747412109376,50.044056292275165,0.48194266821678866,1.226007322053209,-0.7440646538364204,615.1068628888371,598.7965637207031,582.4862645525692,0.01995699797405326,-0.002739055007691338,-0.0033216677345007106,0.9981516169480923,0.9942030450195952,0.9960441160827148,0.012662301840536612,0.012969156766758558,0.9947367220535283,0.4660703519747723,-0.004150867566609429,0.008004351063242154,1
2025-05-06 00:00:00+00:00,597.6897583007812,602.9686279296875,593.5989990234375,602.473876953125,1594251780,599.7799468994141,600.5969665527343,52.66002670930419,0.797373921456483,1.140280641933864,-0.342906720477381,614.3047953654352,599.7799468994141,585.255098433393,0.008004351063242154,0.028121091855247915,0.004260020795477937,1.0044915307149518,1.0031250747255078,0.9986396540461906,0.012748185394665552,0.013022438697416648,1.0760214182509567,0.5927352206122147,-0.008606531691866648,0.0013374623591775325,1
2025-05-07 00:00:00+00:00,602.473876953125,608.98583984375,598.2972412109375,603.2796630859375,1537003234,600.4358215332031,600.0998706054687,53.10544760415941,1.0996990230912616,1.1321643181653436,-0.03246529507408202,614.3017682118233,600.4358215332031,586.569874854583,0.0013374623591775325,0.009352518940676235,0.0035189696424398065,1.004736295621858,1.0052987721481434,1.0005598250294496,0.01269564022813362,0.01276817919399719,1.0326650117675376,0.6025476881834286,-0.0005612918915011145,0.04207632150677032,1
2025-05-08 00:00:00+00:00,603.2794189453125,628.6717529296875,601.0078735351562,628.6634521484375,2061341461,602.2808013916016,600.2879895019531,64.45230045227433,3.348948882371019,1.5755212310064786,1.7734276513645404,620.4424925941449,602.2808013916016,584.1191101890582,0.04207632150677032,0.04347005936217574,0.04894136073881983,1.043804568725879,1.0472697490916434,1.003319759722832,0.02005033318278913,0.015711953591429455,1.3556700113017077,1.2263269279994504,0.036773993012762185,0.06078773423979089,1
2025-05-09 00:00:00+00:00,628.6528930664062,667.8003540039062,623.8834838867188,666.8784790039062,2418287835,606.0358856201171,601.0267102050781,74.46831435641376,8.121509189281483,2.8847188226614797,5.236790366620003,639.5880006818913,606.0358856201171,572.4837705583429,0.06078773423979089,0.1054217799961028,0.138027483342001,1.1003943740419477,1.1095654613691939,1.0083343640640028,0.02829249758511384,0.020285809605825756,1.5304732943741568,1.406687898389852,0.10956124948069301,-0.004890291966868077,0
2025-05-10 00:00:00+00:00,666.8892822265625,677.3533935546875,649.3594970703125,663.6172485351562,2282413256,609.5681274414062,601.6068994140625,72.58863381329068,11.507986666541342,4.609372391437453,6.898614275103889,651.2251490612443,609.5681274414062,567.9111058215681,-0.004890291966868077,0.0556001725044859,0.11030386470366405,1.0886678923332411,1.1030745311955181,1.0132332724825757,0.02849898424321652,0.020418866490020986,1.4012522071320392,1.1487396241022962,0.10661580418078631,-0.01957728090663735,0
2025-05-11 00:00:00+00:00,663.6165161132812,667.635498046875,648.8480834960938,650.6254272460938,1906600802,612.2286895751953,602.087919921875,65.49610326731667,12.993680009807917,6.286233915111546,6.707446094696372,657.2763184308445,612.2286895751953,567.181060719546,-0.01957728090663735,-0.024371834253954505,0.07992305083248463,1.0627163318621031,1.0806153150033584,1.0168426725031057,0.027928461971984682,0.02118617091265556,1.153661962690291,0.926179342246149,0.08452354548654695,0.01515293793616368,1
2025-05-12 00:00:00+00:00,650.6254272460938,690.3782348632812,648.9622802734375,660.4843139648438,2609669556,614.311557006836,602.8306164550781,68.04751067754887,14.796072538252702,7.988201639739778,6.807870898512924,664.2323857337593,614.311557006836,564.3907282799127,0.01515293793616368,-0.004720996293010815,0.09482277354799118,1.0751617911650226,1.0956383035898143,1.0190450521894046,0.027856321906594955,0.020049024092075568,1.538332491119185,0.9624598402660917,0.0986754216519583,0.00770077739658781,1
2025-05-13 00:00:00+00:00,660.4843139648438,670.8955078125,641.682861328125,665.570556640625,2108811440,617.2993347167969,603.4091369628907,69.30842262804431,16.445327381817265,9.679626788155275,6.76570059366199,672.0027084409276,617.2993347167969,562.5959609926663,0.00770077739658781,0.022970404734702132,0.0587072532466435,1.0781974306613724,1.1030170341645942,1.0230195350103897,0.027868714531314613,0.019214864248182705,1.2331035794029828,0.9412088198367807,0.11052182684459244,-0.019531380390928388,0
2025-05-14 00:00:00+00:00,665.6119995117188,665.6529541015625,648.1204833984375,652.571044921875,1876674692,619.8420959472656,603.8617004394531,62.51795798167599,16.513069388449708,11.046315308214162,5.466754080235546,676.1983231488946,619.8420959472656,563.4858687456367,-0.019531380390928388,-0.011981009806979248,-0.02145433468388691,1.0528020752198053,1.0806630797200323,1.0264636679163175,0.030520877125103398,0.01982461969225243,1.087736759937493,0.7903756212912647,0.11361186083492014,-0.0020025769464306897,0
2025-05-15 00:00:00+00:00,652.5711669921875,660.2804565429688,643.4594116210938,651.2642211914062,1888457576,622.3962554931641,604.5306494140625,61.861796606800155,16.273712436361393,12.09179473384361,4.181917702517783,679.6242086695759,622.3962554931641,565.1683023167523,-0.0020025769464306897,-0.021494844245256273,-0.01861468696152424,1.046381972004906,1.0773055457529572,1.0295528540966743,0.027611402723936182,0.019815103254480226,1.0897324615136457,0.7522191000720692,0.08963590583003467,-0.007589655523694616,0
2025-05-16 00:00:00+00:00,651.2623291015625,659.6885986328125,644.3860473632812,646.3213500976562,1634445685,624.3271179199219,604.7129370117187,59.32553248380305,15.506423541219647,12.774720495318817,2.7317030459008294,682.0714175029846,624.3271179199219,566.5828183368592,-0.007589655523694616,-0.009577033600942197,-0.006615291945559765,1.035228699100902,1.0688068842905063,1.0324355238787013,0.012937130613710247,0.019884452948622535,0.9397135344441627,0.6904450511699135,0.0727790445724883,-0.010370156598213165,0
2025-05-17 00:00:00+00:00,646.3213500976562,646.7220458984375,635.48486328125,639.618896484375,1449713512,626.1271392822266,605.1158166503906,55.97433436775438,14.19389122925179,13.058554642105413,1.1353365871463765,683.3958658659159,626.1271392822266,568.8584126985373,-0.010370156598213165,-0.017881106205600572,-0.031591087084589575,1.0215479514553785,1.0570189687405227,1.0347228118216176,0.01313663154796221,0.019997313805214356,0.833561455814137,0.6177934101820153,0.06023613196664468,0.019613882931234672,1
2025-05-18 00:00:00+00:00,639.618896484375,654.7149658203125,635.4116821289062,652.164306640625,1592388678,628.417105102539,606.094345703125,60.4749006248043,14.004573661350946,13.24775844595452,0.7568152153964256,686.020323472702,628.417105102539,570.8138867323761,0.019613882931234672,0.009040327295525508,-0.0201424925821031,1.0377889165416831,1.0760112039719734,1.036830502639845,0.014276920056572365,0.020336146992714955,0.9126211911538294,0.7061273849794687,0.03738225025150421,-0.0035442009684549802,0
2025-05-19 00:00:00+00:00,652.1163940429688,652.9885864257812,634.1826782226562,649.8529052734375,1595233688,630.85830078125,607.0547998046875,59.27266154096238,13.512266356224472,13.300660028008512,0.21160632821596081,687.7077181049162,630.85830078125,574.0088834575838,-0.0035442009684549802,0.016000166419899653,-0.004165277741924545,1.0301091456966878,1.0705012224308577,1.0392114533716248,0.012727125838696821,0.020197701624899124,0.9140505412382605,0.6670606787756828,-0.025530249163084773,0.0007354053041224162,1
2025-05-20 00:00:00+00:00,649.8463745117188,653.402099609375,641.1644287109375,650.330810546875,1512635652,633.390756225586,607.9599597167969,59.45214922708568,13.010693060844346,13.24266663457568,-0.23197357373133443,688.8889759788373,633.390756225586,577.8925364723347,0.0007354053041224162,-0.0028114020885235957,-0.0014332288096891022,1.0267450292805596,1.0696934891071042,1.0418297226689655,0.012075424540310931,0.02015941835299939,0.8665108008774292,0.6526179974475363,-0.020021236665576758,0.03508646628537537,1
2025-05-21 00:00:00+00:00,650.330810546875,677.0289916992188,649.134521484375,673.1486206054688,2377493291,637.0522766113281,609.1969897460938,66.94296825751434,14.289676688102873,13.45206864528112,0.8376080428217527,692.9137422336298,637.0522766113281,581.1908109890264,0.03508646628537537,0.035847674362907034,0.04150763471415431,1.0566615100822618,1.104976931823037,1.0457245970254123,0.016595085832235013,0.02127189734960298,1.325073528788404,0.8230880499824355,0.0346177576469906,0.019441525589165343,1
2025-05-22 00:00:00+00:00,673.1505126953125,688.0584106445312,673.1314086914062,686.2356567382812,2248278627,641.3058502197266,611.1089514160157,70.32868264137002,16.172864159505707,13.996227748126039,2.1766364113796683,698.5984194697324,641.3058502197266,584.0132809697208,0.019441525589165343,0.05521012630666111,0.07288208730250512,1.0700598731528188,1.1229350431673233,1.0494132817621817,0.01715140757147992,0.02145750665571594,1.225615375931535,0.8921084977224167,0.038988575851035545,-0.043722541943924775,0
2025-05-23 00:00:00+00:00,686.2514038085938,690.9200439453125,654.8810424804688,656.231689453125,1996132529,644.1508666992188,612.3910961914063,56.13376959189168,15.070510923076654,14.211084383116162,0.8594265399604915,698.2280499299021,644.1508666992188,590.0736834685355,-0.043722541943924775,-0.025131049272785644,0.006236745511957853,1.0187546479845804,1.0715892075086868,1.0518619077013585,0.0257668356250109,0.024197979021876488,1.0656731838027507,0.6116998152656328,-0.014031370670356313,0.01840025298324921,1
2025-05-24 00:00:00+00:00,656.2304077148438,676.8643188476562,656.1278076171875,668.3065185546875,1475660792,648.2664398193359,613.8056384277344,59.66233372700221,14.998334373599278,14.368534381212786,0.6297999923864914,695.8463154156011,648.2664398193359,600.6865642230707,0.01840025298324921,-0.02612679479351454,0.028396600417574858,1.030913336715281,1.0887917554269415,1.0561428557089716,0.025673079473443317,0.023501564316853497,0.7842702162909077,0.710594064026143,0.024113042947984775,0.0024096002624403035,1
2025-05-25 00:00:00+00:00,668.3065185546875,671.4579467773438,658.1526489257812,669.9168701171875,1591152958,651.8777954101563,615.3416784667969,60.12302952020144,14.89932569881114,14.474692644732459,0.4246330540786811,693.9383139717348,651.8777954101563,609.8172768485778,0.0024096002624403035,0.02085419050010695,0.030117071577528742,1.0276724791579703,1.088690874615176,1.0593753327978592,0.02503206740116051,0.023313414980599384,0.8428465356819093,0.7144418961528157,0.028640678113191154,0.006681081254433563,1
2025-05-26 00:00:00+00:00,669.91748046875,677.6790771484375,668.89990234375,674.3926391601562,1568627598,655.4737335205078,617.7376330566407,61.44116201929248,15.009003319441263,14.581554779674219,0.42744853976704356,691.6333792897198,655.4737335205078,619.3140877512959,0.006681081254433563,0.009106780252017943,0.0018480592793439499,1.0288629500651936,1.091713703475017,1.0610875854804966,0.024807951586469555,0.023309232687977195,0.8314789682417065,0.7616024747642425,0.0434324025629953,0.01893087937469784,1
2025-05-27 00:00:00+00:00,674.3926391601562,695.868408203125,667.23095703125,687.1594848632812,2019130226,659.667724609375,620.3911547851562,64.99552000262963,15.942328140190398,14.853709451777455,1.088618688412943,689.1855855352727,659.667724609375,630.1498636834773,0.01893087937469784,0.02573843937245157,0.0013462257694258906,1.0416751634623107,1.1076229561997013,1.0633093646182308,0.025166885791373467,0.023459094502936102,1.0567724637798448,0.9656800898093899,0.07432642881598728,0.0003580431039129639,1
2025-05-28 00:00:00+00:00,687.1602172851562,688.9776000976562,680.665283203125,687.405517578125,1759924602,662.6048278808594,623.0699169921875,65.06235820322897,16.51151312355489,15.185270186132943,1.3262429374219487,690.7932289116343,662.6048278808594,634.4164268500845,0.0003580431039129639,0.019295700549421868,0.047504301645321156,1.0374290808845796,1.103255828650036,1.0634518050229789,0.022229253752674816,0.02196340403678849,0.9284326845370577,0.9399094803247136,0.054037319397364225,-0.017796391052321447,0
2025-05-29 00:00:00+00:00,687.4058227539062,690.8436889648438,673.9274291992188,675.1721801757812,1938258667,663.0195129394531,624.9259741210938,59.02718208382187,15.79341161547893,15.306898472002143,0.4865131434767882,691.7121426588474,663.0195129394531,634.3268832200588,-0.017796391052321447,-0.017444719823499266,0.010273222586459019,1.0183292753820323,1.0804034527855153,1.0609568819281912,0.02215421927414932,0.01808963892284804,1.035624066677888,0.7117733256794128,0.038961547600822266,-0.029162935054995787,0
2025-05-30 00:00:00+00:00,675.2001953125,678.1555786132812,654.650634765625,655.482177734375,1904377880,662.612759399414,626.4874987792969,50.85108773410702,13.480102129603779,14.94153920352247,-1.4614370739186917,691.499702056398,662.612759399414,633.7258167424301,-0.029162935054995787,-0.04644033111084511,-0.02154699042030017,0.9892386894699974,1.0462813368368467,1.057663178739411,0.01786384819014644,0.019265675755815708,1.0279024774663599,0.376577771664682,0.007921148904460162,0.004605928439338491,1
2025-05-31 00:00:00+00:00,655.5108642578125,661.3086547851562,646.9629516601562,658.5012817382812,1478599983,663.0065521240234,627.9357446289063,51.95010192915141,11.754900975687292,14.304211557955435,-2.549310582268143,691.4162246004225,663.0065521240234,634.5968796476243,0.004605928439338491,-0.024691329007601737,-0.023563954437084367,0.993204787537455,1.0486762178627662,1.0558509493926693,0.016173316648180378,0.018753400064984938,0.8074118936787058,0.4207088643931949,-0.02175944274239594,0.003782040498160777,1
2025-06-01 00:00:00+00:00,658.4995727539062,662.3483276367188,648.2598266601562,660.9917602539062,1468711165,663.0319244384766,629.2131188964844,52.88600047654101,10.467959315310395,13.536961109426427,-3.0690017941160317,691.4330174655852,663.0319244384766,634.630831411368,0.003782040498160777,0.008405388745388542,-0.03808100620859711,0.9969229774474311,1.0505053699661497,1.0537477756365026,0.016243794125167528,0.018464539853493243,0.8277994642847524,0.4640829988017884,-0.036786046071054845,0.00847060335712313,1
2025-06-02 00:00:00+00:00,660.9854736328125,666.9949340820312,650.44970703125,666.5907592773438,1782539875,663.0829345703125,630.8640844726563,55.00771350151912,9.787022502750233,12.786973388091189,-2.999950885340956,691.506881167172,663.0829345703125,634.6589879734531,0.00847060335712313,0.012284680020224537,-0.030280173447132075,1.005290174915004,1.0566313342033913,1.0510709848454731,0.01641272294780143,0.01848179045460893,1.0140040302284563,0.5617054478180519,0.01578568970488381,-0.007338604136109317,0
2025-06-03 00:00:00+00:00,666.5907592773438,672.7042236328125,658.549560546875,661.6989135742188,1696519631,663.5393280029297,632.4113586425781,52.771648756929245,8.75175927439534,11.97993056535202,-3.2281712909566807,691.5426109176177,663.5393280029297,635.5360450882416,-0.007338604136109317,0.0010698368161818905,-0.019955304731386736,0.9972263672234017,1.0463109248931015,1.0492210788673457,0.013735654105036752,0.017989843030116616,0.9700416968284593,0.4671393094460079,-0.009887087432214003,0.0030336837687450213,1
2025-06-04 00:00:00+00:00,661.698974609375,671.9303588867188,661.3744506835938,663.706298828125,1561308740,664.1614318847656,634.0917639160157,53.60508772388124,8.001053753638189,11.184155203009254,-3.1831014493710654,691.562863555878,664.1614318847656,636.7600002136533,0.0030336837687450213,-0.004327183371617416,0.012546673842721567,0.9993147252538452,1.046703863064261,1.047421634659069,0.013954742261331397,0.017983067172628552,0.9011588191935104,0.4916950861892288,-0.009270659638674461,-0.04467745750385965,0
2025-06-05 00:00:00+00:00,663.7078857421875,670.58056640625,626.680419921875,634.0535888671875,1987901562,663.5480438232422,635.1167114257812,41.85509299000353,4.956255713384394,9.938575305084282,-4.982319591699888,693.0961187216052,663.5480438232422,633.9999689248792,-0.04467745750385965,-0.04177931101277299,-0.03712626466961133,0.9555503851897248,0.9983260989051806,1.044765524014689,0.020331827317312076,0.0206420699966843,1.1357948095010801,0.0009073339378743103,-0.05981537749760191,0.014794672562510991,1
2025-06-06 00:00:00+00:00,634.052001953125,651.379638671875,631.1067504882812,643.4342041015625,1728825229,663.7388092041016,636.1821520996094,45.89542684463992,3.262559823467541,8.603372208760934,-5.340812385293393,692.6794238842941,663.7388092041016,634.798194523909,0.014794672562510991,-0.03054377329604374,-0.026562443298233207,0.9694087420820148,1.0113993326880029,1.0433156714842535,0.019758481662348146,0.020791433324331535,0.9799568422393131,0.14920224869245935,-0.06363192493867476,0.01199228687161269,1
2025-06-07 00:00:00+00:00,643.4424438476562,653.8911743164062,640.9490356445312,651.1504516601562,1468009270,663.6881164550781,637.3698840332031,49.032729801433284,2.5139510560021563,7.385487978209179,-4.871536922207023,692.7175111286309,663.6881164550781,634.6587217815253,0.01199228687161269,0.026964381391664904,-0.02316309880131917,0.9811091015733585,1.0216209895888888,1.0412919296646654,0.020386936618738336,0.020490428683719475,0.8350611945596431,0.2840522522788897,-0.05274188959917436,0.0015317128103626843,1
2025-06-08 00:00:00+00:00,651.1504516601562,656.2777099609375,646.9312744140625,652.1478271484375,1385072458,663.8028625488281,638.5773046875,49.44082332099709,1.97834791752598,6.30405996607254,-4.32571204854656,692.6193571393483,663.8028625488281,634.9863679583079,0.0015317128103626843,0.013542368421402218,-0.014434187860745129,0.9824420229891171,1.0212511819028371,1.0395027472416556,0.020308821082114677,0.020474031337687024,0.7926212984066955,0.2977714575279259,-0.03410145397482067,0.021170373961491018,1
2025-06-09 00:00:00+00:00,652.1478271484375,667.7135009765625,648.5833129882812,665.9540405273438,1629752670,664.5840240478516,640.0369372558594,54.832179603432735,2.6375209085753113,5.5707521545730945,-2.933231245997783,692.7013771017813,664.5840240478516,636.4666709939219,0.021170373961491018,0.02273451370485069,0.003386651148538977,1.0020614646604769,1.0404931368220767,1.038352609612247,0.021879690133671394,0.020996060484819043,0.9295270410390626,0.5243624724714386,0.01597581619864008,0.011496939187283672,1
2025-06-10 00:00:00+00:00,665.95458984375,673.6307373046875,657.6258544921875,673.6104736328125,1849736872,664.6071166992188,641.5608630371094,57.53645479416592,3.7346793583116096,5.203537595320798,-1.4688582370091883,692.7548291073849,664.6071166992188,636.4594042910526,0.011496939187283672,0.03291070765078219,0.062387289434475246,1.0135468861337342,1.0499556822153744,1.0359221626347497,0.021974380296560285,0.01962166194776316,1.071115265249705,0.6599305265564265,0.022944817745299995,-0.008820240305881466,0
2025-06-11 00:00:00+00:00,673.6104736328125,673.9506225585938,663.1364135742188,667.6690673828125,1778663531,663.6787872314453,642.537705078125,54.79482546357556,4.077757652454693,4.978381606747577,-0.9006239542928842,689.9876451608623,663.6787872314453,637.3699293020284,-0.008820240305881466,0.002575293114988275,0.03766486631696786,1.0060123665666831,1.0391126654608258,1.0329024771406214,0.022402637424110347,0.01917716576800405,1.0441565212422947,0.5758352977934763,0.010101952142854698,-0.017112118101231477,0
2025-06-12 00:00:00+00:00,667.6690673828125,669.5156860351562,652.7897338867188,656.2438354492188,1695465665,663.67939453125,643.5462817382812,49.87335706203426,3.3886665018532085,4.660438585768704,-1.2717720839154953,689.987529201454,663.67939453125,637.3712598610459,-0.017112118101231477,-0.025781425413317405,0.007822130470886535,0.9887964593397044,1.019730599136771,1.0312846385167314,0.013787024778078668,0.016853487678584713,1.0041777104348715,0.3586832708733899,-0.01552215311136651,-0.001505687506923148,0
2025-06-13 00:00:00+00:00,656.2520141601562,659.311767578125,641.3123168945312,655.2557373046875,1964558213,663.02685546875,644.617080078125,49.45961882437322,2.731340346668844,4.274618937948732,-1.543278591279888,689.4986551270244,663.02685546875,636.5550558104756,-0.001505687506923148,-0.01859204010571258,0.00476565285794095,0.9882793312217067,1.0165038401174122,1.0285592423154437,0.01322354614297608,0.01629678881555332,1.1469482839480836,0.3532189298729179,-0.009737323331434733,-0.014258488725943597,0
2025-06-14 00:00:00+00:00,655.2623901367188,655.4783935546875,639.6327514648438,645.9127807617188,1337524307,661.8266510009765,645.5317150878906,45.606988142647324,1.439907761866948,3.7076767027323756,-2.2677689408654276,689.14620743332,661.8266510009765,634.5070945686331,-0.014258488725943597,-0.015742707404524547,-0.03009405836738388,0.9759546246510489,1.0005903128613538,1.0252426573818567,0.013849626543869425,0.01654520628457091,0.7866978320800169,0.20874581586512414,-0.026809325296179076,0.0036661001725941667,1
2025-06-15 00:00:00+00:00,645.912353515625,651.7022094726562,642.9979858398438,648.28076171875,1352632285,660.5210571289062,646.3432482910156,46.73936635070422,0.6005911662226708,3.086259595430435,-2.485668429207764,687.8078259613177,660.5210571289062,633.2342882964948,0.0036661001725941667,-0.010644661601328598,-0.037602906880972564,0.9814687279412995,1.0029976540063772,1.021935417249856,0.013939682237898973,0.016478509661302487,0.8006699349346376,0.2757100614342961,0.02243843911834187,0.00413550639876048,1
2025-06-16 00:00:00+00:00,648.2817993164062,659.243408203125,646.8132934570312,650.9617309570312,1588063609,658.7111694335938,647.2901135253907,48.057825953198055,0.15002908703411322,2.4990134937511708,-2.3489844067170575,683.2187744553945,658.7111694335938,634.2035644117931,0.00413550639876048,0.007816767752076847,-0.025023379458437578,0.988235453054142,1.0056722902990802,1.0176444158029847,0.010545520419335557,0.01581564719839417,0.9521779381482643,0.3418972708743053,0.011698984616429486,-0.003765087282122881,0
2025-06-17 00:00:00+00:00,650.9661865234375,659.038818359375,640.8545532226562,648.5108032226562,1784039065,656.7664337158203,648.1330297851563,46.91444631847071,-0.40020072689026165,1.9191706496228844,-2.3193713765131463,677.58140686247,656.7664337158203,635.9514605691706,-0.003765087282122881,0.00035484857409051607,-0.011783778846880866,0.9874298836399787,1.0005828640420087,1.013320419626702,0.008349655095650636,0.015802177602476306,1.0689089870376236,0.30169009983822936,-0.004053822631574611,-0.005711609596844358,0
2025-06-18 00:00:00+00:00,648.5108032226562,653.4296875,637.9425659179688,644.8067626953125,1667361898,655.2481628417969,649.0085852050781,45.165552020367464,-1.1222107858285426,1.310894362532599,-2.4331051483611414,674.8019163268739,655.2481628417969,635.6944093567199,-0.005711609596844358,-0.009455192170313653,-0.015946406898099896,0.9840649684522574,0.9935257828547246,1.009614014019163,0.008217812506665355,0.015424617518901344,1.0071753688790117,0.23300777892968075,-0.011256749079766704,-0.0001954656882464656,0
2025-06-19 00:00:00+00:00,644.8067626953125,646.4259033203125,639.02294921875,644.6807250976562,1374982734,654.7080902099609,649.9085656738281,45.10393786531436,-1.6851537368229401,0.7116847426614913,-2.3968384794844315,674.8232401249677,654.7080902099609,634.5929402949541,-0.0001954656882464656,-0.005905958861390004,-0.0019074644452917733,0.984684219941304,0.9919560368145762,1.0073849227254863,0.006305085488887841,0.014057347267424096,0.8440585582913983,0.2507509226957386,-0.03194411946632525,-0.004492613408121571,0
2025-06-20 00:00:00+00:00,644.6846923828125,649.5967407226562,638.6568603515625,641.784423828125,1614121225,653.8722473144531,650.7458898925781,43.63095992152764,-2.3380458511337565,0.1017386239024417,-2.4397844750361983,674.7003743007602,653.8722473144531,633.044120328146,-0.004492613408121571,-0.0046872009445961815,-0.010020871008730281,0.981513478304096,0.9862289317479478,1.0048042676418458,0.006326096152422962,0.014022579033672123,0.9867536286317091,0.20981971892443885,-0.04724696401029538,-0.02031298918230684,0
2025-06-21 00:00:00+00:00,641.784423828125,644.9034423828125,624.7100830078125,628.7478637695312,1486820788,652.2600524902343,651.2975634765625,37.668042513944464,-3.8628801237023254,-0.6911851256185118,-3.1716949980838134,675.6071604655017,652.2600524902343,628.912944514967,-0.02031298918230684,-0.024714344182868997,-0.034124689872078395,0.9639527384347133,0.9653772699737073,1.0014778022637367,0.008251472068902265,0.01459623675171765,0.9084287573079873,-0.003535357475765174,-0.0582941542669454,-0.020283543846688845,0
2025-06-22 00:00:00+00:00,628.7477416992188,635.169921875,602.705078125,615.99462890625,1895564160,649.7302459716797,651.6308288574219,32.92714913751206,-6.030881493028346,-1.7591243991004788,-4.271757093927867,677.1489440160244,649.7302459716797,622.3115479273349,-0.020283543846688845,-0.040184513622259055,-0.05013975735611964,0.9480775025103262,0.9453122866920571,0.9970833441243492,0.009504590126380637,0.014882974020818479,1.154180625910904,-0.11519363557796303,-0.06133270039087979,0.04107434305386115,1
2025-06-23 00:00:00+00:00,615.9945678710938,642.7957763671875,615.58837890625,641.2962036132812,1783710380,648.7101104736328,652.7368518066406,47.14115995963275,-5.642370834326471,-2.5357736861456774,-3.1065971481807932,675.7696911264643,648.7101104736328,621.6505298208012,0.04107434305386115,0.01995766596886539,-0.005444358349092071,0.9885713098336967,0.9824728017704316,0.9938309882123819,0.020621184996210934,0.017911638737341626,1.0831992287390912,0.36300772810432075,-0.021303947293658254,0.00380632068325526,1
2025-06-24 00:00:00+00:00,641.2962036132812,644.28173828125,636.9046020507812,643.7371826171875,1498769929,647.7116546630859,653.6578002929688,48.27991492118117,-5.078959647461261,-3.044410878408794,-2.0345487690524666,673.9010674112634,647.7116546630859,621.5222419149085,0.00380632068325526,0.04503700585863335,-0.0014635810312552122,0.9938638250257118,0.9848229185495303,0.990903274423991,0.020708817836041556,0.01792256169503336,0.9118941761959977,0.4241206344694571,-0.003368253747766947,0.003395755566280023,1
2025-06-25 00:00:00+00:00,643.7371826171875,650.2681884765625,642.5645751953125,645.9231567382812,1653677161,648.3051330566407,654.5267858886718,49.33262009206764,-4.405281042423098,-3.316584911211655,-1.0886961312114432,673.7177987629087,648.3051330566407,622.8924673503726,0.003395755566280023,0.007215001584182534,0.006448789899682339,0.996325840723906,0.9868551916653661,0.9904944259483837,0.020640185930329145,0.014752507914287212,1.0164792691206117,0.4531340720825698,-0.0036367036007950437,-0.005432397176363013,0
2025-06-26 00:00:00+00:00,645.9231567382812,649.984130859375,641.8189086914062,642.4142456054688,1439442979,648.2541351318359,655.3094775390625,47.65584155897431,-4.107180675367658,-3.474704064042856,-0.6324766113248024,673.7120119491996,648.2541351318359,622.7962583144723,-0.005432397176363013,-0.002055088703032837,0.021735870009964575,0.9909913578489098,0.9803219205954105,0.9892335718480342,0.020761081385707942,0.014449449870710543,0.8927340324082402,0.38530289528339473,-0.013130549685303583,0.005820823414786069,1
2025-06-27 00:00:00+00:00,642.4138793945312,647.4111328125,640.5480346679688,646.1536254882812,1358247058,648.0042938232422,655.6592810058594,49.62102350171609,-3.5285226686426086,-3.4854677849628066,-0.043054883679801925,673.4405574721069,648.0042938232422,622.5680301743774,0.005820823414786069,0.00035680521374059637,0.04895983693166461,0.9971440492715844,0.9855021414430444,0.9883247482276564,0.020781617792488813,0.014244744333459233,0.8452537869019358,0.46362145870736965,-0.003634754768403914,0.004018861235747462,1
2025-06-28 00:00:00+00:00,646.1536254882812,649.1661376953125,644.57421875,648.7504272460938,1185616315,647.834423828125,655.2967199707032,50.99690782140946,-2.827794771939807,-3.353933182358207,0.5261384104183997,673.1994531954791,647.834423828125,622.4693944607708,0.004018861235747462,0.009863077732115366,0.011623682770633748,1.0014139468115264,0.9900101854242425,0.9886123401580404,0.018502792531005747,0.014272311314334247,0.7424312370831054,0.5180564233674362,0.006116040927202082,0.00968903655022646,1
2025-06-29 00:00:00+00:00,648.7504272460938,655.6026611328125,647.2733154296875,655.0361938476562,1284469590,647.2885314941407,655.1250988769531,54.253718526870486,-1.7451371778521434,-3.032173981456994,1.2870368036048507,671.4531529091178,647.2885314941407,623.1239100791636,0.00968903655022646,0.013746836679377372,0.017552211578848453,1.0119694108215258,0.9998642930496034,0.9880380596068656,0.014892822109723683,0.01358324305057541,0.8131235226185727,0.6603100297013886,0.016062941463669933,0.0030366806611148434,1
2025-06-30 00:00:00+00:00,655.0361938476562,659.8912353515625,651.8738403320312,657.0253295898438,1487336817,646.4592742919922,655.2530969238281,55.26690374316023,-0.718336072818488,-2.569406399729293,1.851070326910805,667.7930609752505,646.4592742919922,625.1254876087339,0.0030366806611148434,0.012755139721258413,0.01718807064856631,1.0163445026129814,1.0027046536282478,0.9865795023737854,0.004547211776508324,0.013311132175871704,0.9524726025113687,0.7476366585718066,0.023747702804642,-0.016174993402047422,0
2025-07-01 00:00:00+00:00,657.0258178710938,658.9859619140625,644.6724853515625,646.39794921875,1382771755,645.395718383789,654.9713696289062,49.02015275955409,-0.7534443412376959,-2.206213988030974,1.452769646793278,664.2547247319163,645.395718383789,626.5367120356617,-0.016174993402047422,-0.013187431030590169,0.006201144573820372,1.0015528935293696,0.9869102363741277,0.9853800460766055,0.008690000940761557,0.013631562161055974,0.8968794327650642,0.5265716765894324,0.028071801856154543,0.021131412583102138,1
2025-07-02 00:00:00+00:00,646.39794921875,664.7877807617188,644.872802734375,660.0572509765625,1576434816,645.5863891601563,654.861103515625,55.91695265869351,0.3172663504102502,-1.701517920342729,2.0187842707529793,664.9768201115755,645.5863891601563,626.195958208737,0.021131412583102138,0.004614618721947128,0.021517522984993986,1.0224150664564526,1.0079347321638772,0.9858371274371353,0.011698318579814498,0.014007864474288624,1.0264535550857017,0.873144409545654,0.07153085433317719,0.0049478573802395065,1
2025-07-03 00:00:00+00:00,660.0572509765625,664.3876953125,657.2025756835938,663.3231201171875,1512518612,645.9897583007812,655.0761450195313,57.400853750086206,1.413051851091268,-1.0786039660559297,2.4916558171471976,666.5287484748925,645.9897583007812,625.4507681266699,0.0049478573802395065,0.026183825179045828,0.022462710248922546,1.0268322548363618,1.0125893381408513,0.9861292663641733,0.011069243880756405,0.014036390833681906,0.9995462200920587,0.9219623669291789,0.034347492437658556,-0.014447888025325262,0
2025-07-04 00:00:00+00:00,663.3231201171875,664.0619506835938,650.7118530273438,653.739501953125,1379813703,646.3810943603515,655.1256506347656,51.8818096078077,1.4909649470718023,-0.5646901834303834,2.0556551305021857,667.2101114704631,646.3810943603515,625.55207725024,-0.014447888025325262,-0.009571516734480756,-0.0019795728949182356,1.0113840080673386,0.9978841483610089,0.9866520929749258,0.013161646596578685,0.014047077289340822,0.9105759418162301,0.6766383779386617,0.015537892801642972,0.0036763593762896285,1
2025-07-05 00:00:00+00:00,653.739501953125,656.661865234375,652.3401489257812,656.1428833007812,1193229342,646.7742004394531,655.3220812988282,53.099674853143064,1.7267396460482587,-0.10640421753465495,1.8331438635829136,668.0462276354516,646.7742004394531,625.5021732434546,0.0036763593762896285,-0.010824644277645179,-0.0013430932558009534,1.014485245167421,1.0012525169307989,0.9869562141986221,0.0131524092815997,0.014047191671095778,0.7916075637218759,0.7202113314120454,0.015821892210996946,0.010586270359419725,1
2025-07-06 00:00:00+00:00,656.1429443359375,664.6273803710938,653.8736572265625,663.0889892578125,1387600565,647.3805633544922,655.7914831542969,56.524496589211736,2.4458907868779534,0.4040547833478667,2.0418360035300864,669.8148149990176,647.3805633544922,624.9463117099668,0.010586270359419725,0.014301548670005104,0.025821616636060973,1.0242645930268974,1.0111277841981345,0.9871743991560413,0.013247339096724223,0.014203515596793477,0.926718799366886,0.8500991731799891,0.032182884787771204,-0.0031229605902034496,0
2025-07-07 00:00:00+00:00,663.0889892578125,663.2283325195312,657.1060791015625,661.0181884765625,1524912345,648.0059326171875,655.9685607910156,55.229656726058884,2.816262805982319,0.8864963878747572,1.929766418107562,671.2553353941374,648.0059326171875,624.7565298402375,-0.0031229605902034496,0.00743024926408653,0.0014558396238784077,1.020080457916212,1.0076979721093,0.9878612655395766,0.013357344835449383,0.014192855517626356,1.027312754524704,0.7798406476117251,0.023004688671441675,-0.0003862375696229714,0
2025-07-08 00:00:00+00:00,661.01806640625,662.4974365234375,657.5650634765625,660.7628784179688,1517607542,648.8037384033203,656.1867602539063,55.062182850404106,3.053979536435804,1.3199930175869667,1.7339865188488375,672.6775957706554,648.8037384033203,624.9298810359851,-0.0003862375696229714,-0.003507991955117973,-0.003859720280466661,1.0184326003485729,1.0069738044734273,0.988748596744425,0.01113300887798161,0.014109023448111917,1.0275750807604525,0.7504651810270778,0.018516290190153883,0.01269691248029381,1
2025-07-09 00:00:00+00:00,660.7628784179688,670.7850952148438,659.5992431640625,669.1525268554688,1667011677,650.0273284912109,656.5631945800782,59.41708576544852,3.8746813568885727,1.830930685447288,2.043750671441285,675.4684703071473,650.0273284912109,624.5861866752746,0.01269691248029381,0.01230577088605278,0.023576707321946166,1.0294221450791148,1.019174593366359,0.9900453358597912,0.009148037512223709,0.01432909703705123,1.1176867188123591,0.8758714625040486,0.021550462616262145,0.024670277774357263,1
2025-07-10 00:00:00+00:00,669.1525268554688,687.354248046875,668.0310668945312,685.6607055664062,2023565748,652.221142578125,656.8134362792969,66.33116928790795,5.7904171947895975,2.62282798731575,3.1675892074738474,681.8858699573855,652.221142578125,622.5564151988644,0.024670277774357263,0.03768042661241666,0.04498688169432419,1.0512702836588523,1.0439200352698672,0.9930082220498012,0.012596847891498102,0.015100811118588216,1.3383760256317623,1.063624983987884,0.043583366861120076,0.006143922861811202,1
2025-07-11 00:00:00+00:00,685.6607055664062,696.8695068359375,683.8527221679688,689.8733520507812,2327541748,655.2774169921875,656.8861901855469,67.83704083634706,7.561413742385298,3.61054513832966,3.9508686040556382,687.2637924933238,655.2774169921875,623.2910414910511,0.006143922861811202,0.030965772919793633,0.04039331556831938,1.0527958604424272,1.0502174689589938,0.9975509103138476,0.009331003946254149,0.014033510122489413,1.4977822151585167,1.0407917358027137,0.06725795291364478,-0.005936537441546985,0
2025-07-12 00:00:00+00:00,689.8733520507812,696.9548950195312,680.401611328125,685.7778930664062,1715321874,658.7665802001953,657.4771142578124,64.80256062597832,8.536073412062592,4.5956507930762465,3.9404226189863456,687.7983792349763,658.7665802001953,629.7347811654143,-0.005936537441546985,0.0001709117921571135,0.03745691876785884,1.0410028584904873,1.0430445078541493,1.0019612331964414,0.010645589090555034,0.013016791651522338,1.1102550689604793,0.9652021880189121,0.03896728965826801,0.00940904440588719,1
2025-07-13 00:00:00+00:00,685.7778930664062,694.0123291015625,685.4672241210938,692.2304077148438,1631603869,661.3132904052734,657.9555920410156,67.28551428215565,9.717148983770016,5.619950431215001,4.097198552555016,692.7303976246117,661.3132904052734,629.8961831859351,0.00940904440588719,0.00341664981993528,0.04762302835809429,1.0467510902292971,1.0520929012359417,1.0051032294654447,0.010577121637534395,0.010042959898296623,1.0612922786168268,0.9920427124897712,0.04357949650925663,-0.004064628823886918,0
2025-07-14 00:00:00+00:00,692.2304077148438,706.7133178710938,686.828857421875,689.416748046875,2362276526,663.5972686767578,658.3455895996094,65.12800550100543,10.307304868617166,6.557421318695434,3.749883549921732,696.2516569695619,663.5972686767578,630.9428803839538,-0.004064628823886918,0.005306171308902652,0.030283411297321594,1.0389083569038828,1.047195817725706,1.0079770855309327,0.010720629409398287,0.010198858740069735,1.4945914541528948,0.8953447104658665,0.05457410174413502,0.00073162500429369,1
2025-07-15 00:00:00+00:00,689.416748046875,692.9431762695312,675.876708984375,689.921142578125,2167202399,665.79716796875,658.6561596679687,65.34254690934256,10.692452149909172,7.384427484938183,3.30802466497099,699.3538727553926,665.79716796875,632.2404631821075,0.00073162500429369,-0.0033359776036738786,0.00621362282705018,1.0362332190192003,1.047467836520222,1.0108417847399789,0.010616138986581121,0.010217437619448915,1.3492510037801249,0.8594508871290854,0.051480036036388066,0.0263870099511061,1
2025-07-16 00:00:00+00:00,689.921142578125,714.7908935546875,685.6761474609375,708.1260986328125,2298649454,669.0827606201171,659.0754919433593,72.03087002526782,12.324601617963026,8.372462311543153,3.9521393064198733,705.7256288230592,669.0827606201171,632.4398924171751,0.0263870099511061,0.02713794035166872,0.026458112243024745,1.0583535256184293,1.074423351025877,1.0151837973025672,0.012998497070027473,0.011207363797800695,1.3938079966658399,1.0327549387845214,0.06792015868851853,0.018479585048635894,1
2025-07-17 00:00:00+00:00,708.1260986328125,726.66064453125,707.8897705078125,721.2119750976562,2877681453,672.8356781005859,659.75162109375,75.66608758053353,14.50678748194764,9.59932734562405,4.907460136323589,714.6065971585634,672.8356781005859,631.0647590426084,0.018479585048635894,0.04535421599431255,0.05166991002408827,1.0718991257027817,1.0931568063478434,1.0198317921298092,0.011850355534583063,0.011609912052598674,1.6680680494592812,1.0790667058333652,0.09106222441446188,0.012485087383679039,1
2025-07-18 00:00:00+00:00,721.2119750976562,763.0548095703125,720.235595703125,730.2163696289062,3407382999,676.9089752197266,660.8525048828125,77.80387714447227,16.769457024805092,11.03335328146026,5.736103743344833,724.3008586867729,676.9089752197266,629.5170917526802,0.012485087383679039,0.031195391666461347,0.05487473750172267,1.0787512004725244,1.1049611891210036,1.024296602068205,0.011988183141930106,0.011704203081794873,1.855623815243817,1.0624105913225272,0.10511106704000461,0.004536577435469313,1
2025-07-19 00:00:00+00:00,730.2608032226562,742.331787109375,721.0870361328125,733.529052734375,2067691091,680.8336181640625,662.4134423828125,78.5504650551012,18.615358515231605,12.54975432821453,6.065604187017076,733.3248477194762,680.8336181640625,628.3423886086488,0.004536577435469313,0.017078304384853027,0.06398496237938889,1.0773984027293058,1.1073583442022972,1.0278076720710703,0.010487579004716481,0.011675327605550415,1.1025288381468423,1.0019451346122803,0.09620605660928927,0.03300602256255969,1
2025-07-20 00:00:00+00:00,733.529052734375,760.4404907226562,732.3448486328125,757.7399291992188,2353254456,685.8693481445313,664.3982153320312,83.04035661067078,21.78078876258769,14.395961215089162,7.384827547498528,747.3054735528129,685.8693481445313,624.4332227362496,0.03300602256255969,0.03769233437522068,0.09829933080129383,1.1047875681412467,1.1404906149853824,1.0323166623826192,0.013681149197265331,0.013141369034834382,1.2264814938557607,1.0849211728202446,0.10512374859409479,0.011935501877555765,1
2025-07-21 00:00:00+00:00,757.7399291992188,780.9653930664062,747.5570678710938,766.783935546875,2776231461,691.8886474609375,666.5140588378906,84.35757303454477,24.734071784544767,16.463583328980285,8.270488455564482,760.2421065205832,691.8886474609375,623.5351884012917,0.011935501877555765,0.045335467884381364,0.08283529872336848,1.108247603658168,1.150439252374978,1.0380705977414626,0.011502440086218658,0.011955221573436144,1.3962302127975572,1.0478529478704461,0.11148507659770046,0.025244710892026623,1
2025-07-22 00:00:00+00:00,766.783935546875,787.2482299804688,746.1088256835938,786.1411743164062,3009453883,698.1928436279297,668.9050671386718,86.73271564183571,28.31019494536224,18.832905652256677,9.477289293105564,776.6897375872594,698.1928436279297,619.6959496686001,0.025244710892026623,0.037481521063832623,0.0900278995089594,1.125965671935968,1.175265688566581,1.0437846533507964,0.009928270046388585,0.012213942387781954,1.4608804146721908,1.060202616004423,0.1463495430003332,-0.012085275179914645,0
2025-07-23 00:00:00+00:00,786.1411743164062,809.3135986328125,753.7788696289062,776.6404418945312,3987433985,703.8587097167969,671.2038977050781,80.28895056102544,30.031484351717836,21.07262139214891,8.958862959568926,787.919412722158,703.8587097167969,619.7980067114357,-0.012085275179914645,0.012854346434144404,0.0635757758884774,1.1034038950899943,1.1570857150114184,1.04865110605491,0.014614668560551025,0.013064502797901901,1.825937689614748,0.9329117505304031,0.12193921740354874,-0.00695360603033035,0
2025-07-24 00:00:00+00:00,776.6744995117188,785.4175415039062,745.3941040039062,771.239990234375,2833667773,709.7337341308594,673.3545715332032,76.79630312456281,30.607028519400274,22.979502817599183,7.6275257018010905,795.453525177775,709.7337341308594,624.0139430839438,-0.00695360603033035,-0.018954844967875695,0.05141028478616483,1.0866610295462935,1.1453697989727616,1.0540267551979667,0.016207787773675045,0.012481309839925245,1.2557990065305258,0.8587634509622896,0.11868473230351029,0.01862773619111624,1
2025-07-25 00:00:00+00:00,771.239990234375,785.6441040039062,753.606201171875,785.6064453125,2536046506,716.2069122314454,676.3856286621094,79.36760375455138,31.85519739182928,24.7546417324452,7.100555659384078,804.4041678950108,716.2069122314454,628.0096565678799,0.01862773619111624,0.011544600222075818,0.036775831706177486,1.0968987200428302,1.1614771396997736,1.0588736393588114,0.01654408063464044,0.012632108665273966,1.091426669998734,0.8934336310065246,0.13869020215384964,0.009770983304349112,1
2025-07-26 00:00:00+00:00,785.6064453125,797.1967163085938,778.9398193359375,793.2825927734375,1760509145,722.7165924072266,679.3825964355469,80.60434406781951,33.08242753216234,26.42019889238863,6.662228639773712,813.5845922478686,722.7165924072266,631.8485925665846,0.009770983304349112,0.028580730794786513,0.034558179948910306,1.0976399339762901,1.1676522138416248,1.0637843774612952,0.016340545952347966,0.012628441339271669,0.751630875751678,0.8882885091009192,0.12025611583168261,0.06300323563441879,1
2025-07-27 00:00:00+00:00,793.2825927734375,846.2210693359375,792.663330078125,843.261962890625,2914460887,731.8287811279297,683.2248266601563,86.34398743271865,37.653883206647265,28.66693575524036,8.986947451406905,832.6512642702685,731.8287811279297,631.0062979855909,0.06300323563441879,0.07338982250227177,0.07265970851086445,1.1522667386638568,1.2342378818591628,1.071139034430828,0.02473790322907077,0.017122473430444474,1.2084525302478257,1.052620696741701,0.16922900895599025,-0.025191944067184724,0
2025-07-28 00:00:00+00:00,843.261962890625,859.5628662109375,821.6815795898438,822.0185546875,3448410233,739.8915649414063,686.6222412109375,76.04344031972127,39.11177308690151,30.75590322157259,8.355869865328916,842.5593842509866,739.8915649414063,637.223745631826,-0.025191944067184724,0.03622411757908006,0.058428727561848026,1.1109986836417003,1.1971918550697913,1.0775817043685072,0.029237697662284547,0.018902191080648455,1.3748162788466656,0.8999646154870174,0.12571915513924647,-0.020826329051365833,0
2025-07-29 00:00:00+00:00,822.0791625976562,834.46142578125,800.642822265625,804.89892578125,3097306022,746.6788848876953,689.4011389160156,68.90901391009352,38.442607888460884,32.29324415495025,6.149363733510633,847.5892949098104,746.6788848876953,645.7684748655802,-0.020826329051365833,-0.04549361740196367,0.04364262223571447,1.077971993144431,1.1675335016806587,1.083083335286827,0.030483599747766797,0.020199163854063947,1.2006064581108042,0.7884739090882469,0.09729658665983254,-0.014603186784054922,0
2025-07-30 00:00:00+00:00,804.89892578125,810.4419555664062,771.1812744140625,793.1448364257812,2836541071,752.053091430664,691.791826171875,64.43884072130243,36.54259260903598,33.143113845767395,3.399478763268583,850.7040455613759,752.053091430664,653.4021372999522,-0.014603186784054922,-0.035125385062257375,0.009595632976614255,1.0546394203592018,1.146507961527613,1.0871089581850846,0.0307157536931557,0.02054950604459709,1.082470225747348,0.708268360692543,0.046724352066253694,-0.01194993260809929,0
2025-07-31 00:00:00+00:00,793.1448364257812,813.0089111328125,782.8258666992188,783.6668090820312,2581137230,756.7427642822265,694.1117810058594,61.002399761023625,33.88145489421265,33.29078205545645,0.5906728387562055,851.7998635681108,756.7427642822265,661.6856649963422,-0.01194993260809929,-0.026378612294221226,-0.012121511021423004,1.0355788599119837,1.1290210460718515,1.0902318401592415,0.031052752494847125,0.021005805494941132,0.9802606710903791,0.6416203787095935,0.02201777156835627,-0.033790157120975106,0
2025-08-01 00:00:00+00:00,783.6646728515625,794.8995361328125,746.3453369140625,757.1865844726562,3061372565,760.313198852539,696.1306359863281,52.567718303449375,29.29802190214491,32.49223002479414,-3.194208122649229,849.3188421524375,760.313198852539,671.3075555526406,-0.033790157120975106,-0.04533629962866159,-0.1020743045528939,0.9958877283932445,1.0877076016052931,1.0921990206267427,0.03283778341343508,0.02273307127251029,1.1336671688103026,0.4824358643791391,-0.03683128525729196,-0.02712694803899318,0
2025-08-02 00:00:00+00:00,757.2212524414062,769.56103515625,732.53173828125,736.6464233398438,2181365266,762.5339996337891,697.7584497070312,47.12472882336164,23.73460118378034,30.740704256591382,-7.00610307281104,846.4584421598286,762.5339996337891,678.6095571077497,-0.02712694803899318,-0.06000048132351821,-0.1038566962519617,0.9660505940635067,1.0557327161701022,1.092833773570145,0.033069973362521994,0.02381970127087586,0.7996489208204488,0.3457685537445593,-0.05149618330089323,0.020246552903399273,1
2025-08-03 00:00:00+00:00,736.6464233398438,755.1250610351562,732.3884887695312,751.5609741210938,1761506433,765.6412109375,699.8714135742188,51.0852236852226,20.295080726770834,28.651579550627275,-8.356498823856441,842.468990755351,765.6412109375,688.813431119649,0.020246552903399273,-0.007429622324173213,-0.06626664535349636,0.9816098759898707,1.0738557962853466,1.09397411594138,0.017701366871089436,0.024039060946415045,0.6529260330776919,0.40836493746279867,-0.0255160732877725,0.023282353012833434,1
2025-08-04 00:00:00+00:00,751.559814453125,769.5585327148438,750.8377075195312,769.05908203125,1940596416,769.5981079101563,702.2869799804688,55.314170891422854,18.764877230758543,26.67423908665353,-7.909361855894986,837.6567888417213,769.5981079101563,701.5394269785912,0.023282353012833434,0.04400029330822264,-0.030367409946298052,0.9992996008262416,1.0950780862442278,1.0958456156079661,0.02243569627139173,0.024374766776680858,0.7223417809005488,0.49603999172825375,-0.02106317148997905,-0.018474612912872335,0
2025-08-05 00:00:00+00:00,769.0582885742188,769.1633911132812,746.6951904296875,754.8510131835938,1951120762,771.9343536376953,704.364765625,51.426347590457745,16.21874789155379,24.583140847633583,-8.364392956079794,834.0572068518636,771.9343536376953,709.8115004235269,-0.018474612912872335,0.0043776076403481134,-0.03677046873044376,0.9778694388018913,1.0716762819812489,1.0959298240205686,0.02225034332595661,0.024437278904870886,0.7309872288466265,0.3625035750112221,-0.04844626610988789,0.019867266400856565,1
2025-08-06 00:00:00+00:00,754.8510131835938,774.8028564453125,747.7263793945312,769.8478393554688,1969112524,774.3661468505859,706.7915063476562,55.0200190186419,15.235416190599494,22.71359591622677,-7.478179725627275,831.7563233930166,774.3661468505859,716.9759703081552,0.019867266400856565,0.0010256134315915766,0.016721446394392325,0.9941651536375996,1.089214899219228,1.0956076012459763,0.024484325355713907,0.024484031102163278,0.7505011938851397,0.4606351838648154,-0.08705968817032772,0.023833944585139433,1
2025-08-07 00:00:00+00:00,769.8478393554688,788.1963500976562,765.3430786132812,788.1963500976562,2162190917,777.2651458740235,709.6592980957031,59.01528478496362,15.755075501871374,21.321891833355693,-5.566816331484318,831.0067136597798,777.2651458740235,723.5235780882671,0.023833944585139433,0.04417472631245212,0.06997919914426909,1.0140636747725782,1.110668671872121,1.0952652180556692,0.026220018407447254,0.02483105654580197,0.8441209746476138,0.6017015754658537,-0.04114530553717444,0.006652181397448276,1
2025-08-08 00:00:00+00:00,788.196533203125,797.8942260742188,781.4666137695312,793.4395751953125,2429517922,780.2606719970703,712.6344750976563,60.105767745876484,16.40093393869938,20.33770025442443,-3.9367663157250483,830.2881261418955,780.2606719970703,730.233217852245,0.006652181397448276,0.030644673705384706,0.05572216029869481,1.0168903850613296,1.1133892660561826,1.0948960501667377,0.02122571544197736,0.024837440538189048,0.9418335887788314,0.6317167085905511,-0.01423700568964581,0.00711731042698327,1
2025-08-09 00:00:00+00:00,793.4395751953125,818.5120849609375,793.1973266601562,799.0867309570312,2215143664,782.328012084961,715.7805212402344,61.300093574383276,17.170528513346085,19.70426590620876,-2.533737392862676,831.8516439516648,782.328012084961,732.8043802182572,0.00711731042698327,0.013816837464453835,0.03904465811192526,1.0214216014423503,1.1163851309790493,1.0929719220766438,0.015155110785292646,0.02391596688521364,0.8610336800426851,0.6691992109663677,0.007491563026529313,0.008493124589785461,1
2025-08-10 00:00:00+00:00,799.0867309570312,815.072509765625,796.2681884765625,805.8734741210938,2090904941,784.2824890136719,719.3230334472656,62.743635869830385,18.11920430413886,19.38725358579478,-1.2680492816559195,834.3060074904901,784.2824890136719,734.2589705368538,0.008493124589785461,0.015670883220969323,0.06759275677767485,1.027529602419882,1.1203220759650168,1.0903063749468667,0.01470639808596039,0.023860058899737507,0.8237130690710991,0.7158083414047285,0.02833687069773294,0.0010631327569325943,1
2025-08-11 00:00:00+00:00,805.8734741210938,826.5098266601562,793.378662109375,806.730224609375,2805693912,785.3119415283203,723.1377453613281,62.93161123500547,18.72432692215409,19.254668253066644,-0.5303413309125524,836.3339689210875,785.3119415283203,734.2899141355531,0.0010631327569325943,0.009565286665678352,0.04790866891928269,1.0272735991246638,1.11559689669674,1.085978358294554,0.01375673207097681,0.02326582556288824,1.1097586400615789,0.7098925128570149,0.06543121755283532,0.03247225565441125,1
2025-08-12 00:00:00+00:00,806.7435913085938,838.8615112304688,798.6620483398438,832.9265747070312,2889217820,788.1262481689453,726.9703527832031,68.2127182455224,21.074780526142376,19.618690707681793,1.4560898184605833,843.1840675878252,788.1262481689453,733.0684287500653,0.03247225565441125,0.03356991073002158,0.05675010370681499,1.05684409907952,1.1457504030503791,1.0841243321018623,0.011336405091036705,0.024013009022960927,1.1681673133721804,0.9068479919014323,0.1307006296598412,0.019304124691527313,1
2025-08-13 00:00:00+00:00,832.9265747070312,857.7623901367188,829.0764770507812,849.0054931640625,3364649534,792.0145233154296,731.0757189941406,70.94855239618829,23.958784331809397,20.486709432507315,3.4720748993020827,852.7429777886732,792.0145233154296,731.2860688421861,0.019304124691527313,0.05240322881810644,0.07003169454343383,1.0719569757509806,1.1613099315241613,1.083354983263748,0.011291510987185598,0.02411312120274674,1.3459458526502524,0.9692278960741755,0.12965617215146708,-0.009510567352973398,0
2025-08-14 00:00:00+00:00,849.0054931640625,868.6798095703125,826.002197265625,840.9309692382812,4687490471,794.7807495117188,734.9758752441406,67.79306520228893,25.30117532699262,21.44960261140438,3.85157271558824,859.2077047866948,794.7807495117188,730.3537942367428,-0.009510567352973398,0.009609964160484985,0.05236507710637994,1.058066604852867,1.1441613222460465,1.081369846660222,0.01336108138760889,0.02410246371228891,1.7977556963448755,0.8581592481717636,0.09345431175092833,-0.016222240786690878,0
2025-08-15 00:00:00+00:00,840.9309692382812,853.4983520507812,813.8512573242188,827.2891845703125,3843113557,796.4810791015625,738.6733740234375,62.71786588357894,24.976340146548978,22.154950118433298,2.8213900281156796,862.51645423144,796.4810791015625,730.445703971685,-0.016222240786690878,-0.025578525426046328,0.026574532028833975,1.0386802728616,1.1199661632098619,1.0782588179173909,0.016552688499932012,0.02445505903306877,1.4173163079137039,0.7332697089109969,0.09596353468641428,0.014636824637130008,1
2025-08-16 00:00:00+00:00,827.2891845703125,839.5164794921875,826.6146850585938,839.3980712890625,1960223183,796.2878845214843,742.5382629394531,65.20769073353665,25.403160069388832,22.80459210862441,2.5985679607644236,861.7672614242892,796.2878845214843,730.8085076186794,0.014636824637130008,-0.0018228582431769613,0.04049414002742435,1.0541389459836934,1.1304441982103046,1.0723863324823895,0.016870472355033632,0.020158878484492708,0.7358662720947551,0.8291890424642349,0.09034282929445192,0.020258424928693897,1
2025-08-17 00:00:00+00:00,839.3967895507812,863.3430786132812,839.1815795898438,856.4029541015625,2286889646,798.0071044921875,746.6913134765625,68.39936093361104,26.804583309427017,23.60459034878493,3.199992960642085,867.9822830317015,798.0071044921875,728.0319259526735,0.020258424928693897,0.035191768578929805,0.02818541286522014,1.0731771049162968,1.1469303829372104,1.0687242372978747,0.017594041564511165,0.019731105199363212,0.8776304432335627,0.9172611690901201,0.08653504167515558,-0.01049161068827098,0
2025-08-18 00:00:00+00:00,856.4033203125,858.3074340820312,826.5350341796875,847.4179077148438,2765082388,800.1330535888671,750.5389477539062,65.00607793347771,26.880343306420514,24.25974094031205,2.6206023661084643,873.4916303679063,800.1330535888671,726.774476809828,-0.01049161068827098,0.009554270732913706,-0.0018699354268040258,1.0590962389491199,1.1290791906947155,1.0660779910001716,0.018937893044425877,0.01922414987314879,1.0679525395736957,0.8222857926238243,0.06803080437000375,-0.028146667103617462,0
2025-08-19 00:00:00+00:00,847.4179077148438,851.9415893554688,823.356689453125,823.56591796875,2718797059,801.6541076660156,753.8697595214844,56.93166597071388,24.730647902024202,24.35392233265448,0.37672556936972157,875.6612560864426,801.6541076660156,727.6469592455887,-0.028146667103617462,-0.03834297391846486,-0.020649793983994358,1.0273332477101997,1.092451192751789,1.0633854157711036,0.019315062629767225,0.020086876258896415,1.0524689508931329,0.6480384717585363,0.030633955068182672,0.05529364787156643,1
2025-08-20 00:00:00+00:00,823.56591796875,880.3314819335938,819.3298950195312,869.1038818359375,3612563758,805.9259613037109,758.3238781738281,65.69305015877225,26.397240951779622,24.76258605647951,1.6346548953001125,885.2347914186763,805.9259613037109,726.6171311887455,0.05529364787156643,0.025590648868363486,0.050544232954457424,1.0783917178074602,1.1460853427547162,1.0627727604259496,0.028409874727670134,0.02302802743396295,1.3710816250016085,0.8983031929776573,0.07846195432081249,-0.03459085840567133,0
2025-08-21 00:00:00+00:00,869.1038818359375,882.5895385742188,834.07958984375,839.0408325195312,2848998239,810.0186737060546,761.9035498046875,57.392382763549065,25.003961020201928,24.810861049223995,0.19309997097793286,887.1556564166723,810.0186737060546,732.881690995437,-0.03459085840567133,0.01879013472163682,-0.00042558921892998924,1.0358289996953927,1.1012428446285856,1.0631512005866115,0.03173837727171525,0.023100398615363903,1.0856598408135143,0.6881209103184289,0.040051316939068826,0.07119284461270925,1
2025-08-22 00:00:00+00:00,839.0408325195312,899.7001342773438,839.0408325195312,898.7745361328125,3534039226,818.1250793457032,766.612578125,66.46056804443015,28.392496279196962,25.52718809521859,2.865308183978371,896.8556414934706,818.1250793457032,739.3945171979358,0.07119284461270925,0.0341393645995427,0.049476221244123764,1.0985783944572496,1.1723973252970326,1.0671949596061856,0.04028887211085834,0.026083583641881267,1.3128699284202647,1.0121864660113846,0.07905614183212029,-0.02083769933588775,0
2025-08-23 00:00:00+00:00,898.7745361328125,899.3594360351562,876.5121459960938,880.046142578125,2470653598,824.5493377685547,771.1387109375,62.004784288106116,29.2297674802669,26.267703972228254,2.9620635080386464,901.3551733038436,824.5493377685547,747.7435022332658,-0.02083769933588775,0.04887165018591544,0.038503121737498924,1.0673056204978093,1.1412293665146473,1.069262022608256,0.04217588687799415,0.02686621807365801,0.9058972679835449,0.8612798716581371,0.03656118795931529,-0.004506516409689798,0
2025-08-24 00:00:00+00:00,880.0533447265625,885.5560302734375,860.0352172851562,876.0802001953125,2909070734,829.9003936767579,775.5374572753906,61.07104429552101,29.236274955065937,26.861418168795794,2.3748567862701435,905.3282722060636,829.9003936767579,754.4725151474521,-0.004506516409689798,-0.025250310311580093,0.0637645160888689,1.055644998930488,1.129642665195241,1.0700971125138876,0.04196795815411027,0.026766792693864356,1.048040459357786,0.8061189537540324,0.04179799798415029,-0.04098741662253169,0
2025-08-25 00:00:00+00:00,876.0802001953125,879.9407348632812,835.2559814453125,840.1719360351562,3300479072,834.1664398193359,779.0791162109375,53.25175346835621,26.043719568356664,26.69787844870797,-0.6541588803513072,900.8685981660155,834.1664398193359,767.4642814726562,-0.04098741662253169,-0.04530922256662129,-0.03328939889172278,1.0071993980207607,1.078416708332967,1.0707082534522505,0.045181310329149973,0.028317201336186083,1.1608359642111714,0.545017255548218,0.01557224693023751,0.027921138665508494,1
2025-08-26 00:00:00+00:00,840.1710205078125,867.7128295898438,832.7194213867188,863.6304931640625,2609863400,838.8555725097656,783.1313623046875,57.114808883967484,25.116973101094345,26.381697379185248,-1.2647242780909025,899.4232100810706,838.8555725097656,778.2879349384606,0.027921138665508494,-0.014210693300081956,0.02930687004909127,1.0295341909456153,1.1027913511501737,1.0711556360622394,0.04439922496516956,0.02858461147903651,0.9077062251331175,0.7045227587515687,0.028868808142227698,-0.00924491661390947,0
2025-08-27 00:00:00+00:00,863.6304931640625,866.9847412109375,853.8656616210938,855.6463012695312,2391188252,842.2280700683593,787.0290307617188,55.43573511564488,23.467740782152987,25.798906059778798,-2.3311652776258107,898.2603556597605,842.2280700683593,786.1957844769581,-0.00924491661390947,0.01841809345287082,-0.047985599423911784,1.0159318261621022,1.0871851835521262,1.0701359634132133,0.039257780068958914,0.02846411460095159,0.8283526628443861,0.6197366041697852,-0.0008835243134174275,0.021877879369928133,1
2025-08-28 00:00:00+00:00,855.6463012695312,878.80859375,851.8986206054688,874.3660278320312,2744315947,846.2743927001953,791.13330078125,58.515120865993026,23.401480078200052,25.31942086346305,-1.9179407852629993,899.0664524027019,846.2743927001953,793.4823329976888,0.021877879369928133,0.012430703585554648,-0.006454337416278766,1.033194476134631,1.1052069568662934,1.0696988634715454,0.037085392048408265,0.028727285333773583,0.9455271697831695,0.766059283253369,0.031800272181946365,-0.012682877863586017,0
2025-08-29 00:00:00+00:00,874.3545532226562,876.8477172851562,851.3141479492188,863.2765502929688,2614507748,849.4838836669921,794.6856176757813,56.04449721556039,22.198252200725392,24.69518713091552,-2.496934930190129,897.8131027748005,849.4838836669921,801.1546645591837,-0.012682877863586017,0.008917527034379091,-0.014614700685495863,1.0162365253669527,1.0863120347110289,1.06895590504265,0.02390162989045608,0.028999603450052605,0.8946479835969665,0.6426949046622209,0.04821791608637893,-0.0010107521088739135,0
2025-08-30 00:00:00+00:00,863.2821655273438,863.644775390625,852.8187255859375,862.4039916992188,2030968355,852.3104095458984,798.13623046875,55.84470035904838,20.93297494792364,23.94274469431715,-3.009769746393509,896.3197749197202,852.3104095458984,808.3010441720767,-0.0010107521088739135,-0.01368081072691274,0.02646131667879481,1.0118426127855202,1.0805222952887679,1.0678758550345868,0.02293561006404563,0.029004533008945052,0.6956823685113964,0.6146753886085836,-0.007708963539048486,-0.0053191071498207565,0
2025-08-31 00:00:00+00:00,862.4039916992188,867.5966796875,857.3178100585938,857.8167724609375,1741117798,854.8647369384765,801.5770080566406,54.73986148177245,19.33717642090346,23.021631039634414,-3.6844546187309533,893.3141299198353,854.8647369384765,816.4153439571178,-0.0053191071498207565,-0.006324482959925604,-0.006731722361753789,1.0034532194333259,1.0701613991407335,1.06647861446404,0.02294855488399266,0.02907113922599516,0.607473725583971,0.5383885842345051,0.022377861974874902,-0.013977901692486472,0
2025-09-01 00:00:00+00:00,857.8126220703125,866.973876953125,840.8975219726562,845.8262939453125,2756614903,855.5097229003907,804.64892578125,51.85213958528378,16.910034828163703,21.799311797340273,-4.889276969176571,892.8256726434957,855.5097229003907,818.1937731572856,-0.013977901692486472,-0.01922265888547514,-0.011476713344811595,0.9886811000554746,1.0511743281383028,1.0632086808166168,0.01693654549429882,0.028481699219888988,0.9640093329847429,0.37025080398942023,-0.05891159579945626,0.00703563814103858,1
2025-09-02 00:00:00+00:00,845.8262939453125,856.4644165039062,841.6126098632812,851.7772216796875,2385434736,855.6483093261719,807.8961352539062,53.17247928284766,15.290439099520995,20.49753725777642,-5.207098158255423,892.883049575437,855.6483093261719,818.4135690769068,0.00703563814103858,-0.0070406070097271956,-0.02583449657616743,0.9954758425812436,1.0543152572601306,1.0591068232518008,0.012739754882718607,0.028200807228724267,0.8487368127416622,0.4480177970818421,-0.03212208943456385,0.004087415458172261,1
2025-09-03 00:00:00+00:00,851.7772216796875,863.4725341796875,849.157958984375,855.2587890625,1915348780,856.3647003173828,811.2028881835937,53.96780528580748,14.125006919874068,19.22303119019595,-5.098024270321883,892.9529073404433,856.3647003173828,819.7764932943223,0.004087415458172261,0.011151811175306614,-0.009287592982512693,0.998708597803631,1.0543093491414388,1.0556726471165718,0.012452579432191713,0.02810965682498008,0.7168319351727802,0.4848870531673527,-0.023766558276480443,-0.013394554599587827,0
2025-09-04 00:00:00+00:00,855.2588500976562,856.9368286132812,841.8807983398438,843.802978515625,1915009280,857.1903900146484,813.91642578125,50.904196508850895,12.137096457210532,17.80584424359887,-5.668747786388337,891.702283347281,857.1903900146484,822.6784966820159,-0.013394554599587827,-0.009361888250941308,-0.02156879300493919,0.984382219335433,1.0367194367722556,1.0531675769927622,0.008694267215804572,0.028024321607431815,0.7435317135737088,0.30604640594486,0.004321785011772716,0.007319563557496522,1
2025-09-05 00:00:00+00:00,843.802978515625,857.224609375,843.7465209960938,849.979248046875,2025139739,857.719448852539,816.4917712402344,52.47074784021935,10.933996126195439,16.431474620118184,-5.4974784939227455,891.3972475974309,857.719448852539,824.0416501076471,0.007319563557496522,-0.006173033335807321,-0.009136594976544843,0.9909758361944353,1.0410138570726486,1.050493684155176,0.009042750726258405,0.027889246118188396,0.785301882048182,0.3850845201567989,-0.01580681231758474,0.013874275997662,1
2025-09-06 00:00:00+00:00,849.979248046875,864.4991455078125,849.5745849609375,861.7720947265625,1992250771,857.987905883789,819.1228857421875,55.39718765339725,10.807532113367188,15.306686118767985,-4.499154005400797,891.707091445628,857.987905883789,824.2687203219501,0.013874275997662,0.021295393200137624,0.018852335160771228,1.0044105386763877,1.0520669239338023,1.0474471179087945,0.010919000182047982,0.027692942926686587,0.7769870050579344,0.5561132895074451,0.007159258969439142,0.021863022135557353,1
2025-09-07 00:00:00+00:00,861.7720947265625,882.8858032226562,861.2745361328125,880.613037109375,1996378716,859.6476623535157,822.0645654296875,59.66965903030269,12.08826902145131,14.66300269930465,-2.57473367785334,894.4274125930406,859.6476623535157,824.8679121139908,0.021863022135557353,0.036040631736470985,0.03385370575280677,1.0243883345165634,1.0712212569934634,1.0457179381088926,0.013306661508501119,0.027950394877846594,0.7904456228717851,0.8014020315193863,0.007144615731278003,-0.002653943411558224,0
2025-09-08 00:00:00+00:00,880.613037109375,885.2318115234375,872.0386352539062,878.2759399414062,2289021738,862.3831634521484,824.4752856445313,58.91577019918828,12.767502220694041,14.28390260358253,-1.516400382888488,893.6417067046293,862.3831634521484,831.1246201996676,-0.002653943411558224,0.019151055500445713,0.026912498501344473,1.0184289039522043,1.0652544172440737,1.0459781857232784,0.011321167210834442,0.027056384692032823,0.9140919462727358,0.7542149255147464,0.017374953186608755,0.001980100590194045,1
2025-09-09 00:00:00+00:00,878.2759399414062,884.2359008789062,871.8602294921875,880.0150146484375,1795168603,862.9287200927735,826.7399072265625,59.327564268607354,13.292895989086674,14.08570128068336,-0.7928052915966859,895.0501016578064,862.9287200927735,830.8073385277405,0.001980100590194045,-0.0006790978962797345,0.04291527412775298,1.0198003544879433,1.0644399852434792,1.0437729115891023,0.011364131184857584,0.024163079777123696,0.743871300629269,0.7659645028198916,0.02042085045840203,0.015399253968916726,1
2025-09-10 00:00:00+00:00,880.0150146484375,906.1226196289062,877.5120239257812,893.5665893554688,2868650920,865.6550079345703,828.8884155273438,62.48320046439224,14.634080587800554,14.1953771421068,0.4387034456937542,898.4874852194341,865.6550079345703,832.8225306497066,0.015399253968916726,0.017409846630983106,0.051280477033705196,1.032243308437035,1.0780300129867013,1.0443565041065694,0.012042366433791996,0.022848683141710097,1.1882107122656578,0.9250605456714354,0.041675353108299396,0.010538384222341213,1
2025-09-11 00:00:00+00:00,893.5665893554688,903.3329467773438,889.3707275390625,902.9833374023438,2250551806,865.8654479980469,831.4152734375,64.54192290132806,16.26928966930359,14.610159647546158,1.6591300217574307,899.6323899898339,865.8654479980469,832.0985060062599,0.010538384222341213,0.026099921446319785,0.04782150980284117,1.0428679646359795,1.0860798042221962,1.0414355805831086,0.008330726608391141,0.016527379406103493,0.9576462702833248,1.0496187575014182,0.06757539209430963,0.024416135235313163,1
2025-09-12 00:00:00+00:00,902.9833374023438,928.6170043945312,901.97412109375,925.0307006835938,2648100391,868.1146759033203,834.4910876464844,68.85162978734108,19.123795397540448,15.512886797545017,3.6109085999954313,910.7001559286414,868.1146759033203,825.5291958779992,0.024416135235313163,0.035211826071988694,0.050439479887806726,1.065562795285138,1.1084968004780713,1.0402923275689673,0.009861484729004858,0.016569668460188047,1.1225715649143675,1.1682562313073788,0.08600074895106014,0.009587743966743112,1
2025-09-13 00:00:00+00:00,925.0307006835938,942.5284423828124,923.8671875,933.899658203125,2744192106,871.005648803711,837.4569519042968,70.40968465371502,21.849791705864845,16.780267779208984,5.069523926655862,922.736316894693,871.005648803711,819.274980712729,0.009587743966743112,0.03423797485534985,0.06333284988477494,1.0722084977127257,1.1151613895848935,1.040060204674554,0.009873450596991039,0.016550026452127563,1.1673860622540644,1.1078986771328596,0.09194979361372946,-0.007129201650191486,0
2025-09-14 00:00:00+00:00,933.899658203125,944.0581665039062,923.7640380859376,927.24169921875,2338327311,875.3591369628906,840.1361340332031,67.67305259404893,23.205424088779978,18.065299041123183,5.140125047656795,930.6935517620936,875.3591369628906,820.0247221636876,-0.007129201650191486,0.002390189356442196,0.05366577136093453,1.0592700299397901,1.1036802985337426,1.0419253517410256,0.010875898611530828,0.013163162751556557,1.0155127371867207,0.9688091709664799,0.09888412677791925,-0.007842059283061364,0
2025-09-15 00:00:00+00:00,927.2432250976562,935.2177124023438,911.5524291992188,919.97021484375,2475846477,878.176123046875,841.6702990722656,64.71467614477245,23.42301852310061,19.13684293751867,4.28617558558194,936.6440934291259,878.176123046875,819.7081526646241,-0.007842059283061364,-0.01491535331127114,0.029548581832414156,1.0475919245582177,1.0930292014079512,1.0433730690210266,0.011815287558907253,0.012289149082999535,1.0783741589641458,0.8574101471594989,0.08234432423815496,0.03885166066114354,1
2025-09-16 00:00:00+00:00,919.97021484375,958.6553955078124,917.2383422851562,955.7125854492188,3101245055,883.1794372558594,844.3441796875,71.34559887816471,26.17781274617448,20.545036899249833,5.632775846924648,950.0517255672664,883.1794372558594,816.3071489444524,0.03885166066114354,0.030704924351932172,0.05839448621340426,1.0821273063362167,1.1318992994100312,1.0459945819520338,0.01660477573723891,0.01426526656778593,1.3302017412720062,1.0423259022899827,0.10900850851113164,0.03620038963124883,1
2025-09-17 00:00:00+00:00,955.6878662109376,993.1290283203124,947.77099609375,990.3097534179688,3641636248,888.9766235351562,848.0523962402344,76.03935249907062,30.797692699124923,22.595568059224853,8.20212463990007,971.0146379125782,888.9766235351562,806.9386091577343,0.03620038963124883,0.07645849554614692,0.07056960670184687,1.1139885202828452,1.1677459527364344,1.04825672031157,0.019007285049886285,0.015434822446510734,1.5324974459058152,1.1175986257823227,0.12456858084758182,-0.008557472357103024,0
2025-09-18 00:00:00+00:00,990.3190307617188,1005.292236328125,980.3798217773438,981.835205078125,3741252935,894.9045562744141,851.8262036132812,72.88974748231654,33.39025356165848,24.75450515971158,8.635748401946902,985.7810308336498,894.9045562744141,804.0280817151784,-0.008557472357103024,0.02733313344056021,0.05132836965293541,1.0971395756052609,1.1526238579106522,1.0505717627356412,0.021010156608359986,0.01519264608978089,1.5379565887478064,0.9782901692948445,0.11791199146776998,0.0023312256300171974,1
2025-09-19 00:00:00+00:00,981.835205078125,1002.0828857421876,975.811767578125,984.1240844726562,3293771895,900.9905609130859,855.8353491210937,73.21247889664245,35.22353517418537,26.84831116260634,8.375224011579032,998.7454457817098,900.9905609130859,803.235676044462,0.0023312256300171974,-0.00624619612597288,0.06134580153355129,1.0922690282962795,1.1498988508517551,1.0527615642872952,0.020525771734891333,0.01512317547121677,1.3197507450755712,0.9252141653652208,0.11830374265353849,0.059470205978222834,1
2025-09-20 00:00:00+00:00,984.134521484375,1043.243896484375,984.1197509765624,1042.650146484375,3759046572,910.2322296142578,861.5446203613282,79.82574801924127,40.92720480118328,29.664089890321726,11.263114910861553,1024.3756081175977,910.2322296142578,796.0888511109179,0.059470205978222834,0.0619400700766386,0.13335206907917252,1.1454770689961549,1.2102102686766147,1.0565119996135663,0.028026686201974068,0.018878971039793937,1.447652694630339,1.080050803675145,0.16684101543729435,0.005775874886874366,1
2025-09-21 00:00:00+00:00,1042.6627197265625,1080.4776611328125,1041.0262451171875,1048.67236328125,4306431415,920.3745330810547,867.7851391601563,80.36296694906153,45.40988969728642,32.813249851714666,12.596639845571751,1045.9021322563042,920.3745330810547,794.8469339058051,0.005775874886874366,0.06558957333432391,0.09726750410881824,1.1393974144098753,1.2084470175372635,1.0606018604695102,0.026626639117940946,0.018059075195152412,1.610398473013208,1.0110343503864767,0.16134187624991725,-0.05307503768017674,0
2025-09-22 00:00:00+00:00,1048.671142578125,1050.318359375,978.5733032226562,993.0140380859376,4892903256,927.4363739013672,872.6142004394532,63.52600157108356,43.96449278039313,35.04349843745036,8.92099434294277,1052.605826098034,927.4363739013672,802.2669217047005,-0.05307503768017674,-0.0476057175705592,0.0027307462727044207,1.0707085316362033,1.1379760237523644,1.0628252135185348,0.037301469376151114,0.023056698933130945,1.7477689981572735,0.7619555451977792,0.07349306066501837,0.024174743210349847,1
2025-09-23 00:00:00+00:00,993.0140380859376,1026.24560546875,964.55322265625,1017.0198974609376,4038510425,935.5244293212891,877.5734167480468,66.76068462866668,44.24603676681136,36.88400610332256,7.362030663488795,1061.955090164487,935.5244293212891,809.0937684780912,0.024174743210349847,-0.030183369876624955,0.03583563942384105,1.0871120684670657,1.1589000738304338,1.066035515054668,0.03589856968013501,0.023315544061756944,1.3898715087840647,0.8222931352099826,0.08900339402387258,0.001797351162051708,1
2025-09-24 00:00:00+00:00,1017.029296875,1034.0548095703125,995.2929077148438,1018.8478393554688,3603925585,944.2766723632812,882.8533532714844,67.00066919016984,44.1082100495596,38.32884689256997,5.779363156989632,1068.1826749046247,944.2766723632812,820.3706698219379,0.001797351162051708,0.026015544875202856,0.03528391940678821,1.0789717348471133,1.1540397231092183,1.0695736374157585,0.03393084274267099,0.022790603905716033,1.2052788783857538,0.8009182988019707,0.09879424125759417,-0.07178129401035882,0
2025-09-25 00:00:00+00:00,1018.8718872070312,1019.8428344726562,943.3248291015624,945.713623046875,4693762081,949.0633911132812,886.3706689453124,51.10336063713177,37.66349995245673,38.19577750454732,-0.5322775520905907,1064.7554688379214,949.0633911132812,833.3713133886409,-0.07178129401035882,-0.07011295904051018,-0.09297128453331371,0.9964704485519383,1.0669504939419694,1.0707296894679137,0.04470765317644315,0.02919269661159202,1.5027017372927989,0.4855229150850805,0.02798287138839317,0.01608343876810525,1
2025-09-26 00:00:00+00:00,945.713623046875,964.7283935546876,933.5052490234376,960.9239501953124,3789703570,954.0209838867188,889.8252209472656,53.5707557719115,33.39837141582757,37.23629628680337,-3.8379248709758045,1062.2181411057995,954.0209838867188,845.8238266676382,0.01608343876810525,-0.056852345289164496,-0.08367571813504904,1.0072356545874606,1.0799019038506892,1.0721442384731614,0.045353944318191654,0.02922916743342509,1.1793360256999867,0.5318999430577285,0.005452857716260029,0.008185455867073532,1
2025-09-27 00:00:00+00:00,960.9239501953124,983.9268798828124,957.402099609375,968.78955078125,2777184185,958.4298095703125,893.3322204589844,54.83984777463466,30.303593590100718,35.849755747462844,-5.546162157362126,1061.075953891231,958.4298095703125,855.7836652493941,0.008185455867073532,0.02440054491340571,-0.024394909211335025,1.010809076582856,1.0844672660340142,1.0728705263511953,0.037056758572013015,0.02899438501200266,0.8538714678426608,0.5504633723919928,-0.021730779246032506,0.025316128726599274,1
2025-09-28 00:00:00+00:00,968.78955078125,993.3856811523438,964.2875366210938,993.3155517578124,2519459113,964.1817901611328,897.216796875,58.636479908131605,29.490060116905624,34.5778166213514,-5.087756504445778,1060.6213142282725,964.1817901611328,867.742266093993,0.025316128726599274,0.03370880864808945,-0.023307651858439304,1.030216046282943,1.107107619047619,1.074636357142857,0.03910785461143715,0.02926949357525879,0.7718970132564511,0.6510467926842795,0.011692742957586155,0.03767751256230478,1
2025-09-29 00:00:00+00:00,993.3157958984376,1035.7254638671875,992.6415405273438,1030.7412109375,3359320684,971.7180999755859,901.7141516113281,63.657432575547034,31.502129950053586,33.96267928709184,-2.460549337038252,1063.928334185987,971.7180999755859,879.5078657651848,0.03767751256230478,0.06394749004702938,0.011673354079599463,1.0607409813230781,1.143090866540805,1.077634301556833,0.036242010936194426,0.030051800545387537,1.0051252552531518,0.8200464214592375,0.0473691551709392,-0.021593927970144366,0
2025-09-30 00:00:00+00:00,1030.7412109375,1032.7960205078125,994.4840087890624,1008.4834594726562,3076619211,977.4639434814453,905.7492163085938,59.06546534481493,30.943992181677118,33.3589418660089,-2.4149496843317806,1063.268732131113,977.4639434814453,891.6591548317778,-0.021593927970144366,0.01526997909979566,0.06637298532673253,1.0317346907761409,1.1134246006667925,1.079177244519324,0.036527619871694346,0.030727307424057243,0.9176844335613307,0.680756321875347,-0.032769080910718285,0.017534535056693334,1
2025-10-01 00:00:00+00:00,1008.4834594726562,1034.8297119140625,1003.8837280273438,1026.166748046875,3100184262,983.6231140136719,909.6140197753906,61.44502458354343,31.564699375545615,33.00009336791624,-1.4353939923706278,1064.457692590436,983.6231140136719,902.7885354369079,0.017534535056693334,-0.00443803240045515,0.06789590147930191,1.0432519665582114,1.128134269852464,1.0813631855152763,0.03717941832919002,0.0308151425556295,0.91314265157051,0.763152445291725,-0.02146105497045414,0.0628444565411086,1
2025-10-02 00:00:00+00:00,1026.166748046875,1097.2117919921875,1023.9827270507812,1090.6556396484375,3813163059,991.9043609619141,914.4470227050781,68.61120675785617,36.83570976202827,33.76721664673865,3.0684931152896198,1080.9801983360637,991.9043609619141,902.8285235877645,0.0628444565411086,0.08148093992414096,0.1257921173581118,1.0995572583134505,1.1926941775392375,1.0847040192964978,0.02601997507559368,0.033081425364417764,1.1042006942821934,1.0543101339128227,0.09832852086432409,0.09101262041460823,1
2025-10-03 00:00:00+00:00,1090.6556396484375,1190.354248046875,1085.595458984375,1189.9190673828125,6097241167,1004.7053314208985,921.4267846679687,76.00434805554406,48.464088661735104,36.706591049737945,11.75749761199716,1126.3232658164447,1004.7053314208985,883.0873970253523,0.09101262041460823,0.15957671562405507,0.197926545373303,1.1843463254046602,1.2913875385243914,1.09037999343913,0.0368740282629742,0.037850978265496944,1.683866434268461,1.261457333091725,0.17000569050175907,-0.03308751077292482,0
2025-10-04 00:00:00+00:00,1189.9288330078125,1190.0084228515625,1138.26611328125,1150.547607421875,3775482131,1015.8706268310547,927.891953125,69.0567097025777,53.88160137930265,40.14159311565089,13.74000826365176,1148.0849329801497,1015.8706268310547,883.6563206819596,-0.03308751077292482,0.05491372858324284,0.11623324575856087,1.132572964542677,1.2399586002950067,1.0948156446553456,0.0438718086523384,0.03900023433602876,1.0223805495356546,1.009313192019282,0.12926343167172094,0.013019870166274039,1
2025-10-05 00:00:00+00:00,1150.5452880859375,1186.8543701171875,1145.52880859375,1165.527587890625,3611451465,1028.1484954833984,934.4145434570313,70.17385658682551,58.707040253772334,43.85468254327518,14.852357710497152,1168.2374550890934,1028.1484954833984,888.0595358777034,0.013019870166274039,-0.020498435701039486,0.15572305816506726,1.1336179481959325,1.24733459688946,1.1003130277484572,0.04413381724818829,0.03873189275280804,0.9631526806950333,0.990328048669589,0.23243184774642378,0.04980874532703283,1
2025-10-06 00:00:00+00:00,1165.527587890625,1237.8118896484375,1164.016845703125,1223.5810546875,5653272930,1041.5419189453125,941.75810546875,74.07947005196839,66.44967444116992,48.373680922854135,18.075993518315784,1202.1837907629883,1041.5419189453125,880.9000471276369,0.04980874532703283,0.06347711889060981,0.19238033878642802,1.1747785014035002,1.2992519497121562,1.1059548231091636,0.04499409138132003,0.039197322336406985,1.458075271125896,1.0665992735343528,0.27333807679452815,0.07080307467115521,1
2025-10-07 00:00:00+00:00,1223.580078125,1336.5655517578125,1209.281494140625,1310.21435546875,11163171147,1057.5371490478515,951.0140344238281,78.58590638532733,78.6694981609553,54.43284437047437,24.23665379048093,1255.962952655472,1057.5371490478515,859.1113454402309,0.07080307467115521,0.12413843231285449,0.20130892633635056,1.23892986326617,1.377702439756889,1.1120100343088632,0.04229719469351239,0.04099061870940773,2.624594997133052,1.136704505731921,0.3524241197814,-0.002759083060940526,0
2025-10-08 00:00:00+00:00,1310.2276611328125,1332.83154296875,1270.310302734375,1306.599365234375,7916662087,1073.775357055664,960.6747033691406,77.97670456738788,87.05854033683772,60.95798356374705,26.100556773090673,1297.6401720091087,1073.775357055664,849.9105421022193,-0.002759083060940526,0.06784864004622704,0.0980573394022477,1.2168274831871015,1.3600851158587366,1.1177304380867665,0.04463251327268501,0.040836287733368205,1.774215544120455,1.0200102754582703,0.31539203521193504,-0.038809708303569335,0
2025-10-09 00:00:00+00:00,1306.597412109375,1318.057373046875,1228.08203125,1255.890625,8172167891,1087.3636840820313,968.4104382324218,69.80245997326226,88.59388993928155,66.48516483885395,22.108725100427606,1321.0905514619487,1087.3636840820313,853.636816702114,-0.038809708303569335,-0.04146171215572958,0.09155902537068905,1.1549867292655094,1.2968577943999628,1.1228335023595237,0.05056615822203948,0.0425189498377142,1.736548495150509,0.860521113398641,0.21843447382657533,-0.11863458685320427,0
2025-10-10 00:00:00+00:00,1255.8875732421875,1276.358154296875,962.4681396484376,1106.8985595703125,10329526518,1090.576104736328,973.7675927734375,52.41598602492044,76.90177526373645,68.56848692383045,8.333288339906005,1323.4800146847433,1090.576104736328,857.6721947879128,-0.11863458685320427,-0.15284012144628634,-0.05030256591902682,1.0149668186961889,1.1367173931283725,1.119955226308366,0.0630314710777597,0.050248948207169714,2.051745343517167,0.5350411782215242,0.09758722284757981,0.027374487922147583,1
2025-10-11 00:00:00+00:00,1106.8985595703125,1180.52587890625,1080.7183837890625,1137.1993408203125,8101403820,1095.0024536132812,978.5360888671875,54.877537636339234,69.28206938957737,68.71120341697984,0.5708659725975309,1327.9180922088813,1095.0024536132812,862.0868150176811,0.027374487922147583,-0.09450765999601873,-0.07059745942964868,1.0385358837030825,1.16214348531264,1.1190210213717537,0.06324653512011974,0.05051565443916811,1.5507288003698037,0.5905840575185586,0.10820131619424256,0.14590051435513152,1
2025-10-12 00:00:00+00:00,1137.1993408203125,1319.77197265625,1110.1973876953125,1303.1173095703125,10201040572,1110.5076171875,986.9975122070313,65.42474608680305,75.75829654640916,70.1206220428657,5.637674503543451,1355.7949907571688,1110.5076171875,865.2202436178313,0.14590051435513152,0.1772689541453285,-0.005416705952590806,1.1734429277222076,1.3202842899334202,1.1251371998945439,0.08422711634389357,0.0575226523109221,1.8582272398694235,0.8926204793580736,0.1948017891241638,-0.007400748112178834,0
2025-10-13 00:00:00+00:00,1303.1473388671875,1370.5460205078125,1257.1102294921875,1293.4732666015625,11820387271,1124.3302856445312,995.3453735351562,64.48127466485474,79.19959591626116,71.9364168175448,7.263179098716364,1378.434763169129,1124.3302856445312,870.2258081199334,-0.007400748112178834,0.137419993286773,-0.010046001078883093,1.1504388729154162,1.2995220563567287,1.129588096291904,0.08352312442591787,0.05769766450822937,2.0106951864342375,0.8328217247581913,0.08702625418593724,-0.06372154822896237,0
2025-10-14 00:00:00+00:00,1293.4732666015625,1316.4071044921875,1147.75,1211.0511474609375,10106588255,1133.9404510498048,1002.7629577636719,56.92574753405975,74.41822727553972,72.43277890914379,1.9854483663959286,1385.7758241483318,1133.9404510498048,882.1050779512777,-0.06372154822896237,-0.07065070921338057,-0.03570333008820936,1.068002421414408,1.2077142839039277,1.1308160540539716,0.08292374925969222,0.06021213943199136,1.6290728807173758,0.6530974292101616,0.052586733177115264,-0.039931736245318095,0
2025-10-15 00:00:00+00:00,1211.0511474609375,1221.70751953125,1151.835205078125,1162.6917724609375,5853929585,1144.789358520508,1008.7441833496093,53.001630328357884,65.96634184733284,71.1394914967816,-5.17314964944876,1380.6721732128608,1144.789358520508,908.9065438281551,-0.039931736245318095,-0.10110877241725824,0.050404991865093285,1.0156381729155537,1.1526131120777656,1.1348658831609324,0.08369695050698542,0.05831586252874343,0.9348490881425446,0.5379476859384151,-0.0024330744798755077,-0.014506385507851105,0
2025-10-16 00:00:00+00:00,1162.6937255859375,1193.77392578125,1125.333251953125,1145.8253173828125,5605348340,1154.0344268798829,1014.547763671875,51.66396107001327,57.247268906211275,68.36104697866753,-11.113778072456256,1373.4971655092916,1154.0344268798829,934.571688250474,-0.014506385507851105,-0.05385885659319678,0.007585281008233524,0.9928865991292262,1.1293951437395264,1.1374865414942856,0.08297806182852772,0.05860304798818534,0.8823595989523005,0.48129725905104,-0.06354767998965638,-0.06446209868726704,0
2025-10-17 00:00:00+00:00,1145.8179931640625,1154.8912353515625,1024.083251953125,1071.9630126953125,6656427568,1159.193099975586,1018.4997033691407,46.16867107567657,43.87154621195691,63.46314682532541,-19.5916006133685,1364.7302957719528,1159.193099975586,953.655904179219,-0.06446209868726704,-0.07803337214091555,-0.1773856391725933,0.9247493042512843,1.0524922188482904,1.1381378866788467,0.07311156080890983,0.06095514836389573,1.0167696978491998,0.2877997533675234,-0.18184149927757376,0.0197669629213435,1
2025-10-18 00:00:00+00:00,1071.965576171875,1129.1925048828125,1071.473876953125,1093.1524658203125,3767783165,1164.1849456787108,1023.0972216796876,47.88135647827773,34.58235749894334,57.686988960049,-23.10463146110566,1357.2292239110304,1164.1849456787108,971.1406674463913,0.0197669629213435,-0.04596935568050675,-0.15487046076148725,0.9389852272853546,1.0684736920950784,1.137902558045647,0.0726504213824736,0.06087910409774152,0.5700937785384577,0.316020240255673,-0.16336063302447335,0.015119197374011906,1
2025-10-19 00:00:00+00:00,1093.1524658203125,1132.3472900390625,1069.3074951171875,1109.6800537109375,3690436753,1168.131887817383,1028.042742919922,49.23796922523883,28.22884221365257,51.795359610769715,-23.566517397117146,1352.7315566962798,1168.131887817383,983.532218938486,0.015119197374011906,0.03518502090924791,-0.08370504743960017,0.9499612717399053,1.0794104246669194,1.1362678214133097,0.034777115375944155,0.06047954635532928,0.5569954048885437,0.34167947195833914,-0.11641982858902422,-0.007766570349988511,0
2025-10-20 00:00:00+00:00,1109.68212890625,1142.7445068359375,1090.0068359375,1101.0616455078125,4209252745,1172.7607971191405,1032.9076403808594,48.528615330615196,22.241812293432986,45.884650147302374,-23.642837853869388,1344.7143955219701,1172.7607971191405,1000.807198716311,-0.007766570349988511,0.007235202713982591,-0.05300641873699641,0.938862936254814,1.065982671114547,1.135397543082084,0.03475150115811443,0.06023309042344266,0.6299158579280941,0.2915159895538767,-0.005273214977139173,-0.03961741469996827,0
2025-10-21 00:00:00+00:00,1101.1649169921875,1114.313232421875,1054.304931640625,1057.4404296875,4398689427,1174.324481201172,1037.1399230957031,44.99527760887189,13.81789628145907,39.471299374133714,-25.653403092674644,1341.15768487635,1174.324481201172,1007.4912775259938,-0.03961741469996827,-0.047076293611604814,-0.0771364416150212,0.900466988992586,1.0195735465772091,1.1322719866920117,0.03093819305283117,0.061012980403624496,0.6519308958985583,0.1496978750667537,-0.07013626219241287,0.01381405848992312,1
2025-10-22 00:00:00+00:00,1057.4404296875,1082.9290771484375,1054.0701904296875,1072.0479736328125,3625757780,1173.3940979003905,1041.5453381347656,46.40260471752173,8.22576734143081,33.22219296759314,-24.996425626162328,1342.3855062602383,1173.3940979003905,1004.4026895405427,0.01381405848992312,-0.026350633493930187,7.925734049951672e-05,0.9136299352034227,1.0292859411695625,1.1265895539427444,0.03147590991162027,0.05945753024674856,0.5381218239302321,0.20014415155422252,-0.17732044094609745,0.05179341389537506,1
2025-10-23 00:00:00+00:00,1072.0509033203125,1150.999267578125,1071.939453125,1127.572998046875,5661131703,1170.2767944335938,1046.991622314453,51.48392928989123,8.180075477386026,28.213769469551718,-20.03369399216569,1340.2818119630597,1170.2767944335938,1000.2717769041277,0.05179341389537506,0.06632294963424168,0.03148740299527475,0.9635096614836431,1.076964680533251,1.1177518229292127,0.03928426116859865,0.05691801993399398,0.8429326157834583,0.37440430580433576,-0.12825952637627336,-0.016339799230882357,0
2025-10-24 00:00:00+00:00,1127.5726318359375,1141.639404296875,1098.9310302734375,1109.148681640625,3451758493,1168.2068481445312,1052.298536376953,49.79689907808888,6.581310736939031,23.887277723029182,-17.30596698609015,1340.2195864919026,1168.2068481445312,996.1941097971597,-0.016339799230882357,0.03460732067996042,-0.0004788516009957,0.9494454542894448,1.0540247309089739,1.1101477458731899,0.02942904213020121,0.05654563015467575,0.5152024929983322,0.32833199717848494,-0.08414381674461802,0.006845366561356148,1
2025-10-25 00:00:00+00:00,1109.14990234375,1120.0706787109375,1102.4951171875,1116.7412109375,2230311136,1165.767529296875,1057.6337756347657,50.51649942893249,5.859388439907207,20.28169986640479,-14.422311426497583,1339.3170629990632,1165.767529296875,992.2179955946867,0.006845366561356148,-0.009606284584800506,0.014240406514619774,0.9579450300962278,1.0558864861017316,1.102241206883933,0.028764662528964004,0.05648574547738701,0.3363586837731716,0.35875410520115736,-0.039520845173075525,0.018666547738038775,1
2025-10-26 00:00:00+00:00,1116.741943359375,1141.9556884765625,1115.5335693359375,1137.5869140625,2746697366,1161.467822265625,1063.1500720214844,52.52841304053154,6.8899112377891925,17.603342140681672,-10.71343090289248,1333.2383771989441,1161.467822265625,989.697267332306,0.018666547738038775,0.025639693661096752,0.07579290721718035,0.9794390272848528,1.0700153665977565,1.0924777722652064,0.029035369751660906,0.055441558410732485,0.42351857695224426,0.4304860247660155,-0.007189929560231678,0.001897927613703887,1
2025-10-27 00:00:00+00:00,1137.587646484375,1180.014892578125,1134.291015625,1139.7459716796875,4501355092,1152.944403076172,1068.3327307128907,52.74272674350578,7.791015903737161,15.64087689329277,-7.849860989555609,1309.9175291598717,1152.944403076172,995.9712769924722,0.001897927613703887,0.02059990310814719,0.06314829159880708,0.9885524129686829,1.0668455050695145,1.0791997379943798,0.02861412357279853,0.05274189020399063,0.7316501324246024,0.4579595828732909,0.06323255390495564,-0.03211346843816598,0
2025-10-28 00:00:00+00:00,1139.7508544921875,1148.558349609375,1088.881591796875,1103.144775390625,4178047763,1142.7716735839845,1072.830107421875,48.72668013596151,5.488469531734154,13.610395420981046,-8.121925889246892,1283.3293133806014,1142.7716735839845,1002.2140337873675,-0.03211346843816598,-0.030276489862982703,-0.02166442678085001,0.965323870805197,1.0282567274716026,1.0651935154301237,0.0267296441418346,0.05306499393680875,0.7003799106030724,0.35903683979505313,0.009140819677714518,0.0036428171325717518,1
2025-10-29 00:00:00+00:00,1103.149169921875,1120.72998046875,1089.7681884765625,1107.163330078125,4169218996,1135.3353088378906,1077.3730737304688,49.18418357101932,3.9425020127091557,11.67681673932667,-7.734314726617514,1266.0895616979487,1135.3353088378906,1004.5810559778325,0.0036428171325717518,-0.028587634798607153,-0.001789977840989998,0.975186203987083,1.0276508268807067,1.0537995950713006,0.02653303660410311,0.05257691252075027,0.7231630296807644,0.3922712717041901,-0.0022679723082308367,-0.025788317863451815,0
2025-10-30 00:00:00+00:00,1107.1619873046875,1123.6968994140625,1050.1282958984375,1078.6114501953125,4153774666,1133.9209533691405,1081.0739709472657,46.04081414929917,0.40870226199285753,9.423193843859908,-9.01449158186705,1266.568602144913,1133.9209533691405,1001.273304593368,-0.025788317863451815,-0.02223944285701318,-0.03414377509197297,0.9512227876118783,0.9977221533233332,1.0488837802426867,0.01874834869596503,0.04565752415481785,0.7612571737574555,0.2915172123882754,-0.02038958981460648,0.009590102291934688,1
2025-10-31 00:00:00+00:00,1078.612548828125,1104.24755859375,1073.4539794921875,1088.9554443359375,4399392720,1131.5087585449219,1084.7934130859376,47.35354983593928,-1.5394399162335048,7.230667091841226,-8.770107008074731,1265.6515885105998,1131.5087585449219,997.365928579244,0.009590102291934688,-0.016445528177764568,-0.04274967400327412,0.9623924128844514,1.0038367040210543,1.0430638174010405,0.018964440973579928,0.04526078408790756,0.8345829767678657,0.3413880405688764,0.02980311113861145,0.005222334557412056,1
2025-11-01 00:00:00+00:00,1088.9443359375,1097.13818359375,1082.4669189453125,1094.642333984375,2138185589,1121.085009765625,1088.1856457519532,48.101101584574394,-2.594563646122424,5.2656209442484965,-7.86018459037092,1228.895239873679,1121.085009765625,1013.2747796575711,0.005222334557412056,0.014862519571954946,-0.039573412686724874,0.9764133178564415,1.0059334436707812,1.0302332273377286,0.018841152345682666,0.0293139113176673,0.43921268037256755,0.3773647187528141,0.021075885508180958,-0.009393452440029426,0
2025-11-02 00:00:00+00:00,1094.6414794921875,1094.64453125,1073.653076171875,1084.35986328125,2049912244,1110.6293395996095,1091.1948498535157,46.806936294998245,-4.211913933366077,3.3701139687255823,-7.582027902091659,1182.673290611584,1110.6293395996095,1038.585388587635,-0.009393452440029426,-0.004220173633908364,-0.017028510244925243,0.9763472155995538,0.9937362364080226,1.0178102836067295,0.016359861499735517,0.029314207610319123,0.4680485554647785,0.31768437218280005,-0.038324024112387,-0.08468080201047479,0
2025-11-03 00:00:00+00:00,1084.33642578125,1086.594482421875,975.796142578125,992.535400390625,4849653054,1099.7035522460938,1092.500723876953,37.18525286989138,-12.756098076374656,0.144871559705535,-12.900969636080191,1173.8701556902424,1099.7035522460938,1025.536948801945,-0.08468080201047479,-0.09327880936423516,-0.10353298973459635,0.902548144328003,0.9084986203655944,1.0065929735438344,0.03301785296188849,0.031676788672705423,1.177999993563895,-0.22248253849302915,-0.10513764581815,-0.055053100229373264,0
2025-11-04 00:00:00+00:00,992.5518798828124,1000.1986083984376,886.3854370117188,937.8932495117188,5824529918,1088.4636260986329,1092.8591845703124,32.85691015245152,-23.663808821762586,-4.616864516588089,-19.0469443051745,1186.6756346416407,1088.4636260986329,990.2516175556251,-0.055053100229373264,-0.1350719615592617,-0.13046236497685315,0.8616670571467769,0.8582013700882033,0.9959779278668845,0.03556764937559397,0.03261028319216239,1.4153068130675057,-0.26655787220245175,-0.16015166242108958,0.023518455116776416,1
2025-11-05 00:00:00+00:00,937.88232421875,966.803955078125,903.8692626953124,959.9510498046876,3816276917,1079.1699127197267,1092.9439538574218,36.09085781842309,-30.18046640435955,-9.72958489414238,-20.45088151021717,1189.0159771880365,1079.1699127197267,969.3238482514168,0.023518455116776416,-0.032829408979380914,-0.11846618261770925,0.8895272546891311,0.8783168125105127,0.987397303320924,0.03864854344586043,0.03344189955091102,0.9479243912017586,-0.04266333296553038,-0.1561514659336639,-0.011219914650697826,0
2025-11-06 00:00:00+00:00,959.9534301757812,964.3312377929688,927.4452514648438,949.1804809570312,2798073439,1073.0307861328124,1092.1213684082031,35.19934544301083,-35.801363547753226,-14.94394062486455,-20.857422922888674,1197.3442992934454,1073.0307861328124,948.7172729721794,-0.011219914650697826,0.012034665406952083,-0.13288527997805366,0.8845789824706373,0.869116298255832,0.9825197246133772,0.038646495007220914,0.030743364579216677,0.729993403814196,0.001863063689034623,-0.16719996864021602,0.04358695531256296,1
2025-11-07 00:00:00+00:00,949.2072143554688,994.412841796875,927.10986328125,990.5523681640624,3614944089,1067.90078125,1092.295711669922,41.20702779252915,-36.49688610742646,-19.254529721376933,-17.24235638604953,1197.0903635400653,1067.90078125,938.7111989599347,0.04358695531256296,0.03187799874337438,-0.08650956042704139,0.9275696633582385,0.9068536638761381,0.9776663680363382,0.04432689556712526,0.03220466365671289,0.9449920123275543,0.2006398979127062,-0.10206494173595071,-0.00033279500357674685,0
2025-11-08 00:00:00+00:00,990.5819091796876,1005.8635864257812,981.1117553710938,990.2227172851562,2913804232,1061.927914428711,1092.4176843261719,41.17427207718579,-36.65218919600147,-22.734061616301844,-13.918127579699629,1193.998170908081,1061.927914428711,929.8576579493408,-0.00033279500357674685,0.04323965478803715,-0.0023300761912961043,0.932476398662022,0.906450647488326,0.9720896408627184,0.04400372841299994,0.03189526098687332,0.769516626657807,0.22853389152479123,-0.10562182617149818,0.006419885737066977,1
2025-11-09 00:00:00+00:00,990.2310791015624,1005.9384765625,977.64404296875,996.579833984375,2642212274,1056.703823852539,1091.4962780761718,42.12962259152484,-35.84905621878204,-25.35706053679788,-10.491995681984157,1190.510617271163,1056.703823852539,922.8970304339149,0.006419885737066977,0.006084954227593364,0.06257277627620139,0.9431023258258274,0.9130400661932693,0.9681240743349518,0.044643033988926197,0.031992458914097396,0.7125349236113574,0.2753328200607058,-0.07605298107681258,-0.004676149457458423,0
2025-11-10 00:00:00+00:00,996.5888671875,1017.682861328125,977.107666015625,991.919677734375,2844075057,1053.427786254883,1090.3612243652344,41.596318028508215,-35.18303508313977,-27.32225544606626,-7.8607796370735095,1190.331148165782,1053.427786254883,916.5244243439838,-0.004676149457458423,0.0017137159344022823,0.03330235217326116,0.9416114618172549,0.9097165742589863,0.9661273371750241,0.030746663385681938,0.030908167569675824,0.7833934221144072,0.2753593934364473,-0.08910903297860495,-0.03392808048826179,0
2025-11-11 00:00:00+00:00,991.9202880859376,1005.9725341796876,956.8362426757812,958.2657470703124,2696896367,1047.7386749267578,1089.666258544922,37.868256731796066,-36.94492142490492,-29.246788641833994,-7.698132783070925,1190.7063212164041,1047.7386749267578,904.7710286371114,-0.03392808048826179,-0.038445577170552414,0.009571695052263074,0.9146037747793361,0.8794121498723158,0.9615225457433619,0.02488346891946295,0.0314028415591737,0.7524796091110904,0.18708679838242204,-0.12458552230267506,-0.005484124878202268,0
2025-11-12 00:00:00+00:00,958.2320556640624,976.957763671875,940.8616943359376,953.010498046875,2405972144,1039.010549926758,1088.3860705566406,37.305981679089115,-38.323514105651384,-31.062133734597474,-7.26138037105391,1182.7684659436604,1039.010549926758,895.2526339098554,-0.005484124878202268,-0.03922613953618881,-0.03789993474728581,0.91722889446508,0.8756180585437578,0.9546341854553226,0.023329368343426866,0.02840860004315023,0.7032426524503574,0.20088585636643713,-0.12113078847912595,-0.02619474521913623,0
2025-11-13 00:00:00+00:00,953.0198364257812,969.8464965820312,907.6197509765624,928.046630859375,3034452281,1029.9554473876954,1086.5700463867188,34.67232188067533,-40.95829248751102,-33.04136548518018,-7.916927002330837,1177.8664047113182,1029.9554473876954,882.0444900640724,-0.02619474521913623,-0.03153521484340405,-0.06279000202726748,0.9010551215717199,0.8541065842423158,0.9478960429773583,0.02506555911624327,0.028645692195546194,0.8923837956642755,0.15550619652420966,-0.06497377272978844,-0.013724919954573145,0
2025-11-14 00:00:00+00:00,928.0397338867188,932.64501953125,889.4031982421875,915.3092651367188,3778463496,1019.8838500976562,1085.9619592285155,33.37756481847309,-43.57190253108854,-35.147472894361854,-8.424429636726686,1170.3232630243451,1019.8838500976562,869.4444371709675,-0.013724919954573145,-0.03956014439234634,-0.08154948161326181,0.8974642210964275,0.8428557348242371,0.9391524642559282,0.01444263845244675,0.028435227848492714,1.0864531830710147,0.15243621027722906,-0.024079482805487218,0.018455662805547002,1
2025-11-15 00:00:00+00:00,915.19384765625,944.0817260742188,915.19384765625,932.201904296875,1963778260,1009.614599609375,1085.387518310547,36.750920552576304,-43.77549585124541,-36.87307748573856,-6.902418365506847,1154.147999726026,1009.614599609375,865.081199492724,0.018455662805547002,0.004477440356259077,-0.06020424312369754,0.9233245088349046,0.8588655098483977,0.9301881425547294,0.018073460565552424,0.02842426962927559,0.5710897383983983,0.23219790287220393,-0.028906833857266445,-0.005303605086977248,0
2025-11-16 00:00:00+00:00,932.1851806640624,948.5120239257812,910.9035034179688,927.2578735351562,2497118342,998.9901947021484,1084.556884765625,36.17362002621195,-43.8305358539983,-38.26456915939051,-5.565966694607788,1134.184354922639,998.9901947021484,863.7960344816579,-0.005303605086977248,0.013054176171430676,-0.03235832401393446,0.928195169935197,0.854964720209709,0.9211044701615926,0.016976015205206037,0.028317525429977584,0.7479897859106438,0.23470628816362085,-0.023096352971535006,-0.02240525775311042,0
2025-11-17 00:00:00+00:00,927.2578735351562,936.9906616210938,893.0040893554688,906.482421875,3757441490,989.1570770263672,1082.8202221679687,33.77282483610249,-45.03146606432733,-39.617948540377874,-5.413517523949459,1121.0211592352196,989.1570770263672,857.2929948175149,-0.02240525775311042,-0.027590034201093183,-0.04882220738095844,0.9164190834079596,0.8371495132036656,0.9135007425756477,0.017346559247680943,0.02799761888936952,1.1326434999716268,0.18651563880593597,-0.08487178365428749,0.02868223181985652,1
2025-11-18 00:00:00+00:00,906.4705810546876,937.3841552734376,888.5147094726562,932.4823608398438,3623344375,980.4230285644531,1080.8550451660155,39.21032748346279,-43.38511749614361,-40.371382331531024,-3.0137351646125836,1102.1254460334367,980.4230285644531,858.7206110954695,0.02868223181985652,0.0056343412698878215,0.004779641273371382,0.9511020586748103,0.8627265654263729,0.9070809568306762,0.020419090065524424,0.029147204374697203,1.1012819680980301,0.3030414320371769,-0.058310474439140614,-0.039531762150693095,0
2025-11-19 00:00:00+00:00,932.4846801757812,939.2861328125,872.9431762695312,895.6196899414062,3254464199,971.2734405517579,1078.5977697753906,34.84244426699884,-44.5414378919304,-41.2053934436109,-3.336044448319498,1089.3553598127787,971.2734405517579,853.1915212907371,-0.039531762150693095,-0.011983389497090213,-0.02151139067992658,0.9221087003394487,0.8303555922685729,0.900496429502184,0.024549386712609415,0.029741244282683925,1.0028703375854047,0.17965565311011505,-0.10130662953446001,-0.032687778305777404,0
2025-11-20 00:00:00+00:00,895.6640014648438,912.6580200195312,866.3438720703125,866.3438720703125,3038816761,960.1428619384766,1075.4013122558595,31.81160407160432,-47.27518506476315,-42.419351767841356,-4.855833296921794,1073.3861752900043,960.1428619384766,846.8995485869489,-0.032687778305777404,-0.07092733497925185,-0.07064781988000413,0.9023072569859146,0.8056005346069282,0.8928228476162017,0.02543287581338087,0.029865870519203704,0.9564687724168692,0.08585197177605064,-0.1265987644794867,-0.041859979493000576,0
2025-11-21 00:00:00+00:00,866.3346557617188,874.2615966796875,793.8209228515625,830.0787353515625,4772315493,946.914682006836,1070.189774169922,28.50392028270649,-51.7712066043498,-44.289722735143044,-7.481483869206755,1055.7275123721906,946.914682006836,838.1018516414813,-0.041859979493000576,-0.07317944806922638,-0.1048027101814728,0.8766140721277463,0.7756369527969016,0.884810063468694,0.028275720593381116,0.030376363837501693,1.4422981840352254,-0.03686659129709257,-0.13376979414181667,0.003942202983674203,1
2025-11-22 00:00:00+00:00,830.0795288085938,841.4924926757812,815.2092895507812,833.35107421875,2015396840,934.3642425537109,1063.0584143066405,29.219088494282985,-54.442704064998566,-46.32031900111415,-8.122385063884416,1033.9384378967613,934.3642425537109,834.7900472106605,0.003942202983674203,-0.0380827970453802,-0.08067596887867123,0.891891016656543,0.7839184216064808,0.8789396988717051,0.025978994008150548,0.030611863520827287,0.609414881768087,-0.007225632037261361,-0.12555939737637534,0.011848209676786237,1
2025-11-23 00:00:00+00:00,833.3475952148438,854.4036865234375,833.2874755859375,843.2247924804688,1754920246,926.8987121582031,1056.9119580078125,31.447306304239433,-55.127680914258576,-48.08179138374304,-7.045889530515538,1030.4200597358292,926.8987121582031,823.3773645805769,0.011848209676786237,0.015837120707999475,-0.09572038261290527,0.9097270083773157,0.7978193321512556,0.8769876290408587,0.027852690408452275,0.02590003905361649,0.5566996052856269,0.09586152211266917,-0.09139825043097338,0.025137247252069228,1
2025-11-24 00:00:00+00:00,843.2236328125,875.2612915039062,832.0480346679688,864.421142578125,2485800089,923.2251068115235,1050.8898291015626,36.09803234886024,-53.34523107709356,-49.13447932241314,-4.210751754680416,1030.2586372140336,923.2251068115235,816.1915764090134,0.025137247252069228,0.037283288304995166,-0.03483459297921676,0.9363059303743531,0.8225611464116507,0.878517501307265,0.0308530786620373,0.024360773598395426,0.8326443722402586,0.2253012022855811,-0.055596643120391254,-0.002675906728361266,0
2025-11-25 00:00:00+00:00,864.4609985351562,866.9095458984375,838.9786376953125,862.1080322265625,2007620452,918.3329559326172,1043.6603686523438,35.81250293126219,-51.52532355662345,-49.61264816925521,-1.912675387368239,1027.226605747148,918.3329559326172,809.4393061180865,-0.002675906728361266,0.022394075594653673,-0.004889328568374984,0.9387750125454714,0.8260427032788301,0.8799155199487366,0.026947679220948158,0.023504523752694458,0.6934796460187501,0.24183561758735314,-0.07519172804434648,0.034387018330482855,1
2025-11-26 00:00:00+00:00,862.1033935546875,896.6287841796875,852.4906005859375,891.7533569335938,2040255309,915.4615997314453,1035.2911486816406,42.13026631224944,-47.1474177043367,-49.119602076271505,1.9721843719348016,1023.9582061894623,915.4615997314453,806.9649932734283,0.034387018330482855,0.031619095148402776,0.07429972477961422,0.9741024169612287,0.8613551444626658,0.8842552173822904,0.028277369845964392,0.025041382250366343,0.7140989224839052,0.39074200764507094,-0.038289797924499824,0.004268509324843128,1
2025-11-27 00:00:00+00:00,891.7745971679688,902.5869140625,885.2288208007812,895.559814453125,1780660164,910.7119720458984,1027.0703576660155,42.90730548708538,-42.87649294438495,-47.870980249894195,4.994487305509246,1013.5362656649698,910.7119720458984,807.8876784268269,0.004268509324843128,0.038802308963723275,0.074648899076172,0.9833622944928083,0.8719556627924264,0.8867084569702335,0.024400937361488767,0.022634281945534226,0.6439091450354402,0.42632014741133595,-0.012049442061195514,-0.008835841866325689,0
2025-11-28 00:00:00+00:00,895.5643920898438,904.3790893554688,877.3135375976562,887.6467895507812,2009647841,905.5831756591797,1019.7054809570312,41.65512732485435,-39.67294427344859,-46.23137305460508,6.558428781156486,1001.7244324138467,905.5831756591797,809.4419189045127,-0.008835841866325689,-0.0046050484148817405,0.05268108512279235,0.980193551966839,0.8704933003965929,0.8880830716034364,0.015339284540596933,0.022626144937164243,0.7387915282630584,0.40671857892305036,-0.04808195111452962,-0.015723494236655533,0
2025-11-29 00:00:00+00:00,887.6465454101562,888.85302734375,869.8357543945312,873.6898803710938,1357539865,899.4386779785157,1015.0413073730468,39.467344574157266,-37.82429981598409,-44.54995840688088,6.725658590896792,986.3586222251968,899.4386779785157,812.5187337318346,-0.015723494236655533,-0.024420405794320033,0.010722479282869957,0.9713723700816467,0.860743177666558,0.8861104188028428,0.01812309065469314,0.022568890770422286,0.5111317607160643,0.3518821092754837,-0.024485626897893686,0.004448834698437709,1
2025-11-30 00:00:00+00:00,873.6884765625,899.5747680664062,871.07373046875,877.5767822265625,1452982911,893.721533203125,1009.8488562011719,40.40606612426031,-35.634819254674085,-42.76693057643952,7.132111321765436,969.335659764989,893.721533203125,818.1074066412609,0.004448834698437709,-0.01134461076495863,0.017942936873061033,0.9819353675873745,0.8690179494066195,0.885005243819464,0.018002795779496317,0.022695655114173693,0.561779340844397,0.39324249508222797,0.012965879390831825,-0.05717036700931921,0
2025-12-01 00:00:00+00:00,877.5615844726562,877.704833984375,803.458251953125,827.4053955078125,2778473663,887.178515625,1000.3346179199219,33.24048214522304,-37.51559531377961,-41.71666352390754,4.201068210127929,961.9184290640677,887.178515625,812.4386021859324,-0.05717036700931921,-0.05297587382335511,-0.07215892256021306,0.9326256000743226,0.8271286234483264,0.8868817490988998,0.027621568638835883,0.024713859741835566,1.0725737873482186,0.10012584061983107,-0.003220585867216297,0.05998180907495532,1
2025-12-02 00:00:00+00:00,827.4092407226562,884.0598754882812,821.3009643554688,877.03466796875,2264885312,883.3797241210938,992.0058459472656,43.84847179939786,-34.60257937672179,-40.29384669447039,5.691267317748597,951.4573748892893,883.3797241210938,815.3020733528982,0.05998180907495532,-0.0006177399730620259,-0.020685549067079756,0.9928172947837843,0.8841023180980051,0.8904985063647031,0.03729810322560111,0.028907747013880627,0.8767007699692871,0.4533983908026682,0.05241919654444849,0.05098892530594323,1
2025-12-03 00:00:00+00:00,877.0285034179688,922.1299438476562,874.4122314453125,921.7537231445312,2754777581,883.0650787353516,986.2198974609375,51.349886087734376,-28.35863850743499,-37.906805057063316,9.548166549628327,950.3267707280327,883.0650787353516,815.8033867426705,0.05098892530594323,0.11402914236353667,0.03842399251059181,1.0438117703222805,0.9346330625833275,0.8954038354010478,0.04004917274606922,0.03084078169260762,1.072133537860131,0.7875979124446459,0.09312929525359204,-0.023528651445340443,0
2025-12-04 00:00:00+00:00,921.7321166992188,927.4549560546876,889.617431640625,900.0661010742188,2052379059,882.3029205322266,980.9673840332031,48.00074423269549,-24.87355339314763,-35.30015472428018,10.426601331132552,948.3609042283874,882.3029205322266,816.2449368360658,-0.023528651445340443,0.0262605732095067,0.030189454285451722,1.020132745940903,0.9175290796862559,0.899421259965523,0.0415332771986662,0.031148641078142567,0.826528737806669,0.634451428488155,0.0412356393664588,-0.017607620642553945,0
2025-12-05 00:00:00+00:00,900.063720703125,906.8523559570312,873.4063720703125,884.2180786132812,1968850986,879.9037292480468,975.7352392578125,45.657312906131,-23.12384401680754,-32.86489258278566,9.741048565978119,941.6775247840349,879.9037292480468,818.1299337120588,-0.017607620642553945,-0.040721988519013985,0.007567766742721416,1.0049032061370184,0.9062069740207976,0.9017853346337482,0.042024812397381636,0.031044589848335146,0.7928095497220076,0.5349205462267652,0.025646491576717168,0.00715543538982355,1
2025-12-06 00:00:00+00:00,884.2127685546875,896.6558227539062,878.9838256835938,890.5450439453125,1418385761,878.0680877685547,972.1068798828124,46.77450796244314,-20.984754319207582,-30.488864930070044,9.504110610862462,935.9780716825695,878.0680877685547,820.15810385454,0.00715543538982355,-0.010578175444606819,0.07631041419393769,1.0142095543051401,0.9160978719260456,0.9032629085748327,0.04146609195980385,0.031103607075249104,0.5838304865113447,0.6077271597526572,-0.0013549856346335432,0.0039046131471507373,1
2025-12-07 00:00:00+00:00,890.5266723632812,905.114501953125,872.8945922851562,894.0222778320312,1779976227,877.4450805664062,968.1242761230469,47.41435801241731,-18.79230066409366,-28.14955207687477,9.35725141278111,934.3269316425246,877.4450805664062,820.5632294902878,0.0039046131471507373,0.011087987744070826,0.019369370999467117,1.0188925753107239,0.9234581756509973,0.9063351701913985,0.04146445423635288,0.03072967332961571,0.7637499283204148,0.6457160496011434,-0.001716844141820606,0.004006373440783584,1
2025-12-08 00:00:00+00:00,894.02734375,911.5386352539062,891.7789916992188,897.6040649414062,1906067258,875.7011657714844,963.8827563476563,48.1063849474587,-16.574682439377966,-25.83457814937541,9.259895709997444,927.3789046797013,875.7011657714844,824.0234268632674,0.004006373440783584,0.00792662992634341,-0.026199686094827257,1.0250118419685164,0.9312378077418947,0.9085141942882042,0.031921972032342885,0.029993724338067147,0.8491371170300573,0.7119181259925365,0.011217609873477086,0.0013439777184609536,1
2025-12-09 00:00:00+00:00,897.5906372070312,926.51708984375,882.4072265625,898.8104248046875,2357057936,875.8607025146484,959.8377319335938,48.352911360581125,-14.552113158106636,-23.578085151121655,9.02597199301502,927.81630608695,875.8607025146484,823.9050989423469,0.0013439777184609536,0.005355735635880654,-0.001395093391510449,1.0262024797141247,0.9364191413834433,0.9125091391752504,0.023976601058421636,0.028625667672831367,1.0714676583047964,0.7208589710453672,0.028752243785774345,-0.004628106132576804,0
2025-12-10 00:00:00+00:00,898.7805786132812,914.1864013671876,884.947509765625,894.650634765625,2429639422,877.2760406494141,956.5819360351562,47.51469394132306,-13.13347816127407,-21.48916375315214,8.355685591878071,929.6803501924597,877.2760406494141,824.8717311063684,-0.004628106132576804,-0.003290348485636696,0.01179862344446203,1.0198051620141697,0.9352577140164028,0.9170945086895018,0.01187613118424671,0.02757853473443102,1.119968657778166,0.6657744779743656,0.019455679417296423,-0.009483041155260663,0
2025-12-11 00:00:00+00:00,894.6589965820312,894.6589965820312,861.253662109375,886.1666259765625,2524483059,880.080435180664,952.8643090820312,45.77189483961539,-12.549129754777368,-19.701156953477188,7.15202719869982,927.6280172988097,880.080435180664,832.5328530625184,-0.009483041155260663,-0.014067258766911284,-0.004916559806287468,1.0069154938033011,0.9300029579555521,0.9236156993103398,0.00887131411354534,0.02576072301612874,1.2272704583716532,0.5640010545728231,0.0710186696724231,-0.004851244793529941,0
2025-12-12 00:00:00+00:00,886.1660766601562,895.4688720703125,873.608154296875,881.8676147460938,1807202490,882.5062622070312,947.9502014160156,44.87371445842039,-12.291237970297175,-18.219173156841187,5.927935186544012,924.6602101016654,882.5062622070312,840.3523143123971,-0.004851244793529941,-0.014288281394759239,-0.013595481217103522,0.999276325292763,0.9302889681639289,0.9309626823104985,0.006031240819567072,0.025829309570096638,0.8830352301798273,0.4924248202975697,0.005510553862753342,0.017646583708683217,1
2025-12-13 00:00:00+00:00,881.8624267578125,903.7582397460938,880.7807006835938,897.4295654296875,1472368344,885.2165008544922,943.7158190917969,48.79104924348924,-10.707705743078122,-16.716879674088574,6.0091739310104515,923.5318159988778,885.2165008544922,846.9011857101066,0.017646583708683217,0.01270973101781303,-0.0001944058839908891,1.0137966978286173,0.950953186620678,0.9380117223280175,0.00885421672421456,0.025964289013566247,0.7244293330004764,0.6593757552191878,-0.026388998605682557,-0.021865427015063,0
2025-12-14 00:00:00+00:00,897.435791015625,899.2176513671875,874.129638671875,877.806884765625,1640570319,885.8857879638672,938.9371325683594,44.497228537863066,-10.910363501300935,-15.555576439531047,4.645212938230111,923.1241315571411,885.8857879638672,848.6474443705932,-0.021865427015063,-0.004604693394527182,-0.023368153572124628,0.9908804235173353,0.9348942057116014,0.943498512558156,0.012225779249872445,0.026023985946018166,0.8243279945614634,0.3915244017499558,-0.024730646207014817,-0.021943072126050955,0
2025-12-15 00:00:00+00:00,877.7892456054688,894.2052612304688,843.7678833007812,858.5451049804688,2222157806,885.7076416015625,933.3562963867188,40.70995134868194,-12.481358553980385,-14.940732862420916,2.4593743084405304,923.4555426656333,885.7076416015625,847.9597405374917,-0.021943072126050955,-0.04332870449905557,-0.04035712755584753,0.9693323898933764,0.9198471240876984,0.948949125891562,0.013746931558796503,0.02652249862805096,1.1105691153216362,0.14021129843762892,-0.029034662662717148,0.019048437614079372,1
2025-12-16 00:00:00+00:00,858.5458984375,877.6130981445312,851.3676147460938,874.8990478515625,2379705373,884.8649261474609,928.0593579101562,44.990894485832605,-12.265369394095046,-14.405660168755741,2.140290774660695,922.79662599496,884.8649261474609,846.9332262999618,0.019048437614079372,-0.003312615752425918,-0.012714965554681101,0.9887374016062678,0.9427188470160978,0.953457253143848,0.01669124701311866,0.02568826824455627,1.1793034814351697,0.36863390863096973,-0.0175690114723841,-0.03654006956438749,0
2025-12-17 00:00:00+00:00,874.905517578125,875.11083984375,834.8516845703125,842.93017578125,2968394043,882.2334442138672,922.8550659179688,39.054553366422915,-14.506594241456582,-14.42584698329591,-0.08074725816067208,924.13562230659,882.2334442138672,840.3312661211444,-0.03654006956438749,-0.018187663185819436,-0.04415338347134401,0.9554502624102635,0.9133938869835243,0.9559826637959721,0.020825103856218816,0.026871167225844855,1.4289830713300387,0.03101162968610663,-0.05714857819279129,-0.016168632600773503,0
2025-12-18 00:00:00+00:00,842.9312744140625,850.8983764648438,819.9838256835938,829.3011474609375,3195634004,879.316162109375,917.297822265625,36.823831330611505,-17.18443825577947,-14.977565237792623,-2.2068730179868457,927.3124943082825,879.316162109375,831.3198299104675,-0.016168632600773503,-0.05211789920516774,-0.07591505851061442,0.9431205557185968,0.9040696787142203,0.9585939710807997,0.021041445011156006,0.02700921399510249,1.4956796060808175,-0.02102954910350419,-0.07609470606054736,0.03212602678830989,1
2025-12-19 00:00:00+00:00,829.3038940429688,861.0877075195312,823.1718139648438,855.9432983398438,5429911683,878.4288330078125,912.8444592285156,43.60498479239758,-16.961330353518292,-15.374318260937759,-1.587012092580533,927.5071081941295,878.4288330078125,829.3505578214955,0.03212602678830989,0.015437960263473549,-0.024907057355353146,0.9744025539428431,0.9376660938088385,0.9622984771690577,0.0263088728746686,0.027930966317195657,2.3202815609222434,0.27092171044513697,-0.047693178986168094,-0.002753823417731671,0
2025-12-20 00:00:00+00:00,855.9429931640625,858.7412109375,850.890869140625,853.586181640625,1374684930,877.2293029785156,908.1370739746094,43.16355264685928,-16.781271302356572,-15.655708869221524,-1.1255624331350482,927.5521974084864,877.2293029785156,826.9064085485448,-0.002753823417731671,0.02928373396568995,-0.0057759613456261905,0.9730479576347786,0.9399309929114186,0.9659657425273689,0.02459077180576293,0.02790809669456964,0.5884075433451887,0.2650858361218436,-0.04589998769269055,0.005041130753207224,1
2025-12-21 00:00:00+00:00,853.5969848632812,858.9291381835938,846.0993041992188,857.8892211914062,1501917010,878.7534942626953,903.40201171875,44.27266371086268,-16.105697422867138,-15.745706579950648,-0.3599908429164902,924.3467161032622,878.7534942626953,833.1602724221284,0.005041130753207224,0.0022734249515554694,-0.019442045001564767,0.976256967161428,0.9496206672810543,0.9727158926631565,0.02395090715437255,0.024589630818766233,0.6609234103531317,0.2711910649323216,-0.03190980562373846,-3.706692614935392e-05,0
2025-12-22 00:00:00+00:00,857.8866577148438,869.0992431640625,852.6373291015625,857.857421875,1959463444,877.7946319580078,898.871962890625,44.265789173850266,-15.395397634571736,-15.675644790874866,0.2802471563031297,924.33680764411,877.7946319580078,831.2524562719057,-3.706692614935392e-05,0.00500387696783644,0.017708757525396468,0.9772871587987091,0.9543710976547439,0.9765513534710373,0.022451616928486077,0.02047044133100742,0.8681019163579171,0.28581566300776506,-0.02722652750776744,-0.01641997629905534,0
2025-12-23 00:00:00+00:00,857.8599243164062,860.7771606445312,839.5874633789062,843.7714233398438,1696809904,873.8955169677735,895.8966833496094,41.21300159384591,-15.787118223360494,-15.697939477371992,-0.08917874598850162,917.9300539662167,873.8955169677735,829.8609799693302,-0.01641997629905534,-0.016456434587155955,0.017448759022231863,0.9655289527832186,0.9418177776762406,0.9754422950874456,0.021442806212586766,0.01667328838231249,0.7697786265450367,0.15794924074034591,-0.05979092305049294,0.002948926861015,1
2025-12-24 00:00:00+00:00,843.7693481445312,849.3277587890625,835.2703857421875,846.2596435546875,1535799969,871.2051940917969,894.0640112304687,41.974264878707764,-15.715621137912763,-15.701475809480147,-0.0141453284326154,915.0818811385911,871.2051940917969,827.3285070450027,0.002948926861015,-0.01351947074720583,-0.011313430228308663,0.971366618672293,0.9465313813381329,0.9744326839560268,0.016338150401136946,0.016105809130622362,0.7049953637432751,0.21573115228019488,-0.03593870332807958,-0.019893664085657292,0
2025-12-25 00:00:00+00:00,846.2431030273438,847.0791625976562,827.6585693359375,829.4244384765625,1415229398,868.4655120849609,891.4534790039063,38.355232272718716,-16.823488827763867,-15.925878413136893,-0.8976104146269748,915.6397839326307,868.4655120849609,821.291240237291,-0.019893664085657292,-0.017003402185028382,-0.028306155469413397,0.955045913665966,0.9304180846356067,0.9742129371185676,0.017024506838824702,0.016222965806906235,0.658009678984618,0.0862037496363941,-0.033918621555204975,0.005699267584987844,1
2025-12-26 00:00:00+00:00,829.4263916015625,845.7174682617188,823.3729248046875,834.1515502929688,1730790904,865.6458374023438,889.152900390625,39.92158655942106,-17.12266412274562,-16.16523555505864,-0.9574285676869785,913.99029788308,865.6458374023438,817.3013769216076,0.005699267584987844,-0.014307775815539436,-0.027669855631792917,0.9636175838332637,0.9381418538099658,0.9735624064455574,0.010386474647997768,0.016177872671038127,0.7989274168024617,0.17427201797065717,-0.04657394205497756,0.012471299847022665,1
2025-12-27 00:00:00+00:00,834.1513671875,844.5943603515625,834.1458740234375,844.5545043945312,1496575663,863.1724487304688,886.2329431152343,43.334001358048006,-16.332065361450077,-16.19860151633693,-0.13346384511314824,910.4541498914612,863.1724487304688,815.8907475694764,0.012471299847022665,0.018241644706971538,-0.01550714272704301,0.9784307940280992,0.9529712373654297,0.9739791952399054,0.012060023756704874,0.016484730598698503,0.6953626831982983,0.3031168096877042,0.0019270025678885805,0.016901563981854384,1
2025-12-28 00:00:00+00:00,844.5575561523438,864.9430541992188,839.5921020507812,858.8287963867188,1855190489,861.2336853027343,883.6050646972657,47.72179883796072,-14.387840015058941,-15.836449216081332,1.448609201022391,905.6647355063434,861.2336853027343,816.8026350991253,0.016901563981854384,0.029583648301178433,0.017845322359074878,0.9972076232536466,0.9719600200356077,0.974681698545723,0.013828414528018045,0.0170053198667975,0.8630080220809792,0.4729368436600646,0.035605460110824216,-0.008897274268993782,0
2025-12-29 00:00:00+00:00,858.835205078125,869.98583984375,846.6453247070312,851.1875610351562,2271142660,858.8525421142579,880.6972192382813,45.68255977415747,-13.310179785788023,-15.331195330022672,2.0210155442346487,899.7698604370224,858.8525421142579,817.9352237914933,-0.008897274268993782,0.007853911862539142,0.005823174386254681,0.991075323523835,0.9664928450340197,0.9751961552201596,0.014256718447041582,0.017051305815024582,1.0586184761937134,0.40633573516916976,-0.0055561359191801385,0.011003626381655751,1
2025-12-30 00:00:00+00:00,851.1907348632812,862.0198364257812,848.4505004882812,860.5537109375,2042633098,857.1476959228515,878.0698999023438,48.58285056298607,-11.567018875650433,-14.578360039148226,3.011341163497793,894.468040272007,857.1476959228515,819.8273515736961,0.011003626381655751,0.0020084498307908483,0.03753117344614765,1.003973661751469,0.9800514868271969,0.9761725074714221,0.013037681309904778,0.017308795010413304,0.9607719529766644,0.5456321488191941,0.008162654746218134,0.0031417845069319217,1
2025-12-31 00:00:00+00:00,860.5555419921875,873.8369140625,856.8807983398438,863.2573852539062,2539874072,856.0022338867187,876.1697326660156,49.42238506419889,-9.853798913685296,-13.63344781405564,3.7796489003703435,890.9000601584847,856.0022338867187,821.1044076149527,0.0031417845069319217,0.014179981911473849,0.03489274215304761,1.0084756220018787,0.9852627328579137,0.976982201019509,0.013038029035777148,0.017243875690816583,1.1942217189601692,0.6039484710406918,0.006257409383282564,-0.0002348764024797667,0
2026-01-01 00:00:00+00:00,863.2581787109375,872.2593994140625,855.6074829101562,863.0546264648438,1623168589,855.0615844726562,874.370615234375,49.35729841257473,-8.415413047299467,-12.589840860704404,4.174427813404938,887.9820586986967,855.0615844726562,822.1411102466158,-0.0002348764024797667,0.0029061701734098833,0.021905184300183622,1.0093479138080061,0.9870581323613008,0.9779166517889637,0.008701501030361321,0.01722284914361194,0.7665129189917037,0.6213992535056635,0.0060583547537356175,0.02061231147571485,1
2026-01-02 00:00:00+00:00,863.05517578125,890.1697387695312,858.8756103515625,880.8441772460938,2274583336,854.2323150634766,873.4265661621093,54.96159611361995,-5.773460946671889,-11.226564877897902,5.453103931226012,883.2651140662946,854.2323150634766,825.1995160606585,0.02061231147571485,0.020372593727668864,0.02563419036715886,1.0311529565357636,1.0084925411836028,0.978024195917267,0.010361085498332529,0.01740308987298496,1.0541645549792564,0.9583068649363458,0.04393696311674966,-0.002502953383827111,0
2026-01-03 00:00:00+00:00,880.8558959960938,883.4481201171875,869.5321044921875,878.6394653320312,1660447864,854.2739440917969,872.6931701660156,54.16163722872291,-3.8136354826674506,-9.743978998851812,5.930343516184362,883.4510989015955,854.2739440917969,825.0967892819983,-0.002502953383827111,0.018057766437131084,0.03225129871903887,1.0285219061271242,1.00681372946334,0.9788938120476928,0.01078667699582198,0.01669292336189017,0.7691867653882687,0.9175445035519987,0.03826227804191795,0.017918841892910597,1
2026-01-04 00:00:00+00:00,878.6434326171875,902.0450439453124,878.4307250976562,894.3836669921875,1869811425,856.0658721923828,871.9368054199218,58.776001937550426,-0.9787517475783716,-7.990933548597124,7.012181801018753,890.3096796317367,856.0658721923828,821.8220647530289,0.017918841892910597,0.01537103848313337,0.0393118472731151,1.044760334507522,1.0257436793959573,0.9817980693911692,0.010967797828308881,0.016287217902367576,0.8732995009456062,1.0594850232069826,0.0783184404777586,0.01834193168605469,1
2026-01-05 00:00:00+00:00,894.3954467773438,915.7417602539062,891.7756958007812,910.7883911132812,2191450063,857.8603393554688,871.6074157714844,62.95995926321936,2.562103835129278,-5.880326071851844,8.442429906981122,899.2709799315653,857.8603393554688,816.4496987793723,0.01834193168605469,0.03658943975285833,0.05506006281706455,1.0616977488405381,1.0449525493161582,0.984227903334384,0.009605672445023835,0.016249413297072142,1.0280410559804105,1.1390634269536528,0.09187400154491865,0.007376984748455051,1
2026-01-06 00:00:00+00:00,910.7823486328124,921.5477905273438,892.9228515625,917.5072631835938,2396005647,861.5891937255859,871.8279125976562,64.54704958992292,5.843059071234279,-3.535649043234619,9.378708114468898,910.1522381890612,861.5891937255859,813.0261492621106,0.007376984748455051,0.02585422458481479,0.06309292024977986,1.064901080312084,1.0523949163887556,0.9882560322695295,0.009624847392517113,0.013478737383914976,1.139297008963119,1.07572656405494,0.08638016659607195,-0.019719687537065655,0
2026-01-07 00:00:00+00:00,917.507568359375,918.7974853515624,892.78076171875,899.414306640625,2328531769,865.0948516845704,871.1665515136718,57.41296848136691,6.9037077049689515,-1.4477776935939046,8.351485398562856,913.9656428682333,865.0948516845704,816.2240605009074,-0.019719687537065655,-0.012488174622815928,0.0210821957779066,1.039671320305774,1.0324252062683905,0.9930303799904258,0.01462000845129881,0.01378298089692212,1.1305192649999822,0.851124405036513,0.04725681116499403,-0.008517302248289282,0
2026-01-08 00:00:00+00:00,899.4205932617188,903.2437133789062,875.6906127929688,891.7537231445312,2150672078,866.8853729248046,871.0892321777344,54.65838803549438,7.04492481484499,0.2507628080938744,6.794162006751115,916.9537635615272,866.8853729248046,816.816982288082,-0.008517302248289282,-0.028069031246359955,0.014925641665258338,1.0286870109894952,1.0237225880006982,0.9951740199538226,0.015513733492859748,0.012365390251626003,1.1344768171433304,0.7483438143654546,0.04765831171221668,0.004166526071365251,1
2026-01-09 00:00:00+00:00,891.74267578125,899.3383178710938,885.8805541992188,895.46923828125,1729373289,868.979525756836,871.6717395019531,55.76688585177916,7.371675327052003,1.6749453118855002,5.696730015166503,920.1962317438139,868.979525756836,817.7628197698581,0.004166526071365251,-0.004386263738799245,0.0012137646617735864,1.0304837015594157,1.0273009869436562,0.9969114362401431,0.013876645042435666,0.012318445971173087,0.903787410004859,0.7586042192087593,0.04057332726589791,0.01188566737607566,1
2026-01-10 00:00:00+00:00,895.4766235351562,913.9031982421876,895.4766235351562,906.1124877929688,1917030206,871.3906890869141,873.1924145507812,58.868928745579495,8.392702893652654,3.0184968282389315,5.3742060654137225,924.8982979110808,871.3906890869141,817.8830802627474,0.01188566737607566,0.01610171539043881,-0.005133907465154519,1.0398464192249264,1.037700823659953,0.9979366226345495,0.01408689595201054,0.01248754927684497,0.9911080923557916,0.824456647092521,0.04964348208438163,-0.003710018768338208,0
2026-01-11 00:00:00+00:00,906.108154296875,915.600830078125,898.7893676757812,902.7507934570312,1753041961,873.6353576660156,874.5804089355469,57.49736225411466,8.82884057979038,4.1805655785492215,4.648275001241159,928.5018771166082,873.6353576660156,818.768838215423,-0.003710018768338208,0.008131552558698019,-0.01608321843181937,1.0333267598838947,1.032210170995907,0.9989194232344153,0.012979872733976853,0.012558465478079723,0.911187984241654,0.7653297136629396,0.04599496460008212,0.0029541598152187376,1
2026-01-12 00:00:00+00:00,902.7498168945312,909.0939331054688,894.8656616210938,905.4176635742188,2073080994,876.7176696777344,875.8242663574218,58.32686013921192,9.282672103009645,5.200986883441306,4.081685219568339,931.4463564547683,876.7176696777344,821.9889829007005,0.0029541598152187376,-0.0007668189414786752,0.006674740316302774,1.0327357311128837,1.0337891953369558,1.001020071439706,0.01074343741286824,0.01173181464682035,1.067101387741109,0.762202471744013,0.027897654276324513,0.04091196905455252,1
2026-01-13 00:00:00+00:00,905.41455078125,949.0227661132812,901.7335205078124,942.4600830078124,3312675690,881.5276916503906,877.3850451660156,67.74354773232322,12.487403512165997,6.658270209186245,5.829133302979752,941.6310864581116,881.5276916503906,821.4242968426696,0.04091196905455252,0.04398698936471357,0.0568613940679481,1.069121358222275,1.0741693036601547,1.0047215831945153,0.01916833076699212,0.014391105254772505,1.630602486423278,1.0068964203465787,0.07263572852565159,0.007054732429322863,1
2026-01-14 00:00:00+00:00,942.4613647460938,951.8939819335938,928.5576171875,949.10888671875,2898477115,887.5119140625,879.1250622558593,69.0935065599237,15.386315271070885,8.403879221563173,6.982436049507712,949.5734054675328,887.5119140625,825.4504226574671,0.007054732429322863,0.04825532447871206,0.05990116259097311,1.0694041079114036,1.0796062215349773,1.0095399985357256,0.016067911847736458,0.013091750360711486,1.3764728053800876,0.9962575927659296,0.06118763316709863,-0.019208048771076847,0
2026-01-15 00:00:00+00:00,949.0888061523438,949.0888061523438,924.7374267578124,930.8783569335938,2344675895,892.3482543945313,879.9075622558594,61.49412873298335,16.02791253212547,9.928685883675632,6.099226648449838,951.9270436046118,892.3482543945313,832.7694651844508,-0.019208048771076847,-0.01228882398632325,0.027332002896182983,1.0431783245490915,1.057927442454362,1.0141386353207116,0.01824081868984814,0.014332170878053998,1.0974778347044656,0.8233541924056367,0.022057775457322126,0.007147554101360809,1
2026-01-16 00:00:00+00:00,930.880615234375,938.5700073242188,924.5513916015624,937.5318603515624,1873697028,896.9971221923828,880.7470031738281,63.089727996006346,16.878697980457787,11.318688303032063,5.5600096774257235,955.3712852945833,896.9971221923828,838.6229590901822,0.007147554101360809,-0.012197785237489045,0.038527871862996665,1.0451893736962135,1.0644735173359732,1.0184503824140148,0.01821766665533192,0.0142469727318854,0.8693527637491583,0.8471975956915393,0.021825001252291587,0.010146530176513568,1
2026-01-17 00:00:00+00:00,937.5349731445312,954.8583374023438,935.4063720703124,947.0445556640624,1840297630,901.40791015625,881.9349584960937,65.30344027247213,18.11176543094075,12.6773037286138,5.434461702326949,960.9582468524425,901.40791015625,841.8575734600574,0.010146530176513568,0.017366607151251934,0.04597534791348967,1.0506281839704532,1.0738258491068273,1.0220798047209312,0.01814719075746974,0.014036762494742986,0.8541513104960335,0.8831770569210763,0.05295696173806674,-0.015261358030849603,0
2026-01-18 00:00:00+00:00,947.0431518554688,952.6962280273438,932.496826171875,932.5913696289062,1896106924,905.4781005859375,883.11298828125,59.46765344803869,17.71848132317632,13.685539247526306,4.0329420756500145,961.6051144949971,905.4781005859375,849.3510866768778,-0.015261358030849603,-0.005269677684130669,-0.010471226905876652,1.0299435944673025,1.0560272377421978,1.025325312390904,0.019687149422920897,0.014434726905333543,0.8877812250784627,0.7415349325985819,0.045794758602601515,-0.010826085041490296,0
2026-01-19 00:00:00+00:00,932.5845947265624,932.5851440429688,910.626220703125,922.4950561523438,3099807569,908.5751678466797,884.0113537597656,55.72162518546576,16.403028809581883,14.229037159937421,2.173991649644462,960.9768301510985,908.5751678466797,856.173505542261,-0.010826085041490296,-0.02592222231244934,-0.028040861210788304,1.0153205687303277,1.0435330408697854,1.0277867631252047,0.020573914150929285,0.014752857114537965,1.4163164894455467,0.6328191482247141,0.030180621193606427,-0.04099705448381219,0
2026-01-20 00:00:00+00:00,922.5040893554688,931.8021850585938,884.2285766601562,884.6754760742188,2987548371,909.6460723876953,885.1567553710937,44.43106416308669,12.168527958686582,13.816935319687255,-1.6484073610006735,958.9309470296306,909.6460723876953,860.36119774576,-0.04099705448381219,-0.051379301927010124,-0.049633639578399835,0.9725491077557976,0.9994562778920744,1.02766664420511,0.01850893079130915,0.017807665670590857,1.3512056578263945,0.24667079408344791,-0.02365822346292179,-0.0023931798238548962,0
2026-01-21 00:00:00+00:00,884.6625366210938,892.538818359375,864.4113159179688,882.5582885742188,3827882862,910.6212554931641,885.2672277832031,43.894856906019584,8.543333953470096,12.762215046443824,-4.218881092973728,956.6914769112932,910.6212554931641,864.551034075035,-0.0023931798238548962,-0.043292120984038895,-0.05863648383824449,0.96918261379288,0.9969399757226213,1.028639970976278,0.017471301181952368,0.0178244795226413,1.649053983751051,0.19543268889193718,-0.022367750911064244,0.005001440196240159,1
2026-01-22 00:00:00+00:00,882.560302734375,896.4900512695312,878.450927734375,886.9723510742188,1870632923,910.9276641845703,884.5716003417969,45.3749919017614,5.957841254756659,11.401340288106391,-5.443499033349733,956.2392840437753,910.9276641845703,865.6160443253652,0.005001440196240159,0.0025962910266175143,-0.06343123375829063,0.9737022882801617,1.0027140264637642,1.0297952860261277,0.017784031876691586,0.017265899087478574,0.812943165440046,0.23566037602730924,-0.02037215888542032,0.004277548649873397,1
2026-01-23 00:00:00+00:00,886.9716796875,902.139892578125,883.2767333984375,890.7664184570312,2043693107,911.5340118408203,884.3856066894531,46.677148638799004,4.166935356048725,9.95445930169486,-5.787523945646134,955.3254400871397,911.5340118408203,867.742583594501,0.004277548649873397,0.009300382749872327,-0.044848100179736616,0.9772168749448532,1.0072149656431697,1.030697475112686,0.01744025271331042,0.017270636855119457,0.8808169187386851,0.2628806113952841,-0.05484971245233383,-0.00514926460758669,0
2026-01-24 00:00:00+00:00,890.7814331054688,892.8172607421875,885.5463256835938,886.1796264648438,1290044834,911.1238098144531,884.4248376464843,45.2721008822993,2.3504195744245635,8.433651356240802,-6.083231781816238,955.737635515786,911.1238098144531,866.5099841131203,-0.00514926460758669,-0.0008937421875833129,-0.03936653041694216,0.9726226193620281,1.0019841016937392,1.0301879493106691,0.015792271281545547,0.01683390466185137,0.5630343912004306,0.22044334959527861,-0.06630352021195873,-0.02420827586045393,0
2026-01-25 00:00:00+00:00,886.1843872070312,886.1843872070312,855.9146118164062,864.7267456054688,2065395074,908.8207275390625,883.9084716796875,39.31176696922012,-0.8109028822901792,6.584740508534606,-7.395643390824785,958.0267608871036,908.8207275390625,859.6146941910215,-0.02420827586045393,-0.029232885649941642,-0.022549207034960772,0.9514822003972191,0.9782989679488332,1.028184203068033,0.01668844273538855,0.017038014698339456,0.9039190988887454,0.05194537200640628,-0.0710636473986086,0.016210625265966172,1
2026-01-26 00:00:00+00:00,864.7274169921875,880.0272827148438,864.7274169921875,878.7445068359375,2107947407,906.8825897216797,883.6029162597656,44.457454845211274,-2.160255445293842,4.835741317768916,-6.995996763062758,957.6759911706173,906.8825897216797,856.089188272742,0.016210625265966172,-0.008390081882796774,-0.004321280291234353,0.96897273891389,0.9945015919091876,1.026346306732956,0.019519604895600784,0.017416555836892514,0.9283941706398018,0.22301438687829117,-0.06270437944752127,0.021531879130534337,1
2026-01-27 00:00:00+00:00,878.7389526367188,899.839599609375,875.3734130859375,897.66552734375,2080464235,906.7951507568359,883.6041455078125,50.551962015223545,-1.6834530487868733,3.531902444457758,-5.2153554932446315,957.6486696462581,906.7951507568359,855.9416318674138,0.021531879130534337,0.03809154962035777,0.012055816910843564,0.9899319891538171,1.0159136666655817,1.0262459217364757,0.015026016804493742,0.017650156795983963,0.9213228466886889,0.410236070064908,-0.0521401321880659,0.004103253937214557,1
2026-01-28 00:00:00+00:00,897.6614990234375,907.3658447265624,893.4732055664062,901.348876953125,1929255921,907.2749084472656,883.6549145507812,51.66386727670354,-0.996876808624279,2.6261465938413506,-3.6230234024656296,957.7102674437039,907.2749084472656,856.8395494508273,0.004103253937214557,0.025723483835566885,0.011880172261572675,0.9934683176631849,1.0200236111529337,1.0267298846048878,0.014896436537195733,0.017553041673663086,0.8585702951510195,0.441251221245802,-0.03350073107390339,-0.03799941764797499,0
2026-01-29 00:00:00+00:00,901.3906860351562,904.4390869140624,853.1878662109375,867.09814453125,3967708737,905.8563537597656,883.1038647460938,42.16838025505374,-3.1798526904856317,1.4649467369759543,-4.644799427461586,959.2017987661015,905.8563537597656,852.5109087534297,-0.03799941764797499,-0.03405208497083634,-0.021532295895487663,0.9572137358559674,0.9818756084603415,1.0257642276542562,0.02142289230269593,0.01953307866023215,1.6819642954742182,0.13672428616996024,-0.06005117453111353,-0.011347523421613825,0
2026-01-30 00:00:00+00:00,867.0933837890625,867.9181518554688,832.5636596679688,857.2587280273438,3063940340,903.4136657714844,882.5257067871094,39.89964643588993,-5.638834510597576,0.04419048746124843,-5.6830249980588246,961.0140632827457,903.4136657714844,845.813268260223,-0.011347523421613825,-0.048915741787820766,-0.008636274541151123,0.9489105163084667,0.9713696965816988,1.0236683858880655,0.021348066565403247,0.01939005727038331,1.268019943263935,0.09935226371383152,-0.03099074043347272,-0.08955775824941636,0
2026-01-31 00:00:00+00:00,857.252685546875,858.8644409179688,765.6923217773438,780.4845581054688,3250985432,897.3003540039062,880.4980456542969,27.477349000847695,-13.625562203762456,-2.6897600507834927,-10.935802152978964,976.9353793784474,897.3003540039062,817.6653286293651,-0.08955775824941636,-0.09988902291170765,-0.11181856383292754,0.869814164925729,0.886412595641245,1.0190827321338614,0.0383444430961121,0.02747007531792309,1.3049793983163365,-0.2334448337840481,-0.11565664476807658,-0.0282224169790104,0
2026-02-01 00:00:00+00:00,780.4640502929688,788.1553344726562,742.9596557617188,758.4573974609375,2530207621,889.9523406982422,877.7186022949219,25.066071350234722,-21.484845294509455,-6.4487770995286855,-15.03606819498077,990.7438001229231,889.9523406982422,789.1608812735614,-0.0282224169790104,-0.11525263883140635,-0.15507795012997583,0.8522449605176207,0.8641236445004598,1.0139381099720723,0.03849428340827088,0.027765615847788232,1.0064180277004597,-0.15231193192300121,-0.1448917245928082,0.02125615395274938,1
2026-02-02 00:00:00+00:00,758.4321899414062,779.3193969726562,730.0673217773438,774.5792846679688,3129876950,881.55830078125,875.6540502929688,29.913890254475035,-26.111485257416916,-10.381318731106333,-15.730166526310583,991.486069242182,881.55830078125,771.6305323203179,0.02125615395274938,-0.0075661630664857205,-0.1406443115718765,0.8786478262203704,0.8845722627661194,1.0067426747884118,0.03927863101691871,0.026232378526504042,1.24948564540521,0.013412226905610366,-0.13043501795938794,-0.0271129102578761,0
2026-02-03 00:00:00+00:00,774.5657958984375,782.135498046875,736.810791015625,753.5781860351562,2673231321,871.7817657470703,873.5547119140625,27.424897049418306,-31.114080159093874,-14.527871016703841,-16.586209142390032,990.8162659991393,871.7817657470703,752.7472654950012,-0.0271129102578761,-0.006433072499675285,-0.13091938809010162,0.8644115025615157,0.8626571132379065,0.997970423440213,0.035400586408594774,0.02621543128473658,1.072006845853035,0.003490250886908694,-0.14963268898277704,-0.07393583266682191,0
2026-02-04 00:00:00+00:00,753.5673217773438,763.9029541015625,687.341552734375,697.8617553710938,3263769381,860.1309356689453,870.0139660644531,22.15748557376905,-39.12353125857703,-19.44700306507848,-19.67652819349855,998.8048692252215,860.1309356689453,721.4570021126691,-0.07393583266682191,-0.09904412732876111,-0.18593799916513154,0.811343629709527,0.8021270721985101,0.9886403773031206,0.03726784675838188,0.029724386296540884,1.2851384704194897,-0.08507455632243967,-0.19296846209786034,-0.13085529904536275,0
2026-02-05 00:00:00+00:00,697.8231811523438,699.7532958984375,603.3870239257812,606.5428466796875,4896219244,843.5814849853516,865.2862194824219,16.547644756205727,-52.23758929471069,-26.005120311004923,-26.232468983705765,1017.8063932624557,843.5814849853516,669.3565767082475,-0.13085529904536275,-0.1951162362183998,-0.2228637448612738,0.7190091976594529,0.7009736582220114,0.9749161213846059,0.052009487977443945,0.03912174578040965,1.8196479787890207,-0.1802662163800799,-0.3097620048133858,0.08388304698982596,1
2026-02-06 00:00:00+00:00,606.547607421875,668.3985595703125,576.7190551757812,657.4215087890625,4201603681,829.1003326416015,861.8486267089844,27.553133238936226,-57.8581393337289,-32.37572411554972,-25.482415218179177,1014.8788470266857,829.1003326416015,643.3218182565174,0.08388304698982596,-0.05794879325422675,-0.13321234522876235,0.7929335967028838,0.7628039175504197,0.9620022669265785,0.07198012731325802,0.04519189108446813,1.4958628604899935,0.037947581234606766,-0.267631997928655,-0.015319285865615262,0
2026-02-07 00:00:00+00:00,657.4197998046875,662.0016479492188,631.9534301757812,647.3502807617188,2237248068,814.8382781982422,857.6767663574219,26.799721409624553,-62.405754969514305,-38.381730286342645,-24.02402468317166,1010.6870010306137,814.8382781982422,618.9895553658706,-0.015319285865615262,0.0672787327480946,-0.164255624213844,0.7944524675413257,0.7547718513013173,0.9500528755825857,0.06794682652541106,0.04519177023927133,0.7917015188428979,0.07240467281505406,-0.28179831659635557,-0.010962563643277301,0
2026-02-08 00:00:00+00:00,647.3492431640625,650.4102783203125,633.6199951171875,640.253662109375,1623329068,800.7262084960937,853.4101159667969,26.254935187466415,-65.82363702714576,-43.870111634503274,-21.95352539264249,1004.4294119571769,800.7262084960937,597.0230050350106,-0.010962563643277301,-0.02611391086262116,-0.15038190598645373,0.7995912401966776,0.7502297548747184,0.9382666006823466,0.06809501977047125,0.04519078601361859,0.5898619294242572,0.10611187340169524,-0.2616133869649857,-0.006714829746968465,0
2026-02-09 00:00:00+00:00,640.2106323242188,644.5773315429688,616.7033081054688,635.9544677734375,1879500739,788.2901580810546,848.9714208984375,25.911293985174623,-68.09429360591002,-48.714948028784626,-19.3793455771254,1000.6009366168818,788.2901580810546,575.9793795452275,-0.006714829746968465,-0.017603781641790772,-0.08870995884383515,0.8067517541022585,0.7490881932167146,0.9285237861680127,0.06592923284688046,0.044885385134519895,0.696976966382041,0.14124362559880416,-0.2581534057555228,-0.02576309484985717,0
2026-02-10 00:00:00+00:00,635.9563598632812,640.9609985351562,614.6978759765625,619.5703125,1623315797,775.1407592773437,844.2056787109375,24.59036082616315,-70.40429284349625,-53.05281699172695,-17.3514758517693,995.2996200216329,775.1407592773437,554.9818985330545,-0.02576309484985717,-0.03230492980115385,0.021478228441118352,0.7993003916832079,0.733909197869949,0.9181894635688157,0.065926930367715,0.04483378733264488,0.6276307568809087,0.14668592885290194,-0.2061722348435291,-0.019986720572473415,0
2026-02-11 00:00:00+00:00,619.5706787109375,623.1843872070312,587.8129272460938,607.1871337890625,2137150889,761.151498413086,839.4739929199219,23.610661814340176,-72.39962510238104,-56.922178613857774,-15.477446488523263,986.876186720875,761.151498413086,535.4268101052969,-0.019986720572473415,-0.04523489564448435,-0.07641121309299603,0.797721787390524,0.7232947523211509,0.9067005110731201,0.06240291391798107,0.044549036176889455,0.8220619285995487,0.15895541648930336,-0.19944464142386564,0.010744304923305359,1
2026-02-12 00:00:00+00:00,607.189453125,619.1156005859375,601.8274536132812,613.7109375,1596683425,747.2987243652344,834.8230187988281,25.299183131126014,-72.61743526442524,-60.06122994397127,-12.55620532045397,973.5361266237705,747.2987243652344,521.0613221066983,0.010744304923305359,-0.009457159069415577,-0.05196466930104093,0.8212391075888619,0.7351389739864005,0.8951582641318077,0.03781298315807065,0.04474071604528203,0.6194953048969887,0.2047619325283469,-0.2076848043217766,0.008754813506460346,1
2026-02-13 00:00:00+00:00,613.7088012695312,621.9074096679688,592.6002807617188,619.0838623046875,1865657141,733.9439361572265,830.6162072753906,26.735537918068204,-71.53192574583034,-62.35536910434309,-9.176556641487245,957.1762243716473,733.9439361572265,510.7116479428057,0.008754813506460346,0.019593182815625942,-0.033064707095843304,0.8435029323167083,0.7453308241304644,0.8836137914581862,0.013867081222027828,0.045049203608885556,0.7158604015738346,0.2427341833672987,-0.17847427940834037,0.023036220789169448,1
2026-02-14 00:00:00+00:00,619.086181640625,636.5562744140625,616.19287109375,633.34521484375,1422078768,722.3748596191406,826.6000805664063,30.55258149871301,-68.72861893189679,-63.63001906985383,-5.09859986204296,941.0041771146961,722.3748596191406,503.7455421235851,0.023036220789169448,0.03199271211253252,-0.004102892678500836,0.8767542314217166,0.7662051211146346,0.8739109475094073,0.017742952703537436,0.045870108661108557,0.5524762847313106,0.2963913399281401,-0.09244888408168539,-0.02953715275181157,0
2026-02-15 00:00:00+00:00,633.3302612304688,640.5645141601562,609.2208862304688,614.6380004882812,1572726908,709.1695343017578,822.0017504882812,28.458116997556033,-67.2413772008249,-64.35229069604804,-2.8890865047768557,919.7888464745362,709.1695343017578,498.5502221289795,-0.02953715275181157,-0.0071813563349163445,-0.007960859182901459,0.86670107888017,0.7477332014477793,0.8627348224994662,0.02033461016104035,0.04540088871041048,0.6174220584480058,0.27558673789626403,0.013346384106098785,0.019414156321569287,1
2026-02-16 00:00:00+00:00,614.6565551757812,629.6680297851562,605.3688354492188,626.5706787109375,1384918308,695.6147918701172,817.3565881347656,31.675586898904243,-64.35798126041914,-64.35342880892227,-0.004552451496863341,889.3751214908012,695.6147918701172,501.85446224943314,0.019414156321569287,-0.010696435331060017,0.03192351063322896,0.9007437536318644,0.7665817928265461,0.8510542423809574,0.02239754686457381,0.0453094062493848,0.5512177636772922,0.32183114238517174,-0.04692701663343912,-0.01437763729315411,0
2026-02-17 00:00:00+00:00,626.5838623046875,630.4534912109375,610.81884765625,617.5620727539062,1273885332,681.4254516601562,812.6840783691406,30.558243027052242,-62.084121312110256,-63.89956730955988,1.815445997449622,851.9160910232127,681.4254516601562,510.9348122970997,-0.01437763729315411,0.004757389330471096,0.006275161511043237,0.9062797276640318,0.7599042348574162,0.8384875129184411,0.020727390454225475,0.04504823216354236,0.5137251997239349,0.31270708132469915,-0.04601559448272974,-0.0211124834542169,0
2026-02-18 00:00:00+00:00,617.5640258789062,624.6931762695312,602.2733764648438,604.5238037109375,1407996950,668.2967346191406,807.5634802246094,28.9656928213564,-60.635185591796244,-63.24669096600715,2.611505374210907,817.7242571886239,668.2967346191406,518.8692120496572,-0.0211124834542169,-0.035186573117908515,-0.0235187177057834,0.9045739301052443,0.7485774412963795,0.8275469990709161,0.020909357318580582,0.044805932996504816,0.5987103840156764,0.28660915401796594,-0.055805785289415044,0.004360535262796228,1
2026-02-19 00:00:00+00:00,604.5213012695312,613.7492065429688,597.5038452148438,607.1598510742188,1468442931,655.7917907714843,802.4415295410156,29.762678736122893,-58.59869729656714,-62.31709223211915,3.7183949355520127,778.020556052499,655.7917907714843,533.5630254904696,0.004360535262796228,-0.016844009920008007,-0.04134453558000173,0.925842408548521,0.7566406133310486,0.817245576941397,0.02047496873435603,0.0450451582638586,0.6463383837657866,0.3010618057645577,-0.045277796066175324,0.030475766927996473,1
2026-02-20 00:00:00+00:00,607.1751708984375,628.9857788085938,601.8662109375,625.6635131835938,1709915616,648.0507385253907,797.6937072753906,35.25409034536146,-54.85929100187536,-60.825531986070395,5.966240984195032,755.7787944249784,648.0507385253907,540.3226826258029,0.030475766927996473,0.03496919284714317,0.017938221663082343,0.9654545176620923,0.7843405400809985,0.8124054792144196,0.02366005756201996,0.042677013355390474,0.7790446202854333,0.39609380233008273,0.009834558823529349,0.0003748949723394457,1
2026-02-21 00:00:00+00:00,625.6677856445312,633.5925903320312,624.1028442382812,625.8980712890625,1183913259,641.4227722167968,792.59478515625,35.323121088854776,-51.285668432072384,-58.9175592752708,7.631890843198413,736.0665344469991,641.4227722167968,546.7790099865946,0.0003748949723394457,0.03086208711213545,-0.001073474142228914,0.975796461241811,0.7896822979546536,0.8092694832585209,0.02173429057075564,0.04251659873062502,0.556461824783454,0.4179834964190584,0.03081576742780623,-0.01835984894361753,0
2026-02-22 00:00:00+00:00,625.8922119140625,626.5341186523438,610.2918090820312,614.4066772460938,1089029749,633.4141418457032,787.3101293945313,33.441948085453774,-48.81806202973337,-56.89765982616331,8.079597796429944,704.8863264743429,633.4141418457032,561.9419572170634,-0.01835984894361753,-0.017991836986339993,-0.005109438624916862,0.9699920425770355,0.7803871108816977,0.8045293947034831,0.019639620778507137,0.04196834444188801,0.5376515299310771,0.3670289379122119,0.0011336603335243556,-0.03017800038325369,0
2026-02-23 00:00:00+00:00,614.40625,614.85791015625,586.0204467773438,595.8651123046875,2110764624,625.5284881591797,781.3397583007812,30.609366891642495,-47.8075201767341,-55.079631896277476,7.272111719543375,671.3913478177332,625.5284881591797,579.6656285006262,-0.03017800038325369,-0.047983785798414225,-0.014323160400132595,0.9525786971880589,0.7626197258930548,0.8005844851918811,0.020443975229843973,0.04203716668701211,1.0567521301718292,0.17660786881439114,-0.03750501573981058,-0.019728139499771258,0
2026-02-24 00:00:00+00:00,595.8753051757812,602.2252197265625,578.3405151367188,584.1098022460938,1777417541,619.8408905029297,774.8061865234375,28.935961724250987,-47.408715593710895,-53.54544863576417,6.136733042053272,654.8674658618133,619.8408905029297,584.8143151440461,-0.019728139499771258,-0.049310784081640024,-0.037963723700346175,0.9423544190060706,0.7538785988106261,0.7999947616373089,0.020862658619348398,0.039418349162903175,0.9242508835618778,-0.010056833857347755,-0.07773866675506957,0.07697667359278504,1
2026-02-25 00:00:00+00:00,584.1054077148438,636.5101318359375,582.2049560546875,629.0726318359375,2691687940,620.9673797607422,769.0374938964844,41.997582804089134,-42.969213168577426,-51.43020154232683,8.460988373749402,655.6405824548606,620.9673797607422,586.2941770666239,0.07697667359278504,0.05572992753814687,0.005448805277131985,1.013052621344326,0.817999950364726,0.807460474540045,0.03704668330895342,0.032059729737263544,1.4847715685506366,0.6168806375733236,0.02348476881707451,-0.005022351423720761,0
2026-02-26 00:00:00+00:00,629.0772094726562,633.10009765625,615.2544555664062,625.9132080078125,2766164029,619.3919647216796,763.5674719238282,41.42146461503289,-39.25332669450768,-48.994826572763,9.741499878255325,649.6766359250258,619.3919647216796,589.1072935183334,-0.005022351423720761,0.07156771826285224,2.4183999670857048e-05,1.0105284596145239,0.8197222000968792,0.8111817062624543,0.037296380840087025,0.025681389893607742,1.5887529522710644,0.6076657435430951,-0.001049316103456377,-0.019081981971264206,0
2026-02-27 00:00:00+00:00,625.9151000976562,633.1871948242188,607.4542846679688,613.9695434570312,1782727960,617.7229278564453,758.0117883300782,39.23054700093578,-36.8474592309027,-46.56535310439095,9.71789387348825,645.0553368339002,617.7229278564453,590.3905188789903,-0.019081981971264206,-0.024008496975664206,-0.0007114730442413508,0.993923838293588,0.809973608470686,0.8149252259220225,0.036331040084462085,0.025796495372838974,1.0374557199658923,0.43133820728151,-0.0058172764413053635,0.0053371628994807185,1
2026-02-28 00:00:00+00:00,613.9728393554688,620.1138305664062,589.5475463867188,617.2463989257812,1819918584,616.5725646972656,752.4473315429688,40.16564172380903,-34.28120469375176,-44.10852342226312,9.827318728511358,641.7651456574245,616.5725646972656,591.3799837371068,0.0053371628994807185,-0.01384666271800905,0.03588276302734883,1.0010928709240354,0.820318410406288,0.8194228869586416,0.03643667412008134,0.025767019920857875,1.053074895376184,0.5133736640477855,0.02104564805677578,0.001394546505401717,1
2026-03-01 00:00:00+00:00,617.2444458007812,631.6217651367188,611.6749877929688,618.107177734375,1918919287,615.6802001953125,746.6872253417969,40.424972163475125,-31.81127129451488,-41.64907299671348,9.837801702198597,639.1902640003027,615.6802001953125,592.1701363903223,0.001394546505401717,0.0067391523267528175,0.05820374073085266,1.0039419450849525,0.8277993204603652,0.8245489936077107,0.035664314456885386,0.025744756499812747,1.109095637162346,0.5516157157035732,0.01803038629907383,0.030953184080525498,1
2026-03-02 00:00:00+00:00,618.0946655273438,651.0946655273438,613.5411376953125,637.2395629882812,1947915391,616.5636627197266,741.3770007324218,46.024621009959986,-27.987386516516153,-38.91673570067401,10.929349184157857,641.9428823800781,616.5636627197266,591.1844430593751,0.030953184080525498,0.03239089624061786,0.012982493179696464,1.0335340882356756,0.8595351115002744,0.831646601001394,0.0340974178018856,0.026009044398414723,1.1153917498500603,0.9073391645854149,0.018502037534176452,-0.005349056413116116,0
2026-03-03 00:00:00+00:00,637.2459716796875,641.4384155273438,621.8411254882812,633.8309326171875,1802590269,617.8958526611328,735.9452661132813,45.209316295058734,-24.944434352342,-36.12227543100761,11.177841078665608,643.989782059303,617.8958526611328,591.8019232629626,-0.005349056413116116,0.025438557339597212,0.012649876225772516,1.0257892651122775,0.8612473804806352,0.8395948463999258,0.03239004894056752,0.02556823549415779,1.0421598717341511,0.8053407501970956,0.01267436615004569,0.037842646373708266,1
2026-03-04 00:00:00+00:00,633.8281860351562,665.103271484375,627.156494140625,657.8167724609375,2127945160,620.1011444091797,730.2523999023438,51.69402258474063,-20.36268763387409,-32.97035787158091,12.60767023770682,651.6009942273706,620.1011444091797,588.6012945909888,0.037842646373708266,0.032291167510317687,0.0714159675690409,1.0608217359245362,0.9008074092586439,0.849160022606027,0.020555992508555165,0.026722631540885895,1.21165462724343,1.0986636169607595,0.07065368398894578,-0.015492031208971913,0
2026-03-05 00:00:00+00:00,657.8167724609375,664.6438598632812,646.8931884765625,647.6258544921875,1672800685,621.5282440185547,724.2227392578125,49.03841978811394,-17.35389733475961,-29.847065764216648,12.49316842945704,655.3357022258256,621.5282440185547,587.7207858112838,-0.015492031208971913,0.021764355706084926,0.04921771211509185,1.0419894199898239,0.8942357363093544,0.8582003993074013,0.021879351483711573,0.027034617459022477,0.9577534707397283,0.8859741586254489,0.08686654264301485,-0.03142619592935514,0
2026-03-06 00:00:00+00:00,647.622802734375,651.22705078125,626.0018310546875,627.2734375,1385900394,621.2246551513672,718.1506408691406,44.159392480597845,-16.42237241790974,-27.16212709495527,10.739754677045529,654.6926546960158,621.2246551513672,587.7566556067186,-0.03142619592935514,-0.04643137153021015,0.014829563699977122,1.0097368678117886,0.8734566284600727,0.8650339076485835,0.024493282829654222,0.02760432691325989,0.7943128370875374,0.5903666551770345,0.07389644051157496,-0.011489651704425174,0
2026-03-07 00:00:00+00:00,627.2833862304688,629.9575805664062,619.0372924804688,620.0662841796875,1082294510,621.4960693359375,711.8013293457032,42.545112322632804,-16.080325270227263,-24.945766730009673,8.86544145978241,654.8269234146828,621.4960693359375,588.1652152571921,-0.011489651704425174,-0.0425547715881569,-0.026949486199603023,0.9976994461802828,0.871122683557869,0.8731313692645455,0.025081303902623114,0.026877732043708063,0.6291468321389809,0.47855162737696344,-0.014316864540689256,-0.012946043011798358,0
2026-03-08 00:00:00+00:00,620.0664672851562,623.7977294921875,609.404296875,612.0388793945312,1289759347,620.7694793701172,705.1012158203125,40.757949068851254,-16.26945081806423,-23.210503547620583,6.941052729556354,654.2676987458857,620.7694793701172,587.2712599943487,-0.012946043011798358,-0.024286949191067442,-0.034381492131779434,0.9859358421028612,0.8680156347234307,0.8803976868029024,0.025615968281851486,0.026669878837838914,0.75182730371847,0.36968561108204173,-0.02216653752593134,0.03669944438599493,1
2026-03-09 00:00:00+00:00,612.0381469726562,642.1057739257812,611.7686157226562,634.5003662109375,1626567950,621.6163940429688,699.1393957519531,47.41421866657317,-14.440419739783692,-21.456486786053205,7.016067046269512,655.6257591258573,621.6163940429688,587.6070289600802,0.03669944438599493,0.023278288788666224,-0.035445137956534256,1.020726564311105,0.9075448616774147,0.8891165307233114,0.026876512027920785,0.027730005009968507,0.9385127273172063,0.6894180049608042,0.0334394807897227,0.01162937896932692,1
2026-03-10 00:00:00+00:00,634.5062866210938,651.5347900390625,634.5042724609375,641.8792114257812,1580638205,623.484164428711,693.5270788574219,49.42458345984066,-12.254229165704032,-19.61603526198337,7.361806096279338,657.6437870635184,623.484164428711,589.3245417939036,0.01162937896932692,0.04875561510205029,-0.00887339970531642,1.029503631441747,0.9255286938229869,0.8990047878965219,0.027110922861886627,0.027274377840865036,0.9074918806921872,0.7692513203926085,0.03990758397759708,0.014954715658149764,1
2026-03-11 00:00:00+00:00,641.8812255859375,655.0443725585938,636.7280883789062,651.4783325195312,1616600713,625.7000885009766,688.8631359863281,51.995658818369456,-9.636010603995487,-17.620030330385795,7.984019726390308,661.1272947840005,625.7000885009766,590.2728822179527,0.014954715658149764,0.02675800868324396,0.03858747010872943,1.0411990416691694,0.9457297081033832,0.908308277529014,0.023179199373236276,0.02739766533483265,0.9242082943440241,0.8638198819942962,0.05398926915470503,0.0010079801787945541,1
2026-03-12 00:00:00+00:00,651.4718627929688,656.0228881835938,642.4793701171875,652.135009765625,1564250832,627.0236633300781,684.2546704101562,52.174776116971856,-7.42250316873492,-15.580524898055621,8.158021729320701,664.3710502091296,627.0236633300781,589.6762764510265,0.0010079801787945541,0.0159777698939072,0.051718221751667404,1.040048482862963,0.9530589091554493,0.9163600782647596,0.02230029110622079,0.026674847807068972,0.8980191305603399,0.8361861235013482,0.02337495604869977,0.005745663376566901,1
2026-03-13 00:00:00+00:00,652.1265869140625,677.7486572265625,651.46240234375,655.8819580078125,2275392491,628.5228576660156,679.6328625488281,53.24673800119388,-5.304784911889328,-13.525376900822364,8.220591988933036,668.0250554674183,628.5228576660156,589.020659864613,0.005745663376566901,0.00675943507015897,0.07163446651731298,1.0435292050370186,0.9650533312177657,0.9247976257487983,0.017040663025135766,0.026680369768134416,1.2665948955783777,0.8462984576117105,0.034790074538604276,0.002972556223402867,1
2026-03-14 00:00:00+00:00,655.87353515625,657.8693237304688,650.6181640625,657.8316040039062,1300376753,630.6941040039062,674.9741662597656,53.82666895490804,-3.4296232361891725,-11.506226167895727,8.076602931706555,671.6753888132725,630.6941040039062,589.7128191945399,0.002972556223402867,0.008735298907397437,0.036771039128466576,1.0430279906340014,0.9746026394597419,0.9343973970126463,0.015279734749921604,0.026217650384850737,0.7196203591971624,0.8310962568186457,2.2546617218788256e-05,0.024124058154858075,1
2026-03-15 00:00:00+00:00,657.8248291015625,678.3255615234375,654.6995849609375,673.701171875,1570006668,634.5859069824219,670.7245971679688,58.35484100095458,-0.6554470135313295,-9.336070337022848,8.680623323491519,676.4153569771411,634.5859069824219,592.7564569877027,0.024124058154858075,0.02716832449746276,0.04957624407017924,1.0616390380911211,1.004437849334286,0.9461199271084779,0.012797894596182177,0.025316501090910853,0.882029322200444,0.9675565289229989,0.0402629345353398,0.008391889051560408,1
2026-03-16 00:00:00+00:00,673.7127685546875,685.4031372070312,670.8892211914062,679.3547973632812,2399816312,639.3481567382812,667.017158203125,59.86492937091675,1.976523821103683,-7.073551505397542,9.050075326501226,678.5881059158476,639.3481567382812,600.1082075607148,0.008391889051560408,0.03271839362592743,0.04278955024634579,1.0625741080244904,1.018496734316989,0.9585183062765864,0.007931194463748537,0.02455523319772917,1.3250500763432478,1.009769271667049,0.08302816084617204,-0.015564551218452904,0
2026-03-17 00:00:00+00:00,679.3580322265625,685.6272583007812,664.715576171875,668.7809448242188,1875359590,641.3335723876953,662.8178869628906,55.790305942821085,3.1725865366206563,-5.024323896993902,8.196910433614558,682.3619059888075,641.3335723876953,600.3052387865831,-0.015564551218452904,-0.0073032781538551195,0.0255252897165823,1.042797342316474,1.0089965252577169,0.9675863989222757,0.012339303534408116,0.018917883793738283,1.059347283691619,0.8344928982904072,0.07856363406208744,-0.02500349766598675,0
2026-03-18 00:00:00+00:00,668.7760620117188,676.30078125,645.5967407226562,652.05908203125,1920423223,642.6408660888671,657.9057580566406,49.994984481858666,2.7395801047620125,-3.471543096642719,6.211123201404732,683.2645779459714,642.6408660888671,602.0171542317629,-0.02500349766598675,-0.040178880664376915,-0.005828603653276532,1.0146554886863988,0.9911132013152448,0.9767977528987377,0.016136338514834796,0.019879994660283125,1.1113494613608985,0.6159201795186992,0.06538833395079302,-0.019619246272887025,0
2026-03-19 00:00:00+00:00,652.0613403320312,655.2645263671875,634.0431518554688,639.2661743164062,1763650441,643.9056976318359,652.6641040039062,46.053576050071584,1.3485929104720071,-2.5075158952197745,3.8561088056917816,682.2838881501674,643.9056976318359,605.5275071135044,-0.019619246272887025,-0.0441321941604812,-0.028222161377624788,0.9927947161634181,0.9794719372410593,0.9865805299872629,0.01777296823833447,0.019910655048775816,1.021188712780906,0.4395552102278825,0.0075111195505352946,0.004563318708499242,1
2026-03-20 00:00:00+00:00,639.2692260742188,646.859130859375,637.0761108398438,642.183349609375,1633691311,645.1525451660157,648.1658081054687,47.07813762822717,0.4761286886241578,-1.910786978450988,2.386915667075146,681.4477148031174,645.1525451660157,608.857375528914,0.004563318708499242,-0.015145456437951621,-0.04678308956759969,0.9953976845028542,0.9907701726606346,0.9953510924183727,0.017684641716292897,0.01990500552949237,0.9510674362347019,0.45909654664342037,0.00047382463581913115,-0.01876342722713764,0
2026-03-21 00:00:00+00:00,642.1868896484375,645.5946655273438,629.8920288085938,630.1337890625,1236470411,645.7538757324219,643.6233093261719,43.41067802765561,-1.1740703742678988,-1.7634436576143704,0.5893732833464715,680.5290666065162,645.7538757324219,610.9786848583276,-0.01876342722713764,-0.014285732017139674,-0.07245258073074379,0.9758110833601961,0.9790412807177625,1.0033102691828866,0.018381010123726657,0.02044922280594602,0.7344107048410965,0.27541335824042834,-0.032763243828053734,-0.005605905863865113,0
2026-03-22 00:00:00+00:00,629.8768310546875,636.671142578125,622.8684692382812,626.601318359375,1616327413,645.2219635009766,640.54564453125,42.3686421928204,-2.735374193315465,-1.9578297647545895,-0.7775444285608757,680.8602319524737,645.2219635009766,609.5836950494795,-0.005605905863865113,-0.024264147084283927,-0.06306942025079698,0.9711407140566544,0.9782305503270116,1.0073005241853588,0.012875624658809377,0.019244510756021842,0.9695774393183504,0.238754912195806,-0.039153995758373306,0.019047974350092867,1
2026-03-23 00:00:00+00:00,626.5970458984375,648.4214477539062,621.026123046875,638.5368041992188,2371029968,645.4572570800781,638.1472326660156,46.998037354727344,-2.975327042173717,-2.161329220238415,-0.8139978219353021,680.8400892403124,645.4572570800781,610.0744249198438,0.019047974350092867,0.013335287335123791,-0.0207378107362719,0.9892782166364259,1.0006104728082508,1.011455075004436,0.01575260526023125,0.019699907976325783,1.3984539945051906,0.40220606352934896,-0.026445541910130044,-0.000444761492467749,0
2026-03-24 00:00:00+00:00,638.5543823242188,639.3514404296875,627.3970336914062,638.2528076171875,1645704845,644.4790588378906,635.420703125,46.901496797935806,-3.1520724255474306,-2.359477861300218,-0.7925945642472128,679.5031013803319,644.4790588378906,609.4550162954494,-0.000444761492467749,0.018594741052124553,-0.0015852030655343352,0.990339094598465,1.0044570541662543,1.014255682366567,0.015691993117334834,0.017637963511133146,0.9846541954226022,0.41111461201033084,-0.029762626586427254,0.01421900111445451,1
2026-03-25 00:00:00+00:00,638.2496337890625,651.9640502929688,638.2335205078125,647.328125,1700935601,644.4641723632812,633.2957019042968,50.407252422874116,-2.5306701577608237,-2.393716320592339,-0.13695383716848486,679.4828360007539,644.4641723632812,609.4455087258086,0.01421900111445451,0.013767915557829635,0.008011380852142036,1.0044439283974724,1.022157774091168,1.0176354749059582,0.014990027865722469,0.01763633442191532,1.016843871592523,0.5408918036731434,-0.0391465058634235,-0.028321703245311247,0
2026-03-26 00:00:00+00:00,647.3297729492188,647.84765625,623.0634155273438,628.9946899414062,1566197398,644.5502349853516,631.9183605957031,44.07627263373702,-3.4774732271860103,-2.610467701911073,-0.8670055252749371,679.3990594759737,644.5502349853516,609.7014104947295,-0.028321703245311247,-0.014505408460865121,-0.0018077099512286976,0.9758660470517105,0.9953733411835972,1.0199897252197903,0.01702044248737729,0.017355452470333887,0.9312765846924377,0.276813920249571,-0.07412931743079343,-0.02496407483070362,0
2026-03-27 00:00:00+00:00,628.994384765625,631.232177734375,606.0051879882812,613.2924194335938,1674423686,644.2115417480469,632.0533520507812,39.50031727493478,-5.432243954826845,-3.1748229524942277,-2.257421002332617,680.1761021509592,644.2115417480469,608.2469813451346,-0.02496407483070362,-0.05257875295686598,-0.02123981954048204,0.9520047060464717,0.9703174857687011,1.0192360180636917,0.018649746121382066,0.018082675198639243,0.978404885592319,0.07014458166504638,-0.08296965668662926,-0.004225042477829066,0
2026-03-28 00:00:00+00:00,613.30712890625,617.5477294921875,610.1975708007812,610.7012329101562,875286131,644.1446594238281,631.1189465332031,38.78473649319041,-7.108557906217584,-3.9615699432388993,-3.1469879629786845,680.36520245856,644.1446594238281,607.9241163890962,-0.004225042477829066,-0.02908364303195332,-0.04359274376356548,0.9480808758958179,0.9676483906319033,1.0206390775656102,0.017835806642989994,0.017867933052033595,0.5177193680573304,0.03833620769292561,-0.06342653643019369,-0.008228286014942077,0
2026-03-29 00:00:00+00:00,610.7001342773438,614.4796752929688,598.7274780273438,605.6762084960938,1340354447,642.7034515380859,630.2854650878907,37.37084781111997,-8.741756734141632,-4.917607301419446,-3.8241494327221854,682.6426803107215,642.7034515380859,602.7642227654503,-0.008228286014942077,-0.012418563634838287,-0.051040275471271546,0.9423882928380416,0.9609553798160881,1.0197021621757747,0.01789457032499284,0.015710738685097272,0.7995686987021224,0.03645520732536762,-0.052544569335663094,0.004750589994416243,1
2026-03-30 00:00:00+00:00,605.6853637695312,620.2302856445312,605.1995849609375,608.5535278320312,1691424092,641.0371673583984,629.6514624023438,38.74777449740975,-9.692177558461708,-5.872521352827899,-3.819656205633809,683.8019643273848,641.0371673583984,598.272370389412,0.004750589994416243,-0.00351678523373955,-0.05989944769967892,0.9493264335042748,0.9664926775682908,1.0180825514366536,0.015369721701895668,0.015465333436311134,1.0056709997232052,0.12020584886764786,-0.052367944135891964,0.013960426019009375,1
2026-03-31 00:00:00+00:00,608.5606079101562,618.4916381835938,599.7499389648438,617.0491943359375,1789909133,639.3157104492187,629.2733569335937,42.75001977155649,-9.64864010645249,-6.627745103552818,-3.020895002899672,683.0711768169995,639.3157104492187,595.560244081438,0.013960426019009375,0.01877733627358924,-0.018991409302011042,0.9651713296742926,0.9805741615103113,1.0159586504099916,0.017208256510328236,0.015407598258600755,1.058772296204992,0.2455573216141385,-0.02076478829365669,-0.010414418420900073,0
2026-04-01 00:00:00+00:00,617.0487670898438,620.9547119140625,610.3040771484375,610.6229858398438,1708753116,637.2401092529296,629.0944104003906,40.58959765966083,-10.01720557130227,-7.305637197102708,-2.7115683741995618,682.3524709152445,637.2401092529296,592.1277475906148,-0.010414418420900073,0.003400617880213286,-0.004352627733790304,0.9582306213519884,0.9706380723542105,1.0129482931621576,0.015085444901013302,0.015478441245261428,1.006465199347807,0.20499080038941025,-0.0254999982466797,-0.045013282593230786,0
2026-04-02 00:00:00+00:00,610.6221923828125,612.9745483398438,570.6839599609375,583.1368408203125,2253593411,633.6028533935547,628.6134045410156,32.92525166798163,-12.384438451915798,-8.321397448065326,-4.063041003850472,683.8273957407512,633.6028533935547,583.3783110463582,-0.045013282593230786,-0.05495891385470675,-0.04513564179081808,0.9203507176412669,0.9276557524987747,1.007937229490329,0.019475432107029622,0.017910174719369006,1.3282319088848753,-0.002403906683474516,-0.08676079908719225,0.00851120260863536,1
2026-04-03 00:00:00+00:00,583.1388549804688,589.0858154296875,582.391845703125,588.1000366210938,1249381771,630.1162750244141,628.1011865234375,35.300945910695944,-13.702050434648413,-9.397528045381943,-4.30452238926647,682.8764005380845,630.1162750244141,577.3561495107438,0.00851120260863536,-0.03688519715282612,-0.02901908912460338,0.9333198648111535,0.9363141628122826,1.0032082227262302,0.019467712007973,0.018093326299286828,0.7374738932292092,0.10181824821063216,-0.0785782222930298,0.008814239861195672,1
2026-04-04 00:00:00+00:00,588.0983276367188,595.6993408203125,587.4022827148438,593.28369140625,730361887,626.0954010009766,627.5851831054688,37.77964234725226,-14.16470786920263,-10.35096401014608,-3.813743859056549,677.0977620078378,626.0954010009766,575.0930399941154,0.008814239861195672,0.017400462251130788,-0.02509201857752752,0.9475931151350601,0.9453436878010961,0.9976261674994934,0.020252475147309604,0.017072195872120745,0.4420662803953409,0.17833146400504324,-0.08348846822274247,0.01390884699743622,1
2026-04-05 00:00:00+00:00,593.28369140625,603.0015869140625,587.622314453125,601.5355834960938,869628725,622.2044403076172,626.9489904785156,41.614361788219426,-13.70749699886062,-11.02227060788899,-2.6852263909716303,667.6721240701203,622.2044403076172,576.7367565451142,0.01390884699743622,0.022845682772260067,-0.02514161104535495,0.9667812450819142,0.9594649527020928,0.9924323186687372,0.021179435509794807,0.01736240392109087,0.5519190825767878,0.2727082721050222,-0.04365554572149166,-0.0019115100422005815,0
2026-04-06 00:00:00+00:00,601.5371704101562,608.5709228515625,597.8638916015625,600.3857421875,1559391237,618.7846801757812,626.6639453125,41.23301922733258,-13.284797794590418,-11.474776045229277,-1.810021749361141,659.5471846038746,618.7846801757812,578.0221757476878,-0.0019115100422005815,0.011970750054524748,-0.01676524449577277,0.9702660091987821,0.9580665150411745,0.9874266499682064,0.021038538765983997,0.0172311354803477,0.9997078717492133,0.27431541257802705,-0.021044899361406966,0.03416626680438184,1
2026-04-07 00:00:00+00:00,600.3787841796875,623.72119140625,593.1414794921875,620.898681640625,1954715522,617.22666015625,626.5505053710938,50.03038618849804,-11.165869654874882,-11.412994767158398,0.2471251122835163,654.8990653864028,617.22666015625,579.5542549260972,0.03416626680438184,0.032189447600080356,0.06475639708716052,1.0059492269556949,0.990979460263748,0.9851187651515476,0.024630425579772762,0.018677563092183692,1.2517697752068588,0.5487362229985246,0.016697933753752503,-0.031770788073769984,0
2026-04-08 00:00:00+00:00,620.8573608398438,621.1431274414062,600.3358764648438,601.1722412109375,2031695469,615.3219635009766,626.2227087402343,43.315104885653156,-10.952113572225244,-11.320818528171769,0.36870495594652475,652.1449964714928,615.3219635009766,578.4989305304604,-0.031770788073769984,0.001309989508698095,0.022227858826449953,0.977004360108435,0.9599975101834128,0.9825928617932322,0.027461799422746017,0.019452894152190064,1.2899950439984045,0.3078685927179244,-0.007436262514487257,0.0027534096287709087,1
2026-04-09 00:00:00+00:00,601.1717529296875,610.0821533203125,597.3724365234375,602.8275146484375,1836620252,613.3541717529297,626.1887829589843,43.99441394247412,-10.527785842118192,-11.162211990961055,0.6344261488428629,648.2911916229529,613.3541717529297,578.4171518829065,0.0027534096287709087,-0.029104856438795013,0.016086441242916916,0.9828375552180437,0.9626929307162677,0.9795036072901112,0.019840122488334888,0.019420598517548415,1.1586703701510708,0.34934809632225783,-0.009409218617124182,0.005248601611505643,1
2026-04-10 00:00:00+00:00,602.8265991210938,610.1380004882812,598.0321044921875,605.9915161132812,1779562868,612.1470581054688,626.1654162597656,45.34275393623968,-9.822961596638038,-10.894361912096452,1.0714003154584137,646.3025496774794,612.1470581054688,577.9915665334581,0.005248601611505643,0.008016462790491286,0.007407596058224497,0.9899443411339127,0.9677818358813429,0.9776123724014785,0.019780052547063554,0.01913337208852103,1.1037658419119367,0.4098894246740721,-0.017920253886007265,0.002310102215174137,1
2026-04-11 00:00:00+00:00,605.9866333007812,613.906494140625,603.7946166992188,607.3914184570312,1673930281,611.1865631103516,625.7999743652343,45.96263445303713,-9.04713316496111,-10.524916162669385,1.4777829977082746,644.7050672779627,611.1865631103516,577.6680589427405,0.002310102215174137,0.007570828632889048,0.011668625314129155,0.9937905299586322,0.9705839618691653,0.9766484310426737,0.019693915345904166,0.01913185122294756,1.0363962921540606,0.44338732071182974,-0.005292246537964562,-0.024987788274351774,0
2026-04-12 00:00:00+00:00,607.390380859375,607.4102783203125,589.6085815429688,592.2140502929688,1835478450,608.8704254150391,625.1262939453125,40.58808335596501,-9.546919367875034,-10.329316803710515,0.782397435835481,640.7953661890878,608.8704254150391,576.9454846409905,-0.024987788274351774,-0.022735410404222556,-0.04619857022704854,0.9726438098701928,0.9473510489462423,0.9739958650152453,0.02166584784350457,0.019190980456811446,1.1555754867515127,0.23913224710490147,0.015566173901630176,0.038562440771176654,1
2026-04-13 00:00:00+00:00,592.2178344726562,617.2954711914062,592.0985717773438,615.05126953125,1956433843,607.7103485107422,625.1391857910156,50.05229156743475,-8.007920478011556,-9.865037538570723,1.8571170605591671,636.6900932988161,607.7103485107422,578.7306037226682,0.038562440771176654,0.012611062391492567,0.023086608743537518,1.0120796380027055,0.9838629276662589,0.9721200691359317,0.02655169277498319,0.021383479106002287,1.2197949543442275,0.6266560674393662,0.04582763344992036,-0.0016487049717177626,0
2026-04-14 00:00:00+00:00,615.05224609375,624.8760375976562,611.7742309570312,614.0372314453125,2008088284,606.0458038330078,625.5026281738282,49.673905826796314,-6.791785691065002,-9.25038716906958,2.458601478004578,628.5436104720444,606.0458038330078,583.5479971939711,-0.0016487049717177626,0.0368501577116378,0.018595230848765132,1.0131861776152264,0.9816701062280279,0.9688940965801772,0.02291664758371729,0.02105629084355868,1.2401259980639205,0.6776045936504441,0.03498080318012908,0.014051448920548326,1
2026-04-15 00:00:00+00:00,614.0441284179688,626.7930297851562,610.9451904296875,622.6653442382812,1644633857,605.7293365478515,626.2737390136718,52.93423990348824,-5.073291766912007,-8.414968088638066,3.3416763217260588,627.0132489837999,605.7293365478515,584.4454241119031,0.014051448920548326,0.012379577255135388,0.027514953067235837,1.0279596953103687,0.994238310581131,0.9671958104164227,0.0189909884535147,0.020436085204270284,1.0132151024439022,0.8978593630611095,0.03512636878334341,0.020746344572876607,1
2026-04-16 00:00:00+00:00,622.6685180664062,636.8116455078125,616.1176147460938,635.5833740234375,1856483537,606.8438842773437,626.4039538574219,57.38557845180832,-2.6385799999774235,-7.259690470905937,4.621110470928514,631.8111993693472,606.8438842773437,581.8765691853403,0.020746344572876607,0.035089309694478876,0.046414807173309924,1.0473589509438956,1.0146541542553944,0.9687740323801813,0.019807269308262897,0.020086360018169738,1.1373516516069802,1.0755422567502764,0.05862502948137194,0.012377227875089325,1
2026-04-17 00:00:00+00:00,635.5836791992188,645.67626953125,627.1564331054688,643.4501342773438,1994808217,608.4813293457031,626.7546923828126,59.874387303870925,-0.07342517656900327,-5.822437412038551,5.749012235469547,638.3318562116895,608.4813293457031,578.6308024797167,0.012377227875089325,0.0333803546823197,0.08651615739111307,1.05746898589188,1.0266379208603258,0.9708444735090258,0.019840178302719388,0.020159390840507375,1.1815747323565247,1.0857317877274453,0.036320664391056745,-0.020402024721960288,0
2026-04-18 00:00:00+00:00,643.4588012695312,648.50390625,628.5675659179688,630.3224487304688,1585391318,609.7136413574219,627.0817504882813,54.187068950357705,0.8899254839183186,-4.479964832847178,5.369890316765496,641.0733547605657,609.7136413574219,578.3539279542781,-0.020402024721960288,-0.008277317355967817,0.024829115808276292,1.0338007975796062,1.0051679039290558,0.9723032776550496,0.022721201558927907,0.02068707642156075,0.9323010997490525,0.8285873041649162,0.04848894463392739,-0.021890341460315987,0
2026-04-19 00:00:00+00:00,630.3184204101562,630.4656982421875,615.6062622070312,616.5244750976562,1507732097,610.1121887207031,627.0673120117187,48.92661245921966,0.5338527431194962,-3.477201317653843,4.01105406077334,641.6121135670111,610.1121887207031,578.6122638743951,-0.021890341460315987,-0.041845758894630714,0.004050639806464584,1.0105100119215755,0.983187073042861,0.9729612388235941,0.022048041915666713,0.02136097427436871,0.891447793599901,0.6017825662797528,0.022721193237516202,0.02064916058459554,1
2026-04-20 00:00:00+00:00,616.5169677734375,631.8038940429688,616.4576416015625,629.2551879882812,1537738592,610.7224884033203,627.2902722167969,53.419768600818735,1.2643500258698168,-2.5288910489491117,3.7932410748189285,643.2447012829253,610.7224884033203,578.2002755237153,0.02064916058459554,-0.0016931980517861378,0.010583283317399772,1.0303455332607991,1.0031323868048208,0.973588329761711,0.018367087332626365,0.021627432784594548,0.9160178890836265,0.7849237174230379,0.03838943492841107,0.004031730453900817,1
2026-04-21 00:00:00+00:00,629.2555541992188,640.5401000976562,625.4496459960938,631.7921752929688,1638232350,611.7809478759766,627.1813244628906,54.28291727920974,2.024649163146478,-1.6181830065299938,3.6428321696764714,645.6399842848344,611.7809478759766,577.9219114671188,0.004031730453900817,0.024764142888072938,-0.005964911741585199,1.032709791775093,1.007351703008738,0.9754450969979014,0.018231221095238982,0.02145959881624766,0.9779352575498199,0.7955079284500404,0.04017303520343307,0.009717732574792803,1
2026-04-22 00:00:00+00:00,631.792236328125,651.9832153320312,631.4053344726562,637.9317626953125,1843147330,614.5206939697266,627.2633410644531,56.3890470198485,3.087019856491679,-0.6771424339256593,3.7641622904173384,647.4762277102467,614.5206939697266,581.5651602292065,0.009717732574792803,0.013788642307058563,-0.008576222597620475,1.038096469256964,1.017007883184685,0.9796853310874145,0.01791265080170803,0.018435502540778102,1.11390441439151,0.8551917700668445,0.07719795296941556,0.0012454225912021943,1
2026-04-23 00:00:00+00:00,637.9317626953125,640.2591552734375,631.4028930664062,638.7262573242188,1592966390,617.0520050048829,626.8815307617188,56.66724843882395,3.9475603432531443,0.2477981215101015,3.699762221743043,649.2308691731942,617.0520050048829,584.8731408365716,0.0012454225912021943,0.010975257849679121,0.013332554806950059,1.0351254872256097,1.0188946810222779,0.9843199627449669,0.016240714744512726,0.01842724333541244,0.9528154202009328,0.836777771365218,0.03849270616254841,-0.003637400523330836,0
2026-04-24 00:00:00+00:00,638.7290649414062,640.2322387695312,632.4772338867188,636.4029541015625,1358812029,619.2079681396484,626.6570727539063,55.55126605839338,4.39145180266064,1.0765288577402092,3.314922944920431,650.4458992992345,619.2079681396484,587.9700369800623,-0.003637400523330836,-0.002396508032913469,0.03224280593362905,1.0277693228231135,1.015552176415766,0.9881129489506565,0.015449782688921696,0.01847692636310289,0.7977645430330982,0.7752260684945745,0.03642404973328062,-0.012171009662959809,0
2026-04-25 00:00:00+00:00,636.3995361328125,638.4401245117188,627.6519775390625,628.6572875976562,758377286,620.5640533447265,626.6847497558593,51.88278662071064,4.071297050572298,1.675482496306627,2.395814554265671,650.9138968280081,620.5640533447265,590.2142098614449,-0.012171009662959809,-0.01576413934937304,-0.0009501715711498493,1.0130417387364103,1.0031475759423942,0.9902332130891691,0.014015326008866385,0.01863633748627196,0.4467055093368032,0.6333323886396308,0.009623055811312398,0.011857275410170676,1
2026-04-26 00:00:00+00:00,628.6551513671875,637.398193359375,627.7479858398438,636.1114501953125,1164927198,622.3503387451171,627.0056530761718,54.965028859037844,4.368701061135994,2.2141262092725005,2.1545748518634933,651.8943389178204,622.3503387451171,592.8063385724139,0.011857275410170676,-0.0004580492663827096,0.0068365438371262854,1.022111519177354,1.0145226714854427,0.9925753231917207,0.010778804098822169,0.01872388145773376,0.6942401682365025,0.7328918117003962,0.0008308527149352152,-0.01437989646950455,0
2026-04-27 00:00:00+00:00,636.1132202148438,639.6881713867188,619.8306274414062,626.9642333984375,1637610223,622.6536163330078,627.30416015625,50.67523097742923,3.8222316262298364,2.535747292663968,1.2864843335658684,652.2593373807301,622.6536163330078,593.0478952852854,-0.01437989646950455,-0.002693127452142563,-0.017192323596706194,1.0069229776433584,0.9994581149314747,0.9925864610525079,0.01016030539728989,0.017591638060933463,0.9852459079579565,0.5728004066930391,-0.025621101000190993,-0.004231817543731253,0
2026-04-28 00:00:00+00:00,626.9631958007812,627.419921875,619.69189453125,624.31103515625,1232472114,623.8105560302735,627.1003735351562,49.46922112813147,3.138876720573535,2.6563731782458815,0.48250354232765336,651.6366940070872,623.8105560302735,595.9844180534598,-0.004231817543731253,-0.01855086091507907,-0.022568701384467316,1.0008022934545409,0.9955520065102468,0.9947539219497876,0.010028396375808945,0.01592016593096567,0.7597664529212005,0.5089929678059091,-0.00953704502564734,-0.011182346320827152,0
2026-04-29 00:00:00+00:00,624.3167724609375,629.2849731445312,611.4309692382812,617.3297729492188,1599657620,624.5356689453125,626.609384765625,46.3438866478918,2.010804219905026,2.5272593865777107,-0.5164551666726847,650.7698091517723,624.5356689453125,598.3015287388528,-0.011182346320827152,-0.01536684221521778,-0.029970290095950536,0.9884619944794142,0.9851907551306829,0.9966905765047102,0.009150173431651492,0.01618862454369759,0.9933761324344387,0.3626618608541356,0.0013061895903401233,-0.0036658875411532676,0
2026-04-30 00:00:00+00:00,617.3309936523438,620.086669921875,613.9241333007812,615.0667114257812,1271759829,624.9894287109375,625.88115234375,45.34382521409161,0.9235424614442991,2.206516001551029,-1.2829735401067297,650.1656523628752,624.9894287109375,599.8132050589999,-0.0036658875411532676,-0.014807240637921937,-0.02161841823835353,0.9841233838056713,0.9827212548620905,0.9985752508611687,0.008805217592437216,0.016197290501475108,0.8024055229418806,0.302934756571552,-0.022548048603080018,0.00042977982194147835,1
2026-05-01 00:00:00+00:00,615.0634765625,622.49072265625,614.2719116210938,615.3310546875,1373446549,625.3864105224609,625.1450732421876,45.49178807809014,0.08226171473677368,1.7816651441881777,-1.699403429451404,649.627276236658,625.3864105224609,601.1455448082638,0.00042977982194147835,-0.003237683243706435,-0.03266785325343857,0.9839213713861156,0.9843012142704907,1.000386050039588,0.00906693294700884,0.016193933567056,0.8748569505803522,0.2925949519807825,-0.02605464462714424,0.00405729893238993,1
2026-05-02 00:00:00+00:00,615.3344116210938,620.3760986328125,614.1849365234375,617.82763671875,712563317,626.66708984375,624.3839868164063,46.952421844174665,-0.3786412918972246,1.3496038569710973,-1.728245148868322,645.6691381985218,626.66708984375,607.6650414889782,0.00405729893238993,0.004488822499544298,-0.01457275581760531,0.9858944992193479,0.9894994903199141,1.0036565688351247,0.008930897585343755,0.01502205536557599,0.470722827599573,0.2674078878243612,-0.03151453988059938,-0.0005588547005439537,0
2026-05-03 00:00:00+00:00,617.8273315429688,621.7371215820312,615.1119995117188,617.4823608398438,834198484,626.7886444091797,623.577001953125,46.765778438409924,-0.7629760106041203,0.9270878834560539,-1.6900638940601742,645.5068101035077,626.7886444091797,608.0704787148517,-0.0005588547005439537,0.0034961767912662367,-0.010937936271937287,0.9851524375044985,0.9902263215381709,1.0051503542401266,0.0065261403596222995,0.012351137912886459,0.5722890611364759,0.25141037531909594,-0.03325978263892093,0.00838355409910485,1
2026-05-04 00:00:00+00:00,617.4823608398438,637.5142822265625,615.694091796875,622.6590576171875,2279940194,627.2197357177735,622.5561596679687,49.97648091969118,-0.6424422038700186,0.6131818659908395,-1.255624069860858,645.0788001314845,627.2197357177735,609.3606713040624,0.00838355409910485,0.007820014209945159,0.008632800330540924,0.9927287394817594,1.0001652829991654,1.007491012621724,0.006286100355962181,0.012472248025180079,1.5496673278910482,0.37231475303139167,-0.021596217295656417,0.012417996076319548,1
2026-05-05 00:00:00+00:00,622.6592407226562,634.3936157226562,622.5728759765625,630.3912353515625,1737844496,627.6060302734375,621.5768884277344,54.40037027644866,0.076126292511276,0.5057707512949268,-0.42964445878365076,645.3843483617634,627.6060302734375,609.8277121851115,0.012417996076319548,0.0209056571173325,0.024915222432144946,1.0044378239592624,1.0141806220403784,1.0096997522880133,0.007810075198362999,0.012385756758510596,1.1774768403974976,0.5783315121342648,0.0027581764947517406,0.027256875022389826,1
2026-05-06 00:00:00+00:00,630.3914184570312,662.101318359375,629.640625,647.57373046875,2481476834,628.2055480957031,621.152744140625,62.36538492408528,2.008923143269385,0.8064012296898184,1.2025219135795666,647.8294241393393,628.2055480957031,608.5816720520669,0.027256875022389826,0.04001334686579017,0.052398908742911754,1.0308309635783355,1.0425354094904287,1.0113543794527313,0.01052195089681982,0.013010438971471699,1.646464120086289,0.9934851384603964,0.018019295628019405,-0.01629429563929663,0
2026-05-07 00:00:00+00:00,647.5768432617188,652.891357421875,634.2047729492188,637.02197265625,1667366871,627.8841400146484,620.852001953125,55.907122721837126,2.658593293227568,1.1768396423973684,1.4817536508301998,646.6484639368769,627.8841400146484,609.11981609242,-0.01629429563929663,0.010518447803275155,0.031067460885110476,1.0145533738778438,1.0260448072201689,1.0113265931967703,0.013341030700758788,0.013269633778421252,1.118450376956845,0.7434895251082505,0.01604196654615353,0.0188178214209338,1
2026-05-08 00:00:00+00:00,637.02197265625,651.1504516601562,635.1071166992188,649.0093383789062,1438423521,628.8184844970704,621.046865234375,60.865255905781495,4.093553858184919,1.7601824855548784,2.3333713726300402,649.8214565299991,628.8184844970704,607.8155124641416,0.0188178214209338,0.0022169026361169575,0.05105729254546221,1.032109192683775,1.0450247392102665,1.0125137404240216,0.014059418985810656,0.013057270293568792,0.9696574805580743,0.9806665897135993,0.039560894861444984,0.0011217517232779972,1
2026-05-09 00:00:00+00:00,649.0152587890625,655.5877685546875,646.34765625,649.7373657226562,1278930889,630.4791290283204,621.1979455566407,61.15097449517583,5.229236779995404,2.453993344442984,2.7752434355524196,652.6110068802941,630.4791290283204,608.3472511763466,0.0011217517232779972,0.01996068206781887,0.04348817828025009,1.0305453992172846,1.0459425540122191,1.0149407826250343,0.014229827198643656,0.011840938251115584,0.8688421030625492,0.9350791384071014,0.052496403370623224,0.021433408574697443,1
2026-05-10 00:00:00+00:00,649.737060546875,666.179443359375,645.0519409179688,663.6634521484375,1412124607,632.1995422363282,621.8685388183594,66.22992623973279,7.17033728227409,3.3972621320092053,3.773075150264885,658.8242237777093,632.1995422363282,605.574860694947,0.021433408574697443,0.02257920326097973,0.052780265541476634,1.0497689539616077,1.067208599118866,1.0166128414175755,0.014626138109051428,0.011904657711889317,0.9634380902640554,1.090878615077646,0.07901052002961517,0.00950810330693197,1
2026-05-11 00:00:00+00:00,663.6634521484375,672.29296875,649.7805786132812,669.9736328125,1803928124,634.1086151123047,622.7359851074219,68.25511323672134,9.11280550902984,4.540370807413333,4.5724347016165074,665.6346267792618,634.1086151123047,602.5826034453477,0.00950810330693197,0.031145302944577402,0.0345905049723616,1.0565597388924346,1.075855015343187,1.018262362023163,0.014605843288846395,0.011998724425244316,1.2238329177720484,1.0688162854070435,0.08880191842869145,-0.00810852077026114,0
2026-05-12 00:00:00+00:00,669.9802856445312,670.7261962890625,650.7424926757812,664.5411376953125,1642513243,635.4390838623046,623.2560717773438,64.6600119062218,10.097471255583855,5.651790897047437,4.445680358536418,669.7659759952221,635.4390838623046,601.1121917293872,-0.00810852077026114,0.0013224858835207964,0.043199710873885966,1.0457983378298368,1.0662409365707997,1.0195473620501097,0.016159919979587666,0.012135256693938229,1.1219605723420276,0.9238958441143104,0.07560927708681908,0.010295336761867002,1
2026-05-13 00:00:00+00:00,664.5421752929688,685.1040649414062,664.40576171875,671.3828125,1960838590,637.0719116210937,623.918671875,67.01627312968103,11.299636753621712,6.781360068362293,4.518276685259419,674.9773822049237,637.0719116210937,599.1664410372637,0.010295336761867002,0.0021033360396354173,0.03447326994859301,1.0538571866896451,1.076074242949583,1.0210816574964259,0.013839704139505433,0.012269114012854725,1.322781102526266,0.9525850800747329,0.087290674322819,0.00976632954955381,1
2026-05-14 00:00:00+00:00,671.38232421875,685.026611328125,665.5272827148438,677.9397583007812,1656801797,639.1487518310547,624.5309045410156,69.13990001870664,12.635794723330491,7.952246999355933,4.683547723974558,681.2223350139545,639.1487518310547,597.0751686481549,0.00976632954955381,0.020162213963060838,0.04340583452016422,1.0606916721007382,1.0855183520485943,1.0234061231938267,0.010068655543541511,0.012278420269107302,1.1065557740035594,0.9609900504682064,0.08878165347043021,-0.008597268569098038,0
2026-05-15 00:00:00+00:00,677.9467163085938,689.1156005859375,670.1974487304688,672.111328125,1703187702,641.3214538574218,625.3932373046875,65.12599101531364,13.07369847790244,8.976537295065235,4.097161182837205,685.5467939169175,641.3214538574218,597.0961137979261,-0.008597268569098038,0.001085097222383924,0.012729156546461562,1.048010048755399,1.0747019443664878,1.0254691218302607,0.010900100486166138,0.012066553252371362,1.1027433015320893,0.8481021765593776,0.06618127035057952,-0.023649748199034648,0
2026-05-16 00:00:00+00:00,672.100830078125,674.1542358398438,650.8592529296875,656.216064453125,1379762213,642.3266845703125,626.2517102050781,55.63917871435764,11.999799206629405,9.58118967737807,2.4186095292513343,686.9654188759905,642.3266845703125,597.6879502646345,-0.023649748199034648,-0.03204369353127412,-0.020534492233107327,1.0216235448665874,1.0478471415882193,1.0256685516435082,0.01545933306784031,0.013307532862866445,0.8871686161158231,0.6555754223193305,0.013345714283560017,-0.01131020168081609,0
2026-05-17 00:00:00+00:00,656.2135009765625,657.0416870117188,643.2247314453125,648.7941284179688,783703455,643.418179321289,627.0135681152344,51.841830325381046,10.429612011726363,9.750874144247728,0.6787378674786346,687.5398402148908,643.418179321289,599.2965184276873,-0.01131020168081609,-0.034692466458019156,-0.023696063921574195,1.0083552956218156,1.0347369840308327,1.026163088073781,0.01322197765025926,0.013129540124639376,0.5181349362154503,0.5609218804074907,0.01847998384205063,-0.008843968814967407,0
2026-05-18 00:00:00+00:00,648.7821044921875,649.0114135742188,634.8690795898438,643.0562133789062,1418244426,644.3554382324219,627.7611682128907,49.054428727103996,8.622826975432758,9.525264710484734,-0.9024377350519757,687.5548620490407,644.3554382324219,601.156014415803,-0.008843968814967407,-0.020054143424827364,-0.04219142729557701,0.9979836829544271,1.0243644333872346,1.02643404985812,0.012060698856455072,0.013280591807088581,0.9319300918838146,0.48496247474236204,-0.009172633809660935,-0.005607909692570079,0
2026-05-19 00:00:00+00:00,643.0573120117188,646.0852661132812,636.6726684570312,639.4500122070312,1113171362,645.4614501953125,628.3790979003907,47.33194897196914,6.821314651515536,8.984474698690894,-2.1631600471753583,686.8418801164263,645.4614501953125,604.0810202741987,-0.005607909692570079,-0.014402282329099347,-0.05677458155016968,0.9906866041551169,1.017618209045514,1.0271847875780709,0.0120171302046859,0.013055595824947511,0.743347541554317,0.42736375625215506,-0.015833095121723706,0.014652064299717438,1
2026-05-20 00:00:00+00:00,639.4344482421875,650.740966796875,637.5531005859375,648.8192749023438,1126919622,647.1490783691406,629.0144995117188,52.0434963780207,6.079543163724793,8.403488391697675,-2.3239452279728816,685.985003061838,647.1490783691406,608.3131536764432,0.014652064299717438,0.008961987153744744,-0.034655052292652866,1.0025808528344229,1.0314854036051613,1.028830144410819,0.013036373046497114,0.013289262326596846,0.7561852148524155,0.5215032414757615,-0.02236702533195034,0.013147850169163311,1
2026-05-21 00:00:00+00:00,648.8208618164062,658.8483276367188,646.0508422851562,657.349853515625,1228340767,649.2500183105469,629.9490368652343,55.91078381773698,6.109602620632245,7.944711237484589,-1.8351086168523443,685.2835646158144,649.2500183105469,613.2164720052795,0.013147850169163311,0.027992557614962443,0.0017277679165701443,1.0124756795943652,1.0434968783931207,1.0306389569882646,0.01371123015545139,0.013474955589216462,0.8282731961487746,0.6123929787045971,-0.018842203153400683,-0.011988928525666576,0
2026-05-22 00:00:00+00:00,657.3369140625,662.8820190429688,648.6656494140625,649.4689331054688,1327486028,650.8320831298828,631.2756787109375,51.75817492497834,5.434850964457382,7.442739182879148,-2.0078882184217655,683.6957615567005,650.8320831298828,617.9684047030651,-0.011988928525666576,0.0010012930075524729,0.0010400906203411608,0.9979055273091969,1.028819824694786,1.030979182437187,0.013945674116612315,0.013904272002539773,0.8769460724239284,0.4792605379302022,-0.02268061935505672,0.00960896255100252,1
2026-05-23 00:00:00+00:00,649.475830078125,661.4991455078125,635.64599609375,655.7096557617188,1294474331,652.7434478759766,632.62787109375,54.631734771988434,5.342099184027575,7.022611183108833,-1.6805119990812587,681.6484534263724,652.7434478759766,623.8384423255808,0.00960896255100252,-0.002495167139893839,0.019677039300072474,1.0045442170203227,1.0364855639826027,1.0317968551519061,0.011980427763516724,0.013968735868273968,0.8423322948489619,0.5513095885861462,-0.023344590368525764,0.0005926568816381206,1
2026-05-24 00:00:00+00:00,655.7109985351562,660.9962158203125,649.513916015625,656.0982666015625,1104832926,654.4154083251954,633.8841625976562,54.81223679454627,5.239552081922966,6.66599936287166,-1.426447280948694,679.6256699344699,654.4154083251954,629.2051467159208,0.0005926568816381206,0.010207314250421984,0.026035271055935283,1.0025715443966607,1.03504442185915,1.0323895862035772,0.010912823369855605,0.013922207084043823,0.7475094923200513,0.5333764540497279,-0.032217452113980194,0.009458288067720977,1
2026-05-25 00:00:00+00:00,656.0916748046875,672.2332763671875,655.4401245117188,662.3038330078125,1309145054,656.0110382080078,635.0995275878906,57.70598048196292,5.594529853913059,6.451705461079941,-0.8571756071668819,678.7361358194526,656.0110382080078,633.285940596563,0.009458288067720977,0.010056550468870995,0.02078322674291444,1.0095925135909214,1.0428347121013362,1.0329263520310574,0.010144579355362218,0.013829013708261655,0.8987778234851206,0.6384547364196039,-0.014592069359324222,-0.010127464408038023,0
2026-05-26 00:00:00+00:00,662.3070068359375,667.137939453125,653.2839965820312,655.5963745117188,1618469382,656.4121704101562,636.203740234375,53.70286668614099,5.273823101750736,6.2161289892141,-0.9423058874633643,678.7907712558801,656.4121704101562,634.0335695644324,-0.010127464408038023,-0.0007649648160837907,-0.002667497367692895,0.9987571895598344,1.030481798598354,1.0317640857759443,0.010986627353319794,0.01280412465311523,1.1450624832497616,0.4817728573814439,-0.0009443382674922951,-0.011344074003767357,0
2026-05-27 00:00:00+00:00,655.6019897460938,657.9292602539062,646.1885375976562,648.1592407226562,1299270396,656.9690338134766,636.7489514160156,49.59472964944805,4.369180949769543,5.846739381325189,-1.4775584315556456,677.8180528619653,656.9690338134766,636.1200147649879,-0.011344074003767357,-0.021356651706090024,-0.0020165589392400207,0.9865902460582007,1.0179196043923844,1.0317551875860889,0.01102977543530862,0.012502751686089919,0.9313576524628252,0.2887240385187584,-0.0009785657229368638,-0.01645500926084531,0
2026-05-28 00:00:00+00:00,648.1614990234375,648.1614990234375,628.17236328125,637.4937744140625,1387114881,656.3932556152344,637.4753820800781,44.35456735764874,2.7598180659103946,5.22935511824223,-2.4695370523318356,678.7493975674544,656.3932556152344,634.0371136630143,-0.01645500926084531,-0.02761241642182488,-0.027780407361083337,0.971207075880971,1.0000288518341278,1.0296762417294096,0.010779042596541208,0.012335026704770399,0.9961592453161285,0.07730897304275051,-0.008650004228426877,0.007519317456569752,1
2026-05-29 00:00:00+00:00,637.5028076171875,643.6944580078125,631.308349609375,642.2872924804688,1229212667,656.020751953125,638.2645776367187,47.06187120491028,1.8498592070342283,4.55345593600063,-2.703596728966402,679.081031270024,656.020751953125,632.960472636226,0.007519317456569752,-0.009059422242658544,-0.021050160965416675,0.9790655106080584,1.006302582008616,1.0278194575393036,0.010986377362261946,0.012470308089299916,0.8843402426418853,0.2022269486867815,0.004437063444012956,0.11777671029868664,1
2026-05-30 00:00:00+00:00,642.301025390625,726.1751708984375,642.0878295898438,717.9337768554688,3590363740,658.7342681884766,640.5034228515625,71.02217518887286,7.150324846581157,5.072829718116736,2.0774951284644203,694.7269185183953,658.7342681884766,622.7416178585578,0.11777671029868664,0.1261816282289827,0.08399459745690474,1.0898685729980182,1.120889836402718,1.0284633066529905,0.04683998482711909,0.029018466431530023,2.3953499261413937,1.3223832938718434,0.10652350296394575,-0.0130228562038055,0
2026-05-31 00:00:00+00:00,717.9302978515625,743.3580932617188,704.9672241210938,708.584228515625,3011261654,660.6647979736329,642.5272790527343,66.98666314820434,10.4757932168759,6.153422417868569,4.322370799007331,702.8115166243429,660.6647979736329,618.5180793229229,-0.0130228562038055,0.10322006493250413,0.08082389723916794,1.0725321383687596,1.1028080077164617,1.0282284029210997,0.047759196630976435,0.02924271422956817,1.931217330942985,1.068483527022867,0.077940802338343,-0.02322014732143929,0
2026-06-01 00:00:00+00:00,708.5490112304688,725.1892700195312,674.9254150390625,692.1307983398438,3603890086,662.0442810058594,644.5256140136719,60.4744702634147,11.649310550327868,7.252600044360429,4.396710505967439,706.4696570935711,662.0442810058594,617.6189049181477,-0.02322014732143929,-0.035940610885646596,0.06784067070950339,1.045444871585135,1.0738608106351566,1.027180714949547,0.04960723715910782,0.02974094602754949,2.17452283405241,0.8386186002633129,0.06568730705930026,-0.06024989173157258,0
2026-06-02 00:00:00+00:00,692.1263427734375,694.2510375976562,645.6150512695312,650.4299926757812,2212967555,660.9966400146484,645.2331884765625,47.79285525790984,9.109417290795705,7.623963493647485,1.4854537971482191,705.4829458497497,660.9966400146484,616.510334179547,-0.06024989173157258,-0.08207102769090402,0.020292305244249187,0.9840140680009615,1.0080541489372064,1.0244306272826795,0.05577637557120741,0.03278669473552553,1.3251850238630176,0.3812370780118849,-0.00805183062281467,-0.04663156180955641,0
2026-06-03 00:00:00+00:00,650.422607421875,655.1470336914062,617.6315307617188,620.0994262695312,2023083015,658.104623413086,645.3544323730468,41.05009902500036,4.596129043190217,7.018396603556032,-2.422267560365815,705.3857241593317,658.104623413086,610.8235226668402,-0.04663156180955641,-0.10407190699082913,-0.0345450804814299,0.9422505240178214,0.9608664559556058,1.0197568814909275,0.0585150625226513,0.034198322615501736,1.1983349214036272,0.09809314352127894,-0.054868061942149216,-0.02671296983013982,0
2026-06-04 00:00:00+00:00,620.0994262695312,623.089111328125,588.540771484375,603.5347290039062,2306830558,654.6757934570312,644.9718200683594,37.904837334214506,-0.31370089328197537,5.55197710418843,-5.865677997470406,707.3219507487595,654.6757934570312,602.0296361653029,-0.02671296983013982,-0.07209886413594524,-0.15934484703119467,0.9218833734739552,0.935753641050455,1.015045577320949,0.05897934518999571,0.034566798289983054,1.3424080752910523,0.014294422575451778,-0.08873435585750722,-0.05207298757634393,0
2026-06-05 00:00:00+00:00,603.5301513671875,606.1956176757812,558.3897705078125,572.1068725585938,2607132303,650.4703338623046,643.7022900390625,32.77400285738875,-6.663924281958657,3.1087968269590127,-9.77272110891767,714.7505123149837,650.4703338623046,586.1901554096256,-0.05207298757634393,-0.0773949332603916,-0.19260569240008396,0.8795280011643093,0.8887755743790751,1.0105142453708398,0.06091077625216384,0.03593874429049242,1.4648491890195983,-0.10954607773374123,-0.1273489378511391,0.0042018909042493835,1
2026-06-06 00:00:00+00:00,572.1333618164062,583.1162719726562,561.0240478515625,574.5108032226562,1418745727,646.7561676025391,642.3235034179687,33.515324670533815,-11.37146182088884,0.21274509738944225,-11.584206918278282,719.4746028011871,646.7561676025391,574.0377324038911,0.0042018909042493835,-0.048089901684948644,-0.16993897020521664,0.8882958246108588,0.8944259398348906,1.0069009839449796,0.023040386783848715,0.035990947837598805,0.7831676912991065,0.003252757141107353,-0.11362707321411736,0.050683405602061526,1
2026-06-07 00:00:00+00:00,574.5046997070312,606.80908203125,573.8145141601562,603.6289672851562,1355939748,644.7848052978516,641.7896337890625,41.876174980488045,-12.60729766753343,-2.351263455595132,-10.256034211938298,720.0197380345401,644.7848052978516,569.549872561163,0.050683405602061526,0.05509826264730644,-0.07195397801090309,0.9361712036720782,0.9405402261195629,1.0046669054018618,0.03865934560721585,0.038096683119591995,0.7497872773488456,0.22648451646301823,-0.05312178485198904,-0.0033153158837382346,0
2026-06-08 00:00:00+00:00,603.6482543945312,609.70458984375,592.0619506835938,601.6277465820312,1157549571,642.8936920166016,641.49169921875,41.489996582474,-13.591513755409778,-4.599313515558062,-8.992200239851716,720.5555057779351,642.8936920166016,565.231878255268,-0.0033153158837382346,0.04720005821868867,-0.029788254762021182,0.935812178674317,0.9378574147019086,1.0021855197807843,0.039281698898075534,0.0380902552337049,0.6393000368366774,0.23432280656368137,-0.06330429758529577,-0.014588920905392877,0
2026-06-09 00:00:00+00:00,601.6333618164062,604.8546752929688,584.650390625,592.8506469726562,1187053835,640.0952606201172,640.7636083984376,39.75823236528668,-14.9079016705291,-6.661031146552269,-8.246870523976831,720.8307177931302,640.0952606201172,559.3598034471041,-0.014588920905392877,-0.01785586990792687,-0.017702514068881126,0.9261912772144402,0.925225214419499,0.9989569510977834,0.034863271039164194,0.03796327195956464,0.6545080146135088,0.2074109982048067,-0.17422655670370235,-0.011262227479637343,0
2026-06-10 00:00:00+00:00,592.8521728515625,596.510986328125,581.291015625,586.173828125,1017565363,636.5364593505859,639.8512414550781,38.44369265855708,-16.301992832096175,-8.589223483661051,-7.712769348435124,720.2879907304689,636.5364593505859,552.7849279707029,-0.011262227479637343,-0.025686844639111306,0.024587985638934162,0.9208802096317195,0.916109542574285,0.9948194488191441,0.031517204715436675,0.037780421036919275,0.5643360832689286,0.19933307250735857,-0.17275349275985996,0.03218795502480676,1
2026-06-11 00:00:00+00:00,586.1744384765625,605.4056396484375,586.0934448242188,605.0415649414062,1095074108,634.3150909423828,639.1934375,44.0712114440434,-15.703333194612469,-10.012045425851335,-5.691287768761134,718.9741660421887,634.3150909423828,549.6560158425768,0.03218795502480676,0.020563219473575645,0.0531421890545678,0.953850182001053,0.9465703642199961,0.9923679652020564,0.033366469662418526,0.038635576997897096,0.611261408879111,0.3271093443528323,-0.12582771003303306,-0.0025369713974607855,0
2026-06-12 00:00:00+00:00,605.0452880859375,611.7357788085938,596.2879638671875,603.506591796875,994015378,631.7049377441406,638.4890441894531,43.72102415677913,-15.17779050219201,-11.04519444111947,-4.13259606107254,716.8044874442398,631.7049377441406,546.6053880440413,-0.0025369713974607855,0.02956932370610521,-0.00020273296165962407,0.9553615236126478,0.9452105674937813,0.9893747488589647,0.024295596571372396,0.03852475330780076,0.559543408093963,0.3343214150566023,-0.07214212352949734,0.010003487107209885,1
2026-06-13 00:00:00+00:00,603.5062255859375,610.4230346679688,599.4810180664062,609.5437622070312,821135662,629.3772125244141,637.9518603515625,45.55347727431173,-14.11147661641212,-11.658450876178,-2.4530257402341196,714.213774367547,629.3772125244141,544.5406506812811,0.010003487107209885,0.007441137149083232,0.013157663804524544,0.9684871807833153,0.9554698404220091,0.9865590989539194,0.024246926393502226,0.038634123094833245,0.4659478179755114,0.38310788481706826,-0.017022534798978972,0.01073290499976709,1
2026-06-14 00:00:00+00:00,609.542236328125,616.3787231445312,602.63818359375,616.0859375,1036522794,627.0663177490235,637.7004333496094,47.54659873956379,-12.593348031630626,-11.845430307268526,-0.7479177243621002,710.6348733218817,627.0663177490235,543.4977621761652,0.01073290499976709,0.020843758583765304,0.039192485739862004,0.9824892839270339,0.9661055650596374,0.9833242772868622,0.0160421265033384,0.0386567753556028,0.5927526453047167,0.43430315880325127,0.020796166140776506,0.0021684271928379406,1
2026-06-15 00:00:00+00:00,616.0867919921875,631.1109619140625,612.6526489257812,617.421875,1343292765,625.1575927734375,637.3266418457031,47.96549233014143,-11.153846598748942,-11.707113565564608,0.5532669668156664,707.7202044836378,625.1575927734375,542.5949810632372,0.0021684271928379406,0.012924605715664672,0.05330849890544154,0.9876259716544129,0.9687683433599156,0.9809061032863401,0.015812785938878086,0.03863391415569019,0.7742762815185719,0.4531524160076819,0.07920723314989586,-0.021177974345185424,0
2026-06-16 00:00:00+00:00,617.4208984375,618.8651733398438,602.8196411132812,604.3461303710938,1347367138,622.9669372558594,636.8742797851562,44.24137267066133,-10.942002066475197,-11.554091265746727,0.61208919927153,705.2844736313963,622.9669372558594,540.6494008803226,-0.021177974345185424,-0.019055470047806833,-0.001149399662120465,0.9701094780939908,0.9489253209832316,0.9781631273695206,0.017224047019063063,0.038817127235155804,0.7755497271666074,0.38689647610554945,0.05193170777830369,-0.005605150759871558,0
2026-06-17 00:00:00+00:00,604.347412109375,611.21240234375,596.4523315429688,600.9586791992188,1281028503,621.1401824951172,636.4072326660156,43.30336230864109,-10.921555850439177,-11.42758418268522,0.5060283322460428,703.721477104163,621.1401824951172,538.5588878860714,-0.005605150759871558,-0.026664419366063563,-0.004221847171660742,0.9675089394235784,0.944298946260719,0.9760105646396534,0.01657056594162167,0.03869184057085294,0.7396231601132488,0.37780826522857763,-0.004423724225739556,-0.038178947273272534,0
2026-06-18 00:00:00+00:00,600.9449462890625,603.1732788085938,573.3677978515625,578.0147094726562,1125978611,617.9265533447266,635.6209313964844,37.50334547835584,-12.611362743693007,-11.664339894886778,-0.9470228488062293,702.0311141548557,617.9265533447266,533.8219925345975,-0.038178947273272534,-0.04357009927782429,-0.05172565890956682,0.9354100521234529,0.9093701621857151,0.9721620588974587,0.01770060031622498,0.03942653634964902,0.6520457439530667,0.2627248541124088,-0.039248583935041936,0.005448041027252604,1
2026-06-19 00:00:00+00:00,578.0147094726562,581.93505859375,571.0119018554688,581.1637573242188,869522115,611.0880523681641,634.9428723144531,38.71658342945383,-13.540360193340575,-12.039543954577539,-1.5008162387630364,682.1910139806943,611.0880523681641,539.9850907556339,0.005448041027252604,-0.03293890671714217,-0.05668394301855206,0.9510311240287238,0.9153008603841757,0.9624299744332353,0.018237975494007207,0.027185370458094226,0.5465949862614549,0.28957068478374115,-0.019713041907123863,0.011098651965224526,1
2026-06-20 00:00:00+00:00,581.2623901367188,588.56103515625,579.6949462890625,587.6138916015625,828038134,605.0395355224609,634.3885290527344,41.23307990529278,-13.59936047286783,-12.351507258235598,-1.2478532146322312,659.96165972432,605.0395355224609,550.1174113206018,0.011098651965224526,0.01660715890373088,-0.048278145957231455,0.9711991648515148,0.9262681538062872,0.9537365633421884,0.018394458671281214,0.027583713623107704,0.5588672059821442,0.34136043375841807,0.0024567174572922568,-0.006572757566736698,0
2026-06-21 00:00:00+00:00,587.6135864257812,591.3309326171875,583.7308959960938,583.7516479492188,758751631,599.6205780029297,633.7070092773438,40.16941588385828,-13.798706504902498,-12.640947107568978,-1.1577593973335194,636.9218346171402,599.6205780029297,562.3193213887192,-0.006572757566736698,0.004452945649803031,-0.03407729674587168,0.9735350476019963,0.9211696247685626,0.9462110553056925,0.017028214448671156,0.027380908063810442,0.5664947859379114,0.2872869241667121,-0.03518752797462643,0.010564515311128897,1
2026-06-22 00:00:00+00:00,583.7490844726562,601.447021484375,583.7190551757812,589.918701171875,989771505,596.5950134277343,633.1557360839844,42.71070952136251,-13.30568041531717,-12.773893769118617,-0.5317866461985528,625.3901949084864,596.5950134277343,567.7998319469823,0.010564515311128897,0.003922319746442193,-0.018370610841421886,0.9888093059687164,0.9317118483684175,0.9422563508902643,0.018089154602147793,0.024735745203281957,0.7743358455265861,0.3840724053029138,-0.02251490010166013,-0.020882590664182965,0
2026-06-23 00:00:00+00:00,589.895751953125,591.8448486328125,570.8225708007812,577.5996704101562,966075609,594.4700256347656,632.2545483398437,39.134862392358436,-13.750489432499194,-12.969212901794734,-0.78127653070446,622.2153938943411,594.4700256347656,566.7246573751902,-0.020882590664182965,-0.0105386898018619,-0.0007180423883652587,0.9716211844212069,0.9135555796740431,0.9402384327573576,0.01804908937149122,0.023043995240301547,0.7883953103891422,0.1959788915617093,-0.05240656008226885,-0.023941941331190653,0
2026-06-24 00:00:00+00:00,577.6015625,580.5236206054688,548.5870361328125,563.7708129882812,1326402841,592.4818298339844,630.9221398925781,35.53795667527318,-15.045442508873975,-13.384458823210583,-1.6609836856633926,623.0476872687489,592.4818298339844,561.91597239922,-0.023941941331190653,-0.044324562234848486,-0.02992778561419196,0.9515411015157239,0.8935663806064403,0.9390728148085933,0.019223211300503203,0.022903661750534484,1.127559746470555,0.030341707132214187,-0.0849153037383178,-0.007045172792674026,0
2026-06-25 00:00:00+00:00,563.77197265625,571.3173217773438,543.183837890625,559.7989501953125,1359821571,591.8664337158203,629.1666442871094,34.55558437839487,-16.205392606226496,-13.948645579813766,-2.2567470264127305,624.5796944530297,591.8664337158203,559.153172978611,-0.007045172792674026,-0.03081843901019432,-0.04733540476798359,0.9458197294291827,0.8897467074555495,0.9407148949964553,0.014296675634315371,0.01985145436688362,1.220684716107909,0.009870266707576654,-0.09332828514488167,0.01261079406254817,1
2026-06-26 00:00:00+00:00,559.7989501953125,568.9840087890625,550.2499389648438,566.8584594726562,1485816125,591.4838165283203,627.7633740234374,37.844323395637886,-16.3663568415011,-14.432187832151234,-1.9341690093498674,625.2149538879459,591.4838165283203,557.7526791686947,0.01261079406254817,0.005476776046650755,-0.02893899920610088,0.9583668117917391,0.9029810959495268,0.9422082284562165,0.015343352140520851,0.020053241067898544,1.3297843487249343,0.13497588603194677,-0.062030133088497696,-0.018465968280281353,0
2026-06-27 00:00:00+00:00,566.8609008789062,567.6494750976562,555.2898559570312,556.390869140625,908411267,589.1219116210938,625.9110046386719,35.03311848920109,-17.140978683755748,-14.973946002472138,-2.16703268128361,625.7622377073521,589.1219116210938,552.4815855348354,-0.018465968280281353,-0.0060880447408814264,-0.05683466546262539,0.9444409691189344,0.8889296801257237,0.9412231247814282,0.014726980900457877,0.01639507078014992,0.8296298440762113,0.053346736005929526,-0.07416118878253097,-0.010228712268706475,0
2026-06-28 00:00:00+00:00,556.3785400390625,557.9688110351562,545.8073120117188,550.69970703125,900129154,586.5755096435547,623.9302514648438,33.57289454436224,-18.006533187879768,-15.580463439553665,-2.4260697483261033,626.4889046816256,586.5755096435547,546.6621146054838,-0.010228712268706475,-0.02850579747268589,-0.04657198533337881,0.9388385603856775,0.8826302390985765,0.9401299396309303,0.01474614296597117,0.016454026421400772,0.8318441450007281,0.05057941603207391,-0.0472565870621644,0.014469784090375137,1
2026-06-29 00:00:00+00:00,550.6596069335938,561.3637084960938,546.3059692382812,558.668212890625,1115281924,584.8663879394531,621.8303466796875,37.500925292905556,-17.84380723864922,-16.033132199372776,-1.8106750392764432,626.5371366476365,584.8663879394531,543.1956392312698,0.014469784090375137,0.004093064563617688,-0.009050841193090187,0.955206564116076,0.8984254561934428,0.940556200034935,0.015622172005961799,0.01677597860614898,1.0341045993063556,0.18565269570398563,-0.038707755172427194,-0.023237505489871357,0
2026-06-30 00:00:00+00:00,558.6676025390625,559.3113403320312,543.345703125,545.6861572265625,1113363069,582.8420043945313,619.3445971679688,33.97597694533316,-18.54857274748315,-16.536220308994853,-2.0123524384882963,628.0306433234183,582.8420043945313,537.6533654656442,-0.023237505489871357,-0.009103963086733557,-0.02521046701467744,0.9362505672415168,0.881070343911582,0.9410625475052979,0.015976204834772346,0.017298330573177624,1.0277608709886108,0.08888065619280315,-0.07135252412213144,0.008106014391553451,1
2026-07-01 00:00:00+00:00,545.67919921875,557.3272705078125,538.5992431640625,550.1094970703125,1369626811,580.0954010009766,617.0559643554687,36.17726907601796,-18.536500691398942,-16.936276385475672,-1.6002243059232697,626.2696296581224,580.0954010009766,533.9211723438308,0.008106014391553451,-0.015319854652242615,-0.029546992062048694,0.9483086680588705,0.8915066523097567,0.9401017646866141,0.015212339756311435,0.015425342545280735,1.2485002730202477,0.17529610344640204,-0.05763093088832327,0.014369919695941258,1
2026-07-02 00:00:00+00:00,550.1113891601562,566.0003051757812,546.3494262695312,558.0145263671875,1333013092,577.8207977294921,614.7885986328125,40.02565877401861,-17.685199727007898,-17.086061053782117,-0.5991386732257808,623.6196413868082,577.8207977294921,532.0219540721761,0.014369919695941258,0.022592416863355336,0.00291819531307258,0.965722467172985,0.9076526916864088,0.9398690851041632,0.016459054142697167,0.0159988928107664,1.1966355147650178,0.28376887077649265,-0.05408232480392594,0.02764744036375122,1
2026-07-03 00:00:00+00:00,558.0144653320312,574.17626953125,556.9342651367188,573.4421997070312,1081508938,576.0157196044922,612.6986474609375,46.7714091090653,-15.58598771096456,-16.786046385218604,1.2000586742540449,619.3284049623134,576.0157196044922,532.7030342466711,0.02764744036375122,0.04241465155751789,0.041297448292433314,0.9955322054418445,0.9359286201845107,0.9401289230709718,0.019186183571201332,0.01723788753841862,0.9596470279200293,0.47029138373434665,-0.007197841197126631,0.0026694263511337635,1
2026-07-04 00:00:00+00:00,573.4444580078125,578.0556640625,568.4288940429688,574.9729614257812,1084811368,573.9600708007813,610.7558801269531,47.40354880207879,-13.641575792500703,-16.157152266675023,2.5155764741743205,612.9523710626847,573.9600708007813,534.9677705388779,0.0026694263511337635,0.030390669520733438,0.0291850299675962,1.0017647405743517,0.9414120766324281,0.9397536552271534,0.017002554179290034,0.016994681908703218,0.9605195532812342,0.5129883415212307,0.019870039703053788,0.024283156147903995,1
2026-07-05 00:00:00+00:00,574.9724731445312,592.1261596679688,568.5374145507812,588.9351196289062,1328089383,572.5357330322265,609.4102612304688,52.89814462452781,-10.848926190121688,-15.095507051364356,4.246580861242668,606.6150412480199,572.5357330322265,538.4564248164331,0.024283156147903995,0.02701740459594748,0.07925611054924975,1.0286434289608901,0.9664017117791537,0.9394914550277044,0.016912339010760762,0.018056118743063367,1.1767161060144131,0.7406062132018243,0.05204755997385879,-0.005945624224734436,0
2026-07-06 00:00:00+00:00,588.9380493164062,592.1600341796875,570.1879272460938,585.4335327148438,1405839910,571.5901031494141,608.1430493164063,51.446591433790225,-8.816647239064764,-13.839735088904439,5.0230878498396745,602.8890487193763,571.5901031494141,540.2911575794518,-0.005945624224734436,0.01819315340172345,0.06421273552384488,1.02421915545625,0.9626576072404518,0.9398941643613616,0.01770610976622996,0.017527144499803624,1.242386478388969,0.7211484973908401,0.032768450274990535,-0.014753105874500627,0
2026-07-07 00:00:00+00:00,585.4364624023438,587.1636962890625,576.1844482421875,576.7965698242188,1091645141,570.3819976806641,606.8178564453125,47.95137250302889,-7.812919775932528,-12.634372026310057,4.821452250377529,598.6238763645571,570.3819976806641,542.1401189967711,-0.014753105874500627,-0.02061101367555751,0.03365869985376002,1.0112460985263176,0.9505266921495095,0.9399558559827382,0.015450615693031675,0.017759338001261723,0.972863463972618,0.6135648979898254,0.036675117826989956,-0.014720057226090155,0
2026-07-08 00:00:00+00:00,576.7944946289062,578.3355712890625,560.27587890625,568.3060913085938,1104808263,569.8965667724609,605.3949780273438,44.73393114630641,-7.614790622007831,-11.630455745449613,4.0156651234417815,597.9189482960815,569.8965667724609,541.8741852488404,-0.014720057226090155,-0.02925599653785549,-0.00895662788867213,0.997209185742468,0.9387360515615727,0.9413632214615439,0.017684957328744397,0.01591610793877411,0.9855239939953366,0.47162133663538686,0.031970934526654116,0.00028567970343429394,1
2026-07-09 00:00:00+00:00,568.3072509765625,575.0242919921875,565.54150390625,568.4684448242188,1020956200,569.2618011474609,603.7879614257813,44.81018867383635,-7.35983170960094,-10.776330938279878,3.416499228678939,596.7801673248982,569.2618011474609,541.7434349700236,0.00028567970343429394,-0.014438582744238593,-0.01131273475092287,0.9986063418946379,0.9415034434966884,0.9428174086200882,0.017208561292963925,0.015852438999413684,0.9046153424689838,0.4855849668158597,0.017542132713951997,0.011546001642511294,1
2026-07-10 00:00:00+00:00,568.4669799804688,577.5811157226562,568.12109375,575.031982421875,1039954030,568.6327056884766,602.1416040039062,47.93776500580593,-6.552617805086243,-9.931588311641152,3.378970506554909,594.9328670331189,568.6327056884766,542.3325443438342,0.011546001642511294,0.011834979804270729,-0.023607247629911732,1.0112537964654187,0.9549779962026086,0.9443504682410016,0.014131854559418185,0.01587069036274689,0.912877876970202,0.6216585071388174,0.0537778442914183,-0.0002478420230532796,0
2026-07-11 00:00:00+00:00,575.0352172851562,582.0732421875,573.1099243164062,574.8894653320312,869866045,568.1895965576172,600.6500146484375,47.87432469220639,-5.856880436293409,-9.116646736571603,3.2597663002781943,593.7041147124539,568.1895965576172,542.6750784027804,-0.0002478420230532796,0.011295298035052692,-0.018010699410941244,1.0117916076165514,0.9571122139546039,0.9459578501636773,0.014099532093005941,0.015815926479631526,0.7598678671518677,0.6312952244239031,0.045045519835029246,-0.001637118378628566,0
2026-07-12 00:00:00+00:00,574.8919067382812,582.97216796875,570.0609130859375,573.9483032226562,968436788,567.3910766601563,599.0147875976562,47.427945417124526,-5.320120438855383,-8.35734147702836,3.0372210381729765,590.9683250991555,567.3910766601563,543.813828221157,-0.001637118378628566,-0.001884554654950854,-0.00493807825942949,1.0115568024106016,0.9581538137388412,0.9472071281172765,0.009247779570751994,0.015594524824368851,0.846762979766044,0.6390583506694026,0.028554412300342058,-0.012744416508242762,0
2026-07-13 00:00:00+00:00,573.9459838867188,578.9523315429688,562.2921142578125,566.6336669921875,991239692,566.8427764892579,597.2254956054687,43.99462773214909,-5.422457571055588,-7.770364695833806,2.347907124778218,589.9252701075706,566.8427764892579,543.7602828709452,-0.012744416508242762,-0.014360670768380768,-0.0029428231405285166,0.9996310978886148,0.948776753774942,0.9491268886881515,0.009866737909954104,0.015155443604893572,0.8657485099542864,0.49547038763384604,-0.011873093257388834,0.026687452861060335,1
2026-07-14 00:00:00+00:00,566.6309814453125,583.3642578125,566.2113647460938,581.7556762695312,1188215639,567.7420196533203,595.6145324707031,51.76810688769081,-4.234527717224296,-7.063197300111905,2.828669582887609,591.7051142387787,567.7420196533203,543.7789250678619,0.026687452861060335,0.013602920338012137,0.023373736161241387,1.0246831415169306,0.9767318367070676,0.9532037730816217,0.01423283651726562,0.015322607407977938,1.0440879429955836,0.7924008117197618,0.011796580532988266,-0.0028390119692786042,0
2026-07-15 00:00:00+00:00,581.7587280273438,584.1309204101562,575.7394409179688,580.1040649414062,1170264202,568.757275390625,594.1046862792969,50.93653804167699,-3.387309188777067,-6.328019677844938,2.940710489067871,593.0220645307828,568.757275390625,544.4924862504671,-0.0028390119692786042,0.023772674893679513,0.008820522465844416,1.0199501440100054,0.9764340836535521,0.9573351103365043,0.012619619583198426,0.01522506728869027,1.036949925229532,0.7338118309052711,-0.01499495342214352,-0.013636911228191106,0
2026-07-16 00:00:00+00:00,580.107421875,584.1412963867188,571.5925903320312,572.1932373046875,1034278765,569.0240142822265,592.5853662109375,47.03898013251655,-3.3159953476090323,-5.725614811797757,2.409619464188725,593.3181864304089,569.0240142822265,544.7298421340441,-0.013636911228191106,-0.016437207843268964,-0.0046899937986975004,1.005569576929822,0.9655878628312411,0.9602397337629763,0.01412715299416563,0.015383006761379752,0.9351635958793905,0.5652259933602655,-0.02261622314109124,-0.007739353548774419,0
2026-07-17 00:00:00+00:00,572.1828002929688,574.2609252929688,555.6729736328125,567.7648315429688,1233596492,569.5927124023438,591.1907873535156,44.9648022066445,-3.5755966969436486,-5.295611188826936,1.7200144918832878,593.1634486555066,569.5927124023438,546.0219761491809,-0.007739353548774419,-0.02127072389965723,-0.010773569056599652,0.9967908984444944,0.9603749647124681,0.9634668276076217,0.013602639889230168,0.014862176540953235,1.0992208681172586,0.46122563080460155,-0.01565844658889437,0.004439674276968564,1
2026-07-18 00:00:00+00:00,567.7681274414062,571.9390869140625,566.1561279296875,570.2855224609375,834755411,570.5720031738281,589.750751953125,46.413248556537816,-3.537159769810046,-4.943920905023559,1.4067611352135128,592.400797586735,570.5720031738281,548.7432087609211,0.004439674276968564,-0.003334039480676676,0.0064448261398495355,0.9994979061164988,0.966994142139331,0.9674799078834896,0.013802072326277953,0.014632993461137573,0.7459983490465143,0.49343800881827016,0.0034830370158198676,0.00020805778698007593,1
2026-07-19 00:00:00+00:00,570.2862548828125,571.658447265625,566.75439453125,570.4041748046875,824772602,571.1588012695313,586.8001599121094,46.48464584098406,-3.457270710932562,-4.64659086620536,1.1893201552727977,592.2590560166946,571.1588012695313,550.058546522368,0.00020805778698007593,0.00464865577275364,-0.01951248939698269,0.998678779941469,0.9720586560339765,0.9733446585206779,0.013806990494551983,0.014330015931789954,0.7467708268532679,0.4821180721776535,0.003405166985244623,0.000576962050834684,1
2026-07-20 00:00:00+00:00,570.4097900390625,574.4619750976562,563.2748413085938,570.7332763671875,1103435923,572.4111572265625,584.0431408691406,46.69678263155887,-3.3290273554198393,-4.383078164048256,1.0540508086284168,589.7908558031843,572.4111572265625,555.0314586499408,0.000576962050834684,0.0007851398792622089,-0.01615363370219658,0.9970687488561463,0.9772108195943434,0.9800836910347615,0.012765623339026805,0.013137880121273673,0.9995291371441467,0.45172871232554,-0.007475594725327328,0.005017381225795203,1
2026-07-21 00:00:00+00:00,570.7421264648438,579.148193359375,570.5935668945312,573.5968627929688,1115064597,573.5855255126953,581.6724621582031,48.605829053398665,-2.9621799135120455,-4.098898513941014,1.1367186004289689,587.4359685377465,573.5855255126953,559.7350824876441,0.005017381225795203,0.005597238115191638,0.002453062002083506,1.0000197656317482,0.9861165864114125,0.9860970955793532,0.006724222597494549,0.01308442866590645,1.0218441802834235,0.5004092750048836,-0.0022484366421916535,-0.004956260558974801,0
2026-07-22 00:00:00+00:00,573.602294921875,575.0814819335938,567.2611694335938,570.7539672851562,991239577,574.2224975585938,580.0789416503907,46.81329441731504,-2.8677904777289314,-3.8526769066985977,0.9848864289696664,586.0871927046301,574.2224975585938,562.3578024125575,-0.004956260558974801,3.625321814149096e-05,0.00526474268239574,0.9939596057483213,0.9839246459478364,0.989904056721772,0.006815452690035689,0.012847781998412182,0.9228224882533105,0.35382977688237216,-0.005565546443057956,-0.006672702947301157,0
2026-07-23 00:00:00+00:00,570.7554931640625,571.7393188476562,564.103271484375,566.9454956054688,914774204,573.8976623535157,579.0158630371094,44.44840985562992,-3.0649669742531387,-3.695134920209506,0.6301679459563672,586.1999748558079,573.8976623535157,561.5953498512234,-0.006672702947301157,-0.011595891851836515,-0.005856762488122835,0.9878860514616202,0.9791536498355538,0.9911605173358339,0.005201758439423076,0.011333111751173786,0.8582964025067331,0.2174447183506535,0.0005503178357482152,-0.004600146304676533,0
2026-07-24 00:00:00+00:00,566.9429321289062,570.5921630859375,556.7088012695312,564.3374633789062,1011337723,573.3658874511718,578.2319177246094,42.85194916810734,-3.392569740608792,-3.6346218842893636,0.2420521436805716,586.3718228306202,573.3658874511718,560.3599520717235,-0.004600146304676533,-0.01124215384217242,-0.010635811752006452,0.9842536427962251,0.9759707931717451,0.9915846390967386,0.004661744490022253,0.011342381574176249,0.9521801693990058,0.1529113897285677,-0.029940769984949878,0.007320596078024266,1
2026-07-25 00:00:00+00:00,564.3324584960938,569.3478393554688,563.613037109375,568.46875,785530621,572.3425689697266,578.1591552734375,46.15134138602863,-3.2810154853232234,-3.563900604496136,0.2828851191729127,583.2403769291332,572.3425689697266,561.44476101032,0.007320596078024266,0.0026867739603513296,-0.00396774896603469,0.9932316427612577,0.9832392081227972,0.989939472114802,0.005291722582958309,0.009905551923187145,0.7589663500107686,0.32226613901822104,-0.02005728910481175,0.010616406292947023,1
2026-07-26 00:00:00+00:00,568.466796875,575.6427001953125,568.4383544921875,574.5038452148438,818584128,571.7960845947266,578.1590161132813,50.635024700490966,-2.6747928409913584,-3.3860790517951806,0.7112862108038223,580.8740558126617,571.7960845947266,562.7181133767915,0.010616406292947023,0.018014720793242178,0.0015812192860655827,1.0047355354348682,0.9936779142129276,0.9889944957334922,0.006763129419752463,0.010221012908726838,0.8139949853216644,0.6491390837838026,0.0040381601170966785,-0.015271223226648423,0
2026-07-27 00:00:00+00:00,574.5032958984375,576.2010498046875,565.3123779296875,565.73046875,961806343,571.2427795410156,577.4010461425781,44.79568732270729,-2.8692205972888587,-3.282707360893917,0.4134867636050581,580.3861905158058,571.2427795410156,562.0993685662254,-0.015271223226648423,-0.004816942444065719,-0.008801513126664662,0.990350318658829,0.9797877446351279,0.9893345073710831,0.009169706378443457,0.01025858029436796,0.9626285603926595,0.19856376322720903,-0.0035831081460965253,0.008408092068467932,1
2026-07-28 00:00:00+00:00,565.7461547851562,574.6143188476562,562.9065551757812,570.4871826171875,987867906,571.3518341064453,576.7782348632812,48.278338333783864,-2.6093994072928126,-3.148045770173696,0.5386463628808835,580.3992909887685,571.3518341064453,562.304377224122,0.008408092068467932,-0.006991533009068296,0.006246962078667595,0.9984866566664479,0.9890927710758972,0.990591876688755,0.009632061645405952,0.009918829434666744,0.9945324225125013,0.45221577176305144,0.00035361261737776317,0.0016036398098100424,1
2026-07-29 00:00:00+00:00,570.495361328125,572.6674194335938,565.0828247070312,571.4020385742188,939729864,571.4985137939453,576.3492626953125,48.94545491694671,-2.3031190891306323,-2.9790604339650835,0.6759413448344511,580.4436865503523,571.4985137939453,562.5533410375384,0.0016036398098100424,0.010025215429443346,0.012518352322410387,0.9998311890277962,0.9914162740523724,0.9915836642547567,0.009470846354810627,0.009923539383193722,0.9499537146350371,0.49460741439244504,0.0017493977316573872,0.03607053776010738,1
2026-07-30 00:00:00+00:00,571.4003295898438,595.229248046875,570.4595336914062,592.0128173828125,1326666570,572.3475555419922,576.4660424804688,61.11421873321516,-0.39274481422546614,-2.4617973100171597,2.0690524957916936,585.1127249509937,572.3475555419922,559.5823861329907,0.03607053776010738,0.037732021720230824,0.04141664318893956,1.0343589513930884,1.0269691079034728,0.9928556295861675,0.015898575840421744,0.01255272626055439,1.3219430630632774,1.2702703039316179,0.03728456337971542,-0.00943529475321403,0
2026-07-31 00:00:00+00:00,592.0213623046875,594.3985595703125,583.5209350585938,586.427001953125,1212212216,572.9244323730469,576.0937512207031,57.139337865958105,0.6628707778675107,-1.8368636924402257,2.4997344703077364,587.1343187090603,572.9244323730469,558.7145460370335,-0.00943529475321403,0.026294906851219935,0.020753832785614268,1.0235678019946726,1.017936751979216,0.9944986057548088,0.016543382167636903,0.012787139511632753,1.1876394066218037,0.9751118081028329,0.022367868432340288,-0.019554601260197257,0
2026-08-01 00:00:00+00:00,586.4301147460938,591.578125,573.7284545898438,574.9596557617188,1092981314,572.975,575.5228125,49.955938664797344,0.5675918928382089,-1.355972575384539,1.923564468222748,587.207407881634,572.975,558.742592118366,-0.019554601260197257,-0.028805392586739753,0.016313752787809,1.0034637737453096,0.9990214866795029,0.9955730468981193,0.019015686298145068,0.013589335975619583,1.0643319569121286,0.5697231198762859,0.007368653951837167,0.021929612715905877,1
2026-08-02 00:00:00+00:00,574.9642333984375,590.129638671875,573.700927734375,587.5682983398438,941393721,574.0217315673829,575.0833032226562,56.44033332923752,1.4922925516218584,-0.7863195499832596,2.278612101605118,589.3291478962171,574.0217315673829,558.7143152385486,0.021929612715905877,0.0019461866232584057,0.029941278687970252,1.0235993970741692,1.0217098897624466,0.9981540558570827,0.020327695483037627,0.014058098097078588,0.9189480555269591,0.9424837765385492,0.03637528279918856,0.0020880426654190654,1
2026-08-03 00:00:00+00:00,587.5711059570312,593.3220825195312,580.8663330078125,588.795166015625,1006505117,574.3737060546875,574.5374877929687,57.02385689925945,2.2976367279206897,-0.16952829440246975,2.4671650223231594,590.7184684129386,574.3737060546875,558.0289436964365,0.0020880426654190654,0.02406344534831173,0.03043938639912125,1.025108147899034,1.0248159232871397,0.9997149328951357,0.018661872552076363,0.012795473403926989,0.9912987285279691,0.9411645652852615,0.04333878968495375,0.006815199205541411,1
2026-08-04 00:00:00+00:00,588.7953491210938,594.4669799804688,587.5797729492188,592.8079223632812,949346459,575.0088989257813,574.0452087402343,58.96031295137756,3.222526412549996,0.5088826469880234,2.7136437655619727,593.177016673628,575.0088989257813,556.8407811779346,0.006815199205541411,0.008917472297674811,0.001343053658844351,1.030954344307978,1.0326850800901595,1.001678770540846,0.01863549952828005,0.0128378168212479,0.9452874159630286,0.9898422523601674,0.042815321621956004,0.0006973441104383138,1
2026-08-05 00:00:00+00:00,592.7850952148438,603.9481201171875,591.8446044921875,593.2213134765625,1306888800,576.060302734375,573.8227124023438,59.16444991351849,3.9434082039879286,1.1957877583880046,2.747620445599924,595.8993258475472,576.060302734375,556.2212796212028,0.0006973441104383138,0.007517295855007156,0.011585945907689688,1.029790302613684,1.0338059136645277,1.0038994453925734,0.01867137281562411,0.012359384845114426,1.2838759912428137,0.9325064456120674,0.03258023147733513,-0.002643904348217929,0
2026-08-06 00:00:00+00:00,593.2227783203125,597.4979248046875,589.6243286132812,591.6528930664062,953743093,577.2547058105469,573.6365966796875,57.98595834778006,4.338146347421343,1.8242594761946722,2.513886871226671,597.8527105054903,577.2547058105469,556.6567011156034,-0.002643904348217929,-0.0019484039489053862,0.02903375417284182,1.0249425203656717,1.0314071600225654,1.0063073192188254,0.012978167432656468,0.012202218155347389,0.9500078431845926,0.8495044172747943,0.04582115644872853,0.0009198813944111262,1
2026-08-07 00:00:00+00:00,591.6525268554688,593.7726440429688,585.1305541992188,592.1971435546875,1370866961,578.3502868652344,573.9202453613282,58.296385975235225,4.641392551769968,2.3876860913097318,2.2537064604602364,599.7045444707381,578.3502868652344,556.9960292597306,0.0009198813944111262,-0.0017264550322254602,0.007877969638461435,1.0239419898354434,1.031845710865022,1.0077189148487298,0.012297739409996115,0.012192575357338491,1.329986646799006,0.8242177027471163,0.038055124810872254,0.013888811589686023,1
2026-08-08 00:00:00+00:00,592.193115234375,609.5114135742188,590.5120239257812,600.4220581054688,1072496627,579.8511810302734,574.3054113769531,62.7729221858005,5.482203786558102,3.0065896303594064,2.475614156198696,602.9982587489786,579.8511810302734,556.7041033115682,0.013888811589686023,0.014821469043468705,0.01974692178355153,1.0354761320631358,1.0454751883077307,1.0096564816271256,0.008757723166926894,0.01246990781441516,1.0281587331858593,0.944351492771201,0.05078739236503549,0.002238822280266506,1
2026-08-09 00:00:00+00:00,600.4210205078125,610.097412109375,599.9470825195312,601.7662963867188,1032011852,581.40283203125,574.5884594726563,63.463207097497204,6.185716454066778,3.642414995100881,2.5433014589658973,606.0859731429456,581.40283203125,556.7196909195544,0.002238822280266506,0.01615872845078581,0.01511176501778877,1.0350247078851076,1.0472996567647836,1.0118595708741658,0.005396395096464588,0.012460964507490919,0.9927463658769454,0.9124974261444373,0.016475114587931827,-0.005116570187920333,0
2026-08-10 00:00:00+00:00,601.7837524414062,605.95361328125,597.3451538085938,598.6873168945312,1054595862,582.6573547363281,574.8871728515625,60.68743725920487,6.420792499557933,4.198090495992291,2.222702003565642,608.2053142956116,582.6573547363281,557.1093951770446,-0.005116570187920333,-0.0028892029989890933,0.009214104911260401,1.0275118163838457,1.0413996783489097,1.0135160119266948,0.006305319720010213,0.012568375987862845,1.017430206977435,0.8137229437248392,0.020906804940039603,0.029750655858923114,1
2026-08-11 00:00:00+00:00,598.6846923828125,616.8174438476562,598.1167602539062,616.4986572265625,1311056319,584.9445892333985,575.4187719726563,69.10557523361014,7.952645125793424,4.949001421952518,3.003643703840906,613.9608493476468,584.9445892333985,555.9283291191501,0.029750655858923114,0.02448186435216404,0.041993818421788065,1.0539436872721866,1.0713912844954219,1.0165545820274262,0.012192631494549092,0.013855862631135364,1.245635794865367,1.043730788684058,0.07224681079546702,-0.01106060423055244,0
2026-08-12 00:00:00+00:00,616.498291015625,619.3920288085938,608.5897827148438,609.6798095703125,1179194321,587.0813049316406,576.0603747558594,63.49955768470644,8.518232468632732,5.662847631288561,2.855384837344171,616.8020529264797,587.0813049316406,557.3605569368015,-0.01106060423055244,0.018360991398315818,0.029521699329187134,1.0384929726919225,1.0583609570936057,1.0191315540154138,0.013708566611241757,0.014066104717388296,1.1064550884455808,0.8801806173013548,0.03763224001863974,0.0005853442298593414,1
2026-08-13 00:00:00+00:00,609.66552734375,614.0260009765625,605.6968994140625,610.0366821289062,991318908,589.3662658691406,576.9856921386719,63.66568657911186,8.892751047113961,6.308828314453641,2.5839227326603202,618.749503752759,589.3662658691406,559.9830279855223,0.0005853442298593414,-0.010481734261558184,0.0160131092681286,1.0350722758610604,1.0572821656421438,1.0214573323032996,0.013500608720241504,0.013951740003490386,0.9310433040586352,0.8517382315325044,0.036076240667909154,-0.004027477775784494,0
2026-08-14 00:00:00+00:00,610.0361328125,611.791748046875,602.6419067382812,607.5797729492188,904964325,591.3218170166016,577.94130859375,61.5874272365265,8.888842636466165,6.824831178856146,2.064011457610019,620.0476415994929,591.3218170166016,562.5959924337103,-0.004027477775784494,-0.0034444910068021084,0.009660688206379664,1.0274942602568657,1.0512828273645731,1.0231520194592234,0.013841890064757565,0.014039747539852807,0.8451990056747081,0.7829850172917262,0.02491844327425352,-0.0007826542678265325,0
2026-08-15 00:00:00+00:00,607.5783081054688,611.7791137695312,606.84814453125,607.104248046875,555761984,592.9518371582031,578.7462243652344,61.17121935724668,8.74654952894582,7.209174848874081,1.5373746800717392,621.3574458734715,592.9518371582031,564.5462284429348,-0.0007826542678265325,-0.004806979920941257,0.014058976889644859,1.0238677241586756,1.0489990646811451,1.0245454954087163,0.013144227851798761,0.013963617958804169,0.5255082491276403,0.7491129662196738,0.023402622688911467,-0.007617930437097575,0
2026-08-16 00:00:00+00:00,607.1052856445312,607.660888671875,601.1326904296875,602.4793701171875,635151199,594.7892822265625,579.6679943847656,57.12755095454538,8.166454415797261,7.400630762258718,0.7658236535385434,620.397341317765,594.7892822265625,569.1812231353599,-0.007617930437097575,-0.008394622499155457,-0.02274017460547839,1.0129290962705946,1.039352484445226,1.0260861182405732,0.013591654688069818,0.01353914551879824,0.6099963694657755,0.6501497607303415,0.01829869705304743,0.004469851247419054,1
2026-08-17 00:00:00+00:00,602.4811401367188,607.151123046875,600.982666015625,605.17236328125,1022798732,596.5235412597656,580.7574475097656,58.83397510623275,7.833724600454616,7.487249529897898,0.34647507055671767,619.793053811452,596.5235412597656,573.2540287080792,0.004469851247419054,-0.003182130205545586,-0.007393136886457263,1.0144987103161418,1.0420397807659176,1.0271474671872114,0.013443274183003477,0.013488536423464845,0.9806464182641632,0.6858402061984239,0.021910304478468534,-0.002716854137468916,0
2026-08-18 00:00:00+00:00,605.1646118164062,605.3096313476562,599.52783203125,603.5281982421875,972520123,598.129849243164,581.6546472167969,57.33355656861723,7.352607168218697,7.460321057562059,-0.10771388934336201,618.3307055766436,598.129849243164,577.9289929096844,-0.002716854137468916,0.0017408531760947366,-0.010669004139235438,1.0090253796994988,1.0376057358607123,1.0283247148547692,0.00518011050394473,0.013547236403761272,0.9309764842458977,0.6336168355911876,0.005173261199829415,0.038015793764814454,1
2026-08-19 00:00:00+00:00,603.52880859375,635.4505615234375,600.863525390625,626.4718017578125,1864254281,599.8527984619141,583.2703601074219,69.15498815764704,8.722131885881822,7.712683223226012,1.0094486626558101,623.4495486718456,599.8527984619141,576.2560482519825,0.038015793764814454,0.03519565626076626,0.031093906758763667,1.0443758924925455,1.0740676101601223,1.028430106325715,0.015472344669087191,0.01380305458390557,1.739849620951735,1.0640396041632647,0.04105498350345793,0.04539027918045346,1
2026-08-20 00:00:00+00:00,626.4666748046875,657.6785278320312,622.2499389648438,654.9075317382812,2301724571,603.2768249511719,585.3663208007813,77.48216375790841,11.964101143052744,8.562966807191358,3.4011343358613857,636.5575256759735,603.2768249511719,569.9961242263703,0.04539027918045346,0.0851316204375192,0.07873982737757967,1.0855837729077165,1.118799473878797,1.0305970868393812,0.02180221409920423,0.016416459671034687,2.0441989824874476,1.2756853921743436,0.09390580568062057,0.04895235370346995,1
2026-08-21 00:00:00+00:00,654.9114379882812,691.3654174804688,653.5401000976562,686.966796875,2932629797,608.8771820068359,587.9453662109376,83.04102898246009,16.925196769770423,10.235412799707172,6.689783970063251,656.6397378984519,608.8771820068359,561.11462611522,0.04895235370346995,0.09656459388506411,0.14023289584401688,1.1282518333348996,1.1684194422726966,1.03560163409535,0.024933963050370912,0.017952893712031338,2.4078188296397394,1.3174773461178146,0.11430380070161372,0.012715205969402454,1
2026-08-22 00:00:00+00:00,686.971435546875,725.3282470703125,683.4513549804688,695.7017211914062,3166031052,614.2838531494141,590.390556640625,84.18648438884033,21.31601839691473,12.451533919148684,8.864484477766045,674.6960922627686,614.2838531494141,553.8716140360596,0.012715205969402454,0.06228999893289888,0.14959268367660616,1.1325411169845427,1.1783754217716678,1.040470322975259,0.02373620204003536,0.017722778297956272,2.3819197109721744,1.1738524282242189,0.14109358760251522,0.008832836464349292,1
2026-08-23 00:00:00+00:00,695.713134765625,706.6343383789062,678.8565673828125,701.8467407226562,1748341826,619.9364318847656,592.9280322265626,84.95629231598252,25.003404211023053,14.961907977523559,10.041496233499494,690.5940000285154,619.9364318847656,549.2788637410158,0.008832836464349292,0.02166035376868991,0.16290629463018869,1.1321269482241305,1.1836963384697503,1.045550890142234,0.02124247853442487,0.017655826193525404,1.2796320036145412,1.079628700716444,0.1504992425592364,0.0025523832084666243,1
2026-08-24 00:00:00+00:00,701.8606567382812,715.3873291015625,693.6182861328125,703.6381225585938,1930945903,625.4779418945312,595.2220922851562,85.18274182194706,27.750344876099803,17.51959535723881,10.230749518860993,704.1112507936018,625.4779418945312,546.8446329954606,0.0025523832084666243,0.011407764456290659,0.12317604812261429,1.1249607307130935,1.1821438277890701,1.0508311939384134,0.021520319638359684,0.01770879936613254,1.364274331562752,0.996991553314796,0.15809997943661558,-0.013660950728058063,0
2026-08-25 00:00:00+00:00,703.6607666015625,718.5745239257812,690.64306640625,694.0257568359375,1797771745,630.5181640625,597.3939367675781,78.3660847805909,28.819464714154947,19.779569228622037,9.03989548553291,713.2611689712,630.5181640625,547.7751591537999,-0.013660950728058063,-0.011143435500841514,0.05973091345251014,1.1007228600112817,1.161755609022786,1.055447879960337,0.02388028568383787,0.018332585160401718,1.2485315234500187,0.8837641190546125,0.1431739426444456,0.0199628561212033,1
2026-08-26 00:00:00+00:00,694.0215454101562,707.9307861328125,692.280029296875,707.8804931640625,1542801679,636.3295440673828,600.015615234375,80.75641780226752,30.433888400183605,21.910433062934352,8.523455337249253,723.7720376689323,636.3295440673828,548.8870504658333,0.0199628561212033,0.006029193799282018,0.03044353291046753,1.1124432297129094,1.1797701179619364,1.0605216396223673,0.02260130520489572,0.018336481698780546,1.0499807266559482,0.9091314539971662,0.17494561353424198,0.006060486394363629,1
2026-08-27 00:00:00+00:00,707.8785400390625,714.8690185546875,701.3085327148438,712.1705932617188,1468797908,642.3282165527344,602.8929052734375,81.44024955655885,31.69415553064357,23.867177556476197,7.826977974167374,733.408187833761,642.3282165527344,551.2482452717078,0.006060486394363629,0.026144327133482026,0.02367231755889465,1.1087331599471317,1.1812555547302703,1.0654101432184069,0.019244737558264335,0.018250657506564044,0.9962960750217119,0.883412377752548,0.17680620674798075,-0.029562564175477535,0
2026-08-28 00:00:00+00:00,712.1675415039062,718.1212768554688,685.765625,691.1170043945312,1489232317,646.8629638671875,605.3458764648437,68.56366298950194,30.640868779853463,25.22191580115165,5.418952978701814,738.1887042748313,646.8629638671875,555.5372234595438,-0.029562564175477535,-0.02368124129908189,-0.015287862300360833,1.0684133162652822,1.141689456002545,1.0685840756771967,0.01700597978318042,0.0201756161277741,0.9960785653903741,0.742286787546481,0.1451279433296595,0.0021515003495899965,1
2026-08-29 00:00:00+00:00,691.1176147460938,693.9805908203125,687.24951171875,692.6039428710938,947152139,651.4048461914062,607.6973156738281,68.9372171364869,29.585076602523145,26.09454796142595,3.490528641097196,742.321592875532,651.4048461914062,560.4880995072805,0.0021515003495899965,-0.02747466769304574,-0.015681611518399752,1.0632465308180739,1.1397186148553564,1.0719231916782688,0.016243240850916652,0.020176766847881396,0.6353091926352119,0.7265759509786822,0.10556283766918417,-0.011254339344900721,0
2026-08-30 00:00:00+00:00,692.6016845703125,703.46435546875,681.3799438476562,684.8091430664062,1186105163,655.7109375,609.8957092285157,64.60337130887149,27.798929737260664,26.435424316592893,1.3635054206677708,744.2412429131697,655.7109375,567.1806320868303,-0.011254339344900721,-0.009127052710345529,-0.013279930433057419,1.044376574954427,1.122829907973368,1.0751197747061347,0.01608845882068402,0.020419890067836486,0.7920951051162013,0.6643403658815212,0.04565776064410043,0.009077164858586784,1
2026-08-31 00:00:00+00:00,684.8028564453125,693.8984375,682.5994873046875,691.0252685546875,1234273448,659.4372680664062,612.2372485351563,66.41656546102595,26.57860326083801,26.46406010544192,0.11454315539608828,747.2893679453359,659.4372680664062,571.5851681874765,0.009077164858586784,-0.002279331979922139,-0.023810833568864154,1.0479014487320428,1.1286887072095664,1.0770943284554821,0.016668862964649558,0.019715406051390272,0.826381154706011,0.6797794277644654,0.00590781344622382,-0.011976585261758821,0
2026-09-01 00:00:00+00:00,691.02978515625,694.1860961914062,675.1741943359375,682.7491455078125,1197910613,663.0907348632812,614.5595581054688,61.87223346488451,24.659413405076975,26.10313076536893,-1.4437173602919557,748.266889128907,663.0907348632812,577.9145805976555,-0.011976585261758821,-0.0030081338420360204,-0.04131235975239722,1.0296466374976339,1.1109568413719817,1.078969037447602,0.016491450151090024,0.019757907553170598,0.801532999061105,0.6153985573428545,-0.01861800149266868,0.0076369357068135635,1
2026-09-02 00:00:00+00:00,682.7489624023438,689.1416015625,679.89697265625,687.9632568359375,1263823790,666.9870635986329,616.6837097167969,63.5637094612422,23.290696177820337,25.540643847859215,-2.2499476700388783,749.0158444900117,666.9870635986329,584.958282707254,0.0076369357068135635,-0.004431113966576583,-0.0045632614138276795,1.0314491755269295,1.115585260314197,1.0815707518931172,0.01423129405952932,0.0197217433424664,0.8379962870192788,0.6278587406113043,-0.019781361202053316,0.05382985009213437,1
2026-09-03 00:00:00+00:00,687.9613037109375,726.757568359375,686.7681274414062,724.9962158203125,1769490260,672.8578857421875,619.581552734375,72.79505684272237,24.90711449507296,25.413937977301966,-0.5068234822290059,753.7840102799689,672.8578857421875,591.931761204406,0.05382985009213437,0.06187788090320878,0.04676882550645178,1.0774878784702278,1.1701384791408251,1.085987603686214,0.026237566447316,0.02222535403202386,1.1405941202092,0.8221353448958473,0.03035380343528815,-0.0051528252521523266,0
2026-09-04 00:00:00+00:00,724.998291015625,728.656494140625,710.2684326171875,721.2604370117188,1630848206,678.5656951904297,622.5628967285156,70.8451298043345,25.591686496849434,25.449487681211462,0.14219881563797188,755.9922146247403,678.5656951904297,601.139175756119,-0.0051528252521523266,0.04839964902910765,0.0532283984733215,1.062919098510141,1.158534247385839,1.089955245897565,0.02258002783917097,0.022348808015270713,1.0160223561911423,0.7757113591907724,0.03924159861147536,0.06329378933008356,1
2026-09-05 00:00:00+00:00,721.2665405273438,778.8104858398438,719.752685546875,766.9117431640625,2911517322,686.7873138427734,626.5458349609376,78.44390113758098,29.478088567409827,26.255207858451136,3.222880708958691,765.1113481251223,686.7873138427734,608.4632795604246,0.06329378933008356,0.05781482224196677,0.109817220965154,1.1166655640054994,1.224031348340024,1.0961485585257966,0.03096362232937644,0.025054070566374997,1.6937780555363993,1.0114932476055178,0.08339154782489344,-0.018790963719934384,0
2026-09-06 00:00:00+00:00,766.9279174804688,768.5564575195312,741.7472534179688,752.500732421875,1809733130,694.1537322998047,630.1901391601563,72.05910487115136,31.037461542775418,27.211658595315996,3.8258029474594224,767.7265804855276,694.1537322998047,620.5808841140818,-0.018790963719934384,0.04331347431115051,0.10216283297166617,1.0840548676858086,1.1940852223183307,1.101498879726826,0.03213999984729278,0.025966368787061517,1.0292543962401521,0.8965253592927557,0.056629885510219635,-0.01657599676599153,0
2026-09-07 00:00:00+00:00,752.5057373046875,755.5850219726562,734.632080078125,740.0272827148438,1542958780,700.9786865234375,633.5826013183594,66.97757914981821,30.91045621587375,27.951418119427547,2.9590380964462035,763.6749034069,700.9786865234375,638.2824696399751,-0.01657599676599153,-0.035055481532074384,0.07567849788716585,1.055705825215701,1.1680044262184508,1.1063730049796827,0.034190439813141016,0.026537854805201634,0.8635235786975481,0.8114111036714416,0.07076989570407322,0.016758728757146457,1
2026-09-08 00:00:00+00:00,740.03173828125,760.218017578125,737.5789794921875,752.42919921875,1930669841,707.2765563964844,637.2165197753907,69.29597446239944,31.448021379258194,28.650738771393677,2.797282607864517,763.4229631990604,707.2765563964844,651.1301495939083,0.016758728757146457,-9.506064252562396e-05,0.037838795292742144,1.0638401519376164,1.1808061716353024,1.1099469873219683,0.032761964964950235,0.025796306633738966,1.0785033715288073,0.9020973504238031,0.08637729681361472,-0.039464137964600354,0
2026-09-09 00:00:00+00:00,752.42919921875,757.1658935546875,718.87451171875,722.7352294921875,1763558699,710.6679412841797,640.199287109375,58.674348581629005,29.142058935012983,28.74900280411754,0.39305613089544167,761.4314097818476,710.6679412841797,659.9044727865119,-0.039464137964600354,-0.02336677799123721,0.00204474334760274,1.0169802062355622,1.128922265370645,1.1100729969459737,0.03868987648091316,0.02655177472496289,1.0001865996832766,0.6188579953767556,0.055381980234606054,-0.018819987072358768,0
2026-09-10 00:00:00+00:00,722.734375,725.4892578125,704.9750366210938,709.1333618164062,1670884807,711.77626953125,642.966875,54.5496701964351,25.918240693333928,28.182850381960822,-2.2646096886268943,761.3140469156031,711.77626953125,662.238492146897,-0.018819987072358768,-0.05754141047064354,-0.07533902285715288,0.9962868841966531,1.102908080321255,1.1070185684624112,0.033671832380117284,0.024960354139683297,0.9827910745243224,0.47332432080735054,0.026204675987598458,0.025150534396138013,1
2026-09-11 00:00:00+00:00,709.1307373046875,739.3829956054688,708.7147827148438,726.9684448242188,1722788676,713.3396057128906,646.167333984375,58.65395130620743,24.519834268785985,27.450247159325855,-2.93041289053987,762.714625562222,713.3396057128906,663.9645858635593,0.025150534396138013,0.00585721459158095,-0.033929917271285914,1.0191056812241737,1.1250467279761895,1.1039549172415144,0.035213440216316144,0.025395538214299636,1.0582367997120214,0.6380135051379905,0.06476653922945164,0.0006667141871590232,1
2026-09-12 00:00:00+00:00,726.96826171875,738.8262939453125,725.2286987304688,727.453125,1157881596,714.6199249267578,649.4296472167969,58.76293276971135,23.183452334586605,26.596888194378007,-3.4134358597914023,764.068060253263,714.6199249267578,665.1717896002526,0.0006667141871590232,0.025834016801393522,-0.016991478569161056,1.0179580776096573,1.1201415397612065,1.1003808156731698,0.02265927438820135,0.025354015031160883,0.7243744297724989,0.6297642468063236,0.057401129743008816,-0.015289809400304999,0
2026-09-13 00:00:00+00:00,727.452880859375,729.4397583007812,713.4972534179688,716.3305053710938,1067973135,715.2545440673828,652.3868823242187,55.169153055566646,20.984956064351536,25.474501768372715,-4.489545704021179,764.4343049615916,715.2545440673828,666.074783173174,-0.015289809400304999,-0.014633289145992157,-0.04797620013303261,1.001504305442916,1.0980148816283168,1.0963656128694514,0.022400427999267263,0.02564922245127062,0.6866631432155785,0.510939066031914,-0.011952766456047925,0.0054519463830307036,1
2026-09-14 00:00:00+00:00,716.3378295898438,732.5966796875,714.583740234375,720.2359008789062,1616186488,716.5650512695313,655.3015234375,56.18245448879916,19.334884200097008,24.246578254717573,-4.911694054620565,764.7497531735106,716.5650512695313,668.380349365552,0.0054519463830307036,-0.009921222238331473,-0.0034581524620536097,1.0051228420962917,1.0990908385208407,1.093489066698125,0.02234477040548854,0.025421352884791994,1.0452436670501717,0.5380914425567069,-0.00142048014869256,-0.011211960328278536,0
2026-09-15 00:00:00+00:00,720.2349243164062,723.8658447265625,709.2535400390625,712.16064453125,1525574555,716.7790588378906,658.230126953125,53.49022476441721,17.177572299228927,22.832777063619844,-5.655204764390916,764.8392127634946,716.7790588378906,668.7189049122866,-0.011211960328278536,-0.005821140951806303,0.00426898927317354,0.9935567114444883,1.0819326180461588,1.0889490308743268,0.020512865340368957,0.025227164819181587,0.9871917316193171,0.4519517320544812,-0.07139165506440781,0.018837439707097392,1
2026-09-16 00:00:00+00:00,712.162841796875,725.8045654296875,704.4161376953125,725.575927734375,1491110810,717.4493255615234,661.3319018554688,57.162722048776885,16.36177989966143,21.53857763082816,-5.176797731166733,765.6126642631684,717.4493255615234,669.2859868598784,0.018837439707097392,0.007414274752136407,-0.0019155124266507784,1.0113270747958278,1.0971433945627902,1.084855159033775,0.016970436349147747,0.02553268216742039,0.9641943337955559,0.5843650211127702,-0.035780436519768255,0.017125740967489866,1
2026-09-17 00:00:00+00:00,725.5938110351562,738.1859130859375,720.4427490234375,738.001953125,1487195591,719.7935729980469,664.6639001464844,60.29045208082197,16.52741716877199,20.53634553841693,-4.008928369644941,767.1171369884331,719.7935729980469,672.4700090076607,0.017125740967489866,0.036285785787501634,0.014501041733788744,1.0252966695036085,1.1103385530075467,1.0829436845289966,0.015456102389564559,0.024688817304370916,0.9617259725621917,0.6923817501430379,-0.0027368309752224818,0.031184829843035944,1
2026-09-18 00:00:00+00:00,738.0060424804688,767.4240112304688,735.072509765625,761.0164184570312,2183916470,723.2141967773438,668.0439721679687,65.338343905074,18.30475508793768,20.09002744832108,-1.7852723603834022,772.1260450396759,723.2141967773438,674.3023485150117,0.031184829843035944,0.04884463412853268,0.06238169776503932,1.052269745046675,1.139171147652667,1.0825847203296124,0.016821940129006705,0.025442928168660697,1.357971158361412,0.8864321531762647,0.011412660815392828,0.0013507646834305387,1
2026-09-19 00:00:00+00:00,761.0131225585938,772.634521484375,758.0987548828125,762.0443725585938,1537324950,727.0759582519531,671.5563195800781,65.54900020119783,19.57065714566602,19.98615338779007,-0.4154962421240498,775.4132003917899,727.0759582519531,678.7387161121163,0.0013507646834305387,0.032577717893277125,0.05804830282504447,1.0480945820168668,1.134743803818416,1.0826730939060945,0.016783123252438345,0.025173165401201306,0.9455916232412169,0.8617129645654903,0.05438941048165846,0.013521223098939661,1
2026-09-20 00:00:00+00:00,762.0418090820312,775.2960205078125,747.2582397460938,772.34814453125,1590467764,731.1421020507812,675.5040893554688,67.66998813369615,21.161386640044725,20.221200038241,0.9401866018037239,780.3838702840467,731.1421020507812,681.9003338175157,0.013521223098939661,0.014890251773008956,0.08451393721653333,1.056358459408766,1.143365609034558,1.0823651752403147,0.013722947181923012,0.0252245322977941,0.9676786880374932,0.9184053899655851,0.08914371558111789,0.019048214372642258,1
