Date,Open,High,Low,Close,Volume,SMA_20,SMA_50,RSI_14,MACD,MACD_Signal,MACD_Hist,BB_Upper,BB_Middle,BB_Lower,Daily_Return,Daily_Return_2,Daily_Return_5,Price_to_SMA20,Price_to_SMA50,SMA20_to_SMA50,Volatility_7,Volatility_20,Volume_to_Avg20,BB_Position,Momentum_10,Target_Next_Day_Return,Target_Is_Up
2024-02-13 00:00:00+00:00,49941.359375,50358.390625,48406.49609375,49742.44140625,35593051468,44242.1720703125,43514.68484375,77.19632788314941,1683.6968694303214,889.7069281612834,793.989941269038,49883.09524585057,44242.1720703125,38601.248894774435,-0.004319233922406296,0.02999391017389197,0.09802917100427933,1.124321864830599,1.1431185032101752,1.0167182005149462,0.015453809256623185,0.017353178906222604,1.6346304647040315,0.9875327286666021,0.15700949371689088,0.041900916949929146,1
2024-02-14 00:00:00+00:00,49733.4453125,52021.37109375,49296.83203125,51826.6953125,39105608050,44836.81640625,43700.810703125,81.32638316487504,1991.6381762260062,1110.093177774228,881.5449984517782,51044.38440250111,44836.81640625,38629.24840999889,0.041900916949929146,0.037400703165652915,0.0992528966999382,1.1558959682355068,1.1859435666898035,1.0259950715981516,0.01727536373028884,0.018296398770111216,1.714777455458054,1.063012673439207,0.2170581440158541,0.0021583350882306007,1
2024-02-15 00:00:00+00:00,51836.78515625,52820.06640625,51371.62890625,51938.5546875,38564360533,45342.9005859375,43870.7246875,81.51983081893908,2219.129256465065,1331.9003935123956,887.2288629526693,52136.523292404534,45342.9005859375,38549.27787947047,0.0021583350882306007,0.0441496882574417,0.0872339526063608,1.1454616713163703,1.1839000850218175,1.0335571365397793,0.0189580477065986,0.016598944258274934,1.6442989693013117,0.9854298204758941,0.21753812673072837,0.004267512618200353,1
2024-02-16 00:00:00+00:00,51937.7265625,52537.96875,51641.3671875,52160.203125,28180567298,45844.9080078125,44061.371640625,81.91951960054021,2389.7551433308254,1543.4713434760815,846.2837998547438,53103.686638022176,45844.9080078125,38586.12937760282,0.004267512618200353,0.006435058428654328,0.08005739270836942,1.1377534690681745,1.1838079747137922,1.0404784576779507,0.017197642644837724,0.01664797846666041,1.1601115582529338,0.935010863322407,0.2106440841961268,-0.009532306269177337,0
2024-02-17 00:00:00+00:00,52161.67578125,52191.9140625,50669.66796875,51662.99609375,20009091006,46326.278125,44252.643515625,77.8518806709838,2456.5394779170383,1726.084970364273,730.4545075527653,53795.256766905295,46326.278125,38857.2994830947,-0.009532306269177337,-0.005305472888261109,0.03412398093563329,1.1151985047093615,1.1674555911108113,1.0468589997034374,0.01951028909981896,0.01703509846744385,0.8184091578084427,0.857258885358697,0.16572806843968046,0.008895163192163213,1
2024-02-18 00:00:00+00:00,51661.96875,52356.96484375,51233.70703125,52122.546875,17595377311,46767.9931640625,44451.95640625,78.89497091582724,2517.527956476988,1884.373567586816,633.154388890172,54520.027173038514,46767.9931640625,39015.959155086486,0.008895163192163213,-0.0007219344968760755,0.047848585663729626,1.1144918425760473,1.1725591197527474,1.0521020208119989,0.019533813074495004,0.016418778597074992,0.7242354203045779,0.8453644362716616,0.15056831385435165,-0.006588364620277343,0
2024-02-19 00:00:00+00:00,52134.8125,52483.32421875,51711.8203125,51779.14453125,21362184346,47209.319921875,44642.235546875,76.01403725423968,2509.2272560584024,2009.3443052811335,499.8829507772689,55051.255061492164,47209.319921875,39367.38478225784,-0.006588364620277343,0.002248193993419134,-0.0009174959152475903,1.0967992044142436,1.1598689872258108,1.057503490664228,0.01740370721155833,0.016356453242454962,0.8837912078041775,0.7913709771895725,0.09824433665739196,0.009767068832988945,1
2024-02-20 00:00:00+00:00,51777.7265625,52945.05078125,50792.3125,52284.875,33353758256,47694.4333984375,44804.58640625,77.32711737137738,2514.471847185625,2110.369813662032,404.10203352359304,55531.64313289347,47694.4333984375,39857.223663981524,0.009767068832988945,0.003114355201968344,0.006667885053477374,1.0962469050258785,1.1669536356373227,1.0644989101335478,0.016919873248148302,0.01579090776817271,1.3555637724412826,0.7928619851387168,0.09448350362857783,-0.008524364120598982,0
2024-02-21 00:00:00+00:00,52273.53515625,52368.81640625,50671.7578125,51839.1796875,28624907020,48132.6037109375,44942.210625,73.50792223877949,2454.371865479763,2179.170224025578,275.20164145418494,55861.712810746954,48132.6037109375,40403.49461112805,-0.008524364120598982,0.00115944666126655,-0.006154566475339074,1.0770075934146945,1.1534630577042293,1.0709887885257425,0.008208712746330808,0.01634420193031972,1.1465955515736184,0.7397802857158451,0.07341010768776446,-0.010305082651198116,0
2024-02-22 00:00:00+00:00,51854.64453125,52009.61328125,50926.29296875,51304.97265625,25413900611,48538.559375,45111.3465625,69.10247650266328,2336.70012956515,2210.6762051334927,126.02392443165718,56022.69699632547,48538.559375,41054.42175367453,-0.010305082651198116,-0.018741602494985354,-0.006929978215942323,1.0569941365559947,1.1372964135568193,1.075972301286811,0.008992782391312355,0.016873205280415617,1.0042784038460504,0.6848184400943752,0.026957524275165845,-0.011168964874795462,0
2024-02-23 00:00:00+00:00,51283.90625,51497.93359375,50561.77734375,50731.94921875,21427078270,48925.5443359375,45242.387109375,64.628176691356,2172.1668414033775,2202.97433238747,-30.80749098409251,55990.84523562103,48925.5443359375,41860.243436253964,-0.011168964874795462,-0.021358950419830602,-0.026679388088708067,1.0369215081269036,1.1213367034790582,1.0814094361921784,0.009171507626861248,0.017212700487583957,0.8299110288876523,0.6278363730335542,0.019892626588603024,0.016540904827679226,1
2024-02-24 00:00:00+00:00,50736.37109375,51684.1953125,50585.4453125,51571.1015625,15174077879,49374.9203125,45390.5553125,67.90547197385067,2085.4458841808737,2179.4686427461506,-94.02275856527694,55861.38357091727,49374.9203125,42888.457054082726,0.016540904827679226,0.005187195167866143,-0.004017891192166001,1.0444796920400092,1.1361637064682033,1.0877796046461399,0.011509846778379304,0.016762139276301487,0.5872976378156481,0.669289577579129,-0.004931700708656894,0.003143945229742817,1
2024-02-25 00:00:00+00:00,51565.21484375,51950.02734375,51306.171875,51733.23828125,15413239245,49828.648828125,45545.436171875,68.51251757332079,2006.6703324774207,2144.908980692405,-138.2386482149841,55562.91707203441,49828.648828125,44094.380584215585,0.003143945229742817,0.01973685375625056,-0.010550598404414302,1.0382227794234304,1.1358599813606804,1.0940426311889169,0.010943956336268976,0.016730319117609863,0.6003909468007372,0.6660708369501147,-0.003953063528342904,0.053914352844811164,1
2024-02-26 00:00:00+00:00,51730.5390625,54938.17578125,50931.03125,54522.40234375,34074411896,50400.5353515625,45757.022265625,76.68289772533515,2144.580975502038,2144.843379654332,-0.26240415229358405,55554.945142669516,50400.5353515625,45246.12556045549,0.053914352844811164,0.05722780184699494,0.05176051535585935,1.0817822065467348,1.1915636036637376,1.1014819771046584,0.02303030174298593,0.019420384389933504,1.284092054667441,0.8998388912828604,0.04528738534796495,0.04700762695380023,1
2024-02-27 00:00:00+00:00,54519.36328125,57537.83984375,54484.19921875,57085.37109375,49756832031,51038.8927734375,45959.319609375,81.44692430357006,2432.644302937253,2202.403564310916,230.24073862633713,56183.950977084416,51038.8927734375,45893.83456979059,0.04700762695380023,0.1034563655845957,0.11266741093947008,1.118468054296415,1.2420847736419809,1.11052324549701,0.027479461628885718,0.02064397051452178,1.7791065851538777,1.0876005752497262,0.10495665002007071,0.09493531994124749,1
2024-02-28 00:00:00+00:00,57071.09765625,63913.1328125,56738.42578125,62504.7890625,83239156760,51899.05390625,46286.62078125,87.33801225258696,3062.93074441285,2374.509000331303,688.4217440815469,58540.114918416,51899.05390625,45257.992894084,0.09493531994124749,0.1464056309995856,0.23205967886207057,1.2043531501635483,1.3503856623687622,1.1212538964882377,0.03929221494787069,0.02759760691629365,2.7006808312018524,1.2984970426277493,0.1991890805412604,-0.020900898468654838,0
2024-02-29 00:00:00+00:00,62499.18359375,63585.64453125,60498.73046875,61198.3828125,65496611844,52601.6130859375,46578.032890625,80.68691940678039,3417.6249707038514,2583.1321944058127,834.4927762980387,60049.93527229478,52601.6130859375,45153.29089958021,-0.020900898468654838,0.07205018798941132,0.1866797675115106,1.1634316748522064,1.3138893812069448,1.129322339770276,0.041161065963460794,0.028192219779943434,2.0384536677514737,1.0770943785372746,0.18191181732570438,0.020298739001094468,1
2024-03-01 00:00:00+00:00,61168.0625,63155.1015625,60802.52734375,62440.6328125,40186368423,53335.080859375,46899.473828125,82.0840738309947,3755.668880524958,2817.639531629642,938.0293488953157,61622.45626023203,53335.080859375,45047.705458517965,0.020298739001094468,-0.0010264213504640463,0.20697321271556168,1.1707235051753835,1.3313717130671765,1.1372213056128286,0.037994903294392084,0.028233055560079195,1.2060763141396897,1.0493628267511184,0.19423892306331414,-0.006578811548619723,0
2024-03-02 00:00:00+00:00,62431.65234375,62458.69921875,61657.2890625,62029.84765625,23888473685,54021.87734375,47283.007421875,80.02251619795831,3944.949266005591,3043.1014785048324,901.8477875007588,62811.64011592986,54021.87734375,45232.114571570135,-0.006578811548619723,0.01358638587391181,0.13769469043508842,1.14823569091359,1.3118845656918288,1.1425220240698422,0.040362544209358225,0.028597332081183268,0.7120567714266139,0.9555282389330072,0.19658235392963364,0.01833832389535761,1
2024-03-03 00:00:00+00:00,62031.578125,63230.2109375,61435.0234375,63167.37109375,26253811450,54682.334765625,47689.5071875,81.41452069664349,4139.031787923406,3262.2875403885473,876.7442475348589,64145.697380946396,54682.334765625,45218.9721503036,0.01833832389535761,0.011638867969712807,0.10654218205942234,1.1551696057692649,1.324554914048408,1.1466324143512623,0.03923327310386101,0.028183807372454194,0.7923133152284734,0.9483097960542871,0.2312134248073694,0.08173591649219114,1
2024-03-04 00:00:00+00:00,63137.00390625,68537.03125,62386.51953125,68330.4140625,70670471105,55611.7333984375,48220.190078125,86.13632748177731,4655.788965988089,3540.987825508456,1114.8011404796334,66565.98503797874,55611.7333984375,44657.48175889626,0.08173591649219114,0.1015731400980664,0.0932028583309803,1.228704985204073,1.417049869604267,1.1532873119814941,0.043307737216517914,0.031863813555639754,2.0255504388548684,1.0805362649399186,0.3468911625663653,-0.06628402455760396,0
2024-03-05 00:00:00+00:00,68341.0546875,69170.625,59323.91015625,63801.19921875,102802940877,56210.45859375,48645.9746875,69.46400408726157,4646.293389004713,3762.0489382077076,884.2444507970058,67594.20173530604,56210.45859375,44826.71545219396,-0.06628402455760396,0.010034106438580492,0.04253080370153772,1.1350414284975074,1.3115411835944624,1.1555007162431008,0.05657600787250056,0.03620557058475965,2.7000554755648007,0.8334026660040411,0.23715021176012918,0.03613733749494208,1
2024-03-06 00:00:00+00:00,63776.05078125,67637.9296875,62848.671875,66106.8046875,68750229073,56918.87109375,49105.011875,72.39334744060076,4769.827565353873,3963.604663636941,806.222901716932,68929.41186080617,56918.87109375,44908.33032669384,0.03613733749494208,-0.0325420152286231,0.058714521456068036,1.1614215710395368,1.3462333510025244,1.1591254929057078,0.04663019892049945,0.036561554854431064,1.7368329262398925,0.8824945842135465,0.2778400673104491,0.012384196927533564,1
2024-03-07 00:00:00+00:00,66099.7421875,68029.921875,65655.53125,66925.484375,46989543159,57657.13515625,49588.668515625,73.37022339213347,4877.564373002315,4146.396605510015,731.1677674922994,70237.72912775532,57657.13515625,45076.54118474468,0.012384196927533564,0.048969066326449706,0.07892388751105894,1.1607493884951603,1.3496124493423796,1.1627078702079425,0.044735855669205515,0.036507392971870695,1.1595449681359082,0.8683589677777752,0.22748597820491656,0.020539401213709896,1
2024-03-08 00:00:00+00:00,66938.09375,70083.0546875,66230.453125,68300.09375,59202881172,58488.9900390625,50129.42921875,74.97165283546467,5016.044222322293,4320.326128872471,695.7180934498219,71590.15190651707,58488.9900390625,45387.82817160792,0.020539401213709896,0.03317796213064761,0.08125591689785949,1.1677427444786626,1.3624749935204448,1.1667595452530257,0.04474184733745409,0.036140993024031155,1.393539736211656,0.8744363977102628,0.19645528164881898,0.0029105240064184468,1
2024-03-09 00:00:00+00:00,68299.2578125,68673.0546875,68053.125,68498.8828125,21609650379,59307.8068359375,50667.03875,75.20388469538209,5083.234750594958,4472.907853216968,610.3268973779905,72775.50102106459,59307.8068359375,45840.11265081042,0.0029105240064184468,0.023509705640438305,0.002465501670250392,1.1549724474214274,1.3519417061353325,1.170540222975583,0.04416315693719407,0.03621597113709041,0.506264265172626,0.8412267850094404,0.09589815180411798,0.007604594828588107,1
2024-03-10 00:00:00+00:00,68500.2578125,70005.203125,68239.9765625,69019.7890625,35683977532,60169.8390625,51214.1228125,75.83658736431988,5119.502076157929,4602.22669780516,517.2753783527687,73814.41838434368,60169.8390625,46525.25974065633,0.007604594828588107,0.01053725219081425,0.08179454160191324,1.147082826510593,1.3476710186990475,1.174868098059353,0.044218644436282664,0.035921638296843424,0.822199793306612,0.824302779559941,0.1278041328961792,0.04497430707429584,1
2024-03-11 00:00:00+00:00,69020.546875,72850.7109375,67194.8828125,72123.90625,65716656765,61161.790625,51825.685234375,79.23658104537307,5337.1966273692815,4749.220683717985,587.9759436512968,75269.47269909164,61161.790625,47054.108550908364,0.04497430707429584,0.052920913285880555,0.09102091064519047,1.1792314370292358,1.3916633407513843,1.1801443695033391,0.03623697138576539,0.03650576632059855,1.4597615608555325,0.8885158301494338,0.15507968131228655,-0.008909905479502545,0
2024-03-12 00:00:00+00:00,72125.125,72825.65625,68728.8515625,71481.2890625,62554434520,62143.89609375,52465.163671875,76.82650993938866,5395.6693733055945,4878.510421635507,517.1589516700878,76253.74442309946,62143.89609375,48034.047764400544,-0.008909905479502545,0.03566368476975512,0.06807279364573149,1.1502543862821806,1.3624524171801826,1.1844792190568059,0.018881782902649892,0.03651996139446706,1.339058476210284,0.8308821169015537,0.15236925066504958,0.022414410239567806,1
2024-03-13 00:00:00+00:00,71482.1171875,73637.4765625,71334.09375,73083.5,48212536929,63232.8224609375,53129.92265625,78.57616851635562,5507.80394279067,5004.369125866539,503.43481692413025,77181.18289350935,63232.8224609375,49284.462028365655,0.022414410239567806,0.013304794483451898,0.0700351344686112,1.155784245518185,1.3755619497669782,1.1901546115557735,0.017137354946011873,0.03596980606965138,1.007467694413159,0.8531123814401674,0.15698182043278242,-0.0230819028918976,0
2024-03-14 00:00:00+00:00,73079.375,73750.0703125,68563.0234375,71396.59375,59594605698,64266.0546875,53756.313046875,72.37982703758627,5398.323646030658,5083.1600298993635,315.1636161312945,77350.14351612717,64266.0546875,51181.965858872834,-0.0230819028918976,-0.0011848598928587695,0.04230303938579283,1.1109534278581896,1.3281527266898465,1.1955071143264717,0.022340528443575383,0.036579600605413196,1.197555461009738,0.7724889427110441,0.04487283927030572,-0.027911980219644583,0
2024-03-15 00:00:00+00:00,71387.875,72357.1328125,65630.6953125,69403.7734375,78320453976,65157.68828125,54345.71234375,65.78044624969766,5092.057706021755,5084.939565123842,7.118140897912781,76967.60977531824,65157.68828125,53347.766787181754,-0.027911980219644583,-0.05034962149459177,0.005563395371322999,1.065166295309956,1.277079100527822,1.198948094913387,0.025613630594460774,0.03798716638542026,1.4799541725851064,0.67976771303614,0.08781299234738382,-0.05891115205258901,0
2024-03-16 00:00:00+00:00,69392.484375,70046.2734375,64801.39453125,65315.1171875,46842198371,65836.7822265625,54815.677265625,54.75055322655883,4467.915998538745,4961.534851806823,-493.61885326807806,75816.63795153043,65836.7822265625,55856.92650159457,-0.05891115205258901,-0.08517880536142519,-0.09440405292107978,0.9920763891943062,1.1915408227284499,1.2010575351925616,0.03456962416439175,0.04143851180192053,0.8596111342894528,0.4738640991694208,-0.011975885141362719,0.04708722796395115,1
2024-03-17 00:00:00+00:00,65316.34375,68845.71875,64545.31640625,68390.625,44716864318,66530.193359375,55341.088671875,60.16177555277246,4173.339318191218,4803.895745083702,-630.5564268924845,75015.21126624766,66530.193359375,58045.175452502335,0.04708722796395115,-0.014597886934957005,-0.043237385657632244,1.0279637191278783,1.2358019446544957,1.2021843978141045,0.040002863853399635,0.04110645549837222,0.8126728497356643,0.6096303897672448,0.021892118356446444,-0.0123120859035869,0
2024-03-18 00:00:00+00:00,68371.3046875,68897.1328125,66594.2265625,67548.59375,49261579492,67053.3544921875,55851.348671875,58.11273990311232,3827.815616287131,4608.679719324388,-780.8641030372573,74283.95150456886,67053.3544921875,59822.75747980614,-0.0123120859035869,0.034195400064710224,-0.07573400630785332,1.0073857491778462,1.2094353199391112,1.20056822416454,0.034618002274331,0.04059890643818305,0.8956704186242546,0.5342460834813829,-0.01100291315485935,-0.08343356981432348,0
2024-03-19 00:00:00+00:00,67556.1328125,68106.9296875,61536.1796875,61912.7734375,74215844794,67023.7537109375,56223.83921875,46.65835221436688,3063.9032252934703,4299.724420518205,-1235.8211952247348,74337.12840140527,67023.7537109375,59710.379020469736,-0.08343356981432348,-0.09471841443911355,-0.13283295202721068,0.9237437476945812,1.1011836668893433,1.1920878161693707,0.04465918517451366,0.04037012189950764,1.3605476907362526,0.15057306033429818,-0.09614915024275605,0.09692504638897836,1
2024-03-20 00:00:00+00:00,61930.15625,68115.2578125,60807.78515625,67913.671875,66792634382,67359.5181640625,56723.06046875,56.49197818972991,2909.184239041533,4021.6163842228707,-1112.4321451813375,74144.30202750587,67359.5181640625,60574.73430061912,0.09692504638897836,0.005404673950003547,-0.021470036695366068,1.0082268063377144,1.1972850426929125,1.1875155819769696,0.06186549935330746,0.04539694867685698,1.2230102344374927,0.540837978194361,-0.016026087626816232,-0.03566706353999505,0
2024-03-21 00:00:00+00:00,67911.5859375,68199.9921875,64580.91796875,65491.390625,44480350565,67512.0560546875,57181.236171875,52.300688860761284,2561.582150222588,3729.6095374228144,-1168.0273872002263,73960.02184715029,67512.0560546875,61064.09026222472,-0.03566706353999505,0.057800951060810624,0.0026988152986693326,0.9700695616787217,1.1453300944412321,1.1806680053533678,0.06252884889930942,0.0461996999430418,0.811270609130671,0.3433098519187616,-0.09196001672469034,-0.02615044343853401,0
2024-03-22 00:00:00+00:00,65489.9296875,66623.75,62355.37109375,63778.76171875,41401116964,67599.5017578125,57595.2959375,49.50411956182939,2123.432542242248,3408.3741383867014,-1284.9415961444533,73776.15033371771,67599.5017578125,61422.853181907274,-0.02615044343853401,-0.06088479745080788,-0.06743414439113549,0.9434797603575394,1.1073606043792195,1.1736983143756852,0.0624510766906724,0.04662744621555724,0.74323899929548,0.19071090963738824,-0.10775585394123577,0.004444134671348854,1
2024-03-23 00:00:00+00:00,63802.72265625,65976.3984375,63038.4921875,64062.203125,24738964812,67644.243359375,58012.8228125,49.980813368351896,1778.5649838702739,3082.412307483416,-1303.8473236131422,73697.44354683164,67644.243359375,61591.043171918376,0.004444134671348854,-0.021822524859541392,-0.0516130748465804,0.9470458969384191,1.1042766067779852,1.166022270248841,0.05872010951199637,0.046481061603920716,0.4447222753321448,0.20412012460799928,-0.12343821621843509,0.04951388799118828,1
2024-03-24 00:00:00+00:00,64070.75390625,67622.7578125,63825.8515625,67234.171875,27206630673,67589.43125,58497.66125,55.090265528088516,1741.1356007142167,2814.1569661295766,-1073.02136541536,73636.31988817028,67589.43125,61542.542611829704,0.04951388799118828,0.054178069048872235,0.08594992829503711,0.9947438620442601,1.1493480326959227,1.155421085317321,0.05905957217369995,0.04405701722027151,0.5089660641511843,0.4706246140570987,-0.05830000643413047,0.04052464020923141,1
2024-03-25 00:00:00+00:00,67234.09375,71162.59375,66414.8359375,69958.8125,42700139523,67897.3119140625,59045.165859375,58.967570441757545,1909.3188335610175,2633.189339615865,-723.8705060548473,73756.18823853126,67897.3119140625,62038.43558959375,0.04052464020923141,0.09204506069662277,0.030113827872011223,1.0303620353711018,1.1848355658212137,1.1499216053651238,0.060719140841089175,0.04201089306820625,0.8463926262819593,0.6759296895658927,0.007997246187195106,0.00041486463910467286,1
2024-03-26 00:00:00+00:00,69931.328125,71535.7421875,69335.609375,69987.8359375,36010437368,68091.3634765625,59591.74921875,59.00816904472434,2021.6429644687814,2510.880064586448,-489.2371001176666,73957.6239256188,68091.3634765625,62225.10302750621,0.00041486463910467286,0.04095631708857117,0.0686570443777319,1.0278518796527003,1.1744551360724105,1.1426307226963925,0.046636483977948825,0.04139254589596143,0.7377286962766066,0.661642368030436,0.0715411523581293,-0.007608353371227561,0
2024-03-27 00:00:00+00:00,69991.8984375,71727.6875,68381.9296875,69455.34375,40827113309,68217.8564453125,60119.16265625,57.87671529131686,2044.1295254139695,2417.5299567519523,-373.4004313379828,74087.3666741543,68217.8564453125,62348.3462164707,-0.007608353371227561,-0.007196645168898508,0.08900426847862697,1.0181402255827188,1.1552945962859216,1.1347106884267384,0.03171482203824305,0.04141237513912626,0.8417188587456919,0.6054165728008014,0.015568197395476435,0.018567460837021654,1
2024-03-28 00:00:00+00:00,69452.7734375,71546.0234375,68895.5078125,70744.953125,34374900617,68340.0994140625,60647.697265625,59.88295678872143,2141.3270999389642,2362.2893853893547,-220.96228545039048,74317.66363964014,68340.0994140625,62362.53518848486,0.018567460837021654,0.010817839662539575,0.10431658097927765,1.0351894968189446,1.1664903420017911,1.1268374974691338,0.02674788130085886,0.04136991293120082,0.7273101779976417,0.7011566601532504,0.04731940663087464,-0.01204502883045766,0
2024-03-29 00:00:00+00:00,70744.796875,70913.09375,69076.65625,69892.828125,25230851763,68409.7966796875,61139.5225,57.919962393119256,2125.1006742825994,2314.8516431680036,-189.7509688854043,74427.52753271,68409.7966796875,62392.065826665,-0.01204502883045766,0.006298786405473766,0.03954322892446571,1.0216786413246695,1.1431693488446855,1.118912838740072,0.023819751301032283,0.0414983930525107,0.5318015093306238,0.6232218157918801,0.12889189491011477,-0.0035414711944022903,0
2024-03-30 00:00:00+00:00,69893.4453125,70355.4921875,69601.0625,69645.3046875,17130241883,68441.0724609375,61589.484609375,57.33205216600096,2068.424531824974,2265.5662208993976,-197.14168907442354,74478.6212452262,68441.0724609375,62403.5236766488,-0.0035414711944022903,-0.015543842902221217,-0.004481319812282392,1.0175951688549272,1.1307986278699718,1.1112460657045273,0.024501720107791558,0.04149149028714346,0.36826219638700924,0.5997285711128523,0.02549755836626222,0.02424203264779501,1
2024-03-31 00:00:00+00:00,69647.78125,71377.78125,69624.8671875,71333.6484375,20050941373,68401.5595703125,62060.73203125,60.29267195647271,2135.1310494798236,2239.479186615483,-104.34813713565927,74347.26980586497,68401.5595703125,62455.84933476003,0.02424203264779501,0.020614708993076603,0.01922923436583801,1.0428658189317086,1.149416806775349,1.102171330107251,0.019435911326248455,0.040591200912345665,0.4533013129127355,0.7465717930260903,0.089206501140775,-0.022871394296192005,0
2024-04-01 00:00:00+00:00,71333.484375,71342.09375,68110.6953125,69702.1484375,34873527352,68312.6025390625,62488.896640625,56.2321971309733,2032.913864742397,2198.1661222408657,-165.25225749846868,74115.83238500002,68312.6025390625,62509.37269312498,-0.022871394296192005,0.0008161892643741009,0.0035534297891945954,1.020340989023847,1.115432535772852,1.093195850967409,0.016683612493448605,0.04087567918375401,0.8138684367040033,0.619721770059671,0.09287396868679898,-0.061047985989492126,0
2024-04-02 00:00:00+00:00,69705.0234375,69708.3828125,64586.59375,65446.97265625,50705240709,67930.776171875,62798.671640625,47.28735941863342,1590.2178444097517,2076.576466674643,-486.35862226489144,73408.05091896173,67930.776171875,62453.501424788265,-0.061047985989492126,-0.08252312772713,-0.07488845825353707,0.9634362559123334,1.0421712903543614,1.0817231383590284,0.028305380177785697,0.04263880936999426,1.179912436518499,0.27326283322321115,0.021616014805922346,0.008156830210526378,1
2024-04-03 00:00:00+00:00,65446.671875,66914.3203125,64559.8984375,65980.8125,34488018367,67659.987109375,63123.4390625,48.39639534414367,1267.839606962123,1914.8290947321393,-646.9894877700162,72948.03701599914,67659.987109375,62371.93720275084,0.008156830210526378,-0.05338911383537648,-0.055971631567169444,0.9751821618490624,1.0452664411181851,1.0718678848023988,0.02906876489923263,0.0424997539396373,0.8266859772913102,0.3412293152461031,-0.018641701683040135,0.038314642609167615,1
2024-04-04 00:00:00+00:00,65975.6953125,69291.2578125,65113.796875,68508.84375,34439527442,67615.240625,63457.08203125,53.3967746990216,1202.4820607343427,1772.35968793258,-569.8776271982374,72856.0965816444,67615.240625,62374.384668355626,0.038314642609167615,0.04678399885403417,-0.016317839983604476,1.0132160015514253,1.0796091083460506,1.0655271005323297,0.03268887471218055,0.04303982558639782,0.8713494854761304,0.5852535475495254,-0.020726034336274624,-0.009797320875087778,0
2024-04-05 00:00:00+00:00,68515.7578125,68725.7578125,66011.4765625,67837.640625,33748230056,67741.366796875,63775.06375,51.95723011627053,1084.0292374990968,1634.6935978458837,-550.6643603467869,72869.34887069059,67741.366796875,62613.3847230594,-0.009797320875087778,0.02814194088622357,-0.049009238824550994,1.0014211970126567,1.06370165133704,1.0621920671443468,0.03260891683646248,0.04083236404646629,0.8682409873526612,0.5093871065400752,-0.030722414598161718,0.015602971156545964,1
2024-04-06 00:00:00+00:00,67840.5703125,69629.6015625,67491.71875,68896.109375,19967785809,67766.641015625,64109.781875,54.060546814911966,1063.306963027033,1520.4162708821136,-457.1093078550807,72913.04638747679,67766.641015625,62620.23564377322,0.015602971156545964,0.00565278296643279,-0.011564049036777546,1.0166670258765602,1.0746583026804286,1.0570405799813059,0.03342602780277181,0.03961934725627705,0.5306036787502112,0.609733714871414,-0.00805171128391402,0.006770270726916605,1
2024-04-07 00:00:00+00:00,68897.109375,70284.4296875,68851.6328125,69362.5546875,21204930369,67857.3390625,64463.773046875,54.995605630172996,1072.1634172095946,1430.7657001476098,-358.60228293801515,73051.28173527122,67857.3390625,62663.3963897288,0.006770270726916605,0.022478878222336407,0.05982831401256683,1.0221820608617385,1.0759927849253075,1.052642993967439,0.03183657772077865,0.03950867969298572,0.5852966680287357,0.6449010626254074,-0.019540594437279846,0.03270935878474601,1
2024-04-08 00:00:00+00:00,69362.5546875,72715.359375,69064.2421875,71631.359375,37261432669,68343.268359375,64853.949296875,59.33162296454141,1247.871116586699,1394.1867834354277,-146.31566684872882,72984.58771663044,68343.268359375,63701.94900211956,0.03270935878474601,0.03970108072593903,0.08563924360585884,1.0481114101587148,1.1045026579198867,1.053802722892438,0.03312064537019784,0.03449807591248986,1.0837592669846168,0.8542194322919153,0.024874243847891275,-0.03479403115822832,0
2024-04-09 00:00:00+00:00,71632.5,71742.5078125,68212.921875,69139.015625,36426900409,68404.535546875,65201.14671875,53.26090391410713,1172.4936461090838,1349.848155970159,-177.35450986107526,73054.31998426089,68404.535546875,63754.75110948912,-0.03479403115822832,-0.0032227628222044613,0.009198401848666382,1.0107373008566323,1.0603957001436843,1.0491308663932408,0.024956005612301668,0.028686051931769395,1.1084349215248632,0.5789800138066099,-0.0072695361844093975,0.0209558550176423,1
2024-04-10 00:00:00+00:00,69140.2421875,71093.4296875,67503.5625,70587.8828125,38318601774,68659.36015625,65567.206875,56.07458638652183,1215.6546212778048,1323.0094490316883,-107.35482775388346,73194.12024525242,68659.36015625,64124.60006724758,0.0209558550176423,-0.014567314813017207,0.040541536559372426,1.0280882701478897,1.0765729726305349,1.0471600580324398,0.025422169428137038,0.02762137477803757,1.1770319807685237,0.7126377821978946,-0.010454612112731243,-0.007469744331340511,0
2024-04-11 00:00:00+00:00,70575.734375,71256.234375,69571.8125,70060.609375,30153382941,68973.4525390625,65931.63546875,54.78210152727869,1193.5548874780652,1297.1185367209637,-103.56364924289846,72916.45195371994,68973.4525390625,65030.45312440508,-0.007469744331340511,0.013329575807075278,0.016902260672829073,1.015761960521286,1.062625079400723,1.0461359262315624,0.0226517767149248,0.026849006208418114,0.9425026303610538,0.6378591170843407,0.0051427530647985,-0.04088948430588779,0
2024-04-12 00:00:00+00:00,70061.3828125,71222.7421875,65254.8359375,67195.8671875,44129299406,69130.1357421875,66249.453359375,48.27198348432772,934.1120738175377,1224.5172441402785,-290.4051703227408,72451.44991379826,69130.1357421875,65808.82157057674,-0.04088948430588779,-0.04805379464362303,-0.031237135220316015,0.9720198935830081,1.0142856096184087,1.0434823570118539,0.02807572915823749,0.028749383997318537,1.338776619687315,0.2088097580137349,0.026722313657436825,-0.05021729270691988,0
2024-04-13 00:00:00+00:00,67188.375,67931.4296875,60919.10546875,63821.47265625,52869738185,68959.50078125,66511.243828125,41.948433946176976,451.01729054996395,1069.8172534222158,-618.7999628722519,72970.0856225106,68959.50078125,64948.915939989405,-0.05021729270691988,-0.08905341781078391,-0.10902887767163782,0.9254920922165808,0.9595591509485858,1.0368096702484118,0.03228803353034712,0.02886669265608148,1.5438420336859315,-0.14055846321219206,-0.032726784680773724,0.03004089104268326,1
2024-04-14 00:00:00+00:00,63836.23046875,65824.4296875,62205.8515625,65738.7265625,49084320047,68748.496484375,66794.596328125,46.25629640110927,220.32776010615635,899.9193547590039,-679.5915946528476,72975.902371614,68748.496484375,64521.09059713602,0.03004089104268326,-0.02168497388290369,-0.049180466799566225,0.9562205709828279,0.9841922876449751,1.0292523686594581,0.035400771901180815,0.028135941965973056,1.4200678464146552,0.14401692170600233,-0.04043444664762719,-0.03517737178558533,0
2024-04-15 00:00:00+00:00,65739.6484375,66878.6484375,62332.0703125,63426.2109375,43595917654,68420.415234375,67028.45578125,42.18958913177487,-147.3969390746788,690.4560959922674,-837.8530350669462,73222.28060818263,68420.415234375,63618.54986056738,-0.03517737178558533,-0.006193240335880756,-0.10145752485626014,0.9270071033657529,0.9462579765300566,1.020766694337517,0.03179402105525363,0.029038020478216894,1.2475921869057207,-0.020027521399966258,-0.06502923225007129,0.006080330797783695,1
2024-04-16 00:00:00+00:00,63419.296875,64355.66796875,61716.40234375,63811.86328125,42847528078,68138.2412109375,67214.245,43.088197336156774,-403.05630914143694,471.7536149655265,-874.8099241069634,73331.36030320932,68138.2412109375,62945.122118665684,0.006080330797783695,-0.029310931044854716,-0.0891905758384649,0.9365058761012893,0.9493800500362685,1.0137470295312772,0.03169027063474737,0.02912222366520425,1.2226408210310098,0.08345092296016893,-0.07379583752801722,-0.03972884891052719,0
2024-04-17 00:00:00+00:00,63831.84765625,64486.36328125,59768.5859375,61276.69140625,41915247049,67664.828125,67298.07140625,38.816709647674294,-801.0019331636431,217.2025053396926,-1018.2044385033357,73539.01479258065,67664.828125,61790.64145741935,-0.03972884891052719,-0.03389008265633475,-0.08808839038766214,0.9055914735060151,0.9105267079103726,1.0054497359446757,0.02974705210586812,0.02967564768915745,1.1833083574357648,-0.0437464861310769,-0.11657389664609874,0.03649124077498622,1
2024-04-18 00:00:00+00:00,61275.31640625,64125.6875,60833.48046875,63512.75390625,36006307335,67345.8244140625,67318.230703125,44.08212578615456,-925.2791094412678,-11.293817616499467,-913.9852918247683,73400.73623910065,67345.8244140625,61290.91258902437,0.03649124077498622,-0.004687363126848032,-0.004837223855093331,0.9430837688726531,0.943470338463629,1.0004098995272053,0.03659315602933251,0.031165764976231462,1.001263912897932,0.18347429173435056,-0.11333870443876382,0.005208661031110617,1
2024-04-19 00:00:00+00:00,63510.75,65481.59765625,59651.390625,63843.5703125,49920425401,67055.7376953125,67371.134453125,44.83847768026229,-985.7128634685796,-206.17762678691548,-779.5352366816642,73202.01538645066,67055.7376953125,60909.46000417435,0.005208661031110617,0.04188997230989844,-0.028828612130145426,0.9520970539850305,0.9476398287002368,0.9953185179324545,0.034919255945640125,0.03123843235275399,1.3276579958737493,0.2386900214869986,-0.07659127432796742,0.018026421268684478,1
2024-04-20 00:00:00+00:00,63851.1015625,65442.45703125,63172.40234375,64994.44140625,23097485495,66738.77734375,67422.210625,47.49898974355148,-930.0206705302262,-350.94623553557767,-579.0744349946485,72603.54475427147,66738.77734375,60874.00993322853,0.018026421268684478,0.02332897581778748,0.02472527438688288,0.9738632320380176,0.9639915512077589,0.9898633807032635,0.02993409067820674,0.030973822548013397,0.6118102861306924,0.35128686140471327,-0.07924081561006235,-0.0010431180502996629,0
2024-04-21 00:00:00+00:00,64992.81640625,65723.2421875,64277.72265625,64926.64453125,20506644853,66500.0021484375,67480.1465625,47.35409447537032,-881.196957595268,-456.9963799475157,-424.2005776477523,72244.39245396497,66500.0021484375,60755.611842910024,-0.0010431180502996629,0.016964499532977184,0.0174698119233192,0.9763404877239621,0.9621592103555237,0.9854750698688142,0.027455672796912294,0.030663627253732364,0.5537196102636166,0.36305268849214917,-0.07327890650037616,0.029433758205850147,1
2024-04-22 00:00:00+00:00,64935.6328125,67233.9609375,64548.1796875,66837.6796875,28282686673,66569.5375,67553.552734375,51.81596233023409,-680.4553813488455,-501.6881802277817,-178.76720112106386,72293.89076840763,66569.5375,60845.184231592386,0.029433758205850147,0.028359937271077884,0.0907520976350038,1.0040280013587295,0.9894028808567648,0.9854335531656757,0.02497548306615296,0.028241712330084375,0.7875285557452996,0.5234211774612039,-0.005330498957629826,-0.006439574982440521,0
2024-04-23 00:00:00+00:00,66839.890625,67199.2421875,65864.8671875,66407.2734375,24310975583,66590.860546875,67515.089921875,50.772268190086,-549.7591420520912,-511.30237259264356,-38.45676945944763,72309.15410308207,66590.860546875,60872.56699066794,-0.006439574982440521,0.022804642330428004,0.04557383128942183,0.9972430584637696,0.9835915721114064,0.9863107732498103,0.025559061001028508,0.028247428617701,0.6866659880735312,0.48394738678851806,0.040516156610447274,-0.03208044676017341,0
2024-04-24 00:00:00+00:00,66408.71875,67075.3671875,63589.87109375,64276.8984375,30276655120,66379.26328125,67524.60390625,45.84953002906508,-611.0411865682836,-531.2501353877716,-79.791051180512,72111.90258698381,66379.26328125,60646.62397551617,-0.03208044676017341,-0.038313437300231734,0.006787341667750635,0.9683279876903388,0.9519033762381033,0.9830381733658122,0.02334645579113949,0.027694666534012514,0.8602245081425403,0.31663203180712995,-0.02223694010272914,0.0031863484195515657,1
2024-04-25 00:00:00+00:00,64275.01953125,65275.20703125,62783.6328125,64481.70703125,32155786816,66211.4666015625,67492.101953125,46.38770239358202,-635.7527446044114,-552.1506572310996,-83.60208737331186,71960.80467653715,66211.4666015625,60462.12852658784,0.0031863484195515657,-0.02899631782145473,-0.007888895787181771,0.9738752264661107,0.9553963377231042,0.9810254042398628,0.019418090973918164,0.027674569190622837,0.9156861555648312,0.3495688070734889,0.016641323486753512,-0.011265004482557628,0
2024-04-26 00:00:00+00:00,64485.37109375,64789.65625,63322.3984375,63755.3203125,24139372950,65954.4271484375,67428.698671875,44.69123347778575,-705.8139856486159,-582.8833229146029,-122.93066273401303,71657.88282464548,65954.4271484375,60250.971472229525,-0.011265004482557628,-0.0081145502922354,-0.018040732386627956,0.9666571763107247,0.9455220339154018,0.9781358449373068,0.020000240421888967,0.02741751060277624,0.6833474485923859,0.3072127705742416,-0.0008860886650620126,-0.005272966802647994,0
2024-04-27 00:00:00+00:00,63750.98828125,63898.36328125,62424.71875,63419.140625,19530783039,65657.2564453125,67331.079609375,43.89119892173355,-779.4795599920981,-622.2025703301019,-157.27698966199614,71230.8939703465,65657.2564453125,60083.61892027849,-0.005272966802647994,-0.016478571290537425,-0.05114688418992697,0.9659121330758517,0.9418999515963455,0.9751404080586071,0.01836731409170654,0.027311890438574564,0.554198803403428,0.29922305583561976,0.034963526417346236,-0.004823625063903991,0
2024-04-28 00:00:00+00:00,63423.515625,64321.484375,62793.59765625,63113.23046875,17334827993,65231.35,67223.3665625,43.13450827427856,-852.7148850048907,-668.3050332650597,-184.40985173983097,70145.66965284201,65231.35,60317.03034715798,-0.004823625063903991,-0.010071157051721569,-0.04960364728496536,0.9675291170388165,0.9388585204234207,0.9703672002108381,0.01834359102996573,0.02590172387408493,0.506198129021368,0.28449514064219833,-0.00629044424824865,0.011533090916022948,1
2024-04-29 00:00:00+00:00,63106.36328125,64174.87890625,61795.45703125,63841.12109375,26635912073,64966.4552734375,67119.793203125,45.54037986138774,-842.3100910974827,-703.1060448315443,-139.20404626593836,69554.18617204599,64966.4552734375,60378.72437482903,0.011533090916022948,0.006653834545712112,-0.006779688415951335,0.9826782271719908,0.951151933685899,0.9679179892111581,0.013542435952236961,0.025253515835331076,0.7890813992039541,0.37735394636716424,-3.836280988067653e-05,-0.050191249309274655,0
2024-04-30 00:00:00+00:00,63839.41796875,64703.33203125,59120.06640625,60636.85546875,37840840057,64468.90390625,66890.0521875,37.93222957243273,-1080.1701446902807,-778.5188648032916,-301.6512798869891,68628.06361193802,64468.90390625,60309.744200561974,-0.050191249309274655,-0.0392370186347244,-0.059627012675651625,0.9405597395750279,0.9065152961576167,0.9638040605131648,0.02137003954845014,0.026577986099102585,1.121818123209941,0.03932420144154021,-0.0670455171737343,-0.03929695449375714,0
2024-05-01 00:00:00+00:00,60609.49609375,60780.5,56555.29296875,58254.01171875,48439780271,63878.5740234375,66625.506640625,33.45603785843082,-1444.3025069673604,-911.6755932361054,-532.626913731255,68047.54012939386,63878.5740234375,59709.60791748114,-0.03929695449375714,-0.08751584056294048,-0.08628783553725483,0.9119491568076675,0.8743499998126774,0.9587705556671512,0.022599408319847053,0.02752892019743073,1.3981337798122542,-0.1745752018289945,-0.10277187217473371,0.014924669552331737,1
2024-05-02 00:00:00+00:00,58253.703125,59602.296875,56937.203125,59123.43359375,32711813559,63474.95234375,66346.3053125,36.404829752132514,-1643.7765157945178,-1058.095777747788,-585.6807380467299,67849.64125848497,63474.95234375,59100.26342901503,0.014924669552331737,-0.024958779001657883,-0.0677351819800065,0.9314451041028868,0.8911337762558246,0.9567217352160676,0.024425775463053554,0.026929464046022106,0.959990234641243,0.0026482071281602026,-0.11541762266161848,0.06370405294167747,1
2024-05-03 00:00:00+00:00,59122.30078125,63320.50390625,58848.3125,62889.8359375,33172023048,63428.3705078125,66176.17015625,47.29985227571618,-1480.873327017558,-1142.651287601742,-338.22203941581597,67807.36167405041,63428.3705078125,59049.37934157459,0.06370405294167747,0.07957948443330798,-0.0035395832156082108,0.9915095632127872,0.9503396130209627,0.9584775056950318,0.03767351706771437,0.02905554397675783,1.0024707082041113,0.4385092878852316,-0.05296765426321082,0.015926845790239064,1
2024-05-04 00:00:00+00:00,62891.03125,64494.95703125,62599.3515625,63891.47265625,20620477992,63336.0078125,66065.924140625,49.764651920662764,-1256.4639300183044,-1165.4138160850546,-91.0501139332498,67585.8382341868,63336.0078125,59086.1773908132,0.015926845790239064,0.08064550335933185,0.0007887011010672129,1.0087701271825404,0.9670866409172366,0.9586789049932275,0.03815428074154378,0.028443920062271637,0.6511646018381647,0.5653514127193727,-0.005996334462602726,0.002185896653241981,1
2024-05-05 00:00:00+00:00,63892.453125,64610.890625,62955.3046875,64031.1328125,18296164805,63366.25390625,66040.244453125,50.11498958279228,-1055.1849434944816,-1143.36804156694,88.1830980724585,67627.38284117648,63366.25390625,59105.12497132351,0.002185896653241981,0.01814755688239078,0.05597713333764953,1.010492633937832,0.9695774651159711,0.9595096812705929,0.038046902771534406,0.027287296759542175,0.6018062134834185,0.5780167552312606,-0.006987628577072802,-0.013574390387488533,0
2024-05-06 00:00:00+00:00,64038.3125,65494.90234375,62746.23828125,63161.94921875,28697928697,63333.758203125,65935.6709375,47.87714788109448,-954.7994151667517,-1105.6543162869025,150.85490112015077,67590.48902992369,63333.758203125,59077.02737632631,-0.013574390387488533,-0.011418165948764325,0.08425063536732003,0.9972872447609382,0.957932911285923,0.9605386174527389,0.03825650881683585,0.027441670447994344,0.9664357152310938,0.4798191392214235,-0.0093070051384192,-0.01309542885757653,0
2024-05-07 00:00:00+00:00,63162.76171875,64390.45703125,62285.98046875,62334.81640625,25930730982,63386.664453125,65831.395390625,45.78204516216066,-931.2509843952721,-1070.7736499085763,139.52266551330422,67561.25492927936,63386.664453125,59212.07397697064,-0.01309542885757653,-0.026492056781460716,0.054316581722335444,0.9834058463881965,0.9468858443053306,0.9628637533354162,0.032414251683567465,0.02603008956243578,0.897400551976331,0.3740178164920307,-0.017097743805165266,-0.018398626419713127,0
2024-05-08 00:00:00+00:00,62332.640625,62986.0859375,60877.12890625,61187.94140625,26088172222,63270.423828125,65816.89875,42.97397414305963,-993.6774163048467,-1055.3544031878305,61.67698688298378,67558.16580867118,63270.423828125,58982.681847578824,-0.018398626419713127,-0.031253117373933215,-0.027061519653849064,0.9670860048680551,0.9296691665565602,0.9613097096606212,0.028437696461607955,0.024983363545252987,0.9186146148902072,0.2571586127006488,-0.030505316368701685,0.03043115176709965,1
2024-05-09 00:00:00+00:00,61191.19921875,63404.9140625,60648.07421875,63049.9609375,25453338161,63230.743359375,65719.62453125,48.49724324629205,-882.7258842105803,-1020.8286993923805,138.10281518180022,67510.83410699492,63230.743359375,58950.65261175508,0.03043115176709965,0.011472633954502154,-0.013170955117555616,0.9971409094331294,0.9593779846919156,0.9621287980625708,0.029699161651956775,0.02596089510649901,0.9366067761984785,0.47888100597218264,-0.012392641963291817,-0.035799920573900024,0
2024-05-10 00:00:00+00:00,63055.19140625,63446.7421875,60208.78125,60792.77734375,27804954694,63020.66015625,65625.652265625,43.05348595489209,-965.798721140025,-1009.8227037419094,44.02398260188443,67348.45133433877,63020.66015625,58692.86897816123,-0.035799920573900024,-0.006458201623034787,-0.05057470212549198,0.964648373930449,0.9263569236262436,0.9603052766800535,0.02240211411704056,0.026738717387057263,1.0143538773214122,0.2426074040055845,0.0025714043677669274,1.5356984674586016e-05,1
2024-05-11 00:00:00+00:00,60793.35546875,61451.15234375,60492.625,60793.7109375,13842272968,62814.0134765625,65565.95125,43.05633305584146,-1019.8035491914125,-1011.81887283181,-7.9846763596024175,67153.28112435403,62814.0134765625,58474.74582877096,1.5356984674586016e-05,-0.03578511336805701,-0.03749469911145453,0.9678367544558139,0.9272146560597639,0.9580279440628492,0.020713701709696133,0.026743836873721366,0.5111947872126537,0.2672069686585562,0.0435969840328192,0.010768936188532141,1
2024-05-12 00:00:00+00:00,60793.50390625,61818.15625,60632.6015625,61448.39453125,13800459405,62544.54921875,65513.675078125,45.12811391220749,-998.2678594260651,-1009.1086701506612,10.840810724596054,66482.53463124995,62544.54921875,58606.563806250044,0.010768936188532141,0.010784458551594822,-0.014220333452544254,0.9824740173013928,0.9379476034274195,0.9546792962563263,0.021576612705271076,0.02586574472715583,0.5236538580938275,0.36082291163134056,0.039323848365697245,0.023646747788683697,1
2024-05-13 00:00:00+00:00,61451.21875,63422.66015625,60769.83984375,62901.44921875,27889181179,62369.2580078125,65427.020625,49.51815690447327,-854.1057016677369,-978.1080764540764,124.00237478633949,65871.25480108075,62369.2580078125,58867.26121454426,0.023646747788683697,0.034670334295218375,0.028004011462378964,1.0085329091276158,0.9613986487215197,0.9532645291199595,0.023776680206747954,0.026574121287346285,1.0511100744524662,0.5759839660562375,0.00018466070195422013,-0.02144084393922019,0
2024-05-14 00:00:00+00:00,62900.7734375,63092.125,61123.765625,61552.7890625,28186271527,62233.0525390625,65258.90015625,45.851442073985744,-839.0101694306722,-950.2884950493956,111.27832561872333,65633.065023579,62233.0525390625,58833.040054546,-0.02144084393922019,0.0016988976204563855,-0.023745801785414522,0.9890690967450856,0.9432091088743999,0.9536331809156654,0.024713204587122978,0.026049448173098514,1.0665082495144653,0.3999616207792786,-0.036604002013424064,0.07659609250545496,1
2024-05-15 00:00:00+00:00,61553.98828125,66454.453125,61330.41015625,66267.4921875,39815167074,62322.341796875,65184.49328125,57.655815595031676,-441.52014224287996,-848.5348244880925,407.0146822452125,66049.09311449478,62322.341796875,58595.59047925522,0.07659609250545496,0.053512963700471206,0.0900553500425465,1.063302345144271,1.0166143641184293,0.9560915282101566,0.036960050806503775,0.031414605883845356,1.485002031824925,1.0293015356260349,0.03492612541384599,-0.01563225228621834,0
2024-05-16 00:00:00+00:00,66256.109375,66712.4296875,64613.0546875,65231.58203125,31573077994,62396.1548828125,65100.018046875,54.82762976086246,-207.70147081662435,-720.3681537537989,512.6666829371745,66296.8293711275,62396.1548828125,58495.4803944975,-0.01563225228621834,0.05976647077705288,0.07299885177781684,1.045442337813328,1.0020209515806935,0.9584660151381895,0.03723763627012496,0.031525393135820895,1.1614919388380007,0.8634534433636291,0.032767082683471394,0.02790508695432159,1
2024-05-17 00:00:00+00:00,65231.296875,67459.4609375,65119.31640625,67051.875,28031279310,62577.7916015625,65026.156484375,58.664619568570785,123.06532021040039,-551.681458960959,674.7467791713594,66984.53007760026,62577.7916015625,58171.05312552475,0.02790508695432159,0.011836615308764564,0.0911900223186517,1.0714963453316526,1.0311523642968465,0.962347999402351,0.0330219327186404,0.03201328112337962,1.0153231682272226,1.0076411299156895,0.07567293634119121,-0.0016564833198177142,0
2024-05-18 00:00:00+00:00,67066.2109375,67387.328125,66663.5,66940.8046875,16712277406,62769.1703125,64967.116015625,58.33899430641199,371.95032733743574,-366.9551017012801,738.9054290387159,67587.08766490719,62769.1703125,57951.25296009281,-0.0016564833198177142,0.02620237932342606,0.06421720833016886,1.066459925377877,1.0303798104782782,0.9661683350297344,0.03315038351297502,0.03197895689278505,0.606019982743997,0.9329292171144984,0.09401955923070782,-0.009895869986810912,0
2024-05-19 00:00:00+00:00,66937.9296875,67694.296875,65937.1796875,66278.3671875,19249094538,62891.0326171875,64899.777265625,56.330739195141575,509.8629360285631,-191.59149415531147,701.4544301838746,67940.82535860376,62891.0326171875,57841.23987577123,-0.009895869986810912,-0.01153596096306031,0.07677277012097217,1.0538603745136597,1.021241828245922,0.9690485124437944,0.034414555378917085,0.03205199342806787,0.7074853200797988,0.8353934254104152,0.05120393735374784,0.07800174241430358,1
2024-05-20 00:00:00+00:00,66278.7421875,71483.5625,66086.171875,71448.1953125,43850655717,63431.599609375,64902.068203125,66.12995977996104,1024.5116629400945,51.629137263769735,972.8825256763248,69645.7836781028,63431.599609375,57217.4155406472,0.07800174241430358,0.06733397732581592,0.07817865070767271,1.1263817364293642,1.1008616102785427,0.9773432706466633,0.04276724295902045,0.03376281981207097,1.5940907192930613,1.1450239978783086,0.17527440650555293,-0.018358253231772315,0
2024-05-21 00:00:00+00:00,71443.0625,71946.4609375,69191.125,70136.53125,46932005990,64025.7255859375,64910.755859375,62.30961997041464,1311.4169606577925,303.58670194257434,1007.8302587152182,70424.99159170846,64025.7255859375,57626.45958016654,-0.018358253231772315,0.05821151344276987,0.07519286005358916,1.0954429740255012,1.0805070796270853,0.9863654295544662,0.04229316205952393,0.0324948553536209,1.7107947692196073,0.9774614509345041,0.15368070427720792,-0.01446030042296964,0
2024-05-22 00:00:00+00:00,70135.3203125,70623.6953125,68977.6953125,69122.3359375,32802561717,64525.670703125,64984.263125,59.449805645642144,1440.3509215687009,530.9395458677997,909.4113757009012,70874.46990338693,64525.670703125,58176.87150286307,-0.01446030042296964,-0.03255308779776955,0.030878494262837508,1.0712377753580233,1.0636780754832942,0.9929430234364145,0.03524464486245093,0.03291317993770541,1.195541706310068,0.8620106014839279,0.12488432716248377,-0.017255976976508713,0
2024-05-23 00:00:00+00:00,69121.3046875,70041.2734375,66356.953125,67929.5625,41895680979,64777.65703125,65023.238125,56.183814523570575,1429.8032842873072,710.7122935517012,719.0909907356059,71251.89789954106,64777.65703125,58303.416162958936,-0.017255976976508713,-0.031466750788306186,0.014770629321171569,1.048657293474345,1.0446967031911407,0.9962231795765399,0.0354199341958868,0.030646613289548198,1.5030602259831585,0.7434189222235393,0.0799363662316257,0.008781729788116976,1
2024-05-24 00:00:00+00:00,67928.1328125,69220.296875,66622.671875,68526.1015625,29197308153,65009.3884765625,65023.58328125,57.443032305993036,1452.8325730635552,859.1363494540722,593.696223609483,71678.90356665349,65009.3884765625,58339.8733864715,0.008781729788116976,-0.008625784515429502,0.03391354480174824,1.0540954647989862,1.0538653532226971,0.9997816975938391,0.03419441856076211,0.03054536598956971,1.0316184512480646,0.7636408373348117,0.11328995170177225,0.010796524727518797,1
2024-05-25 00:00:00+00:00,68526.921875,69579.3203125,68515.8203125,69265.9453125,15473071741,65271.1291015625,65052.149375,59.01616264381839,1513.337841215165,989.9766478062909,523.3611934088742,72185.38102910596,65271.1291015625,58356.87717401904,0.010796524727518797,0.019673066678443485,-0.03054310875810473,1.0612034182022732,1.064775660419906,1.0033662181598362,0.03419968191600609,0.03058003033520914,0.5494450092636112,0.7888827491969042,0.04524772291844159,-0.010796814497022966,0
2024-05-26 00:00:00+00:00,69264.2890625,69506.2265625,68183.890625,68518.09375,15628433737,65538.936328125,65044.5890625,56.7332374683011,1483.8385637987376,1088.7490310047804,395.08953279395723,72523.76807603595,65538.936328125,58554.10458021404,-0.010796814497022966,-0.00011685784419968037,-0.02307552813285163,1.0454562980235085,1.0534019007201718,1.0076001289692211,0.03426834703365868,0.030500456560509533,0.5681455392653425,0.7132590683208668,0.05038221696318135,0.012791671360530277,1
2024-05-27 00:00:00+00:00,68512.1796875,70597.8828125,68232.5,69394.5546875,25870990717,65891.9232421875,65045.2290625,58.74730876117858,1513.7338649533922,1173.7459977945027,339.98786715888946,72908.44235708042,65891.9232421875,58875.40412729459,0.012791671360530277,0.0018567475607207395,0.003938216877481304,1.0531572197769745,1.0668661743172718,1.0130170066566133,0.01415232020942124,0.030262474351328273,0.9405986850875814,0.7495989384449893,0.03493831734757613,-0.015827408107827234,0
2024-05-28 00:00:00+00:00,69392.1953125,69514.640625,67227.15625,68296.21875,32722265965,66247.337109375,64978.52625,55.27486333392078,1432.2890390494576,1225.4546060454938,206.8344330039638,72974.76140357084,66247.337109375,59519.91281517917,-0.015827408107827234,-0.003238195750301376,0.005397594751180623,1.03092775845831,1.0510582909688568,1.0195266179859688,0.013753209933274783,0.03015954088254999,1.17551579594759,0.6522783126963386,0.020247949943647647,-0.01051485738366742,0
2024-05-29 00:00:00+00:00,68296.3515625,68852.4609375,67101.4921875,67578.09375,26707072906,66473.74375,64947.3078125,53.06627100694968,1294.8702832666022,1239.3377414897157,55.532541776886546,73051.20331839455,66473.74375,59896.28418160544,-0.01051485738366742,-0.026175842552487727,-0.01383425863844534,1.0166133263706847,1.0405064663356787,1.0235026822344468,0.013313017965855281,0.0297964171576168,0.957270061471695,0.5839495848295696,0.01961011741316887,0.011644282841286824,1
2024-05-30 00:00:00+00:00,67576.0859375,69500.5390625,67118.078125,68364.9921875,29509712534,66852.3544921875,64902.85,55.17959915752108,1235.2221843396837,1238.5146300597094,-3.2924457200256256,72903.63791825365,66852.3544921875,60801.07106612135,0.011644282841286824,0.0010069874842082438,-0.013007158437458144,1.0226265433252508,1.0533434539084185,1.0300372709701886,0.012674039706129004,0.028322982533082002,1.0545042295968183,0.6249848659209013,-0.04315298814077373,-0.012778150001159894,0
2024-05-31 00:00:00+00:00,68362.515625,68999.5625,66633.421875,67491.4140625,27387283769,67187.2396484375,64851.46609375,52.36085070010209,1104.7255933360866,1211.756822714985,-107.03122937889839,72526.15185365583,67187.2396484375,61848.32744321918,-0.012778150001159894,-0.0012826595526749252,-0.014984066708656818,1.0045272646361736,1.0407076065934062,1.036017282189286,0.01307603744481646,0.028614305468503912,0.9555361622954501,0.528486553287502,-0.037713829588628234,0.0031933460054698326,1
2024-06-01 00:00:00+00:00,67489.609375,67839.765625,67386.1953125,67706.9375,11641495604,67500.166796875,64861.6875,52.998768116149634,1007.0879618565086,1170.8230505432898,-163.73508868678118,72106.13995228402,67500.166796875,62894.19364146598,0.0031933460054698326,-0.009625609049953465,-0.024319158687590603,1.0030632621064068,1.043866419602481,1.0406785484400942,0.012106268946880647,0.028592633173618213,0.40770469293146105,0.5224459301160036,-0.02047671593129885,0.0006596674454519835,1
2024-06-02 00:00:00+00:00,67710.2734375,68409.1640625,67315.5234375,67751.6015625,17110588415,67742.6744140625,64940.290078125,53.13881136023571,922.6774013029208,1121.193920695216,-198.51651939229532,71808.19085189306,67742.6744140625,63677.15797623192,0.0006596674454519835,0.003855119997323797,-0.007974338806275405,1.0001317802775682,1.0432907133767484,1.0431532463523976,0.011672181687834996,0.028273893168781986,0.6107692855896182,0.5010979107542698,-0.0026197863043796454,0.015544720172089965,1
2024-06-03 00:00:00+00:00,67753.8984375,70230.8203125,67589.8359375,68804.78125,32401285324,68105.2740234375,65001.611171875,56.43505304014037,930.0432631050644,1082.9637891771858,-152.92052607212145,70959.4061815499,68105.2740234375,65251.141865325095,0.015544720172089965,0.016214641963388177,0.018152147122380224,1.0102709700033183,1.0585088586199622,1.0477474757257308,0.012267080103867761,0.02772041976259948,1.1479410517933748,0.6225428935682371,0.004066766985800774,0.025622992224831664,1
2024-06-04 00:00:00+00:00,68804.5703125,71047.40625,68564.640625,70567.765625,33149696545,68320.2876953125,65144.442265625,61.337634722329895,1065.8523840257549,1079.5415081468996,-13.689124121144687,71238.67367733333,68320.2876953125,65401.90171329167,0.025622992224831664,0.04156601464102838,0.03222078094382863,1.0328962011944471,1.0832507451251407,1.0487508269199397,0.013899296763076737,0.02278610171607918,1.188489515339922,0.8850549487856372,0.018794521703655587,0.007298724608017615,1
2024-06-05 00:00:00+00:00,70568.3515625,71735.4140625,70390.7109375,71082.8203125,32810771409,68612.849609375,65289.86140625,62.659706222337775,1201.1960591456736,1103.8724183466545,97.32364079901913,71397.59277341342,68612.849609375,65828.10644533658,0.007298724608017615,0.03310873199673159,0.053212787135771045,1.0359986608512397,1.0887267759722257,1.0508959298052194,0.012156410753155994,0.02235143007818185,1.173734138213362,0.9434826764316506,0.03743137647491834,-0.004581363662391591,0
2024-06-06 00:00:00+00:00,71082.84375,71625.734375,70119.125,70757.1640625,25223152007,68798.1140625,65479.470859375,61.233936268498496,1267.5674307166046,1136.6114208206445,130.95600989596005,71638.06432955201,68798.1140625,65958.16379544798,-0.004581363662391591,0.0026839228339248233,0.04505042873191534,1.0284753445162798,1.0806007307917849,1.0506821933587733,0.0127262882110028,0.021735623167552343,0.9068584292039902,0.8449092089266719,0.019635681519049264,-0.01999201273457618,0
2024-06-07 00:00:00+00:00,70759.1875,71907.8515625,68507.2578125,69342.5859375,36188381096,68918.203125,65596.0675,55.34310198907856,1192.2787411415047,1147.7448848848167,44.53385625668807,71627.58961863059,68918.203125,66208.81663136941,-0.01999201273457618,-0.024481785716287563,0.023482609094226836,1.0061577753518947,1.0571149853990864,1.0506453473754351,0.01456463593235934,0.022317289741562992,1.2570833263629715,0.5783171418137774,0.015321012006978885,-0.0005308786729295578,0
2024-06-08 00:00:00+00:00,69324.1796875,69533.3203125,69210.7421875,69305.7734375,14262185861,69069.5734375,65705.3115625,55.194292079567774,1116.768044281911,1141.5495167642355,-24.78147248232449,71479.72301165116,69069.5734375,66659.42386334884,-0.0005308786729295578,-0.020512278074315993,0.007281357173125169,1.0034197402451563,1.054797120497255,1.0512022817485593,0.014665141716374633,0.022152335159230974,0.499757197848369,0.5490011081746213,0.025565676562162576,0.00493781012787653,1
2024-06-09 00:00:00+00:00,69297.4921875,69817.5234375,69160.84375,69647.9921875,13534028500,68979.56328125,65798.382578125,56.36880720148409,1072.180041964195,1127.6756218042274,-55.495579840032406,71136.88078066157,68979.56328125,66822.24578183843,0.00493781012787653,0.0044043100768591525,-0.013033903360178845,1.009690245551782,1.058506143442116,1.0483473997153023,0.014619438606019474,0.013291763698193695,0.500844824179822,0.654921310014016,0.018766915038638476,-0.0019485261992140401,0
2024-06-10 00:00:00+00:00,69644.3125,70146.0703125,69232.421875,69512.28125,20597699541,68948.35078125,65890.0953125,55.7447491822059,1014.2019022057066,1104.9808778845234,-90.77897567881678,71052.59803600385,68948.35078125,66844.10352649615,-0.0019485261992140401,0.0029796624762614687,-0.02209449562630561,1.0081790276686844,1.0549731476380615,1.0464144945343528,0.013797677667497225,0.012668135383542794,0.801289710130618,0.6339981476691922,0.029942581816830627,-0.03136496113771259,0
2024-06-11 00:00:00+00:00,69508.078125,69549.4140625,66123.6015625,67332.03125,37116136345,68858.835546875,65899.98234375,46.7837353890103,783.2965003754944,1040.6440023827176,-257.3475020072233,71080.93871692815,68858.835546875,66636.73237682183,-0.03136496113771259,-0.03325237188841257,-0.04840686957824614,0.977827038683574,1.0217306417288565,1.044899150165032,0.014032641696697157,0.014136531712708813,1.4318744617975863,0.1564506280690676,-0.005537191074400649,0.013502581655740586,1
2024-06-12 00:00:00+00:00,67321.375,69977.890625,66902.453125,68241.1875,34497940694,68874.416796875,65936.660625,50.3667056142278,665.9865388233302,965.7125096708403,-299.7259708475101,71073.3333757642,68874.416796875,66675.5002179858,0.013502581655740586,-0.018285887430863124,-0.015883434726427947,0.990806030361861,1.0349506155324801,1.044554215273091,0.015203606306094167,0.013971849117144865,1.3501349975193868,0.35601334244456007,0.007226189879044664,-0.021757960505889518,0
2024-06-13 00:00:00+00:00,68243.1015625,68365.78125,66304.5625,66756.3984375,28955204146,68785.931640625,65986.250625,45.03397101061681,448.0427230622445,862.1785523491212,-414.13582928687674,71177.82355355701,68785.931640625,66394.03972769299,-0.021757960505889518,-0.008549167488542064,-0.03678445349576864,0.970494937631602,1.0116713376681568,1.0424282481442322,0.01633491702447697,0.014650956438935377,1.1337477911250415,0.07574730025380386,-0.02977093706696432,-0.011164543099157487,0
2024-06-14 00:00:00+00:00,66747.5703125,67294.6484375,65056.89453125,66011.09375,27403884779,68623.1890625,66016.838359375,42.595997437804776,212.72861629145336,732.2885651375876,-519.5599488461343,71303.13631823889,68623.1890625,65943.2418067611,-0.011164543099157487,-0.03267958591722919,-0.052218281148853074,0.9619356758526484,0.999912982664457,1.0394800897452379,0.015593596055629835,0.014526563873520845,1.0485146398307847,0.012659193775847776,-0.0645715764789031,0.0027253941690672523,1
2024-06-15 00:00:00+00:00,66006.7421875,66402.1875,65871.7734375,66191.0,14121265576,68506.834375,66065.551953125,43.39263136618363,40.292950117291184,593.8894421335284,-553.5964920162372,71399.61258758743,68506.834375,65614.05616241258,0.0027253941690672523,-0.00846957671075299,-0.04777977632549646,0.9661955716370816,1.0018988420313812,1.0369524260329672,0.015861661373395806,0.014424758922447354,0.5418636385387199,0.09972140883060879,-0.06881860189275257,0.006768999939568809,1
2024-06-16 00:00:00+00:00,66189.359375,66894.84375,66018.25,66639.046875,13281140541,68369.058984375,66129.950078125,45.423961526675015,-59.523766402271576,463.20680042636843,-522.73056682864,71345.09411136036,68369.058984375,65393.02385738965,0.006768999939568809,0.009512842301601765,-0.010292046179729675,0.9746959789256368,1.0076984300800707,1.0338592257155004,0.01609395727145541,0.014168499439057437,0.5222409432191979,0.20934279409405668,-0.05820071002086025,-0.0022321747830370553,0
2024-06-17 00:00:00+00:00,66636.515625,67188.3203125,65094.96484375,66490.296875,30006354476,68278.762890625,66197.49140625,44.84855575114556,-148.91550992726116,340.78233835564254,-489.6978482829037,71371.40620863122,68278.762890625,65186.119572618794,-0.0022321747830370553,0.004521715565560358,-0.025657387996069092,0.9738064086121488,1.0044232109484794,1.0314403376950096,0.01608188900711281,0.013787564040710501,1.1862439732578702,0.2108515545242366,-0.04113329527501086,-0.02029695827328193,0
2024-06-18 00:00:00+00:00,66490.9765625,66556.703125,64066.95703125,65140.74609375,39481285950,68156.8955078125,66223.48390625,39.90911028234155,-324.91120595193934,207.64362949412617,-532.5548354460655,71543.87620894982,68156.8955078125,64769.91480667517,-0.02029695827328193,-0.022483826697888953,-0.02420220954943575,0.9557469660026289,0.983650243861637,1.0291952565391993,0.013540677527844408,0.014297659826092258,1.5223769774709288,0.05474363744533655,-0.060096397993538386,-0.0027701435671353414,0
2024-06-19 00:00:00+00:00,65146.66015625,65695.3515625,64693.30078125,64960.296875,21103423504,67986.6607421875,66309.952734375,39.286066256021535,-473.49168945045676,71.41656570520959,-544.9082551556663,71659.76706745922,67986.6607421875,64313.554416915766,-0.0027701435671353414,-0.023010876352024145,-0.01591848907972382,0.955485916882081,0.9796462551439079,1.0252859177042257,0.01108100321689728,0.0139465999196236,0.8271421401390585,0.0880375356458528,-0.06730553409034701,-0.00202647819256907,0
2024-06-20 00:00:00+00:00,64960.296875,66438.9609375,64547.84765625,64828.65625,25641109124,67853.5228515625,66441.445625,38.81006221221223,-595.0062299185083,-61.86799341953399,-533.1382364989744,71786.08146704834,67853.5228515625,63920.96423607667,-0.00202647819256907,-0.004791008124175322,-0.020582008883382907,0.9554206403080978,0.9757261546640227,1.0212529575971656,0.009004764157353034,0.013733458613560496,1.0084462630192053,0.11540730891447824,-0.06737838142810193,-0.011298352821403679,0
2024-06-21 00:00:00+00:00,64837.98828125,65007.546875,63378.89453125,64096.19921875,26188171739,67672.9859375,66540.9009375,36.18309467399668,-741.858852665071,-197.8661652686414,-543.9926873964296,71950.29335602532,67672.9859375,63395.678518974666,-0.011298352821403679,-0.013301935148368305,-0.038158523800915334,0.9471460189143514,0.9632601650367457,1.0170133704841677,0.00902228083371,0.013831389744677168,1.001318608067377,0.081888046758263,-0.048057840691535625,0.0024397531859308152,1
2024-06-22 00:00:00+00:00,64113.86328125,64475.46875,63929.7578125,64252.578125,9858198793,67498.034765625,66568.15578125,37.161052157270746,-835.9854238036642,-325.490016975646,-510.4954068280182,72039.85923119466,67498.034765625,62956.210300055325,0.0024397531859308152,-0.00888616482776472,-0.033654816645003915,0.951917760985275,0.9652149345422874,1.013968825986868,0.008986517209534979,0.013859474381289849,0.38223309073003037,0.14271443499986475,-0.05844870995247553,-0.01668075089399379,0
2024-06-23 00:00:00+00:00,64248.96484375,64491.703125,63180.796875,63180.796875,11170471802,67216.835546875,66553.942265625,33.384919563505036,-985.7026328290085,-457.5325401463185,-528.17009268269,72101.46884407473,67216.835546875,62332.202249675254,-0.01668075089399379,-0.014281694623200392,-0.030087914804188154,0.939954943742325,0.9493171211832598,1.0099602406511745,0.008576483621087745,0.013513255005088393,0.4517058757563239,0.08686369822390028,-0.053561930334627306,-0.04595356431233677,0
2024-06-24 00:00:00+00:00,63173.3515625,63292.52734375,58601.69921875,60277.4140625,43152133651,66702.31796875,66478.867890625,25.751154798024174,-1323.3782473607862,-630.7016815892121,-692.6765657715741,72226.72454347988,66702.31796875,61177.911394020106,-0.04595356431233677,-0.061867775247345325,-0.07208838379404348,0.9036779515029739,0.9067154116052638,1.003361219665964,0.016404380691733448,0.014639533657267828,1.7103740567932526,-0.0815017250576036,-0.08685933472356677,0.025336630415439876,1
2024-06-25 00:00:00+00:00,60266.28125,62258.26171875,60239.75,61804.640625,29201215431,66238.408984375,66451.72171875,34.265749932372074,-1451.0276412547973,-794.7668735223292,-656.2607677324681,71772.2243556902,66238.408984375,60704.593613059806,0.025336630415439876,-0.021781242372150733,-0.04664627959182788,0.9330634834477851,0.9300683116470888,0.9967899592537597,0.021627229458404194,0.016098154703853153,1.165755846979539,0.09939317976186397,-0.0662682143342751,-0.016072632592061153,0
2024-06-26 00:00:00+00:00,61789.67578125,62434.13671875,60695.1875,60811.27734375,22506003064,65741.1146484375,66421.2509375,31.71793151349729,-1613.7445775249726,-958.562414322858,-655.1821632021146,71352.16318419646,65741.1146484375,60130.066112678556,-0.016072632592061153,0.008856771471590585,-0.05124986996169756,0.9250113520123487,0.9155394769811129,0.9897602607680113,0.02174910499879124,0.016217758570611685,0.9033725948329715,0.06070266784631397,-0.08745277437988563,0.013048951973404943,1
2024-06-27 00:00:00+00:00,60811.2265625,62293.86328125,60585.33203125,61604.80078125,21231745045,65354.225390625,66429.588125,35.82303176843422,-1659.5380901010358,-1098.7575494784935,-560.7805406225423,70986.70998665196,65354.225390625,59721.74079459804,0.013048951973404943,-0.0032334116294362447,-0.041208888748384354,0.9426291936448711,0.9273699042861558,0.9838119915428123,0.023268748945487493,0.016549074134819507,0.8785981121902485,0.16716068677580004,-0.07347682779841702,-0.020853310881755127,0
2024-06-28 00:00:00+00:00,61612.8046875,62126.09765625,59985.40234375,60320.13671875,24952866877,64904.9435546875,66374.991640625,32.424404002859404,-1778.9844073318454,-1234.802921049164,-544.1814862826814,70642.78518756207,64904.9435546875,59167.10192181294,-0.020853310881755127,-0.008076472760532805,-0.04527736745564748,0.9293612075623416,0.9087780687844319,0.977852380096757,0.023834543165388484,0.016832142575961596,1.01023695364367,0.10047635249558216,-0.07400298068527222,0.009403861104374522,1
2024-06-29 00:00:00+00:00,60319.875,61097.62109375,60300.96484375,60887.37890625,12652903396,64466.912890625,66376.883671875,35.34137016745082,-1807.044288696925,-1349.2511945787164,-457.7930941182085,70014.60704389786,64466.912890625,58919.21873735212,0.009403861104374522,-0.01164555141647916,0.010119293490552517,0.9444748658827815,0.9172979437726904,0.9712253622708219,0.024498068026559735,0.017024346895813607,0.513178337576304,0.17738542487393236,-0.06269857381636235,0.029413551620566913,1
2024-06-30 00:00:00+00:00,60888.4453125,62892.828125,60632.94921875,62678.29296875,17333226409,64125.2134765625,66414.5753125,43.616659983414905,-1665.570489467893,-1412.515053556552,-253.05543591134096,69184.82806638752,64125.2134765625,59065.59888673748,0.029413551620566913,0.039094013678967476,0.014135707851630208,0.9774360126170755,0.9437430364318419,0.9655292256983443,0.027586610642994412,0.018821002894372073,0.7076885071921372,0.3570127741822187,-0.03316994992087319,0.002771094932125795,1
2024-07-01 00:00:00+00:00,62673.60546875,63777.2265625,62495.51171875,62851.98046875,25468379421,63901.2109375,66442.64703125,44.36039673179015,-1521.8929203913867,-1434.390626923519,-87.50229346786773,68755.56272030875,63901.2109375,59046.85915469124,0.002771094932125795,0.03226615429652435,0.03355797171410235,0.9835804290191587,0.9459584058893499,0.9617499270829067,0.019157000321835364,0.017824901199993592,1.0651614654888655,0.3919288799314307,-0.019411739934121264,-0.013093697885290578,0
2024-07-02 00:00:00+00:00,62844.41015625,63203.359375,61752.74609375,62029.015625,20151616992,63590.60234375,66425.198359375,41.56288733485071,-1457.631132492228,-1439.0387280372609,-18.59240445496721,68055.02634981934,63590.60234375,59126.17833768066,-0.013093697885290578,-0.010358886833017555,0.006886067942274865,0.9754431211343373,0.9338175445018517,0.9573264952813657,0.018226045621659123,0.0174956310458432,0.8688652134238013,0.3251077052014952,-0.03460658801385641,-0.02990687070088416,0
2024-07-03 00:00:00+00:00,62034.33203125,62187.703125,59419.38671875,60173.921875,29756701685,63261.478515625,66397.621015625,36.04480611075034,-1538.6570834830054,-1458.96239912641,-79.69468435659542,67713.74295986578,63261.478515625,58809.21407138422,-0.02990687070088416,-0.042608977056523,-0.0024239806423473897,0.9511937325356314,0.9062662329549366,0.9527672459942204,0.02089711113883173,0.01800340413682315,1.2807888483587893,0.15325996700185895,-0.04759159663574597,-0.05311634426354228,0
2024-07-04 00:00:00+00:00,60147.13671875,60399.67578125,56777.8046875,56977.703125,41149609230,62809.808984375,66211.825234375,28.9204878852899,-1839.5734173534656,-1535.0846027718212,-304.4888145816444,67877.8298926195,62809.808984375,57741.7880761305,-0.05311634426354228,-0.08143467132443305,-0.06421159608906535,0.907146575452477,0.8605366627987027,0.9486192045309485,0.027299478498583978,0.020958180011290913,1.7202732596322121,-0.07538297147585844,-0.05474207858483482,-0.005534237213954074,0
2024-07-05 00:00:00+00:00,57022.80859375,57497.15234375,53717.375,56662.375,55417544033,62333.377734375,66040.44109375,28.325659689770305,-2079.524658507209,-1643.972613918899,-435.5520445883101,67835.94608855463,62333.377734375,56830.80938019537,-0.005534237213954074,-0.05835662302840383,-0.09598088403188332,0.9090214113128734,0.8579951021157317,0.9438667686348049,0.026968339752162205,0.0208349887995404,2.1326575606767757,-0.015305069319805341,-0.08320193391626896,0.02896391234041995,1
2024-07-06 00:00:00+00:00,56659.07421875,58472.546875,56038.9609375,58303.5390625,20610320577,61916.60234375,65865.474375,35.73430973782963,-2112.9032879466686,-1737.758748724453,-375.1445392222156,67307.59885913391,61916.60234375,56525.60582836608,0.02896391234041995,0.02326938196492989,-0.07236751129125496,0.9416462928441889,0.8851912115678889,0.9400464041484403,0.02998675385327285,0.022184239126490243,0.7821259610061645,0.16489838465489193,-0.04123804647408447,-0.042097439142912196,0
2024-07-07 00:00:00+00:00,58239.4296875,58371.12109375,55793.32421875,55849.109375,20553359505,61384.54296875,65643.64046875,30.634344167571612,-2310.770926676203,-1852.3611843148033,-458.4097423613998,66971.79447227543,61384.54296875,55797.291465224574,-0.042097439142912196,-0.014352833339583815,-0.0996292813569859,0.9098236571286682,0.850792384093738,0.9351178961193115,0.028119348523243475,0.023537560577038045,0.7942095188666444,0.004637155651820003,-0.09342926741517521,0.015326802715911692,1
2024-07-08 00:00:00+00:00,55849.57421875,58131.3359375,54321.01953125,56705.09765625,39766159899,60962.760546875,65452.175078125,34.16334307506513,-2371.1778926845072,-1956.1245259887442,-415.0533666957631,66629.14694322817,60962.760546875,55296.37415052182,0.015326802715911692,-0.027415855571588987,-0.057646636793191375,0.9301596113359856,0.8663592552663939,0.9314092384876232,0.029862822557169676,0.023935703425713654,1.5357727438319433,0.12430528093131968,-0.05993088310385575,0.02299844211812685,1
2024-07-09 00:00:00+00:00,56704.59765625,58239.1953125,56316.875,58009.2265625,27849512607,60615.20703125,65183.395703125,39.235517891816656,-2287.4502422758014,-2022.3896692461558,-265.06057302964564,66098.9607906148,60615.20703125,55131.4532718852,0.02299844211812685,0.03867773741915648,0.018103984206541357,0.957007810475571,0.8899387019771193,0.9299179089613462,0.03303466417509294,0.024831475093641402,1.0617199934321622,0.26239081994704133,-0.04727009760399725,-0.004598069730556098,0
2024-07-10 00:00:00+00:00,58033.8828125,59359.43359375,57178.4140625,57742.49609375,26175260526,60260.8990234375,64935.515,38.580829271626186,-2217.0614909752403,-2061.3240335919727,-155.7374573832676,65509.02687342958,60260.8990234375,55012.77117344542,-0.004598069730556098,0.01829462394701764,0.019062404174728043,0.9582083412212618,0.8892282766025649,0.9280114129138346,0.031731040448187274,0.024820034061673452,0.9968766932741487,0.26006654166291876,-0.07874810626161877,-0.006885432015347748,0
2024-07-11 00:00:00+00:00,57729.890625,59299.43359375,57120.37890625,57344.9140625,28707803842,59923.334765625,64699.9665625,37.574393227476705,-2168.363896398165,-2082.732006153211,-85.63189024495387,64998.41249503849,59923.334765625,54848.25703621151,-0.006885432015347748,-0.011451842049372218,-0.016441969311200455,0.9569713415782042,0.8863206135833929,0.926172577040503,0.024029759934084793,0.024785132336971518,1.0881071156252702,0.24597229435705836,-0.08761961620267655,0.009670444019596935,1
2024-07-12 00:00:00+00:00,57341.1953125,58532.5546875,56590.17578125,57899.46484375,25604805221,59605.6791015625,64499.364609375,39.92827154540403,-2061.262141499901,-2078.438033222549,17.175891722647975,64322.47027857446,59605.6791015625,54888.88792455054,0.009670444019596935,0.0027184268193940486,0.03671241120396118,0.9713749715877699,0.8976749646202608,0.9241281594407954,0.024010173113126594,0.024955424176878394,0.9423723517620032,0.31913400511262746,-0.06657450129815756,0.023013827240820017,1
2024-07-13 00:00:00+00:00,57908.73828125,59787.078125,57796.44140625,59231.953125,17080061806,59408.2369140625,64313.481640625,45.26856173723669,-1847.5649818474267,-2032.2634229475248,184.69844110009808,63815.338860725125,59408.2369140625,55001.13496739988,0.023013827240820017,0.032906825188425914,0.04456134586114224,0.9970326709187228,0.9209881289895034,0.9237291373219018,0.023037451935279677,0.02554020808811695,0.6218606126089772,0.48000003276575026,-0.01565410265192224,0.026266900915231206,1
2024-07-14 00:00:00+00:00,59225.25,61329.52734375,59225.25,60787.79296875,22223416061,59433.755859375,64143.91859375,50.77153266256789,-1534.9709805459352,-1932.804934467207,397.8339539212718,63867.87673256022,59433.755859375,54999.63498618978,0.026266900915231206,0.049885230075866316,0.04789869768831223,1.02278229080085,0.9476781946195751,0.9265688339964633,0.013503118584669481,0.0242044322592673,0.841170742279097,0.6526838293429671,0.06686983916131672,0.06715755212726138,1
2024-07-15 00:00:00+00:00,60815.45703125,64870.15234375,60704.9296875,64870.15234375,38094526099,59587.0314453125,64070.959765625,61.663451472992485,-946.9103059587796,-1735.6260087655214,788.7157028067418,64546.98107725418,59587.0314453125,54627.08181337082,0.06715755212726138,0.0951884738099289,0.12343865839169177,1.0886622603995,1.0124735540258565,0.9300162142612668,0.024882949602167297,0.0279597395455216,1.4180357834971484,1.0325780794642168,0.14485410016346822,0.003499237870556282,1
2024-07-16 00:00:00+00:00,64784.41796875,65354.33984375,62487.96875,65097.1484375,41617346768,59801.325,63985.011640625,62.16472732337448,-457.2800570690233,-1479.9568184262218,1022.6767613571985,65322.56443684811,59801.325,54280.085563151886,0.003499237870556282,0.07089179024751502,0.135186084097203,1.0885569581861272,1.0173812080104223,0.9346145834258359,0.025530033110406924,0.027604913344474194,1.4959582582803737,0.9795864676829891,0.11652138933997502,-0.01502916014346345,0
2024-07-17 00:00:00+00:00,65091.83203125,66066.734375,63896.0859375,64118.79296875,32525071311,59927.024609375,63901.463125,58.60774458766508,-146.50089596373437,-1213.2656339337243,1066.76473796999,65728.50174064295,59927.024609375,54125.54747810705,-0.01502916014346345,-0.011582512879243945,0.10741598634432536,1.0699478805546978,1.0034010151430315,0.9378036382695893,0.027239471044861206,0.027821443933045066,1.1458733853804681,0.8612673345537137,0.14807189740883842,-0.0022571629283560934,0
2024-07-18 00:00:00+00:00,64104.73828125,65104.66015625,63246.1640625,63974.06640625,27239305337,60109.72109375,63829.382578125,58.078339429738804,87.11143776222889,-953.1902195945337,1040.3016573567625,66186.90621714432,60109.72109375,54032.535970355675,-0.0022571629283560934,-0.017252399808699415,0.08006005257403026,1.0642881923619805,1.0022667276774597,0.9417249339703034,0.026658796227924456,0.027310566249304034,0.9558037832286339,0.8179387524023316,0.12818898212758523,0.042768734230136385,1
2024-07-19 00:00:00+00:00,63972.32421875,67442.640625,63329.34375,66710.15625,37003855410,60400.8599609375,63796.285859375,64.59043216277043,487.41189829952054,-665.0697960157229,1152.4816943152434,67155.09615434818,60400.8599609375,53646.62376752682,0.042768734230136385,0.04041503530038337,0.09742685154393738,1.1044570605971977,1.045674608660573,0.9467770599385367,0.02822855875562334,0.028687468440695,1.2452336996024902,0.967062159835167,0.14999216854107655,0.0067979482134701286,1
2024-07-20 00:00:00+00:00,66709.921875,67610.734375,66299.6171875,67163.6484375,19029581250,60625.127734375,63789.730546875,65.5457524656525,831.659078654382,-365.72402108170195,1197.383099736084,67969.81851045908,60625.127734375,53280.436958290906,0.0067979482134701286,0.049857422084058634,0.03535518279033245,1.1078516606475965,1.0528912391022835,0.9503900896685159,0.0286759665657997,0.028113092451723377,0.6385505840253953,0.9451188554061292,0.16315803751285585,0.014753144342986024,1
2024-07-21 00:00:00+00:00,67164.9140625,68372.90625,65842.296875,68154.5234375,26652190004,60890.2548828125,63798.682265625,67.60246722243838,1170.9349711984541,-58.39222262567071,1229.3271938241248,68923.91264302781,60890.2548828125,52856.59712259719,0.014753144342986024,0.021651383667685487,0.04696634297177238,1.1193010042192808,1.0682747827571033,0.9544124223333752,0.0284829448226443,0.028216688915407365,0.8925596393411509,0.9521146389047078,0.18850162305969542,-0.00835268752223095,0
2024-07-22 00:00:00+00:00,68152.9765625,68480.0625,66611.296875,67585.25,42649109453,61168.0666015625,63795.355234375,65.19461541545743,1377.993302579729,228.88488241540927,1149.1084201643198,69734.16830486762,61168.0666015625,52601.964898257385,-0.00835268752223095,0.006277228416087688,0.054063042530127836,1.1049106789697611,1.0594070642243698,0.9588169291767369,0.018937833425352647,0.028081268970807562,1.3764314390365249,0.8745684805470796,0.16728626391260226,-0.02452573786440093,0
2024-07-23 00:00:00+00:00,67584.8046875,67779.015625,65484.4609375,65927.671875,35605668666,61455.7541015625,63737.813046875,58.644726377616,1392.2864091880765,461.5651877699427,930.7212214181338,70264.31696932092,61455.7541015625,52647.191233804086,-0.02452573786440093,-0.032673569561998295,0.03053745960658749,1.0727664616407953,1.0343572947272994,0.9641961523901958,0.02223607389049491,0.027756419539428673,1.1383714203361743,0.7538392380558385,0.11304234280219849,-0.008426492953570563,0
2024-07-24 00:00:00+00:00,65927.859375,67113.984375,65146.99609375,65372.1328125,27470942309,61875.4755859375,63633.900390625,56.59258615036855,1343.3016938904766,637.9124889940495,705.3892048964271,70585.0343178538,61875.4755859375,53165.916854021205,-0.008426492953570563,-0.032745564860675924,-0.020057267329515516,1.0565111975859656,1.027316138272283,0.9723665405720351,0.021520753213221635,0.0244369545154362,0.8979253790537293,0.700736761424488,0.07541546780793196,0.00619673448871394,1
2024-07-25 00:00:00+00:00,65375.875,66112.421875,63473.47265625,65777.2265625,38315761670,62331.2181640625,63527.788515625,57.753485525599,1321.9302452226693,774.7160402397735,547.2142049828958,70843.88587890781,62331.2181640625,53818.55044921718,0.00619673448871394,-0.0022819752043610197,-0.020642444346812838,1.055285433205673,1.035408725841633,0.9811646150523846,0.021415779365645937,0.024255948085549112,1.2884140165145184,0.7024047286861663,0.013982921050398778,0.032455548053117234,1
2024-07-26 00:00:00+00:00,65771.8125,68207.6015625,65743.765625,67912.0625,30488630457,62811.6443359375,63470.886484375,63.32078233164694,1460.4218033009092,911.8571928520007,548.5646104489085,71450.82824763168,62811.6443359375,54172.46042424331,0.032455548053117234,0.03885340095580192,-0.003557517905944163,1.0812017933614948,1.0699718605114852,0.9896134718616261,0.018470213899545868,0.02442853105699829,1.0084680739020904,0.7951909703622855,0.043241741459729255,-0.0014537411892032726,0
2024-07-27 00:00:00+00:00,67911.8125,69398.5078125,66705.21875,67813.3359375,34691905492,63409.8556640625,63440.301484375,62.90791267971961,1544.407978538271,1038.3673499892548,506.0406285490162,71667.56668331796,63409.8556640625,55152.14464480705,-0.0014537411892032726,0.030954624896891048,0.003374788692799058,1.0694447294875828,1.0689314891449886,0.9995200870802924,0.018428340312469003,0.021570548609329467,1.1212803774769053,0.7666283830452165,0.057620282567556025,0.006525726007755361,1
2024-07-28 00:00:00+00:00,67808.65625,68301.8515625,67085.828125,68255.8671875,18043166945,63987.394140625,63419.303359375,64.03974998385397,1627.9106602366155,1156.276012038727,471.6346481978885,71878.23550023523,63987.394140625,56096.55278101478,0.006525726007755361,0.005062498101865209,0.03531438690743238,1.0667080306082504,1.0762632758786057,1.0089576950732309,0.017691379222346815,0.021545248748344053,0.6043924419087525,0.7704700837557987,0.0669302581777369,-0.021037797689324123,0
2024-07-29 00:00:00+00:00,68259.0546875,69987.5390625,66532.59375,66819.9140625,40780682628,64427.928515625,63362.741796875,57.86910580858328,1560.2323335303445,1237.0672763370505,323.16505719329393,71885.37005907792,64427.928515625,56970.48697217207,-0.021037797689324123,-0.01464935858509575,0.022146764801945773,1.0371265319557015,1.0545615951517349,1.0168109316065381,0.019306786338523955,0.022332042315886053,1.337073553473617,0.6603757490378849,0.0016452938903137593,-0.009262185475442442,0
2024-07-30 00:00:00+00:00,66819.0546875,66987.671875,65323.19140625,66201.015625,31380492109,64850.8544921875,63296.516484375,55.39174245141528,1440.0567625094263,1277.6651735715257,162.39158893790068,71641.48762092921,64850.8544921875,58060.22136344579,-0.009262185475442442,-0.030105127180573232,0.0064427931162061025,1.0208194809981286,1.0458871878256046,1.0245564541959618,0.016991542514441547,0.022486941272259597,1.0201648767433429,0.5994134940892236,-0.014332646228946144,-0.023893373992326827,0
2024-07-31 00:00:00+00:00,66201.2734375,66810.2109375,64532.046875,64619.25,31292785994,65214.5712890625,63242.260859375,49.552987951772934,1203.3104759544512,1262.7942340481109,-59.48375809365962,71020.26754113362,65214.5712890625,59408.875036991376,-0.023893373992326827,-0.03293425460621824,-0.04848641579689916,0.9908713455092153,1.0217732434279487,1.0311865895192,0.019235702514592,0.02334851457767887,1.0130569027738843,0.44872955256226804,-0.05187144241045083,0.011424614182306447,1
2024-08-01 00:00:00+00:00,64625.83984375,65593.2421875,62248.94140625,65357.5,40975554494,65587.473046875,63184.587109375,52.09124765376364,1063.004291605641,1222.836245559617,-159.83195395397615,70262.88576728466,65587.473046875,60912.06032646535,0.011424614182306447,-0.012741732389396354,-0.03621464574111821,0.996493643737263,1.0343899199161277,1.0380296215806635,0.019680484741488355,0.023365354599739634,1.2943190025370648,0.47540612341332983,-0.032962073825279936,-0.06032105869640059,0
2024-08-02 00:00:00+00:00,65353.5,65523.22265625,61184.89453125,61415.06640625,43060875727,65696.6287109375,63077.76046875,40.400694685842105,626.467657738569,1103.5625279954074,-477.0948702568385,69816.17375535666,65696.6287109375,61577.08366651832,-0.06032105869640059,-0.04958558933676882,-0.10022289750503366,0.9348282797961186,0.9736405660228896,1.0415180916812183,0.024292048801188307,0.027328233641261215,1.3065758111960826,-0.01966446033741169,-0.0684478207770779,-0.011967302150066583,0
2024-08-03 00:00:00+00:00,61414.80859375,62148.37109375,59836.52734375,60680.09375,31753030589,65691.24375,62971.14046875,38.65884510334921,218.68224657217797,926.5864717107617,-707.9042251385837,69837.9981875708,65691.24375,61544.489312429185,-0.011967302150066583,-0.07156648051103542,-0.09188608513858787,0.9237166216692313,0.9636175126939783,1.0431960301338337,0.023704784437651574,0.026887183070839597,0.9497362724975017,-0.10422555464069778,-0.07177429985277795,-0.04223983565450573,0
2024-08-04 00:00:00+00:00,60676.09375,61062.98828125,57210.8046875,58116.9765625,31758917219,65353.5849609375,62809.66,33.27148543186367,-307.76504205188394,679.7161689582325,-987.4812110101165,70706.2828917853,65353.5849609375,60000.887030089696,-0.04223983565450573,-0.053701640928525696,-0.12211352025613276,0.8892699091754049,0.9252872338824951,1.0405021291460181,0.023313887612162704,0.023470521934625177,0.9589987927181256,-0.17597765574745472,-0.11645747928762862,-0.07098647891315102,0
2024-08-05 00:00:00+00:00,58110.296875,58268.828125,49121.23828125,53991.45703125,108991085584,64798.300390625,62556.708203125,26.7981660241433,-1045.8177231869558,334.6093905291949,-1380.4271137161509,72181.91531228948,64798.300390625,57414.68546896052,-0.07098647891315102,-0.11022785736467322,-0.16446790962058522,0.8332233516276218,0.8630802128516231,1.0358329626332228,0.02959874016071471,0.027566810645646127,2.9872495320697436,-0.23181249794503248,-0.20497986596637374,0.03783671505322772,1
2024-08-06 00:00:00+00:00,53991.34765625,57059.91796875,53973.2734375,56034.31640625,49300484106,64394.0765625,62347.58859375,33.67913407960414,-1449.1828340684224,-22.14905439032856,-1427.0337796780939,72754.85153422038,64394.0765625,56033.30159077962,0.03783671505322772,-0.035835659035192036,-0.14264902411735458,0.8701781188191101,0.8987407158817868,1.0328238511690435,0.03888939303410989,0.02942435142977265,1.3208717782471684,6.068907929055075e-05,-0.17369768598474655,-0.017968550940289485,0
2024-08-07 00:00:00+00:00,56040.6328125,57726.8828125,54620.5078125,55027.4609375,41637562185,63946.7462890625,62145.322890625,32.078630170825676,-1829.013681023207,-383.52197971690424,-1445.4917013063027,73300.52000959916,63946.7462890625,54592.972568525845,-0.017968550940289485,0.019188293171091164,-0.10400714095946917,0.8605201066643157,0.8854642373384664,1.0289872723263178,0.03892806930408518,0.02952035900881783,1.0944547705758163,0.02322529825690644,-0.19380614143633024,0.12144256099404904,1
2024-08-08 00:00:00+00:00,55030.02734375,62673.765625,54766.7265625,61710.13671875,45298472567,63696.7453125,62080.3196875,49.30011927511734,-1572.667545164164,-621.3510928063563,-951.3164523578077,73006.70739465945,63696.7453125,54386.78323034056,0.12144256099404904,0.10129186321021888,0.016974973258837567,0.9688114583562538,0.9940370318546453,1.02603764982424,0.0668689894243241,0.03992219583920266,1.1778427719165372,0.39330737460483783,-0.07647087571783717,-0.013450358103773374,0
2024-08-09 00:00:00+00:00,61728.20703125,61751.86328125,59587.859375,60880.11328125,33425553115,63382.5685546875,62001.348828125,47.6829624340343,-1420.1171141331288,-781.1042970717108,-639.012817061418,72623.75758027755,63382.5685546875,54141.37952909745,-0.013450358103773374,0.10635875695586638,0.04754439893786411,0.9605182413635013,0.9819159491193781,1.0222772528770527,0.06278160276102311,0.03991338262610527,0.8531574876754018,0.3646031767931659,-0.08037493524103312,0.001079157301276501,1
2024-08-10 00:00:00+00:00,60881.23046875,61464.51171875,60287.56640625,60945.8125,15745822278,63022.1330078125,61938.34109375,47.828840231121916,-1279.1729115260896,-880.7180199625866,-398.454891563503,72039.26209205744,63022.1330078125,54005.00392356757,0.001079157301276501,-0.012385715854649315,0.12880473784444924,0.9670541060938843,0.9839755379911175,1.0174979163943392,0.06254714212860775,0.03968879455525352,0.40757098191528024,0.3848679835669464,-0.056847417758639995,-0.036529632368097475,0
2024-08-11 00:00:00+00:00,60944.890625,61778.66015625,58348.82421875,58719.484375,22759754812,62578.8447265625,61827.67921875,43.411466352883124,-1331.7678976712778,-970.9279955043249,-360.8399021669528,71522.84111280572,62578.8447265625,53634.84834031927,-0.036529632368097475,-0.035489896286303946,0.047920062935763674,0.9383280345230736,0.9497281010216634,1.012149340187181,0.061904208665992104,0.040314979413264396,0.6046877178423133,0.2842485514921168,-0.10156471139501966,0.010814659848586317,1
2024-08-12 00:00:00+00:00,58719.39453125,60680.33203125,57688.8984375,59354.515625,37078637820,62250.1869140625,61751.15359375,44.9726133730582,-1307.1401899768098,-1038.170434398822,-268.9697555779878,71159.05800654934,62250.1869140625,53341.315821575656,0.010814659848586317,-0.02611002806796614,0.07863446020914266,0.9534833318161755,0.9611887741479769,1.0080813602867333,0.05262135530011089,0.040246454725759426,0.9831920984885822,0.33748382600885773,-0.033551226137570445,0.021144992390795814,1
2024-08-13 00:00:00+00:00,59356.20703125,61572.3984375,58506.25390625,60609.56640625,30327698167,62012.05859375,61757.796640625,48.02447695452966,-1172.830781854631,-1065.1025038899838,-107.72827796464708,70823.6408305,62012.05859375,53200.476357,0.021144992390795814,0.032188328139589606,-0.017834514247083266,0.977383557016097,0.9814075259022489,1.0041170826511927,0.05177196540223585,0.040635467659705354,0.8011470826688706,0.42041768720884787,-0.0011622813906743135,-0.0308911115194338,0
2024-08-14 00:00:00+00:00,60611.05078125,61687.7578125,58472.875,58737.26953125,29961696180,61660.0607421875,61696.44921875,44.095507339462685,-1203.5940358118387,-1092.8008102743547,-110.79322553748398,70400.51256740093,61660.0607421875,52919.60891697407,-0.0308911115194338,-0.01039931144665962,-0.035197762200287475,0.9525983079523996,0.9520364668474197,0.999410201445573,0.05324322701944154,0.041037491815744044,0.8003094169704338,0.3328009083863275,0.010673180289806128,-0.020041310813293967,0
2024-08-15 00:00:00+00:00,58733.26171875,59838.6484375,56161.59375,57560.09765625,35682112440,61142.4625,61631.425625,41.78106997179461,-1307.8855776778946,-1135.8177637550627,-172.06781392283187,69543.49788151807,61142.4625,52741.42711848194,-0.020041310813293967,-0.05031332396539867,-0.055552870736607196,0.9414095426112418,0.933940714051915,0.9920663343409395,0.021518810502116778,0.04019508900009822,0.9465425559334064,0.28679027756322406,0.0660963941561068,0.023175912946963972,1
2024-08-16 00:00:00+00:00,57560.2734375,59847.359375,57110.01953125,58894.10546875,29350938673,60696.5009765625,61577.21171875,45.28579811798761,-1268.2742185680763,-1162.3090547176655,-105.96516385041082,68534.59354595593,60696.5009765625,52858.40840716908,0.023175912946963972,0.002670126458918176,0.0029738185818324325,0.9703047872807613,0.9564269609631739,0.9856974566141434,0.02467522013802488,0.04076300305860427,0.7841498783524109,0.3850233336838488,0.05103638709119718,0.00993082725079053,1
2024-08-17 00:00:00+00:00,58893.53125,59694.66796875,58814.83203125,59478.97265625,13589684021,60257.65625,61560.3884375,46.79797247042194,-1176.1303385695792,-1165.0733114880484,-11.057027081530805,67250.97961731741,60257.65625,53264.33288268259,0.00993082725079053,0.03333689618561042,0.0020968418314843973,0.9870774331062702,0.9661890408088769,0.9788381421793234,0.025227262209270268,0.04082626571081101,0.3652395459526249,0.4443266417945795,0.08089618606618987,-0.016728732324455264,0
2024-08-18 00:00:00+00:00,59468.1328125,60262.71875,58445.40234375,58483.96484375,17740625837,59840.8587890625,61512.32015625,44.5425357167127,-1169.9084878463182,-1166.0403467597023,-3.8681410866158785,66147.32275462373,59840.8587890625,53534.39482350127,-0.016728732324455264,-0.006964035224503506,-0.03507039710947035,0.977324958685912,0.9507683126761021,0.9728272098509412,0.021735590665923638,0.04075451992229298,0.492035388484012,0.39242038385358885,-0.05227944785965388,0.01726094125025579,1
2024-08-19 00:00:00+00:00,58480.7109375,59612.66015625,57864.7109375,59493.453125,25911207712,59505.4806640625,61448.623359375,47.31672357354442,-1071.172548315597,-1147.0667870708812,75.89423875528428,65055.90203811882,59505.4806640625,53955.05929000619,0.01726094125025579,0.0002434552599570594,0.012873999758325372,0.999797875104473,0.9681820335837238,0.9683777668386766,0.02241443467439693,0.04106870211045837,0.7241383156919641,0.49891652018360966,-0.022776898424022307,-0.008079210921579816,0
2024-08-20 00:00:00+00:00,59493.453125,61396.328125,58610.8828125,59012.79296875,31613400008,59225.1578125,61371.839609375,46.133375214677194,-1019.9514964944829,-1121.6437289556015,101.69223246111869,64227.35899350202,59225.1578125,54222.95663149798,-0.008079210921579816,0.009042275543610145,0.025237888253343943,0.9964142798163186,0.9615614155345502,0.9650217133698714,0.02058622444848642,0.040828115890813726,0.8831013612406927,0.47877286058020346,-0.0317170196270663,0.03664287570061453,1
2024-08-21 00:00:00+00:00,59014.98828125,61834.3515625,58823.4453125,61175.19140625,32731154072,59016.0423828125,61354.763125,51.95481126562545,-795.6986432557824,-1056.454711815638,260.7560685598555,63225.73056143293,59016.0423828125,54806.35420419207,0.03664287570061453,0.028267619257476007,0.03873199056755139,1.0365857983060267,0.997073222850129,0.9618820019332036,0.021483418499906325,0.041701646054823654,0.9249763632241312,0.7564499948479654,0.04182099106264503,-0.012967304646127387,0
2024-08-22 00:00:00+00:00,61168.31640625,61408.109375,59815.25390625,60381.9140625,27625734377,58964.384765625,61358.92296875,49.8273945790696,-674.2155561085892,-980.0068806742282,305.791324565639,63074.293796705635,58964.384765625,54854.475734544365,-0.012967304646127387,0.023200411722166914,0.015180850743142793,1.024040432245829,0.9840771503315404,0.9609748983966924,0.020179847982974234,0.039533528021684895,0.7981045774836745,0.672452636561433,0.017309524417502997,0.061482671821355916,1
2024-08-23 00:00:00+00:00,60380.953125,64947.0625,60372.05078125,64094.35546875,42530509233,59135.0978515625,61501.256015625,58.410258897581265,-275.2039590575587,-839.0462963508944,563.8423372933357,63792.27129067771,59135.0978515625,54477.9244124473,0.061482671821355916,0.047718102639263016,0.09593040827497124,1.083863184426209,1.0421633576469755,0.9615266692527166,0.028687552075849953,0.041726410102318506,1.209866745098159,1.0324321374350278,0.05749569365242402,0.0013205019089592707,1
2024-08-24 00:00:00+00:00,64103.87109375,64513.7890625,63619.91796875,64178.9921875,21430585163,59438.1986328125,61651.588359375,58.58420531377631,47.29983909134171,-661.7770692624473,709.076908353789,64580.201182310804,59438.1986328125,54296.19608331419,0.0013205019089592707,0.06288436171582323,0.07875722144847352,1.0797600476416587,1.0409949507446985,0.9640984152158357,0.0289992723608031,0.04032399661876086,0.6187259413427126,0.9609870871369026,0.09264514165669269,0.0024081210374646833,1
2024-08-25 00:00:00+00:00,64176.3671875,64996.421875,63833.51953125,64333.54296875,18827683555,59955.3029296875,61772.1884375,58.92206389479204,311.7635627653581,-467.0689428568863,778.8325056222443,64865.87945402964,59955.3029296875,55044.72640534537,0.0024081210374646833,0.0037318028748509757,0.09016265342359886,1.0730250674272646,1.04146452628664,0.9705873216771203,0.02673264363233514,0.03609312625672958,0.624913451284006,0.945796946382894,0.11767605664867253,-0.022583597070127692,0
2024-08-26 00:00:00+00:00,64342.2265625,64489.70703125,62849.55859375,62880.66015625,27682040631,60297.6201171875,61912.819453125,54.42708081679111,399.51214113941387,-293.7527260576263,693.2648671970402,65007.75090105976,60297.6201171875,55587.48933331524,-0.022583597070127692,-0.02022986006786931,0.027878437497226294,1.042838175603654,1.0156323151113764,0.9739117140811139,0.029970858020874725,0.03611577289002456,0.9529907579065822,0.7742004582873759,0.06769021544295839,-0.05369739018896724,0
2024-08-27 00:00:00+00:00,62879.70703125,63210.796875,58116.75,59504.1328125,39103882198,60521.4537109375,61968.80015625,45.70132137521804,194.35557379842066,-196.13106608641692,390.4866398848376,64553.77945423399,60521.4537109375,56489.12796764101,-0.05369739018896724,-0.07506830703534983,-0.014537155100638688,0.9831907392162715,0.9602272863515913,0.9766439491863145,0.03801149045108871,0.03820633548449153,1.3520995807443885,0.37385432586532236,0.0004230092606913871,-0.00800797843742207,0
2024-08-28 00:00:00+00:00,59507.92578125,60236.44921875,57890.67578125,59027.625,40289564698,60387.328125,61989.168125,44.61427891046237,-6.606526098919858,-158.22615808891751,151.61963198999766,64431.61207681312,60387.328125,56343.04417318688,-0.00800797843742207,-0.0612753610836102,-0.07905111817873489,0.977483634941002,0.9522248287147829,0.974159356409334,0.034801033931416474,0.026557015484182937,1.4052662213871792,0.33189816278967976,0.00929588405475723,0.006108236397788236,1
2024-08-29 00:00:00+00:00,59027.46875,61184.08203125,58786.2265625,59388.1796875,32224990582,60312.7314453125,62022.081796875,45.667366066821245,-135.21797942476405,-153.62452235608683,18.406542931322775,64373.746935148636,60312.7314453125,56251.715955476364,0.006108236397788236,-0.0019486566649978831,-0.0746476742109562,0.9846707032552352,0.9575328329351933,0.972439648879238,0.034781458386787485,0.02646871536797383,1.1263388911855041,0.38616741796153475,-0.0017694961709284751,-0.004524521990973862,0
2024-08-30 00:00:00+00:00,59388.6015625,59896.88671875,57768.53125,59119.4765625,32292756405,60221.4146484375,62057.573046875,44.98095943497706,-255.87600007123547,-174.07481789911657,-81.8011821721189,64304.56520670406,60221.4146484375,56138.264090170946,-0.004524521990973862,0.0015560775569065655,-0.0810474002462872,0.9817018897285885,0.9526553111873113,0.9704120172883565,0.02094372195839126,0.02647623246075243,1.0969851717985575,0.3650627658455345,0.0018078045180218716,-0.002530098940268344,0
2024-08-31 00:00:00+00:00,59117.48046875,59432.59375,58768.78515625,58969.8984375,12403470760,60233.9353515625,62078.98171875,44.57927174043039,-359.4248296367441,-211.1448202466421,-148.280009390102,64299.19058940507,60233.9353515625,56168.68011371992,-0.002530098940268344,-0.007043173442947581,-0.062193394742235286,0.9790145387864034,0.9499172957550148,0.9702790491064025,0.02060537390262497,0.025145683136350315,0.42889023721496644,0.34453166651187694,-0.03604881191307063,-0.027885585694078285,0
2024-09-01 00:00:00+00:00,58969.80078125,59062.0703125,57217.82421875,57325.48828125,24592449997,60132.483984375,62040.852421875,40.31670144232178,-567.634838716418,-282.4428239405973,-285.1920147758207,64387.011316995944,60132.483984375,55877.95665175406,-0.027885585694078285,-0.030345131343533227,-0.036613331348177125,0.953319811237893,0.923995819584155,0.9692401318969124,0.020294892545019396,0.025791868345632126,0.8691260114728148,0.17011662122807533,-0.0506182327722563,0.031172733823612075,1
2024-09-02 00:00:00+00:00,57326.96875,59403.0703125,57136.02734375,59112.48046875,27036454524,60057.6296875,62007.346171875,46.32321258337732,-581.7414822835053,-342.3025556091789,-239.4389266743264,64329.45906595506,60057.6296875,55785.800309044935,0.031172733823612075,0.0024178781891768253,0.001437555191319273,0.9842626286840169,0.9533141493412592,0.968556685542215,0.026638365198656862,0.026345208844529778,0.9610895205135426,0.3893741843346027,-0.07772720333273297,-0.02844504270361159,0
2024-09-03 00:00:00+00:00,59106.19140625,59815.05859375,57425.16796875,57431.0234375,26666961053,59992.3173828125,61858.56359375,42.03632572885687,-720.2974877730012,-417.90154204194334,-302.39594573105785,64387.31202722468,59992.3173828125,55597.32273840032,-0.02844504270361159,0.001840981375199613,-0.032955316365959275,0.9573063009223528,0.9284247822932419,0.9698304308649344,0.020496103243993535,0.02620405770235109,0.9535387675330304,0.20861239289916517,-0.10514295285731035,0.00941156177702851,1
2024-09-04 00:00:00+00:00,57430.34765625,58511.5703125,55673.1640625,57971.5390625,35627680312,60012.889453125,61716.05140625,43.83565727395402,-777.5261887944216,-489.82647139243903,-287.6997174019826,64363.576831628525,60012.889453125,55662.20207462147,0.00941156177702851,-0.01930119320323842,-0.019417247356485312,0.9659848007781818,0.9393267673736692,0.9724032579156138,0.021100630865005864,0.025891513588531007,1.2740739647640433,0.2653990952428367,-0.09889093018459039,-0.031240343288065575,0
2024-09-05 00:00:00+00:00,57971.703125,58300.58203125,55712.453125,56160.48828125,31030280656,59876.20859375,61556.8853125,39.420149880718895,-957.9740802494489,-583.4559931638411,-374.5180870856078,64535.68602548354,59876.20859375,55216.73116201646,-0.031240343288065575,-0.02212280193182825,-0.04764142775703761,0.9379432933419258,0.9123347940063142,0.9726971774121145,0.023211585094195034,0.02625892305685688,1.1063452690375022,0.10127285012757505,-0.10687184037669573,-0.03938239218868078,0
2024-09-06 00:00:00+00:00,56160.19140625,56976.109375,52598.69921875,53948.75390625,49361693566,59599.69765625,61356.3790625,34.80878974863272,-1264.8682008452743,-719.7384347001278,-545.1297661451465,64961.82064333841,59599.69765625,54237.574669161586,-0.03938239218868078,-0.06939241602526669,-0.05890458984724356,0.9051850265651908,0.8792688670773042,0.9713692132245846,0.025985148288984787,0.02736681369831205,1.6544253597665581,-0.02693156829925801,-0.09336122792941515,0.003539165966313096,1
2024-09-07 00:00:00+00:00,53949.0859375,54838.14453125,53740.0703125,54139.6875,19061486526,59382.4837890625,61104.9696875,35.51014209107912,-1475.666690120117,-870.9240857841257,-604.7426043359912,65261.92052947865,59382.4837890625,53503.047048646346,0.003539165966313096,-0.03598260704447387,-0.08412424803217122,0.9117114011652683,0.88601119969257,0.9718110342375333,0.02647762415968127,0.02726573949580405,0.637461021975984,0.05414127912775131,-0.08280762609032633,0.012964221602682846,1
2024-09-08 00:00:00+00:00,54147.93359375,55300.859375,53653.7578125,54841.56640625,18268287531,59149.889453125,60858.528046875,38.144588891777,-1568.0151471432036,-1010.3422980559413,-557.6728490872623,65369.08811209003,59149.889453125,52930.690794159964,0.012964221602682846,0.016549270100871816,-0.04508812269501006,0.927162618785801,0.9011319886673802,0.9719244180136273,0.02684897480215597,0.027110031851564596,0.6188433113613028,0.15362715655782205,-0.07655754571320816,0.039713831911113884,1
2024-09-09 00:00:00+00:00,54851.88671875,58041.125,54598.43359375,57019.53515625,34618096173,59050.2265625,60635.82828125,45.574363912906584,-1448.7577115100867,-1098.0253807467705,-350.7323307633162,65342.134681701915,59050.2265625,52758.318443298085,0.039713831911113884,0.05319291243138413,-0.016421918783691924,0.9656107770543323,0.9403604563917826,0.973850415444225,0.028932902037048642,0.028761175779302477,1.1667596908942703,0.3386267434474568,-0.03552029768108622,0.011034389872275785,1
2024-09-10 00:00:00+00:00,57020.09765625,58029.9765625,56419.4140625,57648.7109375,28857630507,58873.9025390625,60437.0975,47.53489419557581,-1288.6216786891528,-1136.144640335247,-152.47703835390575,65112.50020862014,58873.9025390625,52635.304869504864,0.011034389872275785,0.05118643968801884,0.026499460773863337,0.9791895636483483,0.953862996771147,0.9741351748247423,0.027355194180076824,0.02752539857175843,0.9790009307385605,0.4018055285452173,-0.022404439129232623,-0.005300015516934153,0
2024-09-11 00:00:00+00:00,57650.2890625,57991.3203125,55567.33984375,57343.171875,37049062672,58721.9654296875,60265.4075,46.65595952708665,-1172.8473140438073,-1143.4851750769592,-29.36213896684808,64953.93426785319,58721.9654296875,52489.99659152181,-0.005300015516934153,0.005675891917798825,0.06291930254123534,0.9765199692381135,0.9515105639167876,0.9743892535645345,0.027153341499947692,0.02742670319125425,1.2371222417558356,0.3893773709005472,0.0003084769843257895,0.013669279499548104,1
2024-09-12 00:00:00+00:00,57343.171875,58534.359375,57330.1015625,58127.01171875,33835707949,58423.5982421875,60120.505078125,49.24857200633478,-1006.2465870961023,-1116.037457480788,109.7908703846856,64121.03542623292,58423.5982421875,52726.16105814208,0.013669279499548104,0.008296816589161038,0.07364882220182745,0.994923514943259,0.9668417063897832,0.9717749071846217,0.024006426891599656,0.023364605624644992,1.1464664409041627,0.4739719356390593,-0.01667107761652753,0.04205082955798245,1
2024-09-13 00:00:00+00:00,58130.32421875,60648.0234375,57650.11328125,60571.30078125,32490528356,58243.213671875,60016.3865625,56.36971436640088,-669.2657323695967,-1026.6831124585497,357.417380088953,63373.63993057085,58243.213671875,53112.78741317915,0.04205082955798245,0.05629491359994643,0.10447794894397866,1.0399718175320949,1.009246045130893,0.9704551874548719,0.017723170445177423,0.02557911257930133,1.0806389298944683,0.726890222369827,0.05467911166805939,-0.00934732588201681,0
2024-09-14 00:00:00+00:00,60569.1171875,60656.72265625,59517.8828125,60005.12109375,16428405496,58026.792578125,59858.247734375,54.46340833964487,-442.7877644799446,-909.9040428628286,467.11627838288405,62382.103784676474,58026.792578125,53671.48137157353,-0.00934732588201681,0.03231044086847801,0.05236075547299057,1.0340933632159912,1.002453686249333,0.9694034619192796,0.019870574806748423,0.02559360885526648,0.5485996879344074,0.7271167801567314,0.03507897261546855,-0.013703582981947293,0
2024-09-15 00:00:00+00:00,60000.7265625,60381.91796875,58696.30859375,59182.8359375,18120960867,57841.9013671875,59685.637734375,51.72738283243521,-325.8971438173394,-793.1026630537308,467.2055192363914,61603.03795878849,57841.9013671875,54080.76477558651,-0.013703582981947293,-0.02292281700808052,0.02661160978366417,1.0231827540004275,0.9915758327135136,0.969109212246456,0.022677291183353925,0.025314488085818314,0.6149365440529424,0.6782618814359131,0.05381626386711913,-0.016733367188517922,0
2024-09-16 00:00:00+00:00,59185.2265625,59205.51171875,57501.33984375,58192.5078125,32032822113,57776.3201171875,59484.370546875,48.563183597938256,-309.6027798358991,-696.4026864101645,386.7999065742654,61460.371053543386,57776.3201171875,54092.26918083161,-0.016733367188517922,-0.030207643084629976,0.014811457227225544,1.0072034303061939,0.9782823164724088,0.9712857274274842,0.0207888200947981,0.022600659206565944,1.1002373776143533,0.5564850625713903,0.07866268632681717,0.0363626062794542,1
2024-09-17 00:00:00+00:00,58192.5078125,61316.08984375,57628.0703125,60308.5390625,38075570118,57840.3658203125,59354.143046875,54.90993931335778,-124.50808976684493,-582.0237670815005,457.5156773146556,61658.12020347879,57840.3658203125,54022.61143714621,0.0363626062794542,0.019020770248130647,0.03753035429217344,1.0426721582269232,1.0160796865497876,0.9744958456334382,0.02430729235998447,0.023997855916599767,1.3127802673155327,0.8232493495483194,0.11394324288443669,0.02223798894564699,1
2024-09-18 00:00:00+00:00,60309.0,61664.06640625,59218.25390625,61649.6796875,40990702891,57953.4408203125,59263.116328125,58.41243879225338,128.91359008516883,-439.8362956481667,568.7498857333355,62085.26482882241,57953.4408203125,53821.61681180259,0.02223798894564699,0.059409226461578646,0.017803462899773415,1.0637794549360386,1.040270635552832,0.9779006642080522,0.024267215792335383,0.024433377759827284,1.3922502781308632,0.9472890011257405,0.1241414811316206,0.020937291974474137,1
2024-09-19 00:00:00+00:00,61651.15625,63872.44140625,61609.8671875,62940.45703125,42710252573,58144.48984375,59229.54046875,61.51123446418984,428.9622317488829,-266.0765901687568,695.0388219176398,62820.8031133007,58144.48984375,53468.1765741993,0.020937291974474137,0.04364088418760148,0.04891809038955075,1.082483605933908,1.0626531378283766,0.9816805834316328,0.024571598773325248,0.024728678344455034,1.4254366769031626,1.0127936165791556,0.10384023403163423,0.004012038411551844,1
2024-09-20 00:00:00+00:00,62941.42578125,64119.53125,62364.60546875,63192.9765625,35177164222,58355.64375,59186.25,62.10611120392736,679.2986260666221,-77.00154692168104,756.3001729883031,63542.40324715694,58355.64375,53168.88425284307,0.004012038411551844,0.025033331605661457,0.06775850736917888,1.0828940013621218,1.0676969154575597,0.9859662294874232,0.020626710215579568,0.024688978414249108,1.131039979259456,0.9663155111733568,0.0961732801104751,0.003194394254405042,1
2024-09-21 00:00:00+00:00,63184.33984375,63543.359375,62783.10546875,63394.83984375,14408616220,58659.111328125,59225.84546875,62.603697834963256,883.7928876281876,115.15733998829268,768.6355476398949,64283.81581062492,58659.111328125,53034.40684562508,0.003194394254405042,0.007219248698407066,0.08939865674825787,1.080733042291324,1.0703914708520241,0.9904309658031977,0.019563147506523368,0.023544309155309907,0.47098650777291184,0.9209757624030934,0.10553423835608156,0.004004601863112578,1
2024-09-22 00:00:00+00:00,63396.8046875,63993.421875,62440.7265625,63648.7109375,20183348802,58885.9228515625,59285.2178125,63.25714878005555,1054.1893007447652,302.9637321395872,751.2255686051781,64937.262308146215,58885.9228515625,52834.583394978785,0.004004601863112578,0.007211788394700269,0.05538472539582595,1.0808816072721381,1.0736017052142799,0.9932648478715159,0.017295788924633952,0.022743573430595243,0.6672233712576707,0.8935317230266845,0.09499368805447927,-0.005010473135318549,0
2024-09-23 00:00:00+00:00,63643.1015625,64733.55859375,62628.078125,63329.80078125,31400285425,59180.86171875,59389.474296875,61.7963613806927,1150.2370843034005,472.41840257234986,677.8186817310507,65502.59380702586,59180.86171875,52859.12963047413,-0.005010473135318549,-0.001025936222258772,0.027252714081670293,1.0701060941325482,1.0663472194530326,0.9964873812978678,0.014562653474997932,0.021559674113073017,1.029975838488368,0.8281489158797576,0.04554136966551492,0.01535087678718594,1
2024-09-24 00:00:00+00:00,63326.83984375,64695.21484375,62737.41796875,64301.96875,29938335243,59497.383203125,59595.68453125,64.48853826616136,1289.9319426122674,635.9211105803334,654.010832031934,66187.35948768494,59497.383203125,52807.40691856506,0.01535087678718594,0.010263488496121687,0.021631741855226982,1.0807528884164883,1.0789702183264995,0.9983505294234274,0.010307627991754722,0.02166254619062993,0.9912712077045225,0.8590883840622645,0.07160801574813513,-0.018021597802944433,0
2024-09-25 00:00:00+00:00,64302.58984375,64804.50390625,62945.375,63143.14453125,25078377700,59846.516015625,59737.86109375,59.13880254500055,1292.2375840353125,767.1844052713293,525.0531787639832,66532.0668340867,59846.516015625,53160.9651971633,-0.018021597802944433,-0.002947368343139689,-0.0007885691410771667,1.0550847189628265,1.0570037724008212,1.0018188619392396,0.012784885633223874,0.020663856064717545,0.8386192528921064,0.7465487590432776,0.06691650596014487,0.032273891570151925,1
2024-09-26 00:00:00+00:00,63138.546875,65790.796875,62669.26953125,65181.01953125,36873129847,60408.129296875,59940.932265625,64.68674786703419,1441.8831710871455,902.1241584344925,539.7590126526529,66891.69461885022,60408.129296875,53924.56397489978,0.032273891570151925,0.013670666673794463,0.028175474406157086,1.079010727362847,1.087420850286476,1.0077942903720556,0.015739251165580205,0.018461423334976457,1.2593308476207417,0.8680760505487541,0.12009298071957009,0.00935309904070647,1
2024-09-27 00:00:00+00:00,65180.6640625,66480.6953125,64852.9921875,65790.6640625,32058813449,60990.678125,60022.5428125,66.16670521542642,1591.3277597763372,1039.9648787028616,551.3628810734756,67190.25360791772,60990.678125,54791.10264208228,0.00935309904070647,0.04192885151514303,0.033652733785972444,1.0787003208533354,1.096099248377707,1.0161295284594036,0.015806200166817636,0.018405636265484564,1.0711333918769472,0.8871221465667977,0.09090130660135332,0.0014741358273548943,1
2024-09-28 00:00:00+00:00,65792.1796875,66255.53125,65458.03515625,65887.6484375,15243637984,61542.9822265625,60122.693515625,66.40789476074531,1698.0158319997645,1171.5750693622422,526.4407626375223,67394.35082400065,61542.9822265625,55691.613629124346,0.0014741358273548943,0.01084102260645392,0.04038932105731963,1.0705956398886096,1.0958865044922976,1.0236231716825592,0.015868126927396427,0.018485818891599778,0.5118995552810265,0.871252138588542,0.06874275375771788,-0.003829909793174213,0
2024-09-29 00:00:00+00:00,65888.8984375,66069.34375,65450.015625,65635.3046875,14788214575,61973.770703125,60216.483359375,65.10736654133751,1742.1227594454685,1285.6846073788874,456.4381520665811,67689.98769276806,61973.770703125,56257.553713481946,-0.003829909793174213,-0.0023614197730610353,0.020735538326732694,1.0590819945733974,1.0899890034392277,1.029182829114454,0.016273171738517698,0.01724763426610035,0.5137101582512221,0.8202759789393193,0.042815825994272805,-0.035130555094979754,0
2024-09-30 00:00:00+00:00,65634.65625,65635.0546875,62873.6171875,63329.5,37112957475,62257.81015625,60308.683671875,54.5875469008466,1572.8873826927302,1343.1251624416561,229.76222025107404,67622.9057491943,62257.81015625,56892.7145633057,-0.035130555094979754,-0.03882591803115598,0.0029513175204280984,1.0172137413934148,1.050089243276483,1.0323191680816601,0.02213669824812596,0.01963186501819988,1.2709984541959447,0.5998761182521515,0.0021604210614287744,-0.039357521968434894,0
2024-10-01 00:00:00+00:00,63335.60546875,64110.98046875,60189.27734375,60837.0078125,50220923500,62432.501953125,60338.333515625,45.94549163973714,1223.5396351492163,1319.2080569831683,-95.66842183395192,67331.0485971681,62432.501953125,57533.9553090819,-0.039357521968434894,-0.07310542546950072,-0.06664534783269738,0.9744444946027806,1.008264634898242,1.034707097718529,0.02532774984117267,0.021907645879080583,1.681967554260242,0.33714617247084794,-0.04034763771868999,-0.0033568819965540397,0
2024-10-02 00:00:00+00:00,60836.32421875,62357.6875,59996.94921875,60632.78515625,40762722398,62557.790625,60338.797890625,45.312502430622665,919.5993972857905,1239.2863250436926,-319.68692775790214,67108.50244157076,62557.790625,58007.07880842924,-0.0033568819965540397,-0.04258228540806419,-0.07839834085502018,0.969228365491848,1.0048722758142763,1.03677555423622,0.024925900098462656,0.021809562392226717,1.3495450381431418,0.2884940261718647,-0.04738392556310367,0.0020882627636797935,1
2024-10-03 00:00:00+00:00,60632.484375,61469.0390625,59878.8046875,60759.40234375,36106447279,62567.195703125,60379.240546875,45.81097147579034,681.0903324664541,1127.6471265282448,-446.5567940617907,67101.36852454607,62567.195703125,58033.02288170393,0.0020882627636797935,-0.0012756292845496064,-0.07783319355545937,0.971106370693793,1.0062962334973369,1.0362368777154691,0.01926877602763159,0.01970918644435782,1.188275558342849,0.3006479427918659,-0.040587502341567716,0.021528753876634443,1
2024-10-04 00:00:00+00:00,60754.625,62465.9921875,60459.94140625,62067.4765625,29585472513,62670.3134765625,60469.388125,50.80024683837236,590.810343776473,1020.2797699778905,-429.4694262014175,67050.3342044747,62670.3134765625,58290.292748650296,0.021528753876634443,0.023661974335383418,-0.05435836920369286,0.990380821785933,1.0264280570227782,1.036397347811968,0.02168617196389821,0.020115518009168276,0.9530346716756769,0.4311833263458268,-0.034749980924961954,0.0003620681473552878,1
2024-10-05 00:00:00+00:00,62067.609375,62371.0234375,61689.58203125,62089.94921875,13305410749,62815.669140625,60533.305,50.883914294173856,515.1379680219179,919.251409586696,-404.1134415647781,66890.71567430175,62815.669140625,58740.62260694824,0.0003620681473552878,0.021898616900020595,-0.019573039124736513,0.9884468329032627,1.0257155002316494,1.037704271072346,0.021608420903836467,0.01978503821178353,0.4319565465894643,0.4109556276379241,-0.016679487857605313,0.011741093613744757,1
2024-10-06 00:00:00+00:00,62084.98828125,62959.5703125,61833.1484375,62818.953125,14776233667,63046.99140625,60600.104609375,53.63823035126458,508.134133749576,837.027954419272,-328.89382066969597,66493.87284963136,63046.99140625,59600.10996286865,0.011741093613744757,0.012107412837112586,0.032577955158616057,0.9963830426137131,1.0366145987688895,1.0403776002145129,0.022901135192890214,0.019341105593301856,0.4935309671641088,0.4669210727151817,-0.03623856182730534,-0.009269383518558882,0
2024-10-07 00:00:00+00:00,62819.109375,64443.70703125,62152.55078125,62236.66015625,34253562610,63143.3974609375,60675.158515625,51.16991255638435,450.4053756729627,759.7034386700102,-309.2980629970475,66368.50760840224,63143.3974609375,59918.287313472756,-0.009269383518558882,0.0023628773955526317,0.026452273235788804,0.985640029818661,1.0257354357009696,1.0406795631968044,0.01921046023534065,0.017966475426732284,1.15142939160203,0.3594253741379523,-0.05401988195276086,-0.001682150134457161,0
2024-10-08 00:00:00+00:00,62221.64453125,63174.3046875,61843.5625,62131.96875,28134475157,63167.5119140625,60727.928828125,50.71801184525161,391.6920157049826,686.1011540770047,-294.4091383720221,66352.55949907316,63167.5119140625,59982.46432905185,-0.001682150134457161,-0.010935941158284002,0.022590189391340942,0.983606396188735,1.0231201680835975,1.0401723413430108,0.010330839078008485,0.017313676386926765,0.9666238365439107,0.33743678290146456,-0.05700127074746919,-0.024944762232405493,0
2024-10-09 00:00:00+00:00,62131.7265625,62508.8359375,60314.61328125,60582.1015625,27670982363,63049.594140625,60759.315,44.45836324679011,217.59166441149864,592.3992561439036,-374.80759173240494,66438.15723633149,63049.594140625,59661.0310449185,-0.024944762232405493,-0.02658495153171947,-0.023931615755383162,0.9608642591319219,0.9970833535977158,1.037694288367553,0.014814521530740078,0.017506445187009462,0.9759125955289993,0.13590871581357758,-0.076989101354204,-0.005077433013489285,0
2024-10-10 00:00:00+00:00,60581.9296875,61236.72265625,58895.20703125,60274.5,30452813570,62903.6703125,60741.301171875,43.315716539250516,54.17056180934742,484.75351727699234,-430.5829554676449,66510.56204923952,62903.6703125,59296.778575760465,-0.005077433013489285,-0.029895539886622413,-0.029239019222804696,0.958203228850741,0.9923149296628644,1.0355996512900887,0.014891518208778685,0.017466624793375202,1.0830463510797306,0.1355351775991136,-0.048239761880324306,0.036011743668549645,1
2024-10-11 00:00:00+00:00,60275.4609375,63400.87109375,60046.125,62445.08984375,30327141594,62856.1828125,60782.5646875,52.57789675994752,98.66922324003099,407.53665846960007,-308.8674352295691,66460.85435129738,62856.1828125,59251.51127370262,0.036011743668549645,0.030751463438884352,-0.005951440809688013,0.9934597846964984,1.0273520073527251,1.0341153443534514,0.01899261893054612,0.01943244880242758,1.0488861351013345,0.44297774924492084,0.026432628577100825,0.011977460447594401,1
2024-10-12 00:00:00+00:00,62444.6171875,63448.78515625,62443.26953125,63193.0234375,16744110886,62833.3984375,60764.538046875,55.28893437699528,192.07262958041974,364.44385269176405,-172.3712231113443,66422.70561328805,62833.3984375,59244.091261711954,0.011977460447594401,0.04842053335158325,0.015366558533973063,1.0057234688707426,1.0399655040371016,1.0340471672643843,0.01942795536583198,0.019612278892300678,0.5825719942902915,0.5500967153808783,0.04222531217479619,-0.005406426515387475,0
2024-10-13 00:00:00+00:00,63192.9453125,63272.65234375,62035.63671875,62851.375,18177529690,62809.4771484375,60737.985703125,53.776595493554375,235.80906825644342,338.71689580469996,-102.90782754825653,66391.22361508248,62809.4771484375,59227.730681792535,-0.005406426515387475,0.006506278672456123,0.011578681063442176,1.0006670625750231,1.0347951824942767,1.0341053695036502,0.019174364025454586,0.01961761507597459,0.6473349072881776,0.5058488019675135,0.034430435052908104,0.050830232433260125,1
2024-10-14 00:00:00+00:00,62848.3984375,66482.4921875,62442.15234375,66046.125,43706958056,62896.6849609375,60772.23734375,63.75932493863913,522.2400778373049,375.42153221122095,146.8185456260839,66708.95230401926,62896.6849609375,59084.41761785574,0.050830232433260125,0.04514899600146238,0.09019204181721885,1.0500732278818588,1.086781199553654,1.0349575350529032,0.02633155315984511,0.022491145026612005,1.5192382254528423,0.9130665238860922,0.06410198477287254,0.015064992457922477,1
2024-10-15 00:00:00+00:00,66050.3671875,67881.6796875,64809.1953125,67041.109375,48863870879,63091.583203125,60855.446328125,66.2071283487497,820.0723565364169,464.35169707626017,355.72065946015675,67331.478207033,63091.583203125,58851.688199217,0.015064992457922477,0.06666098195942416,0.11226321869115474,1.0625998900544213,1.1016451841224313,1.0367450575079677,0.025977208526805757,0.022188410283063155,1.631064484261604,0.9657575444951635,0.07974173305902532,0.008526251733136592,1
2024-10-16 00:00:00+00:00,67042.4609375,68375.2890625,66758.7265625,67612.71875,38195189534,63213.1681640625,61017.618046875,67.56261084428976,1089.6696491749099,589.4152874959901,500.25436167891974,67828.21529774857,63213.1681640625,58598.121030376446,0.008526251733136592,0.023719692109113177,0.08275476773562884,1.06959864081672,1.1080851877577145,1.0359822324676922,0.02077265617062907,0.021164283487411607,1.2721394391724326,0.9766528334915997,0.07631081682404273,-0.0031485616380424464,0
2024-10-17 00:00:00+00:00,67617.078125,67912.2109375,66647.390625,67399.8359375,32790898511,63293.6267578125,61185.062265625,66.49289119972991,1271.4926068070636,725.8307513582049,545.6618554488587,68147.79188092714,63293.6267578125,58439.461634697866,-0.0031485616380424464,0.005350844665971133,0.06657083758875193,1.064875555249813,1.1015733815043707,1.0344620796990205,0.020457018027832855,0.021121658935763822,1.090812777060343,0.9229573032172403,0.08296036079518787,0.015118035686984221,1
2024-10-18 00:00:00+00:00,67419.109375,68969.75,67177.8203125,68418.7890625,36857165014,63420.1837890625,61365.674453125,69.02118014862504,1480.7405567261885,876.8127124318016,603.9278442943869,68674.59290468744,63420.1837890625,58165.77467343757,0.015118035686984221,0.011921873981735054,0.0885806247277805,1.078817262499002,1.1149358280868014,1.0334797809075962,0.018529073703106424,0.02134267848835501,1.1835326734031681,0.9756581723502689,0.10118495259334592,-0.0008192879217548965,0
2024-10-19 00:00:00+00:00,68418.9765625,68668.0078125,68024.640625,68362.734375,14443497908,63556.5552734375,61550.539609375,68.7140110914195,1623.3351229679465,1026.1171945390306,597.2179284289159,69181.53665910148,63556.5552734375,57931.57388777352,-0.0008192879217548965,0.014286361741190357,0.03507562896384919,1.0756205096529385,1.110676442625166,1.0325913578791266,0.01929449911420978,0.021309227251292435,0.46405680036172486,0.9272173338930237,0.1284312133753407,0.009346740674458287,1
2024-10-20 00:00:00+00:00,68364.1796875,69359.0078125,68105.71875,69001.703125,18975847518,63840.1654296875,61751.175703125,70.33468773909492,1767.5268330095714,1174.3991222331388,593.1277107764327,69966.57694329301,63840.1654296875,57713.75391608199,0.009346740674458287,0.008519795080961012,0.0292446495631995,1.080850944864755,1.11741521257397,1.0338291490449596,0.01790154942862406,0.01944151516578913,0.6279741263501977,0.9212529376985025,0.14479096674381364,-0.023678423698328066,0
2024-10-21 00:00:00+00:00,69002.0,69462.734375,66829.8515625,67367.8515625,37498611780,64166.7076171875,61952.02296875,61.55414337237075,1730.0190528939202,1285.5231083652952,444.49594452862493,70315.29544710167,64166.7076171875,58018.11978727333,-0.023678423698328066,-0.014552999109758047,-0.00362161427652985,1.0498879257513136,1.087419721491288,1.0357483830601406,0.013707125261590927,0.01783028058392749,1.2676395334471573,0.7603153792272643,0.07883344761081656,-9.567341618454961e-05,0
2024-10-22 00:00:00+00:00,67360.703125,67801.578125,66581.3671875,67361.40625,31808472566,64503.138671875,62117.001484375,61.521515033483716,1680.4031426563743,1364.4991152235111,315.90402743286313,70573.39666931782,64503.138671875,58432.88067443218,-9.567341618454961e-05,-0.023771831718827574,-0.0005701747929421908,1.0443120697221402,1.084427848097983,1.038413592583026,0.012622328007422535,0.01776210631960866,1.0918089634315578,0.7354321331423709,0.06596270578227159,-0.01379441121005398,0
2024-10-23 00:00:00+00:00,67362.375,67402.7421875,65188.03515625,66432.1953125,32263980353,64786.7783203125,62297.024921875,56.84338168605851,1548.2552961152032,1401.2503514018497,147.00494471335355,70646.98887093292,64786.7783203125,58926.56776969207,-0.01379441121005398,-0.01388876486779389,-0.029035792319932252,1.0253974195792295,1.0663782964886495,1.0399658475113351,0.013139189423703195,0.01826695743758908,1.1147955820037718,0.6403888971201983,0.05697282378468249,0.02602442034118191,1
2024-10-24 00:00:00+00:00,66653.703125,68798.9609375,66454.1015625,68161.0546875,31414428647,65091.4572265625,62500.815234375,62.54941406203651,1564.9914314904672,1433.9985674195732,130.99286407089403,70989.88477433377,65091.4572265625,59193.029678791245,0.02602442034118191,0.011871017575438403,-0.0029501407359410203,1.0471582230868364,1.0905626499734344,1.0414497312150686,0.01695041974795188,0.01851187363502236,1.0820226897236562,0.7602047271138687,0.0320220101860631,-0.022280180844656217,0
2024-10-25 00:00:00+00:00,68165.296875,68722.15625,65521.79296875,66642.4140625,41469984306,65319.08046875,62710.45375,55.595824856775494,1439.1240069954074,1435.0236553347402,4.100351660667229,71079.55460449442,65319.08046875,59558.60633300558,-0.022280180844656217,0.003164410704946885,-0.03419175115469297,1.0202595257657234,1.0627002369999594,1.041597956365449,0.017894384475671047,0.019468689257356092,1.3622940222899358,0.614863252795335,-0.005947027371964619,0.00558625096700216,1
2024-10-26 00:00:00+00:00,66628.734375,67317.921875,66360.59375,67014.6953125,19588098156,65528.867578125,62971.772578125,56.861866435597044,1353.8073039637238,1418.7803850605371,-64.9730810968133,71211.04296054838,65528.867578125,59846.69219570161,0.00558625096700216,-0.016818392559442397,-0.005242207400251719,1.0226743996850483,1.064202142783248,1.0406070036670412,0.018221893648676338,0.019383722775138428,0.6384255966833648,0.6307446210628328,-0.008844836423620328,0.01364777618155344,1
2024-10-27 00:00:00+00:00,67023.4765625,68221.3125,66847.2265625,67929.296875,16721307878,65813.4994140625,63247.564765625,59.88771392533248,1344.4953985518514,1403.9233877588,-59.427989206948496,71370.22945541068,65813.4994140625,60256.76937271434,0.01364777618155344,0.01931026705144734,0.008430504299336894,1.0321483811037924,1.0740223299778258,1.0405696987377464,0.018760316512821392,0.01927150335572464,0.5610185338890311,0.6903815234133777,0.007855522645351387,0.029125296867722028,1
2024-10-28 00:00:00+00:00,67922.671875,70212.265625,67535.1328125,69907.7578125,38799856657,66202.2888671875,63548.88859375,65.52165521157403,1479.7038050120318,1419.0794712094464,60.6243338025854,71762.54388972811,66202.2888671875,60642.03384464688,0.029125296867722028,0.04317056858214752,0.05231744162075036,1.055971915906809,1.1000626346024782,1.0417536849526974,0.019240204275095943,0.019965022187809107,1.2788967471272457,0.833210341098652,0.021762570931207703,0.04023493905417541,1
2024-10-29 00:00:00+00:00,69910.046875,73577.2109375,69729.9140625,72720.4921875,58541874402,66809.2083984375,63862.907734375,71.62371390959515,1793.1512667114584,1493.893830309849,299.25743640160954,72435.95866997034,66809.2083984375,61182.45812690467,0.04023493905417541,0.07053209046630515,0.06689212074114437,1.0884800752885548,1.1386968549876613,1.0461347716317122,0.022975542480540536,0.019950393372711706,1.836199862805131,1.0252840008707327,0.06374463883489145,-0.005238593875544262,0
2024-10-30 00:00:00+00:00,72715.3671875,72905.296875,71411.734375,72339.5390625,40646637831,67412.4603515625,64156.724296875,69.82133691303275,1987.9055669977824,1592.6961776474357,395.2093893503468,72663.83407577084,67412.4603515625,62161.08662735417,-0.005238593875544262,0.03478557067331911,0.08548797459013113,1.0730885460231283,1.1275441484163116,1.0507466066942899,0.02160999161802666,0.019956563081412342,1.2548444845887363,0.9691228400127126,0.04837323988153375,-0.029366396164960396,0
2024-10-31 00:00:00+00:00,72335.046875,72662.3125,69590.5,70215.1875,40627912076,67800.965234375,64414.164609375,60.65501606754927,1948.3727081965044,1663.8314837572495,284.54122443925485,72638.36747951317,67800.965234375,62963.562989236845,-0.029366396164960396,-0.034451151417408066,0.04775806519115844,1.0356074910921915,1.090058187136385,1.052578507313391,0.025583841598291,0.020700409987887764,1.2346353250461315,0.7495370596947373,0.04226550010814001,-0.010435331387529279,0
2024-11-01 00:00:00+00:00,70216.8984375,71559.015625,68779.703125,69482.46875,49989795365,68115.4375,64641.27375,57.834742118678435,1836.7454945123463,1698.414285908269,138.33120860407735,72486.8435760631,68115.4375,63744.03142393691,-0.010435331387529279,-0.03949527947685072,0.022864536311307138,1.0200693308326765,1.0748932488354626,1.0537452860758332,0.02384789718812879,0.02096941882037079,1.446083391151735,0.6563605881281053,0.03148780018231889,-0.0027804900426771084,0
2024-11-02 00:00:00+00:00,69486.0234375,69867.3515625,69033.71875,69289.2734375,18184612091,68437.332421875,64815.633203125,57.08110734956809,1712.945111346562,1701.3204509959278,11.624660350634258,72060.76108685453,68437.332421875,64813.90375689548,-0.0027804900426771084,-0.013186806095191295,-0.008847149363005458,1.0124484836780792,1.0690210064037347,1.0558769395556162,0.02409347552056058,0.02090921562241601,0.526031282054367,0.6175600645679895,0.04300743203743562,-0.00791112711687536,0
2024-11-03 00:00:00+00:00,69296.3828125,69361.65625,67482.5234375,68741.1171875,34868307655,68572.08203125,64990.353125,54.89535869874438,1552.7022030389344,1671.5968014045293,-118.8945983655949,72017.14350754171,68572.08203125,65127.02055495829,-0.00791112711687536,-0.010669620349377684,-0.05472150806872589,1.0024650725374353,1.0577126278308708,1.055111700952925,0.024185538376098683,0.018080872051386202,1.0217065363631412,0.5245329665977326,0.0085101749475478,-0.013523338185854272,0
2024-11-04 00:00:00+00:00,68742.1328125,69433.1796875,66803.6484375,67811.5078125,41184819348,68610.601953125,65162.9265625,51.30723622517708,1335.3042796863447,1604.3382970608925,-269.03401737454783,72000.37141939618,68610.601953125,65220.83248685384,-0.013523338185854272,-0.021327480455296866,-0.06259414019887333,0.9883531973503024,1.0406455233016532,1.0529085412902415,0.021410514766635705,0.018136606594917084,1.22052366116938,0.38213149174654154,0.01754278812444543,0.02282879023690776,1
2024-11-05 00:00:00+00:00,67811.171875,70522.7890625,67458.8671875,69359.5625,46046889204,68697.944140625,65386.26765625,56.416140909974956,1273.2526705960336,1538.1211717679207,-264.86850117188715,72069.42355267936,68697.944140625,65326.46472857062,0.02282879023690776,0.008996730600306035,-0.012185753972386637,1.0096308320088978,1.0607665032149944,1.05064788988699,0.015626679519764302,0.018732506449516805,1.348918650415972,0.5981198872236116,0.034990343186155126,0.09053568676993895,1
2024-11-06 00:00:00+00:00,69358.5,76460.15625,69322.03125,75639.078125,118592653963,69109.90625,65692.8784375,70.11406493786001,1711.0567569714622,1572.708288808629,138.34846816283311,73631.0297541482,69109.90625,64588.78274585181,0.09053568676993895,0.11543129720907208,0.08860665842417981,1.0944751950810236,1.1514045346172916,1.0520151939414704,0.039988450296439,0.02728504500272169,3.086241621849648,1.2220740452024135,0.11349714489445017,0.003513808689745934,1
2024-11-07 00:00:00+00:00,75637.0859375,76943.1171875,74480.421875,75904.859375,63467654989,69484.209765625,65977.98203125,70.53615140023278,2055.7683573286195,1669.3203025126272,386.44805481599224,74912.87310467943,69484.209765625,64055.54642657057,0.003513808689745934,0.09436762054258918,0.09547777901679622,1.0924044416858492,1.150457425918971,1.0531423912406763,0.036802138577559596,0.027207041757610684,1.5963989918003099,1.091365609576865,0.08578592348198133,0.008439738809541852,1
2024-11-08 00:00:00+00:00,75902.8359375,77252.75,75648.7421875,76545.4765625,55176858003,69893.346875,66250.082421875,71.5781007328017,2353.517354248572,1806.1597128598164,547.3576413887554,76138.18053038495,69893.346875,63648.51321961505,0.008439738809541852,0.011983203126855857,0.11353262347646509,1.0951754349294065,1.1554019823713544,1.0549926025740617,0.03557709118872242,0.02717178222448465,1.3202280315102208,1.0326106390170884,0.05259843903610828,0.0030490452928257916,1
2024-11-09 00:00:00+00:00,76556.1875,76932.765625,75773.7890625,76778.8671875,29009480361,70282.205078125,66521.800234375,71.96705218656375,2578.5938278553804,1960.6465358589294,617.947291996451,77223.02859100449,70282.205078125,63341.381565245516,0.0030490452928257916,0.011514517248257583,0.13223949244418676,1.0924367996444246,1.1541910609301984,1.0565289097784643,0.03517265005131039,0.027167556774417373,0.6858825793115537,0.9680036956219749,0.06136793491543413,0.048129393514959595,1
2024-11-10 00:00:00+00:00,76775.546875,81474.421875,76565.4296875,80474.1875,82570594495,70937.521875,66863.3871875,77.27076983119285,3020.3334964606474,2172.583927979273,847.7495684813744,79089.05572632173,70937.521875,62785.98802367827,0.048129393514959595,0.05132518750852877,0.1602464692593757,1.1344375356360021,1.2035613343118894,1.0609322210386263,0.035392410268536845,0.027818622184807545,1.8534900964538261,1.0849614194666979,0.14610799123765061,0.10223522760015435,1
2024-11-11 00:00:00+00:00,80471.4140625,89604.5,80283.25,88701.484375,117966845037,72004.52578125,67364.44265625,84.36380898196438,3988.314657089155,2535.7300738012495,1452.5845832879054,83202.50923347914,72004.52578125,60806.54232902087,0.10223522760015435,0.15528514061537324,0.17269388487804238,1.2318876266816257,1.3167404179030995,1.068880301566178,0.041794042978191885,0.034589253392894335,2.414551436430251,1.2455341698342215,0.2766023713715555,-0.008406532091926988,0
2024-11-12 00:00:00+00:00,88705.5625,89956.8828125,85155.109375,87955.8125,133673285375,73080.706640625,67856.962890625,81.87008629674739,4641.769779723021,2956.9380149856042,1684.831764737417,86024.75493701849,73080.706640625,60136.6583442315,-0.008406532091926988,0.0929692517864813,0.15876392136455353,1.203543541697311,1.2961943587391505,1.0769816910081853,0.0454204383089148,0.034378438107623185,2.4787777997444462,1.0745924891024838,0.2694001269812347,0.029882636380625716,1
2024-11-13 00:00:00+00:00,87929.96875,93434.3515625,86256.9296875,90584.1640625,123559027869,74201.862109375,68382.606796875,83.69912641490207,5310.50745310029,3427.6519026085416,1882.8555504917485,89090.09900332542,74201.862109375,59313.62521542458,0.029882636380625716,0.02122489494697355,0.18340322812592724,1.2207801999493917,1.324666728947215,1.085098471454673,0.038379228519873194,0.034456240016579494,2.1108815791466324,1.0501760238575217,0.31775810124558146,-0.03680261786927608,0
2024-11-14 00:00:00+00:00,90574.8828125,91765.21875,86682.8125,87250.4296875,87616705248,75232.262890625,68864.7525,73.56203319409093,5507.9896977337485,3843.7194616335833,1664.2702361001652,90756.56258847943,75232.262890625,59707.963192770585,-0.03680261786927608,-0.008019740736292968,0.13638599895499404,1.1597475117071432,1.2669824042059832,1.092463998772449,0.04490716191426408,0.03541974007971804,1.4400774748046323,0.8870759722107142,0.28666110667748246,0.04373133907381366,1
2024-11-15 00:00:00+00:00,87284.1796875,91868.7421875,87124.8984375,91066.0078125,78243109518,76434.828515625,69382.452265625,76.9960950940933,5904.319743270127,4255.839517960892,1648.4802253092348,92972.0224159986,76434.828515625,59897.634615251416,0.04373133907381366,0.005319293443692308,0.13161761108181436,1.191420319519446,1.3125221844834958,1.101644955168211,0.045250626353941524,0.035957974802196355,1.2268730959538612,0.9423718856118771,0.31295533780940454,-0.005573223886622736,0
2024-11-16 00:00:00+00:00,91064.3671875,91763.9453125,90094.2265625,90558.4765625,44333192814,77566.2875,69877.808515625,75.58962857361018,6107.0622177699115,4626.084057922696,1480.9781598472155,94737.58296021189,77566.2875,60394.99203978812,-0.005573223886622736,0.03791439064367075,0.020935300018760206,1.1674978844707502,1.2959547313543855,1.1100274772162586,0.04608826605418128,0.036280813405690414,0.6804265059223567,0.8783112663981754,0.19724458318812954,-0.007869224693816235,0
2024-11-17 00:00:00+00:00,90558.4609375,91433.0390625,88741.6640625,89845.8515625,46350159305,78563.1921875,70356.972578125,73.55786685085451,6139.4623078450095,4928.759707907159,1210.7025999378502,96171.87323697715,78563.1921875,60954.51113802285,-0.007869224693816235,-0.013398591629406154,0.02148850665781743,1.1436125373835708,1.2769999656073088,1.1166369061753294,0.0462120999287523,0.03646979306555454,0.7072848530216744,0.8203720750946027,0.18366402760363454,0.007755383808848215,1
2024-11-18 00:00:00+00:00,89843.71875,92596.7890625,89393.59375,90542.640625,75535775084,79454.299609375,70855.119296875,74.28566478460644,6150.465924053744,5173.100951136476,977.3649729172676,97613.24939506255,79454.299609375,61295.349823687444,0.007755383808848215,-0.00017486974274649736,-0.0004583962100853656,1.1395562111822664,1.2778560183582008,1.121362865489936,0.026801454701541168,0.03592321372655214,1.1378917409532163,0.8053133894440461,0.18286076057115142,0.019892819836786257,1
2024-11-19 00:00:00+00:00,90536.8125,94002.8671875,90426.984375,92343.7890625,74521048295,80454.512109375,71435.405078125,76.11570103788529,6232.677567960272,5385.016274501236,847.6612934590366,99158.92218370074,80454.512109375,61750.102035049276,0.019892819836786257,0.027802480098509053,0.05837632425699901,1.147776384958521,1.292689373868723,1.1262554194434302,0.026885155789526338,0.03574193588469591,1.0946753337537318,0.817820153265475,0.2027240365111045,0.02161166598491282,1
2024-11-20 00:00:00+00:00,92341.890625,94902.0234375,91619.5,94339.4921875,71730956426,81660.72734375,72105.454765625,77.98521993063757,6385.262124377536,5585.065444476496,800.1966799010397,100693.44621673878,81660.72734375,62628.00847076121,0.02161166598491282,0.04193440279950966,0.03594628175355985,1.1552614733686961,1.308354444114465,1.132518026676122,0.025889989529587553,0.03436275400405124,1.0301570454852074,0.8330781305697657,0.17229505656705135,0.044151545428309014,1
2024-11-21 00:00:00+00:00,94334.640625,99014.21875,94132.6015625,98504.7265625,106024505582,83111.840234375,72862.89359375,81.27887098379036,6764.311318158827,5820.914619212963,943.396698945864,102653.73367517388,83111.840234375,63569.946793576135,0.044151545428309014,0.066717399865736,0.0877471695818095,1.1852069005416932,1.3519189494685329,1.1406607140497111,0.021180739501592834,0.03436929590433413,1.4637632454251601,0.8938432674079645,0.11051948292156188,0.005004201495724558,1
2024-11-22 00:00:00+00:00,98496.4296875,99655.5,97222.6640625,98997.6640625,78473580551,84597.259765625,73627.658828125,81.62916223782136,7023.5236629372375,6061.436427957818,962.0872349794199,104231.40413127202,84597.259765625,64963.11539997797,0.005004201495724558,0.04937669015370427,0.10186126950595686,1.1702230584864217,1.3445716682856677,1.1489875016005497,0.018068524929347053,0.03416331001538435,1.0401115639622478,0.8667184071965657,0.12553862273172678,-0.012327389984975179,0
2024-11-23 00:00:00+00:00,99006.7421875,99014.6796875,97232.890625,97777.28125,44414644677,86049.06796875,74341.854921875,77.75043709950275,7049.21762707489,6258.992667781233,790.2249592936569,105029.74504785011,86049.06796875,67068.39088964988,-0.012327389984975179,-0.007384877232651799,0.0799031326572821,1.1362968078342148,1.3152386546280426,1.1574780863240226,0.019309731057606555,0.03435695488945775,0.5849836671133382,0.8089513938932164,0.07940810915401286,0.002419161787646784,1
2024-11-24 00:00:00+00:00,97778.09375,98647.1796875,95788.078125,98013.8203125,51712020623,87559.18359375,75060.33234375,77.96894663808615,7007.884474310078,6408.771029087002,599.1134452230763,105188.1173495311,87559.18359375,69930.2498379689,0.002419161787646784,-0.009938050148121436,0.061401327664412975,1.1194008017166603,1.3058005107628765,1.1665173982012182,0.017963261418830687,0.03375917949167838,0.6764078281367902,0.7965192581576747,0.12336203573496007,-0.05011051933125821,0
2024-11-25 00:00:00+00:00,98033.4453125,98935.03125,92642.9140625,93102.296875,80909462490,88746.3203125,75665.99921875,63.929545943752395,6503.836579274299,6427.784139124461,76.05244014983782,104289.23696353447,88746.3203125,73203.40366146553,-0.05011051933125821,-0.04781258299713664,-0.01311428844710194,1.0490834611188544,1.2304376845119267,1.172869204514631,0.029921958937074354,0.03710980589096095,1.034726216140382,0.6401273860080208,0.02236058339894087,-0.011997304040733403,0
2024-11-26 00:00:00+00:00,93087.28125,94991.75,90770.8125,91985.3203125,91656519855,89563.632421875,76260.972421875,61.22932740814753,5945.70592057929,6331.368495415427,-385.6625748361366,103874.8136755247,89563.632421875,75252.45116822529,-0.011997304040733403,-0.06150663223593544,-0.06618368963100996,1.0270387413411064,1.2061912848899703,1.1744360133045484,0.02959183083807148,0.033053503254770786,1.192710141412628,0.5846082460875623,0.01575604851319734,0.04323745271515378,1
2024-11-27 00:00:00+00:00,91978.140625,97361.1796875,91778.6640625,95962.53125,71133452438,90566.516015625,76937.583671875,66.63347842333559,5757.937121224764,6216.682220577294,-458.7450993525299,103601.81531503466,90566.516015625,77531.21671621535,0.04323745271515378,0.03072141580824983,-0.030658630597423353,1.0595806869002673,1.2472776849772536,1.177142713525745,0.03315965506464593,0.03380686321040654,0.9210531599229345,0.7069770363699808,0.06807971187456574,-0.0032310787967048116,0
2024-11-28 00:00:00+00:00,95954.9453125,96650.203125,94677.3515625,95652.46875,52260008261,91521.865625,77638.991015625,65.86271854990389,5520.472966502857,6077.4403697624075,-556.9674032595503,102929.51672800239,91521.865625,80114.21452199762,-0.0032310787967048116,0.03986667030175761,-0.021731147285300456,1.0451324183220287,1.2320158659809188,1.1788131765723366,0.02772961850180495,0.03397770697150695,0.6779554901676651,0.6810452952892668,0.056435598627649464,0.018912786163713058,1
2024-11-29 00:00:00+00:00,95653.953125,98693.171875,95407.8828125,97461.5234375,54968682476,92555.9984375,78382.731484375,68.17570226613523,5415.826233840358,5945.1175425779975,-529.2913087376392,101899.43194413005,92555.9984375,83212.56493086996,0.018912786163713058,0.015620598664648044,-0.005634887745820882,1.0530006167381203,1.2434055510929496,1.180821294240688,0.028942249758510678,0.033949318795297265,0.7012860915555754,0.7625119018891217,0.05542045032975884,-0.010388394458550332,0
2024-11-30 00:00:00+00:00,97468.8125,97499.34375,96144.21875,96449.0546875,31634227866,93354.741796875,79062.81078125,65.50081808785544,5191.3524976080225,5794.364533584003,-603.0120359759803,100909.4506580895,93354.741796875,85800.03293566049,-0.010388394458550332,0.008327918222183817,0.035947102540266895,1.03314574954701,1.2199041968587994,1.1807667963534427,0.028834573237438148,0.03323406278799281,0.41714075190562355,0.7047936556834806,0.02236139342161425,0.008613193542348574,1
2024-12-01 00:00:00+00:00,96461.3359375,97888.125,95770.1875,97279.7890625,36590695296,93783.65703125,79744.54609375,66.65679186521751,5022.591457852104,5640.009918437623,-617.4184605855189,101198.77032110695,93783.65703125,86368.54374139305,0.008613193542348574,-0.0018646781682675195,0.05755775739012714,1.037278691639046,1.2198926927007028,1.176051048318655,0.02907231205611211,0.025097900462156923,0.509853669130748,0.7357436693537995,-0.012435316991848078,-0.01454037255458307,0
2024-12-02 00:00:00+00:00,97276.0078125,98152.6015625,94482.8671875,95865.3046875,72680784305,94179.131640625,80404.8246875,62.79838252713001,4720.297400119103,5456.067414773919,-735.7700146548159,101113.63774731777,94179.131640625,87244.62553393222,-0.01454037255458307,-0.00605241805522494,-0.0010131721332642396,1.01790389248129,1.1922829887396487,1.1713119456035128,0.020981156629677145,0.02530600193526647,1.0576761452566934,0.6215784528077356,-0.031640740260522215,0.0014276215513644441,1
2024-12-03 00:00:00+00:00,95854.59375,96297.203125,93629.5625,96002.1640625,67067810961,94450.031640625,81003.94546875,63.02141865641442,4440.582320412403,5252.970395901616,-812.3880754892134,101214.44238022063,94450.031640625,87685.62090102938,0.0014276215513644441,-0.013133509152442269,0.003655894270894189,1.0164333711160705,1.1851541737499203,1.1659929784168634,0.019816714951477174,0.02460092802402206,1.0178311235964825,0.6147278367345106,-0.018154699791266715,0.02881567529768403,1
2024-12-04 00:00:00+00:00,95988.53125,99207.328125,94660.5234375,98768.53125,77199817112,95025.93671875,81638.49390625,67.29026374201631,4391.506266420969,5080.677570005487,-689.1713035845178,101139.40394961904,95025.93671875,88912.46948788097,0.02881567529768403,0.030284434728120813,0.013410500538072911,1.0393849790960443,1.2098279441977624,1.1639844413086986,0.01564607186655015,0.023328452505084328,1.1809305254346676,0.8060942661434682,0.0077000461271046206,-0.022020788503929523,0
2024-12-05 00:00:00+00:00,98741.5390625,103900.46875,91998.78125,96593.5703125,149218945580,95302.31484375,82218.1109375,61.298730798934145,4129.509553704935,4890.443966745376,-760.9344130404415,101156.2838671149,95302.31484375,89448.34582038512,-0.022020788503929523,0.006160342902426397,0.0014983622749671355,1.0135490462206194,1.1748454107140438,1.1591401670149812,0.01849231535540953,0.022417283789673267,2.1650780923421147,0.6102888880686095,0.037499326597574933,0.03444474217316973,1
2024-12-06 00:00:00+00:00,97074.2265625,102039.8828125,96514.875,99920.7109375,94534772658,95770.4265625,82868.5284375,66.24947644665329,4142.594463358109,4740.874066067923,-598.2796027098138,101523.60486060416,95770.4265625,90017.24826439584,0.03444474217316973,0.011665453286772376,0.02714769327165456,1.043335761612083,1.20577392674302,1.155691169715059,0.021594996942084183,0.023360129953441264,1.3234437935250156,0.8606949202641296,0.08626801100481307,2.627082989481444e-05,1
2024-12-07 00:00:00+00:00,99916.7109375,100563.3828125,99030.8828125,99923.3359375,44177510897,96274.30078125,83498.619375,66.25314438100304,4105.846521196276,4613.868557093594,-508.02203589731835,101591.37992197256,96274.30078125,90957.22164052744,2.627082989481444e-05,0.034471917895026793,0.04233055184279966,1.0379024841171391,1.1967064447944353,1.1530047023756553,0.02080159340998645,0.023193942760329822,0.6194070439328822,0.8431428289549698,0.04127449157402263,0.013136868131795154,1
2024-12-08 00:00:00+00:00,99921.9140625,101399.9921875,98771.515625,101236.015625,44125751925,96808.96953125,84156.085,68.1190368572799,4134.980313420529,4518.090908358981,-383.1105949384528,101842.29202702535,96808.96953125,91775.64703547464,0.013136868131795154,0.013163484078117849,0.054518058145987425,1.045729709914131,1.2029553849255226,1.1503502038058209,0.020992795789683442,0.023251592534927472,0.6326113058594415,0.9397737376718637,0.058373264673317715,-0.03756861480096407,0
2024-12-09 00:00:00+00:00,101237.0625,101272.5078125,94355.9140625,97432.71875,110676473908,97063.416015625,84724.7053125,58.096268685757124,3807.286749625622,4375.93007661231,-568.6433269866875,101640.11809410305,97063.416015625,92486.71393714695,-0.03756861480096407,-0.02492528060770338,-0.013524677172922939,1.003804757235368,1.1499918281288506,1.1456329727865644,0.025948903878291046,0.02491609937623672,1.5466349773506967,0.5403459443112593,-0.0002955493253548047,-0.007772430783165474,0
2024-12-10 00:00:00+00:00,97441.234375,98270.15625,94321.2578125,96675.4296875,104823780634,97180.212890625,85310.856875,56.31936821738383,3446.748371300535,4190.093735549955,-743.3453642494205,101580.03109897788,97180.212890625,92780.39468227212,-0.007772430783165474,-0.045049046125969605,0.0008474619452947252,0.9948056997601649,1.133213675595261,1.1391306622674806,0.026249943930024434,0.024624315994316484,1.4317416586300062,0.4426359023008395,0.0023470940252703354,0.04652269534294651,1
2024-12-11 00:00:00+00:00,96656.0625,101913.359375,95747.2265625,101173.03125,85391409936,97313.628125,85987.089375,63.46620174425287,3483.7791297774675,4048.830814395458,-565.0516846179908,102032.78663060447,97313.628125,92594.46961939553,0.04652269534294651,0.03838867013038172,0.012533140534631615,1.039659431051554,1.1766072323808088,1.1317237137845615,0.029938101572575346,0.024845135410140974,1.182992956585956,0.9089079780236848,0.04002107966125101,-0.011169293200355757,0
2024-12-12 00:00:00+00:00,101167.8046875,102524.9140625,99339.953125,100043.0,72073983533,97365.894921875,86659.30546875,60.775607425329696,3382.9457026037853,3915.653792037124,-532.7080894333385,102185.66840829702,97365.894921875,92546.121435453,-0.011169293200355757,0.03483377651783459,0.0011975587221673134,1.0274953060337304,1.1544403622768045,1.1235480644024534,0.02862912522040021,0.02499231250049707,1.002942364241605,0.7777210470229339,0.04357880388654034,0.014156490833941326,1
2024-12-13 00:00:00+00:00,100046.6484375,101888.8046875,99233.28125,101459.2578125,56894751583,97549.99375,87325.26953125,62.89852640807817,3378.370897665969,3808.1972131628927,-429.8263154969236,102705.5132584597,97549.99375,92394.47424154029,0.014156490833941326,0.0028290796367733684,0.0022051656826058696,1.040074467585499,1.161854505083343,1.1170878060111913,0.0261119259269435,0.02496055428013536,0.7849008814130414,0.8791338638216074,0.05684344517949902,-0.0008504799301751742,0
2024-12-14 00:00:00+00:00,101451.4375,102618.8828125,100634.0546875,101372.96875,40422968793,97717.951171875,88019.880625,62.67595147852022,3329.4032375561073,3712.438418041536,-383.03518048542855,103148.62178122165,97717.951171875,92287.28056252835,-0.0008504799301751742,0.013293971092430246,0.04044072720694758,1.037403747564214,1.1517053650855256,1.110180455574493,0.02612773281674059,0.024969374891920297,0.5620382902906906,0.8365162280174387,0.026369102253912535,0.02886101293644905,1
2024-12-15 00:00:00+00:00,101373.53125,105047.5390625,101227.03125,104298.6953125,51145914137,98277.77109375,88765.560625,66.94678070615447,3486.4876371844875,3667.248261870126,-180.7606246856385,104005.30078035271,98277.77109375,92550.24140714727,0.02886101293644905,0.02798598729400692,0.07885422024646749,1.061264354611853,1.1749905546490205,1.1071610476154754,0.027830088774158705,0.022411127277984146,0.7261546587478839,1.025612659226679,0.07976850814264691,0.016596788984881483,1
2024-12-16 00:00:00+00:00,104293.578125,107780.578125,103322.984375,106029.71875,91020417816,98979.991015625,89527.5690625,69.19287762166392,3707.914747153336,3675.3815589267683,32.533188226567745,104899.75864502737,98979.991015625,93060.22338622263,0.016596788984881483,0.04593680206292672,0.04800377570974468,1.0712237661575674,1.1843247824140037,1.1055811305065837,0.020792649916008318,0.02211736521888872,1.2928649495632436,1.0954395658505525,0.061138554311539695,0.001045771070669721,1
2024-12-17 00:00:00+00:00,106030.6875,108268.4453125,105291.734375,106140.6015625,68589364868,99488.89453125,90252.2259375,69.33661864720949,3847.9874394690705,3709.902735035229,138.08470443384158,106033.42951029308,99488.89453125,92944.35955220692,0.001045771070669721,0.017659916497337447,0.060949807207900664,1.066858789240649,1.1760441414043656,1.102342834182798,0.019604572319179694,0.02046575164743805,0.9760150683636596,1.008187904301078,0.062220356903303964,-0.057462106019896764,0
2024-12-18 00:00:00+00:00,106147.296875,106470.609375,100041.5390625,100041.5390625,93865656139,99708.348046875,90798.646875,54.32268839178967,3427.344392827901,3653.3910665937638,-226.04667376586258,106000.71622677255,99708.348046875,93415.97986697746,-0.057462106019896764,-0.05647642715736245,-0.01397328130095321,1.0033416561617123,1.1017954838052204,1.098125924543135,0.028065885644470014,0.024785418335084217,1.297289956680677,0.5264758041884335,-0.011798929018745685,-0.025495268879325628,0
2024-12-19 00:00:00+00:00,100070.6875,102748.1484375,95587.6796875,97490.953125,97221662392,99709.81953125,91301.67515625,49.49585684013197,2855.257151666563,3493.7642836083237,-638.5071319417607,105999.98877569767,99709.81953125,93419.65028680234,-0.025495268879325628,-0.08149236305587293,-0.03829438629319026,0.977746761385376,1.0677893144693995,1.092091896020644,0.029399521750268928,0.025226626382300957,1.3055524223293304,0.32362426828112795,0.0005976880841169763,0.002717960528709318,1
2024-12-20 00:00:00+00:00,97484.6953125,98098.9140625,92175.1796875,97755.9296875,105634083408,99775.16328125,91852.49,49.992980057803486,2395.639840623713,3274.1393950114016,-878.4995543876885,105948.77930565954,99775.16328125,93601.54725684047,0.002717960528709318,-0.02284660348509915,-0.06273103997510754,0.9797621619715309,1.0642708726513566,1.0862543114645014,0.02857338633016973,0.025103773665820877,1.3513754493257222,0.3364626512431077,0.011176573028872872,-0.005433973434635808,0
2024-12-21 00:00:00+00:00,97756.1953125,99507.1015625,96426.5234375,97224.7265625,51765334294,99772.41015625,92407.33515625,48.95269704531084,1965.8648907682364,3012.484494162769,-1046.6196033945325,105950.75900313919,99772.41015625,93594.06130936081,-0.005433973434635808,-0.0027307822312359065,-0.08304268172455187,0.9744650491076625,1.0521321321311166,1.0797022767461752,0.028516488778666364,0.02507529330448984,0.6558671055970864,0.2938216458081058,-0.039025268282648184,-0.021802983021374844,0
2024-12-22 00:00:00+00:00,97218.3203125,97360.265625,94202.1875,95104.9375,43147981314,99734.391796875,92923.6484375,44.934433129968205,1437.6436243200005,2697.5163201942155,-1259.872695874215,106022.35680432308,99734.391796875,93446.42678942693,-0.021802983021374844,-0.027118479625476644,-0.10397212659475785,0.9535821674603118,1.0234739928874739,1.073293972781922,0.024453566492401484,0.02535214776753735,0.5571081485941247,0.1318797662366577,-0.04935940045780318,-0.004402456102765462,0
2024-12-23 00:00:00+00:00,95099.390625,96416.2109375,92403.1328125,94686.2421875,65239002919,99668.595703125,93442.5509375,44.1633277053769,974.0114547457924,2352.8153471045307,-1378.8038923587383,106145.69059754982,99668.595703125,93191.50080870018,-0.004402456102765462,-0.026109452448479287,-0.053530732585534535,0.9500107984819457,1.0133096885468362,1.0666296532271402,0.021329989612716153,0.025367278061022545,0.8433335763598319,0.11538671296034475,-0.06675601390182406,0.04213760595334648,1
2024-12-24 00:00:00+00:00,94684.34375,99404.0625,93448.015625,98676.09375,47114953674,99663.973828125,94059.84265625,52.52417570733781,917.9457889284386,2065.8414354693123,-1147.8956465408737,106143.90428034571,99663.973828125,93184.0433759043,0.04213760595334648,0.037549640890095715,0.012156416436717388,0.9900878919414888,1.049077810076937,1.0595804863543712,0.030453005538227673,0.02633092527681222,0.6211248856468484,0.4237738672190185,-0.026603492363441283,0.0063146152104343045,1
2024-12-25 00:00:00+00:00,98675.9140625,99478.75,97593.46875,99299.1953125,33700394629,99799.255078125,94658.6353125,53.69041710906183,913.2648843544011,1835.3261252463303,-922.0612408919292,106120.3106852768,99799.255078125,93478.19947097321,0.0063146152104343045,0.04871830393126508,0.015786925968924947,0.9949893437056865,1.0490241591237814,1.0543069287725741,0.022331016626556864,0.025825109570295286,0.4808962339902415,0.4604449164266785,-0.0479344442902232,-0.03528406928650052,0
2024-12-26 00:00:00+00:00,99297.6953125,99884.5703125,95137.8828125,95795.515625,47054980873,99592.9953125,95061.7640625,46.73799325468364,619.6941164191521,1592.1997234808948,-972.5056070617427,106161.72666819723,99592.9953125,93024.26395680278,-0.03528406928650052,-0.029192259396668696,-0.014700076698917153,0.9618700122876676,1.007718682371785,1.0476661809791459,0.024346911025828363,0.025878572429933924,0.6950070785572605,0.21094268574354502,-0.09652202463283432,-0.017022260795415023,0
2024-12-27 00:00:00+00:00,95704.9765625,97294.84375,93310.7421875,94164.859375,52419934565,99305.071484375,95426.9640625,43.889453138360906,252.54564733688312,1324.2689082520926,-1071.7232609152095,106303.59211635492,99305.071484375,92306.55085239508,-0.017022260795415023,-0.05170571545259717,-0.009884640584512216,0.9482381711976937,0.9867741293050737,1.04063953474759,0.024814259525674266,0.026095600421096956,0.7695636253661999,0.13276438124032436,-0.1128290400770735,0.010609799867287384,1
2024-12-28 00:00:00+00:00,94160.1875,95525.8984375,94014.2890625,95163.9296875,24107436185,99001.4671875,95799.333125,46.058618503826665,41.713616462322534,1067.7578498941386,-1026.044233431816,106172.00091421319,99001.4671875,91830.93346078682,0.010609799867287384,-0.006593063708455804,0.005044951504718842,0.9612375694116527,0.9933673500976158,1.0334254316605922,0.025506381016851692,0.026021207674961126,0.3591931441141087,0.23240921483266982,-0.048755841030721836,-0.017167251608511402,0
2024-12-29 00:00:00+00:00,95174.0546875,95174.875,92881.7890625,93530.2265625,29635885267,98806.342578125,96134.3603125,43.12287798593476,-254.26743896887638,803.3527921215357,-1057.620231090412,106358.83482904512,98806.342578125,91253.85032720487,-0.017167251608511402,-0.006739592845061759,-0.05214907676156366,0.9466014440170859,0.9729115194449223,1.0277942481433204,0.024984956747241927,0.024963432872289686,0.4699372487752853,0.15070364587383706,-0.04062660621875014,-0.00948373223930199,0
2024-12-30 00:00:00+00:00,93527.1953125,94903.3203125,91317.1328125,92643.2109375,56188003691,98604.731640625,96377.74078125,41.57346980003517,-554.0228748312802,531.8776587309726,-1085.9005335622528,106599.08653933274,98604.731640625,90610.37674191727,-0.00948373223930199,-0.026488174230273498,-0.06702959026055799,0.9395412308929315,0.9612511165599293,1.0231069004245454,0.025135806365498035,0.024988100631786855,0.9267099245114203,0.12714185330396927,-0.052300855470803875,0.008484077565384274,1
2024-12-31 00:00:00+00:00,92643.25,96090.6015625,91914.03125,93429.203125,43625106843,98217.540234375,96472.29515625,43.51033221525307,-719.8601173179923,281.5301035211796,-1001.3902208391719,106435.14281089707,98217.540234375,89999.93765785293,0.008484077565384274,-0.0010801153938453378,-0.024701704297549143,0.9512476376627976,0.9684563114589396,1.0180906349879864,0.017000788892037724,0.02243083658256471,0.7451756075702083,0.20865364534326458,-0.03903866404869838,0.010602195613021781,1
2025-01-01 00:00:00+00:00,93425.1015625,94929.8671875,92788.125,94419.7578125,24519888919,97936.378125,96601.5740625,45.94247863367455,-762.5674391543726,72.7105949860692,-835.2780341404417,106274.90655550252,97936.378125,89597.84969449749,0.010602195613021781,0.019176223028350314,0.002706938014794824,0.9640928082105343,0.9774142784817523,1.013817622284668,0.017652504393783432,0.022578731660057798,0.43656350727379606,0.2891342374251474,-0.0072044596790781235,0.026129247147606893,1
2025-01-02 00:00:00+00:00,94416.2890625,97739.8203125,94201.5703125,96886.875,46009564411,97707.758984375,96727.62828125,51.53889494457928,-590.5302952751372,-59.93758306617208,-530.592712208965,105888.84061563677,97707.758984375,89526.67735311323,0.026129247147606893,0.03700847015010855,0.018105024857189234,0.9915985793461267,1.0016463416045618,1.0101328929545872,0.016497517322969283,0.023197841526935055,0.8271913737871484,0.4498303512069713,0.02324131533430429,0.012597729955682757,1
2025-01-03 00:00:00+00:00,96881.7265625,98956.9140625,96034.6171875,98107.4296875,35611391163,97544.48203125,96944.76828125,54.07216785554658,-351.6474833153625,-118.27956311601017,-233.3679201993523,105545.93908144397,97544.48203125,89543.02498105602,0.012597729955682757,0.03905614630280052,0.04893822343027643,1.005771189149066,1.0119930288850345,1.0061861383613826,0.014570391330300338,0.02342805844634796,0.6430271931400064,0.5351778215341642,-0.0057629365015272604,0.0013128146911018934,1
2025-01-04 00:00:00+00:00,98106.9921875,98734.4296875,97562.9765625,98236.2265625,22342608078,97241.35859375,97088.17265625,54.34338996824813,-150.2068117421295,-124.66501284123405,-25.541798900895458,104598.87795516572,97241.35859375,89883.83923233429,0.0013128146911018934,0.013927083131745066,0.060371564936077426,1.010230913914997,1.0118248585264324,1.0015778022524162,0.014500253512627693,0.022341588405618985,0.41420699576820175,0.567608926316068,-0.010704706585534574,0.0008014800420892421,1
2025-01-05 00:00:00+00:00,98233.90625,98813.3046875,97291.765625,98314.9609375,20525254825,96855.620703125,97243.30234375,54.520201838710705,15.609639624279225,-96.6100823481314,112.21972197241062,102978.46242952178,96855.620703125,90732.77897672821,0.0008014800420892421,0.0021153469279651116,0.05229369029256614,1.0150671713606387,1.0110203846220869,0.9960132818273225,0.011214739796029676,0.021896426499201656,0.4071184860729707,0.6191718077639914,0.026300242720782352,0.03827621924594227,1
2025-01-06 00:00:00+00:00,98314.953125,102482.875,97926.1484375,102078.0859375,51823432705,96652.494921875,97487.94703125,62.07905416515936,445.5372338330053,11.81938088809595,433.71785294490934,101643.2596188144,96652.494921875,91661.7302249356,0.03827621924594227,0.039108376913843834,0.08110938115524524,1.0561350332447244,1.0470841683103513,0.9914302010164682,0.013635431555387666,0.023806103761517216,1.0452987565014982,1.0435630955464865,0.0840358772372456,-0.05050430525956884,0
2025-01-07 00:00:00+00:00,102248.8515625,102712.484375,96132.875,96922.703125,58685738547,96496.553125,97615.54828125,49.85437281921567,366.0421361750632,82.66393194548941,283.3782042295738,101229.70081786413,96496.553125,91763.40543213589,-0.05050430525956884,-0.014161199874605845,0.0003697933801662945,1.004416219918736,0.9929023073839244,0.9885367118665774,0.028143306678083135,0.02298467361922784,1.2272567443303055,0.5450176106528933,0.018481513355695478,-0.019388436629511285,0
2025-01-08 00:00:00+00:00,96924.1640625,97258.3203125,92525.84375,95043.5234375,63875859171,96374.181640625,97669.54296875,46.27711068573911,149.68215996245272,96.06757754888207,53.614582413570645,101125.59654237467,96374.181640625,91622.76673887533,-0.019388436629511285,-0.0689135423670375,-0.03123011437318668,0.9861927937496064,0.973113219828517,0.9867373053180001,0.029505126454461697,0.022685375670313337,1.3840520495314428,0.3599724260414517,0.016179762742141612,-0.026929603222076492,0
2025-01-09 00:00:00+00:00,95043.484375,95349.71875,91220.84375,92484.0390625,62777261693,96110.587109375,97632.43390625,41.87031796043602,-225.71181325214275,31.711699388677104,-257.42351264081987,101117.32093337229,96110.587109375,91103.85328537771,-0.026929603222076492,-0.04579591694605867,-0.05855464629782303,0.9622669244258393,0.9472675765853215,0.9844124873672992,0.028877464373116297,0.023385749105778807,1.4264803551848748,0.13783294914811045,-0.0017181169930237106,0.023976181025154863,1
2025-01-10 00:00:00+00:00,92494.4921875,95770.609375,92250.09375,94701.453125,62058693684,95984.4234375,97556.3684375,46.613470338354134,-340.3639546510094,-42.703431419260205,-297.6605232317492,101000.10575868747,95984.4234375,90968.74111631252,0.023976181025154863,-0.0035990912387096063,-0.036754404192838486,0.9866335571277833,0.9707357360854507,0.9838868028281815,0.03039630077733703,0.024105639090451783,1.393851685646546,0.372104109636249,0.013617262669979535,-0.001424047578467369,0
2025-01-11 00:00:00+00:00,94700.8359375,94977.6875,93840.046875,94566.59375,18860894100,95957.50625,97467.74703125,46.36567975997626,-437.0703522751719,-121.57681559044255,-315.49353668472935,100998.77453773606,95957.50625,90916.23796226396,-0.001424047578467369,0.02251799022415768,-0.07358574681836327,0.9855049119724284,0.9702347353907768,0.9845052252950325,0.030324538837575393,0.02360722455218747,0.4354978173868626,0.3620473638167905,0.0015551399505979724,-0.0008264678561502592,0
2025-01-12 00:00:00+00:00,94565.7265625,95367.5390625,93712.5078125,94488.4375,20885130965,95947.616015625,97401.97015625,46.212359780541426,-514.0913008152129,-200.07971263539662,-314.0115881798163,101000.14904576959,95947.616015625,90895.0829854804,-0.0008264678561502592,-0.0022493385050684767,-0.025115535849846826,0.9847919252585977,0.9700875387676843,0.9850685346683239,0.03027859251793894,0.023585803324837645,0.5082638440986827,0.35559930960181785,-0.024755030028577152,0.00029724205673309356,1
2025-01-13 00:00:00+00:00,94488.890625,95837.0,89260.1015625,94516.5234375,72978998252,95739.6375,97332.02421875,46.28110445996604,-566.3362848472461,-273.3310270777665,-293.0052577694796,100659.98754230364,95739.6375,90819.28745769635,0.00029724205673309356,-0.0005294714604225925,-0.0055448281054789605,0.987224580179761,0.9710732330510021,0.9836396424349383,0.023910168750222786,0.02142297121737899,1.7218394257578653,0.37570863333055154,-0.0366017768627519,0.021345722040169157,1
2025-01-14 00:00:00+00:00,94519.0078125,97352.6640625,94322.15625,96534.046875,53769675818,95601.380078125,97400.65921875,51.114486542189745,-439.8729492900311,-306.6394115202195,-133.23353776981162,100248.39595590872,95601.380078125,90954.36420034128,0.021345722040169157,0.02164930894322392,0.04379142448312656,1.0097557880034036,0.9911026028909753,0.9815270332351238,0.018855453264583877,0.0219838002733236,1.2392813635132207,0.6003511523743501,-0.017327413186183804,0.041129999632577796,1
2025-01-15 00:00:00+00:00,96534.046875,100697.234375,96501.640625,100504.4921875,57805923627,95836.82890625,97571.04265625,58.943564348546026,-19.048511041051825,-249.12123142438594,230.07272038333412,100976.33923379568,95836.82890625,90697.31857870432,0.041129999632577796,0.06335367121241609,0.061277191331376324,1.0487042751155302,1.0300647553965858,0.982226143097499,0.022273754022374363,0.022381307609626127,1.3160041870576846,0.9540961087511812,0.022270580480542534,-0.0074383335632930425,0
2025-01-16 00:00:00+00:00,100505.296875,100781.5859375,97364.4453125,99756.90625,54103781805,96116.43125,97646.93015625,57.08963043894348,251.23783742797968,-149.04941765391283,400.2872550818925,101476.65837181704,96116.43125,90756.20412818294,-0.0074383335632930425,0.03338572741255952,0.05488526438544805,1.037875677994443,1.0216082173845478,0.98432619536732,0.017944242667166026,0.022038119472649567,1.2293652334666345,0.8395821592318956,-0.02273925560204182,0.04716598568833419,1
2025-01-17 00:00:00+00:00,100025.765625,105884.2265625,99948.90625,104462.0390625,71888972663,96581.33671875,97823.1215625,64.62993887153507,835.475766856136,47.85561924809694,787.6201476080391,103084.7177653,96581.33671875,90077.9556722,0.04716598568833419,0.03937681579065,0.10555367224164325,1.0815965341906484,1.0678665472329907,0.987305814577215,0.02233960964373278,0.02411052135935465,1.5493779452929042,1.1058927108331338,0.07778709935252848,-0.000516635042589142,0
2025-01-18 00:00:00+00:00,104124.953125,104913.203125,102226.6171875,104408.0703125,50445655726,97125.22890625,97962.0525,64.48995625915599,1279.3857455607213,294.1616445106218,985.2241010500995,104335.28687015254,97125.22890625,89915.17094234747,-0.000516635042589142,0.04662498304472029,0.10465415480014872,1.0749840333790075,1.0658011714536095,0.9914576759837693,0.022235404998118644,0.023588521697769285,1.0633773492587426,1.0050473548695342,0.09852903739577856,-0.03178356737719257,0
2025-01-19 00:00:00+00:00,104411.2890625,106299.796875,99570.53125,101089.609375,76789928525,97547.548828125,98054.86359375,56.40077683218678,1347.8780387559236,504.9049233596822,842.9731153962414,104640.7507679221,97547.548828125,90454.3468883279,-0.03178356737719257,-0.032283781915096066,0.047191251661695244,1.0363111179053404,1.030949467165884,0.9948262151714693,0.0280885864855617,0.024841752899071663,1.5843039995758315,0.7496799454560799,0.09304924827822902,0.009170622908047932,1
2025-01-20 00:00:00+00:00,101083.75,109114.8828125,99471.359375,102016.6640625,126279678351,97976.921875,98149.60109375,57.98624389420727,1460.132738823333,695.9504864524124,764.1822523709207,105060.09965922622,97976.921875,90893.74409077378,0.009170622908047932,-0.02290441958023326,0.015045813794859031,1.0412315687224176,1.039399680952919,0.9982406528724955,0.027774689538864642,0.024847781069207635,2.400666865199465,0.7851645342360489,0.07724497033687938,0.040479676535688514,1
2025-01-21 00:00:00+00:00,102052.578125,107180.921875,100103.953125,106146.265625,88733878242,98563.247265625,98355.2203125,64.22680552989655,1860.868793846821,928.9341479312942,931.9346459155269,106316.32336276668,98563.247265625,90810.17116848333,0.040479676535688514,0.050021523292685055,0.06404929357961109,1.0769355573172117,1.0792133380185194,1.002115057568516,0.02979647449597356,0.026088479207961944,1.589853413341398,0.9890328860676749,0.12244992037687719,-0.023488299826845638,0
2025-01-22 00:00:00+00:00,106136.3828125,106294.34375,103360.265625,103653.0703125,53878181052,98901.55703125,98508.2384375,58.57036849779963,1954.7419311860576,1134.095704582247,820.6462266038106,106932.16167943682,98901.55703125,90870.9523830632,-0.023488299826845638,0.016040577929478994,-0.007744140907645747,1.0480428561882869,1.0522274274375967,1.0039927482207445,0.030010129166263947,0.026449608436499957,0.9585833549246507,0.795837828495443,0.09699210882283871,0.002962783076025932,1
2025-01-23 00:00:00+00:00,103657.671875,106820.328125,101257.8046875,103960.171875,104104515428,99194.194140625,98612.07125,59.048782476866485,2030.511130028055,1313.3787896714086,717.1323403566464,107523.93311002573,99194.194140625,90864.45517122427,0.002962783076025932,-0.020595107488031283,-0.004289883302693087,1.0480469424210292,1.0542337318059325,1.005903160568945,0.02955735182167756,0.026366876078597737,1.7458206914597854,0.7860820580262363,0.09991531738622084,0.008265785680243276,1
2025-01-24 00:00:00+00:00,103965.671875,107098.546875,102772.125,104819.484375,52388229265,99523.35703125,98776.58953125,60.42585899892514,2135.283879775743,1477.7598076922757,657.5240720834674,108206.50274835288,99523.35703125,90840.2113141471,0.008265785680243276,0.011253058486192735,0.036896719881107876,1.0532149186053585,1.061177399143126,1.0075601668729788,0.02365821365404872,0.02638608489382335,0.856955208903013,0.8049659372477425,0.0858291739362036,-0.0010001569662844156,0
2025-01-25 00:00:00+00:00,104824.03125,105243.7890625,104120.375,104714.6484375,23888996502,99843.34140625,98872.46828125,60.160066146396986,2184.674091774359,1619.1426645086924,565.5314272656667,108806.15731921926,99843.34140625,90880.52549328073,-0.0010001569662844156,0.007257361630828907,0.026446506556488503,1.0487895032622083,1.0590880379321723,1.0098194486481138,0.02366315586346422,0.02639913711711944,0.3896988588151548,0.7717509250748521,0.04189022956452115,-0.019406534499448846,0
2025-01-26 00:00:00+00:00,104713.2109375,105438.6484375,102507.7109375,102682.5,22543395879,99873.562109375,98927.6515625,55.10057837622091,2036.3648487046157,1702.5871013478773,333.7777473567385,108872.1093694258,99873.562109375,90875.01484932419,-0.019406534499448846,-0.020387281885062225,-0.03263200645453701,1.0281249394864762,1.0379554995817097,1.0095616395611837,0.02116566605832863,0.025535330182830555,0.37674569303082234,0.6560772983376623,0.029327230163575857,-0.005792734886665207,0
2025-01-27 00:00:00+00:00,102680.3046875,103214.109375,97795.9375,102087.6875,89006608428,100131.811328125,98944.685,53.677592413098836,1849.5122810721514,1731.9721372927322,117.54014377941917,109070.04063680436,100131.811328125,91193.58201944563,-0.005792734886665207,-0.025086852476689847,-0.015102136461376259,1.019533014992266,1.0317652484314848,1.011997878694798,0.02112657172233333,0.022615641721050517,1.4507244875304224,0.609410717958185,-0.022729324296258624,-0.007397669160641884,0
2025-01-28 00:00:00+00:00,102095.4140625,103730.8203125,100238.1875,101332.4765625,47180685494,100446.258984375,99022.68015625,51.84679927087712,1621.796009068683,1709.9369116479224,-88.14090257923954,109067.65350896229,100446.258984375,91824.86445978771,-0.007397669160641884,-0.013147551311080252,-0.02527598084061944,1.0088228032291662,1.0233259330347888,1.0143762906222968,0.011505721562431947,0.022149487685747028,0.7796082378384405,0.551396417110805,-0.02945743313514515,0.023395602825692086,1
2025-01-29 00:00:00+00:00,101317.5234375,104750.8046875,101283.8203125,103703.2109375,47432049818,101007.217578125,99163.23578125,56.82505652763846,1614.022230330127,1690.7539753843635,-76.7317450542364,108874.23608537068,101007.217578125,93140.19907087932,0.023395602825692086,0.0158248607355318,-0.010649484150355493,1.0266910961812186,1.0457828460364584,1.0185954177709846,0.013479614311153942,0.021362447178613474,0.7938259789598803,0.6713478465121151,0.02585430469717842,0.009952379879751394,1
2025-01-30 00:00:00+00:00,103709.3359375,106418.765625,103321.6484375,104735.3046875,41915744521,101508.91015625,99234.48125,58.821002931514094,1671.8705121693783,1686.9772827413667,-15.106770571988363,108951.03018832734,101508.91015625,94066.79012417266,0.009952379879751394,0.033580824632280626,0.00019726227713334765,1.0317843480565765,1.055432581177523,1.0229197440002742,0.013972839637400094,0.020966304825676824,0.7135317911511702,0.716765821925974,0.02664898573172758,-0.022249243050878498,0
2025-01-31 00:00:00+00:00,104737.5625,106026.3515625,101543.8828125,102405.0234375,45732764360,101900.831640625,99281.72171875,52.87726124851805,1512.2492029303976,1652.031666779173,-139.78246384877548,108591.19671832514,101900.831640625,95210.46656292485,-0.022249243050878498,-0.012518296090006209,-0.0027022770433131615,1.0049478673407999,1.03145898020985,1.0263805852329448,0.015994880615487157,0.021815378553690385,0.7611010277802991,0.53768043978314,-0.035246102775930765,-0.017080384621634526,0
2025-02-01 00:00:00+00:00,102402.796875,102755.7265625,100297.7109375,100655.90625,27757944848,102209.205078125,99265.6546875,48.884325018237426,1230.4254476527858,1567.7104229538959,-337.2849753011101,107964.18547389316,102209.205078125,96454.22468235684,-0.017080384621634526,-0.03894960204366382,-0.01402501403511569,0.9848027501345137,1.0140053633542907,1.0296532612401705,0.016760330241956514,0.022310154165111444,0.45933074147024383,0.36504742663700507,-0.028915342820660883,-0.02947596219670423,0
2025-02-02 00:00:00+00:00,100661.5390625,101430.6640625,96216.078125,97688.9765625,63091816853,102367.827734375,99191.97484375,42.95853912734827,758.9232660517737,1405.9529915734715,-647.0297255216979,107353.51121721188,102367.827734375,97382.1442515381,-0.02947596219670423,-0.046052886046926256,-0.03595589611147776,0.9542937339257045,0.9848475818369625,1.032017236229319,0.01849412622748291,0.02349023609461441,1.052636929310859,0.0307713387761335,-0.0603230564108761,0.03804365081173988,1
2025-02-03 00:00:00+00:00,97681.1015625,102514.171875,91242.890625,101405.421875,115400897748,102611.396484375,99134.109375,50.9752607127323,677.3325986600976,1260.228912990797,-582.8963143306994,106811.08695444342,102611.396484375,98411.70601430658,0.03804365081173988,0.007446315401884229,-0.022157356958646512,0.9882471669746875,1.02291151364873,1.0350765960505206,0.025168572612442437,0.024492662540898262,1.8312230515420678,0.35642101269485327,-0.03257087668725711,-0.034846278405663456,0
2025-02-04 00:00:00+00:00,101398.71875,101745.6171875,96208.109375,97871.8203125,73002130211,102479.762890625,98970.95140625,44.562433017925905,323.8066508613556,1072.9444605649087,-749.1378097035531,107101.35156082708,102479.762890625,97858.17422042292,-0.034846278405663456,0.0018716927583228848,-0.06553171727030027,0.9550355850935859,0.9888944071150902,1.0354529428536283,0.028328173864993412,0.024115158996818372,1.1446234607753873,0.0014763421250641312,-0.06534738192894007,-0.012836943218062724,0
2025-02-05 00:00:00+00:00,97878.0078125,99113.2109375,96174.828125,96615.4453125,49125911241,102322.68984375,98780.44828125,42.51450974284185,-57.08611907623708,846.9383446366795,-904.0244637129166,107512.52753017213,102322.68984375,97132.85215732788,-0.012836943218062724,-0.04723590192647187,-0.05653607538631644,0.944223079553859,0.9780826772259045,1.035859743746196,0.025530504691639186,0.024220391286852296,0.7732783847315712,-0.04984807580606492,-0.05908557629099409,-0.00022924323774897726,0
2025-02-06 00:00:00+00:00,96610.640625,99168.609375,95707.3515625,96593.296875,45302471947,101929.252734375,98711.4834375,42.477449205859614,-356.62265328288777,606.2261450527661,-962.8487983356539,107606.38592091452,101929.252734375,96252.11954783548,-0.00022924323774897726,-0.013063243673385627,-0.040361361060220924,0.9476503975430846,0.9785416398504319,1.032597719989816,0.024487362208107193,0.02137844900103993,0.7283346927424253,0.030048381458924807,-0.053820306439990584,-0.0006647556256734743,0
2025-02-07 00:00:00+00:00,96581.3203125,100154.140625,95653.8828125,96529.0859375,55741290456,101535.303515625,98692.24609375,42.36215613961068,-592.3604383076599,366.50882838068094,-958.8692666883409,107570.37803037869,101535.303515625,95500.2290008713,-0.0006647556256734743,-0.0008938464726905293,-0.011873301019362348,0.9506948085563697,0.97808176182154,1.028807302847017,0.024227489790444832,0.021377316830384498,0.8923624268513107,0.08523978735585566,-0.04740228195288765,-0.00048309597099249757,0
2025-02-08 00:00:00+00:00,96533.2578125,96877.8046875,95702.4921875,96482.453125,22447526395,101304.945703125,98666.7765625,42.27241963495103,-774.0247342580551,138.40211585293372,-912.4268501109889,107749.46929028508,101304.945703125,94860.42211596493,-0.00048309597099249757,-0.0011475304559015465,-0.04854739183540324,0.9523962769571255,0.9778616114400337,1.026738170968359,0.02401976147775139,0.020333302913820416,0.3757050551777081,0.12584568797814372,-0.06962906690374149,0.00018283765004545316,1
2025-02-09 00:00:00+00:00,96481.3125,97325.28125,94745.2578125,96500.09375,27732901800,101029.1171875,98652.28390625,42.322194130316575,-906.126286820232,-70.50356468169944,-835.6227221385326,107808.88402293627,101029.1171875,94249.35035206373,0.00018283765004545316,-0.0003003466490791862,-0.014015541532998443,0.9551711074630636,0.9781840817968772,1.024093038570792,0.021642409973133388,0.02016896318702491,0.505886555102043,0.16598973479236445,-0.07862879629816799,0.009714611676219231,1
2025-02-10 00:00:00+00:00,96499.4609375,98333.21875,95320.84375,97437.5546875,40078962391,100593.681640625,98698.93625,45.034493608420924,-924.5152200319717,-241.3058957517539,-683.2093242802177,107102.8963701901,100593.681640625,94084.4669110599,0.009714611676219231,0.009899225523034794,0.008509088503819484,0.9686249980948068,0.9872199072206312,1.0191972220027345,0.014463061368536556,0.017738511054282077,0.765045987910855,0.25756469219015354,-0.04850805735161767,-0.017345724709743937,0
2025-02-11 00:00:00+00:00,97438.1328125,98492.8984375,94875.0390625,95747.4296875,37488783272,100198.399609375,98720.16,41.26676460058239,-1063.211504228835,-405.6870174471702,-657.5244867816649,106883.15452189252,100198.399609375,93513.64469685749,-0.017345724709743937,-0.007799620013322572,-0.008756996757183111,0.9555784329966629,0.9698873025276701,1.0149740398453062,0.00907156431325795,0.01743614451936504,0.7269750899834259,0.1670805452014138,-0.0487649135094842,0.02233406885677658,1
2025-02-12 00:00:00+00:00,95745.6953125,98151.0234375,94101.203125,97885.859375,49340445530,99894.683984375,98704.3553125,47.27704770172546,-989.1733301183558,-522.3842799814074,-466.7890501369484,106409.61101118002,99894.683984375,93379.75695756999,0.02233406885677658,0.004600943536994473,0.014055591890494767,0.979890575461561,0.9917076005926119,1.012059535449134,0.012032944113727701,0.01834668966605162,1.0104539814381963,0.3458290782759425,0.002015404597611292,-0.012892487184132717,0
2025-02-13 00:00:00+00:00,97888.75,98111.0859375,95269.7109375,96623.8671875,37147280860,99484.903125,98650.84875,44.39007138039812,-1020.5653245603608,-622.0204888971981,-398.54483566316264,105720.56421532878,99484.903125,93249.24203467122,-0.012892487184132717,0.009153639976138495,0.0014656972114586164,0.971241506523807,0.9794529739157464,1.008454609215919,0.013297125636811099,0.018282140201549838,0.7728079933849871,0.27059080857221934,-0.04715285040078143,0.009160278803397981,1
2025-02-14 00:00:00+00:00,96623.3671875,98819.46875,96342.8046875,97508.96875,32697987277,99124.619140625,98685.1178125,46.84186404517781,-962.9234254814655,-690.2010762140517,-272.72234926741385,104903.97383947085,99124.619140625,93345.26444177915,0.009160278803397981,-0.0038503071578105397,0.010454653055712804,0.9837008161581642,0.988081799073953,1.00445357251293,0.013712443269831153,0.01850686322352713,0.6740688371702994,0.3602222501633575,-0.0037074161014011286,0.0007320640697474623,1
2025-02-15 00:00:00+00:00,97508.3828125,97975.0390625,97240.1953125,97580.3515625,17047266288,98869.51171875,98753.42765625,47.04464470004025,-901.0945516962238,-732.3797713104861,-168.71478038573764,104434.04449245958,98869.51171875,93304.97894504042,0.0007320640697474623,0.009899048784126174,0.0014655219484722704,0.9869609940027091,0.9881211607374951,1.0011754940082087,0.01369046822799177,0.018133999038054276,0.35343154271225524,0.3841627672370968,0.009987080708255602,-0.014401672980240199,0
2025-02-16 00:00:00+00:00,97580.4921875,97725.59375,96060.9765625,96175.03125,16536755396,98573.87890625,98773.6496875,43.5245269656776,-954.4895666599623,-776.8017303803815,-177.68783627958078,104046.0037344264,98573.87890625,93101.7540780736,-0.014401672980240199,-0.013680151857825895,0.004465932546655393,0.9756644693009244,0.9736911772955489,0.9979774891189904,0.015006048574634459,0.01832026566742941,0.3706954815225183,0.28081204910584767,-0.004330172367356666,-0.004176223623530095,0
2025-02-17 00:00:00+00:00,96179.0078125,97032.234375,95243.546875,95773.3828125,27336550690,98295.92421875,98818.5128125,42.54470327265468,-1017.4862250599253,-824.9386293162904,-192.54759574363493,103742.74761588349,98295.92421875,92849.10082161652,-0.004176223623530095,-0.018517751996851906,-0.021581018708811794,0.9743372736326658,0.9691846202363125,0.9947116326801885,0.01435200226709414,0.01829203461047911,0.626728176398468,0.2684392147193949,-0.007828760809869273,-0.0024415545387781457,0
2025-02-18 00:00:00+00:00,95773.8125,96695.375,93388.8359375,95539.546875,37325720482,97887.741015625,98876.43953125,41.95256617988086,-1073.9008757999545,-874.7310786130233,-199.1697971869312,102828.42177362021,97887.741015625,92947.06025762978,-0.0024415545387781457,-0.006607581684565322,-0.011222075291147937,0.9760113563122254,0.9662518930488454,0.990000666282967,0.012779396457253905,0.017237098792028026,0.8657737451767092,0.2623612761434695,-0.009772826244150323,0.011472343504350446,1
2025-02-19 00:00:00+00:00,95532.53125,96855.59375,95011.96875,96635.609375,28990872862,97482.75625,98940.56765625,45.763055334494325,-1018.4270166840288,-903.4702662272244,-114.95675045680434,101248.18073494946,97482.75625,93717.33176505055,0.011472343504350446,0.009002778613218965,-0.00895670814896199,0.9913097771586654,0.976703607672253,0.9852657869185177,0.009921334161675418,0.017304838809016877,0.68267928389171,0.38750977766436645,0.0014043056305321766,0.017574558032842136,1
2025-02-20 00:00:00+00:00,96632.6796875,98767.1953125,96442.671875,98333.9375,31668022771,97279.201953125,99018.85125,51.11758494851697,-827.8794188959437,-888.3520967609684,60.47267786502471,100288.4722123147,97279.201953125,94269.9316939353,0.017574558032842136,0.02924852290388258,0.007722722099615886,1.0108423540253058,0.993082996405697,0.9824311302856585,0.010877058858762532,0.017370271937259457,0.7582780070744615,0.6752477271946673,0.009199561866827022,-0.02245807176184722,0
2025-02-21 00:00:00+00:00,98340.671875,99497.96875,94852.9609375,96125.546875,49608706470,97052.683984375,99003.6246875,44.90892662972425,-845.3233802426548,-879.7463534573056,34.422973214650824,99644.86619525547,97052.683984375,94460.50177349454,-0.02245807176184722,-0.005278204414489451,-0.0005145241374694409,0.9904470739879355,0.9709295713001972,0.9802942497379965,0.013840662720483876,0.017657155618028688,1.1575777506773348,0.3211666785067371,0.003949110579094306,0.0047043783073406065,1
2025-02-22 00:00:00+00:00,96134.203125,96950.15625,95765.34375,96577.7578125,18353824477,96997.123046875,98973.03125,46.3460014392669,-813.283179671067,-866.4537187000581,53.170539028991016,99579.49801197008,96997.123046875,94414.74808177992,0.0047043783073406065,-0.017859344720127734,0.008398732261287734,0.9956765188368284,0.9757987261049964,0.9800358928268654,0.01404915108513064,0.01648877731936822,0.4518563495550047,0.4188024124994644,-0.013363539645585343,-0.0031460239332733453,0
2025-02-23 00:00:00+00:00,96577.8046875,96671.875,95270.453125,96273.921875,16999478976,96740.548046875,98933.78515625,45.4874380188712,-803.149898685675,-853.7929546971816,50.64305601150659,98293.09732237847,96740.548046875,95187.99877137154,-0.0031460239332733453,0.001543554287321225,0.007686607525581257,0.9951765192435245,0.9731147122588186,0.9778312625367448,0.012909565331509517,0.013778285055830841,0.47619396251732804,0.3497225887649575,-0.0036217274539521727,-0.05043681513571874,0
2025-02-24 00:00:00+00:00,96277.9609375,96503.453125,91371.7421875,91418.171875,44046480529,96417.865625,98795.849375,34.49069804479866,-1173.4112893816055,-917.7166216340663,-255.69466774753914,99186.67217844287,96417.865625,93649.05907155715,-0.05043681513571874,-0.05342416364145697,-0.05399083768130897,0.9481455670316804,0.925324013643564,0.9759303273867926,0.02324100916852321,0.015971045752799225,1.285996262573684,-0.4028607910117733,-0.062463965654441456,-0.029337712021491935,0
2025-02-25 00:00:00+00:00,91437.1171875,92511.078125,86008.234375,88736.171875,92139104128,96023.901953125,98529.01109375,30.15447695812162,-1664.0786320706538,-1066.9890237213838,-597.0896083492701,100431.55343089518,96023.901953125,91616.25047535481,-0.029337712021491935,-0.07829482639947771,-0.09760379650209772,0.924105041246058,0.900609585846425,0.9745749083156695,0.024659419672212125,0.016890366827568132,2.53118825675189,-0.3267135134073528,-0.09063484139873512,-0.04946290046952739,0
2025-02-26 00:00:00+00:00,88638.890625,89286.25,82131.8984375,84347.0234375,64597492134,95411.58828125,98277.4975,24.68496962794073,-2379.6722530427505,-1329.5256695856572,-1050.1465834570934,102229.6267473746,95411.58828125,88593.54981512541,-0.04946290046952739,-0.07734948416129661,-0.12253270665722804,0.8840333229635128,0.8582536753899335,0.9708386020029662,0.02641339707902131,0.019656707795101334,1.7287646729756272,-0.31141848192293653,-0.12298418475949291,0.004234922709094535,1
2025-02-27 00:00:00+00:00,84076.859375,87000.78125,83144.9609375,84704.2265625,52659591954,94820.3453125,98070.7115625,25.863519695164428,-2884.70891758737,-1640.5623191859995,-1244.1465984013703,103120.17739068577,94820.3453125,86520.51323431422,0.004234922709094535,-0.04543744932088889,-0.1229427097805662,0.8933127830671758,0.8637056386454216,0.9668569117301798,0.02367986097147854,0.019764398345454494,1.415116798030784,-0.1094170734241669,-0.11557654042220267,-0.003910297790814532,0
2025-02-28 00:00:00+00:00,84705.625,85036.3203125,78248.9140625,84373.0078125,83610570576,94214.873046875,97908.4909375,25.465591693981793,-3273.940746873486,-1967.238004723497,-1306.7027421499893,103688.01052156849,94214.873046875,84741.73557218151,-0.003910297790814532,0.0003080651093663178,-0.12361513721183903,0.8955380937627719,0.8617537356015385,0.9622747950125916,0.02449280035632016,0.019725914796828517,2.076232053020506,-0.019461754918395798,-0.11687871073022604,0.019661575342751147,1
2025-03-01 00:00:00+00:00,84373.8671875,86522.3046875,83794.234375,86031.9140625,29190628396,93691.4640625,97735.10015625,31.176986371147947,-3409.250191506464,-2255.6404420800905,-1153.6097494263736,103770.37408552473,93691.4640625,83612.55403947528,0.019661575342751147,0.015674394937309932,-0.05891889656101268,0.91824708817774,0.8802560587236314,0.9586265723646326,0.027313359416254537,0.020537159267791805,0.7235571146071732,0.12002091582809188,-0.10972865366173412,0.09550452979612856,1
2025-03-02 00:00:00+00:00,86036.2578125,95043.4375,85040.2109375,94248.3515625,58398341092,93532.00390625,97728.7353125,51.14519300793625,-2820.967702925409,-2368.705894249154,-452.261808676255,103461.16783285268,93532.00390625,83602.83997964732,0.09550452979612856,0.11704387464704036,0.06211874561441344,1.0076588507284419,0.9643873039094282,0.9570573445688167,0.05060479883363591,0.030452523418080742,1.4154018467300784,0.5360729091364242,-0.04154807629359902,-0.08682040111941614,0
2025-03-03 00:00:00+00:00,94248.421875,94429.75,85081.3046875,86065.671875,70072228536,93047.916015625,97560.28,39.007201087465134,-2980.664215969591,-2491.0975585932415,-489.56665737634967,103454.85285428219,93047.916015625,82640.97917696781,-0.08682040111941614,0.0003923870910913507,0.020375922794400703,0.9249607681761243,0.882179426658062,0.9537479393829641,0.05777394626208192,0.03586833919742871,1.6338283004839076,0.16453893932126898,-0.10465350083346403,0.013437685575495406,1
2025-03-04 00:00:00+00:00,86064.0703125,88911.2734375,81529.2421875,87222.1953125,68095241474,92514.7328125,97414.3934375,41.13363935757123,-2979.5566033578216,-2588.789367546158,-390.7672358116638,102970.58715276979,92514.7328125,82058.87847223022,0.013437685575495406,-0.07454938079570195,0.029726601046785817,0.9427924900272218,0.895372770230929,0.9497029088607573,0.057297646779492825,0.03556928084123196,1.5537597500268705,0.24691032756566467,-0.09687077761903806,0.03899657851208138,1
2025-03-05 00:00:00+00:00,87222.953125,90998.2421875,86379.7734375,90623.5625,50498988027,92214.717578125,97296.18375,46.987425778204845,-2673.399620076714,-2605.711418052269,-67.68820202444522,102517.34457526449,92214.717578125,81912.0905809855,0.03899657851208138,0.05295828784814205,0.07408239731586264,0.9827451070727733,0.9314194967076497,0.947773222175582,0.054528733216184615,0.0368443818812415,1.1349695888499838,0.4227791572689772,-0.0586904456051589,-0.007303133084179958,0
2025-03-06 00:00:00+00:00,90622.359375,92804.9375,87852.140625,89961.7265625,47749810486,91837.35546875,97085.3284375,46.02829876987454,-2455.862974399759,-2575.741729321767,119.87875492200783,101872.90715960482,91837.35546875,81801.80377789518,-0.007303133084179958,0.031408648225200064,0.04567854316416908,0.9795766232958631,0.926625351228163,0.9459447369318171,0.054960664618649666,0.036752647492599655,1.0553311010153776,0.4065507824567721,-0.015931682756590848,-0.0357824911826653,0
2025-03-07 00:00:00+00:00,89963.28125,91191.046875,84717.6796875,86742.671875,65945677657,91295.471484375,96825.04375,41.5823339443184,-2514.2319253719616,-2563.439768531806,49.20784315984429,101194.80103106436,91295.471484375,81396.14193768564,-0.0357824911826653,-0.04282429997165471,-0.07963725161307111,0.950131156175099,0.8958702058422773,0.9428910945818705,0.05755797259605856,0.037438242898501624,1.3827639403949625,0.2700450526521974,-0.022465472173041068,-0.006779571257010009,0
2025-03-08 00:00:00+00:00,86742.65625,86847.265625,85247.484375,86154.59375,18206118081,90794.449609375,96458.89484375,40.806862767941,-2578.2225843915076,-2566.3963317037465,-11.826252687761098,100668.20544561732,90794.449609375,80920.69377313269,-0.006779571257010009,-0.04231947249094903,0.0010331863222905469,0.9488971420682976,0.8931741742382439,0.941276071599715,0.05733206806325022,0.03737843959555894,0.3810830536797283,0.26504098661503817,0.021430161241426493,-0.0644603432710168,0
2025-03-09 00:00:00+00:00,86154.3046875,86471.1328125,80052.484375,80601.0390625,30899345977,90035.832421875,95982.75421875,34.30125948303453,-3041.994869698654,-2661.516039302728,-380.4788303959258,100605.78337513242,90035.832421875,79465.88146861759,-0.0644603432710168,-0.07080290103756959,-0.07591136896150918,0.8952106832847725,0.8397450116799711,0.9380417675520998,0.04399734559509344,0.03968311375873192,0.6443698403582457,0.05369739173352457,-0.04844135489475743,-0.02567012890361897,0
2025-03-10 00:00:00+00:00,80597.1484375,83955.9296875,77420.59375,78532.0,54061099422,89185.455078125,95531.60203125,32.23911183095181,-3535.7341652276373,-2836.35966448771,-699.3745007399275,100594.3417811026,89185.455078125,77776.5683751474,-0.02567012890361897,-0.08847576685369718,-0.1334262543474828,0.8805471691679686,0.8220525808235777,0.9335701818226698,0.033664509718273214,0.03985641502456719,1.1080459821740578,0.033107157802498,-0.06922839381855772,0.05513944554449135,1
2025-03-11 00:00:00+00:00,78523.875,83577.7578125,76624.25,82862.2109375,54702837196,88496.78515625,95148.51296875,40.32499072359094,-3536.8437474486127,-2976.4564810798906,-560.3872663687221,99672.56815950588,88496.78515625,77321.00215299412,0.05513944554449135,0.028053879966071227,-0.078917067249345,0.9363301818387912,0.8708723694369744,0.9300911006913513,0.04174211329234426,0.04216600764368763,1.0924142026417016,0.2479114341649056,-0.03684334074791473,0.010380466895202334,1
2025-03-12 00:00:00+00:00,82857.375,84358.578125,80635.25,83722.359375,40353484454,87766.20625,94700.03484375,41.810388053742756,-3428.7913368245936,-3066.9234522288316,-361.867884595762,98114.0182413212,87766.20625,77418.3942586788,0.010380466895202334,0.06609228562878822,-0.034819223742063254,0.9539247844041339,0.8840794991589751,0.9267811399943997,0.037748095008208735,0.04197725410247127,0.798929357872613,0.304603771387052,-0.11168356807301583,-0.0317197970748182,0
2025-03-13 00:00:00+00:00,83724.921875,84301.6953125,79931.8515625,81066.703125,31412940153,87013.2640625,94248.3075,38.614553427082875,-3516.907566827722,-3156.9202751486096,-359.98729167911233,96984.62399160102,87013.2640625,77041.90413339899,-0.0317197970748182,-0.0216685964830734,-0.05905536087563523,0.9316591441365916,0.8601396170960418,0.9232342348694167,0.03850886736941759,0.04220519142856721,0.633329694230234,0.20181795764160493,-0.05808318974445936,0.03580259620308812,1
2025-03-14 00:00:00+00:00,81066.9921875,85263.2890625,80797.5625,83969.1015625,29588112414,86382.83125,93848.48609375,43.68122929920017,-3314.3354207694647,-3188.4033042727806,-125.9321164966841,95352.03661855291,86382.83125,77413.6258814471,0.03580259620308812,0.0029471480419562823,0.04178683723156862,0.9720577613332163,0.8947304858878492,0.9204499171537814,0.04121005284317526,0.04324393040755664,0.5898584379012384,0.3654435042839568,-0.037296627748760525,0.004454112352525463,1
2025-03-15 00:00:00+00:00,83968.40625,84672.671875,83639.59375,84343.109375,13650491277,85786.290625,93438.95859375,44.319012328166274,-3088.0194646466553,-3168.3265363475557,80.30707170090045,93482.23816709137,85786.290625,78090.34308290861,0.004454112352525463,0.04041617734161429,0.07399670675648151,0.9831770176856275,0.9026546383260055,0.9180998152813116,0.04129791273476353,0.04330445376925668,0.27304297733623883,0.4062375852936357,-0.06930265100756772,-0.020907717157540473,0
2025-03-16 00:00:00+00:00,84333.3203125,85051.6015625,82017.90625,82579.6875,21330270174,85344.36640625,92996.259375,41.90916760381456,-3016.187119084396,-3137.898652894924,121.71153381052818,92685.5181529055,85344.36640625,78003.21465959451,-0.020907717157540473,-0.016546730126269504,-0.0034095570743712944,0.9676056074622456,0.8879893455392007,0.9177182714640775,0.0327722968306215,0.042188015210043894,0.43657575752209393,0.3116999210982429,-0.08205755207878762,0.018115835083536647,1
2025-03-17 00:00:00+00:00,82576.3359375,84725.328125,82492.15625,84075.6875,25092785558,85111.3421875,92624.123125,44.6583957666788,-2806.1966817454813,-3071.5582586650357,265.3615769195544,92293.31690046756,85111.3421875,77929.36747453245,0.018115835083536647,-0.003170642830003012,0.004220236118972931,0.9878317664733983,0.9077083233115898,0.9188895863838712,0.03026469831377973,0.04203558556966976,0.5514194682996182,0.42789902994018764,-0.03074593296876127,-0.016142449028442418,0
2025-03-18 00:00:00+00:00,84075.71875,84075.71875,81179.9921875,82718.5,24095774594,85029.916015625,92236.739375,42.68475147623655,-2717.960479479996,-3000.8387028280276,282.8782233480315,92284.93271693632,85029.916015625,77774.89931431368,-0.016142449028442418,0.0016809521106506686,0.020375774656248513,0.9728164377440963,0.8968064196599317,0.9218660220622634,0.023949458477710236,0.04068808727533189,0.5541715115536585,0.34070222641891246,-0.03988288494483205,0.049997601050550955,1
2025-03-19 00:00:00+00:00,82718.8046875,87021.1875,82569.7265625,86854.2265625,34931960257,85137.416015625,91947.174375,49.944392564271965,-2287.9401339217875,-2858.25898904678,570.3188551249923,92435.69887349487,85137.416015625,77839.13315775513,0.049997601050550955,0.03304806829560558,0.03435936488914959,1.02016517093448,0.9446100671704301,0.925938361829349,0.030576244911345557,0.042208286116097296,0.8201081204607993,0.6176174300386106,0.07758197130872135,-0.030937253791171848,0
2025-03-20 00:00:00+00:00,86872.953125,87443.265625,83647.1953125,84167.1953125,29028988961,85127.125390625,91556.4540625,45.878466762175755,-2139.3062861605576,-2714.468448469536,575.1621623089782,92430.52503983707,85127.125390625,77823.72574141294,-0.030937253791171848,0.017513558786728556,-0.0020856957231427664,0.9887235699112339,0.9192928688025008,0.9297774390925398,0.03041783254957807,0.04283877154726941,0.7281776594785297,0.434281969751678,0.07175667641853001,-0.0014727011460912154,0
2025-03-21 00:00:00+00:00,84164.5390625,84782.2734375,83171.0703125,84043.2421875,19030452299,85027.691796875,91142.6128125,45.69366837127341,-2008.3637055936706,-2573.2474998943626,564.883794300692,92333.37437296775,85027.691796875,77722.00922078226,-0.0014727011460912154,-0.0323643936081478,0.017722938071181193,0.9884220118343706,0.9221070100370621,0.9329082102550132,0.027396462919715318,0.04260771921414877,0.4835310788743902,0.43262439210016207,0.014252953627930776,-0.0025077306278807887,0
2025-03-22 00:00:00+00:00,84046.2578125,84513.875,83674.78125,83832.484375,9863214091,84506.8984375,90771.16203125,45.35911550696,-1899.6986180487293,-2438.5377235252363,538.839105476507,90391.85123598669,84506.8984375,78621.94563901331,-0.0025077306278807887,-0.003976738636202293,-0.0028926688824281177,0.9920194200122161,0.9235585674901771,0.9309883948429195,0.027352951585714044,0.036155617488599086,0.26707508645013994,0.4427001298401726,0.0013153594908468236,0.026503933905394295,1
2025-03-23 00:00:00+00:00,83831.8984375,86094.78125,83794.9140625,86054.375,12594615537,84506.33359375,90479.13140625,49.552565690638666,-1615.6683301653975,-2273.9638448532687,658.2955146878712,90390.65857928374,84506.33359375,78622.00860821625,0.026503933905394295,0.023929738550699575,0.040328040281194744,1.0183186435905733,0.951096387227869,0.9339870120361542,0.027342027317557156,0.03123805636388898,0.3698141238199773,0.6315394212637618,0.061525529998540884,0.016786352378946434,1
2025-03-24 00:00:00+00:00,86070.9296875,88758.7265625,85541.1953125,87498.9140625,34582604933,84520.16953125,90275.33015625,52.12505372925966,-1259.4914178047911,-2071.0693594435734,811.5779416387822,90432.61647088117,84520.16953125,78607.72259161882,0.016786352378946434,0.043735190658305,0.007422638200986986,1.0352430023244175,0.9692450186673974,0.936248800031649,0.027250106118208387,0.031320158601250814,1.0679913471526954,0.7519045466001106,0.04203704022452448,-0.0003109860024155253,0
2025-03-25 00:00:00+00:00,87512.8203125,88542.3984375,86346.078125,87471.703125,30005840049,84362.5765625,89996.65578125,52.07118823284292,-968.2529268635117,-1850.5060729275613,882.2531460640496,89733.24388973796,84362.5765625,78991.90923526205,-0.0003109860024155253,0.01647014605590935,0.039261232362928,1.0368543338668255,0.9719439279789767,0.9373967935825922,0.025716774603692875,0.02999062399678804,0.9569311360917562,0.7894543985932346,0.03709364965536044,-0.00652577110204744,0
2025-03-26 00:00:00+00:00,87460.234375,88292.15625,85861.453125,86900.8828125,26704046038,84209.534375,89777.23703125,50.883288138919276,-774.5759241104824,-1635.3200431641455,860.7441190536631,89057.39663827559,84209.534375,79361.67211172442,-0.00652577110204744,-0.006834727680995356,0.03400202741613212,1.0319601391632798,0.9679612080537878,0.9379831364791058,0.01822158426825344,0.029982992690512036,0.8812043623594547,0.7775809512873326,0.05232758131350401,0.003178549412391707,1
2025-03-27 00:00:00+00:00,86896.2578125,87786.7265625,85837.9375,87177.1015625,24413471941,84231.255859375,89588.47015625,51.460343587980816,-591.9730624195363,-1426.6506470152237,834.6775845956874,89130.52827470763,84231.255859375,79331.98344404237,0.003178549412391707,-0.003367964175557514,0.03989643409038002,1.0349733085785058,0.9730839404943028,0.9402019669770948,0.011999348217059384,0.02886983202474369,0.8648849108950738,0.8006411415198881,0.036888358034538715,-0.032393289916566204,0
2025-03-28 00:00:00+00:00,87185.234375,87489.859375,83557.640625,84353.1484375,34198619509,84141.18359375,89343.6671875,45.56620753326485,-667.434624485948,-1274.8074425093685,607.3728180234205,88957.10023813,84141.18359375,79325.26694937,-0.032393289916566204,-0.029317704176804127,-0.019769204790575756,1.002519156906247,0.9441424456024766,0.9417699792551398,0.018661199058036728,0.029770650191337525,1.1781638909102894,0.5220066977277685,0.01976158220349733,-0.020812056603918605,0
2025-03-29 00:00:00+00:00,84352.0703125,84567.3359375,81634.140625,82597.5859375,16969396135,84241.0109375,89065.0371875,42.32096935347262,-858.9957101563778,-1191.6450960387704,332.6493858823926,88825.14290027667,84241.0109375,79656.87897472334,-0.020812056603918605,-0.05253117553715414,-0.05601587376843342,0.9804913903369549,0.9273850721424536,0.945837037716108,0.020384526654042688,0.026235446446440054,0.5989786991602676,0.32074850665898363,-0.0490090211319415,-0.0031848691098436133,0
2025-03-30 00:00:00+00:00,82596.984375,83505.0,81573.25,82334.5234375,14763760943,84431.137109375,88782.07859375,41.84010368017418,-1020.2750996684626,-1157.371096764709,137.09599709624626,88273.74292139591,84431.137109375,80588.5312973541,-0.0031848691098436133,-0.023930642037572114,-0.058729617738879525,0.9751677669677837,0.9273777404361887,0.9509930207391958,0.016123508348597153,0.025478546952046818,0.5599612481363984,0.2271885571353527,-0.02177418254458363,0.0026038970780313253,1
2025-03-31 00:00:00+00:00,82336.0625,83870.125,81293.890625,82548.9140625,29004228247,84415.472265625,88503.055,42.4143706237793,-1117.9041430221696,-1149.477706016201,31.573562994031363,88287.4503754761,84415.472265625,80543.4941557739,0.0026038970780313253,-0.0005892651031814689,-0.05007968399342888,0.9778884349867568,0.93272389368367,0.9538142187930688,0.013421162806341865,0.022293692503890745,1.156433715839936,0.2589658115090979,-0.017780467365432706,0.0317418810684309,1
2025-04-01 00:00:00+00:00,82551.921875,85487.3671875,82429.359375,85169.171875,28175650319,84487.812890625,88257.68734375,49.03750806466676,-972.6310706580116,-1114.1083789445631,141.47730828655153,88359.32865788158,84487.812890625,80616.29712336844,0.0317418810684309,0.03442843073782753,-0.023032764929222238,1.0080645830571688,0.965005705885758,0.9572855966818854,0.020279387268414918,0.023303717845827677,1.151348895026873,0.5879964108809271,0.01594474397323986,-0.031507420800550134,0
2025-04-02 00:00:00+00:00,85180.609375,88466.953125,82343.5390625,82485.7109375,47584398470,84558.76328125,87992.45296875,43.51738932403262,-1061.7942816757422,-1103.645559490799,41.85127781505685,88212.1612422031,84558.76328125,80905.36532029689,-0.031507420800550134,-0.0007656445359431885,-0.02213832600905996,0.9754838852496596,0.9374180188702582,0.9609774523649265,0.02290292051625987,0.02328801234688019,1.8822619226267452,0.216284351457681,-0.04146987369904198,0.007481504135517403,1
2025-04-03 00:00:00+00:00,82487.4765625,83909.296875,81282.1015625,83102.828125,36852112080,84515.449609375,87696.79234375,45.04935786399257,-1070.3225570408977,-1096.980959000819,26.65840195992132,88218.48616969105,84515.449609375,80812.41304905896,0.007481504135517403,-0.024261639564051474,0.006116912277343234,0.9832856419636403,0.9476153677235676,0.9637233854357534,0.02328238608341568,0.02188728853817124,1.43708617813457,0.30926174217215374,-0.05024160567707048,0.008916382019940938,1
2025-04-04 00:00:00+00:00,83100.25,84696.1484375,81670.75,83843.8046875,45157640207,84490.484375,87441.19109375,46.91126896747057,-1005.6976047538919,-1078.7242881514337,73.02668339754177,88205.12735932073,84490.484375,80775.84139067927,0.008916382019940938,0.016464594104414587,0.018331086244103734,0.992346124036527,0.9588593618036027,0.9662549573966072,0.02074675474690697,0.021960834853480327,1.6590489834507742,0.41295533780371446,-0.04147510918263031,-0.004043325726492686,0
2025-04-05 00:00:00+00:00,83844.703125,84207.015625,82377.734375,83504.796875,14380803631,84536.73984375,87161.10765625,46.14096390550114,-970.647936526133,-1057.1090178263737,86.46108130024072,88173.42031860574,84536.73984375,80900.05936889425,-0.004043325726492686,0.004837004456639926,0.011579592819068063,0.9877929646842623,0.9580511207398841,0.9698906096644606,0.01892270449593184,0.021436078299862122,0.5351690041978517,0.3581202038665595,-0.039079993523512324,-0.06335339642726368,0
2025-04-06 00:00:00+00:00,83504.5078125,83704.71875,77097.7421875,78214.484375,36294853736,84243.6796875,86773.7903125,36.161840370855,-1354.1450860738842,-1116.5162314758759,-237.62885459800827,88851.71667124168,84243.6796875,79635.64270375832,-0.06335339642726368,-0.06714056373612132,-0.08165733383209561,0.9284314819240427,0.9013606999685594,0.9708424558165747,0.03120142509358778,0.02535058537131432,1.323102741309379,-0.15420431018376435,-0.10280930458641613,0.013051950296130821,1
2025-04-07 00:00:00+00:00,78221.3359375,81119.0625,74436.6796875,79235.3359375,91262424987,84069.521484375,86434.99640625,38.90757798802388,-1557.7385106645816,-1204.7606873136172,-352.9778233509644,89158.46172047751,84069.521484375,78980.58124827249,0.013051950296130821,-0.05112833151239249,-0.03940530987800828,0.9424977630237438,0.9167043354185944,0.9726329031037716,0.03197112965825218,0.025412573032861572,2.9640325099466582,0.025030230009403995,-0.060671268290500735,-0.03739976334343409,0
2025-04-08 00:00:00+00:00,79218.4765625,80823.890625,76198.0234375,76271.953125,48314590749,83540.4078125,86044.9678125,34.29616443858035,-1935.8922328007175,-1350.9869964110374,-584.9052363896801,89530.93542028303,83540.4078125,77549.88020471696,-0.03739976334343409,-0.024835952899548874,-0.08219786443038091,0.912994742570404,0.8864196833823412,0.9708924291138363,0.02914382778253893,0.02346973327318904,1.5357913226444,-0.10666231452273471,-0.07658374927914335,0.0826253916648998,1
2025-04-09 00:00:00+00:00,76273.5625,83541.0,74589.671875,82573.953125,84213627038,83460.745703125,85785.6559375,48.323324832110934,-1707.3814198555192,-1422.2658810999337,-285.1155387555855,89458.54794802812,83460.745703125,77462.94345822187,0.0826253916648998,0.0421354582270399,-0.015145442972595902,0.9893747345455147,0.9625613072791572,0.9728986133058323,0.04574195477865932,0.030000898956928906,2.4610686052127733,0.42607353978046025,0.0029080108501720048,-0.0356990599146636,0
2025-04-10 00:00:00+00:00,82565.9765625,82700.9296875,78456.1328125,79626.140625,44718000633,83239.890625,85445.4665625,43.63107532481379,-1744.044527435719,-1486.6216103670909,-257.42291706862807,89468.2486166512,83239.890625,77011.5326333488,-0.0356990599146636,0.04397668294271839,-0.04644830471004002,0.9565863196976059,0.9318942692735677,0.974187326417292,0.047602245612183805,0.031016424557516842,1.2595663703497786,0.20989544878087832,-0.03540656434665013,0.04745546227457886,1
2025-04-11 00:00:00+00:00,79625.046875,84247.4765625,78936.3203125,83404.8359375,41656778779,83218.508203125,85146.88453125,50.29393105412867,-1451.4596491588163,-1479.589218125436,28.129568966619672,89441.23397221327,83218.508203125,76995.78243403674,0.04745546227457886,0.010062286968897105,0.06636049069395922,1.0022390179588438,0.979540665482474,0.9773523560052598,0.051561456150492076,0.03294600325180622,1.1230550969758375,0.5149715527639501,-0.020715663879994684,0.022567917271733462,1
2025-04-12 00:00:00+00:00,83404.515625,85856.1875,82769.375,85287.109375,24258059104,83180.144921875,84930.11578125,53.25777647633001,-1055.5327649058745,-1394.7779274815236,339.24516257564915,89338.38350255539,83180.144921875,77021.90634119463,0.022567917271733462,0.07109435049301682,0.07637720425989714,1.0253301368385919,1.0042033805142747,0.9793951669172063,0.0521588085652455,0.032792356825745626,0.6438674971164524,0.6710687581782688,0.033962226980411625,-0.01878516957885823,0
2025-04-13 00:00:00+00:00,85279.46875,86015.1875,83027.0078125,83684.9765625,28796984817,82989.448046875,84672.26015625,50.49771748269728,-861.110242173163,-1288.0443904198517,426.93414824668866,88811.62558510031,82989.448046875,77167.27050864969,-0.01878516957885823,0.003358805539884102,0.09719199697628045,1.0083809271177722,0.9883399404724981,0.9801255794250723,0.044733046479355866,0.03280200899768674,0.7702557423641802,0.5597309607151735,0.007005157954725227,0.010245734631468162,1
2025-04-14 00:00:00+00:00,83694.5234375,85785.0,83690.640625,84542.390625,34090769777,82842.982421875,84437.62953125,51.933390678568486,-630.5739787253406,-1156.5503080809494,525.9763293556089,88328.01075440014,82842.982421875,77357.95408934986,0.010245734631468162,-0.008731902809902214,0.023838479635584164,1.0205136048153218,1.0012406920271397,0.9811144969579608,0.044719410125570985,0.03291062626047483,0.9068982836303144,0.6549133477622936,0.008331992329114302,-0.01033089354397465,0
2025-04-15 00:00:00+00:00,84539.6953125,86429.3515625,83598.8203125,83668.9921875,28040322885,82681.387890625,84282.6459375,50.33205806587892,-512.4411806824501,-1027.7284826012497,515.2873019187996,87844.00199371864,82681.387890625,77518.77378753136,-0.01033089354397465,-0.0001910065062641353,0.0507729186767929,1.0119446990679626,0.992719097233195,0.9810013315426475,0.0409330173029274,0.03295405504940905,0.7446180287333052,0.5956496338050122,0.0019662979690351357,0.004360934564412222,1
2025-04-16 00:00:00+00:00,83674.5078125,85428.28125,83100.6171875,84033.8671875,29617804112,82524.226171875,84188.59984375,51.01164359093527,-384.94037103992014,-899.1708602889838,514.2304892490637,87286.43571002947,82524.226171875,77762.01663372052,0.004360934564412222,-0.006015011330299691,0.00754190381084574,1.018293307137238,0.9981620711528976,0.9802304151041352,0.027577972101693844,0.03296372646962948,0.7811108814122719,0.6585021620247777,0.07440287894245934,0.01025637449930672,1
2025-04-17 00:00:00+00:00,84030.671875,85449.0703125,83749.75,84895.75,21276866029,82551.35625,84199.574375,52.65939083085816,-211.90560498337436,-761.717809227862,549.8122042444876,87363.35848773866,82551.35625,77739.35401226133,0.01025637449930672,0.014662036441778437,-0.004588728330318093,1.0283992154277901,1.0082681608567217,0.9804248639350679,0.02172619347604261,0.03221906886932906,0.5708622539381659,0.7435985722963545,0.07143800168860115,-0.005241078764249063,0
2025-04-18 00:00:00+00:00,84900.1875,85095.046875,84298.8828125,84450.8046875,12728372364,82644.0171875,84194.5059375,51.69273836732125,-109.41639035235858,-631.2575254527613,521.8411351004028,87530.56224816255,82644.0171875,77757.47212683744,-0.005241078764249063,0.004961541268471148,0.009151321497091525,1.0218622903567336,1.0030441267769925,0.9815844426814384,0.014148957438872152,0.03185517582278902,0.3434586508179676,0.6848737172757217,0.10723275368464602,0.007254038339443714,1
2025-04-19 00:00:00+00:00,84450.8671875,85597.703125,84353.4609375,85063.4140625,15259300427,82780.46171875,84208.3140625,52.97272671443837,20.997461741499137,-500.80652801390926,521.8039897554083,87781.66968119616,82780.46171875,77779.25375630383,0.007254038339443714,0.001974940588898688,0.006162866150912105,1.0275783958720408,1.010154579265954,0.9830438079701936,0.011314954296152296,0.03185837485437423,0.41147736489904957,0.7282400932827214,0.030148259145731604,0.0013036230231544543,1
2025-04-20 00:00:00+00:00,85066.0703125,85306.3828125,83976.84375,85174.3046875,14664050812,82911.73125,84191.161875,53.21438506911518,131.78024515700235,-374.28917337972695,506.0694185367293,88023.93792551267,82911.73125,77799.52457448732,0.0013036230231544543,0.00856711789398834,0.017991282799566077,1.0272889421483404,1.0116775061729126,0.9848032667977715,0.00787603731028521,0.03185864079232452,0.40322220813758325,0.7212912721562752,0.06967767141483261,0.027527099529631727,1
2025-04-21 00:00:00+00:00,85171.5390625,88460.09375,85143.8359375,87518.90625,41396190190,83029.21796875,84056.57296875,58.11519051890764,404.10784689101274,-218.60976932557904,622.7176162165918,88458.06066632016,83029.21796875,77600.37527117984,0.027527099529631727,0.02886660751349379,0.04147183961823431,1.0540735947066224,1.0411905120440397,0.9877778148249996,0.012207685799765325,0.031665215648473154,1.1179639555442091,0.9135032576334816,0.04932652005433957,0.06767662701452015,1
2025-04-22 00:00:00+00:00,87521.875,93817.3828125,87084.53125,93441.890625,55899038456,83577.026953125,84204.09734375,67.40425957157231,1085.3534924445412,42.18288302844502,1043.170609416096,90716.53954450901,83577.026953125,76437.51436174098,0.06767662701452015,0.09706666779181039,0.10066629513255965,1.1180331968186403,1.1097071707037978,0.9925529705749936,0.024883993408693742,0.03385938154705184,1.492873187770389,1.1908639452348575,0.09561563652185856,0.0027527134594511615,1
2025-04-23 00:00:00+00:00,93427.5859375,94535.734375,91962.9609375,93699.109375,41719568821,84106.841015625,84333.635625,67.73887188351094,1627.2431322093325,359.1949328646225,1268.0481993447102,92551.55495752163,84106.841015625,75662.12707372838,0.0027527134594511615,0.07061563483604427,0.10951114938125506,1.1140486105951,1.1110526503522835,0.9973107454968091,0.025018175953596015,0.03387083309448753,1.1069927054711652,1.0679451326222567,0.11966464261385035,0.0026114175645013393,1
2025-04-24 00:00:00+00:00,93692.3984375,94016.1953125,91696.7109375,93943.796875,31483175315,84611.840625,84400.0403125,68.07461801084175,2052.7756917719526,697.9110846460885,1354.864607125864,94130.06347739379,84611.840625,75093.6177726062,0.0026114175645013393,0.005371319508230554,0.10439720660606411,1.1102913750731327,1.1130776303798344,1.0025094811769732,0.025470055655402064,0.033877059190522946,0.8508143280345021,0.9902152636430998,0.11120345876781856,0.008267742531563593,1
2025-04-25 00:00:00+00:00,93954.25,95768.390625,92898.59375,94720.5,40915232364,85172.62578125,84495.21578125,69.17138270273747,2424.7359157395695,1043.2760508647848,1381.4598648747847,95685.81087064234,85172.62578125,74659.44069185766,0.008267742531563593,0.01090075062413054,0.11207834742560552,1.1121002684979084,1.1210161323834273,1.0080171403047689,0.024173678407459414,0.03379208053099178,1.0674383387509883,0.9540904653330834,0.13208606346941365,-0.0007767095032226168,0
2025-04-26 00:00:00+00:00,94714.6484375,95251.359375,93927.25,94646.9296875,17612825123,85994.248046875,84653.3009375,68.92982728618372,2682.6565686687245,1371.152154425573,1311.5044142431516,96782.63340159644,85994.248046875,75205.86269215356,-0.0007767095032226168,0.007484611394146468,0.08144552694864138,1.100619306955373,1.1180536215283365,1.015840458606157,0.024880809422071274,0.029584066770570412,0.47097901734576875,0.9010183802360301,0.12629506239811228,-0.00942540809771053,0
2025-04-27 00:00:00+00:00,94660.90625,95301.203125,93665.3984375,93754.84375,18090367764,86720.2234375,84805.3059375,65.92361190001287,2782.9960188990517,1653.5209273202686,1129.4750915787831,97547.59737754648,86720.2234375,75892.84949745351,-0.00942540809771053,-0.010194796796891947,0.003349173726117538,1.0811185676610937,1.1055303994669348,1.0225801614513514,0.026205172228477118,0.029886869181798042,0.5362079626230926,0.8248534848547866,0.10435261776944071,0.013054325526514532,1
2025-04-28 00:00:00+00:00,93755.3046875,95598.4921875,92860.8046875,94978.75,32363449569,87655.56328125,85092.86015625,67.98648452689889,2927.5280409439,1908.322350044995,1019.2056908989052,97898.83395107755,87655.56328125,77412.29261142244,0.013054325526514532,0.0035058750832761554,0.013656913427839035,1.0835450306246162,1.1161776655009275,1.0301165470321987,0.02553061776453251,0.027835402340898666,0.9824957813159404,0.8574633022400299,0.12466364709557709,-0.007306486319308303,0
2025-04-29 00:00:00+00:00,94981.859375,95485.4140625,93796.6328125,94284.7890625,25806129921,88241.105078125,85407.9159375,65.56295167788001,2952.044529971128,2117.0667860302215,834.9777439409067,98599.5088398701,88241.105078125,77882.70131637988,-0.007306486319308303,0.005652457956338841,0.003629746708595505,1.0684905745346704,1.1039350161815906,1.0331724420333388,0.00799960045707164,0.022467735584424907,0.8596408543701357,0.7917285386526007,0.10840588873172474,-0.0008217291810309613,0
2025-04-30 00:00:00+00:00,94286.46875,95249.3203125,92979.640625,94207.3125,28344679831,88970.163671875,85634.81796875,65.28315185110043,2931.4306057905196,2279.9395499822813,651.4910558082383,98815.34416679795,88970.163671875,79124.98317695204,-0.0008217291810309613,-0.008122211547319846,-0.005417913756789683,1.0588641024359557,1.1001052461439025,1.0389484765921047,0.008006320569865945,0.020230399796486012,0.9706750268423006,0.7659752571740935,0.1060532028484602,0.02425526614507767,1
2025-05-01 00:00:00+00:00,94212.859375,97437.9609375,94153.6328125,96492.3359375,32875889623,89624.538671875,85890.2175,69.42723668001443,3064.154550739724,2436.7825501337697,627.3720006059543,99650.31671107697,89624.538671875,79598.76063267302,0.02425526614507767,0.023413605704061702,0.019497793072559944,1.0766285368649846,1.1234380206046166,1.0434778404406182,0.012003704178761227,0.018476215680406277,1.143033946062252,0.8425069475292145,0.10253132805233145,0.0043291974532626565,1
2025-05-02 00:00:00+00:00,96494.96875,97905.8984375,96375.9453125,96910.0703125,26421924677,90205.68671875,86207.08484375,70.12922372101409,3166.5449472014734,2582.7350295473107,583.8099176541627,100516.26470517591,90205.68671875,79895.1087323241,0.0043291974532626565,0.028689469434763915,0.0336540112094208,1.0743232919965835,1.1241543602610984,1.0463836804393452,0.011855834432144066,0.018138951803088218,0.9151988226921273,0.8251216179430706,0.0371158980656594,-0.010507405827035687,0
2025-05-03 00:00:00+00:00,96904.6328125,96943.8828125,95821.2890625,95891.796875,15775154889,90816.027734375,86445.53875,66.14243289707062,3129.449571099409,2692.077937857731,437.37163324167796,100944.93324107541,90816.027734375,80687.1222276746,-0.010507405827035687,-0.006223697008319706,0.009613170051195663,1.0558906755476132,1.1092740962875889,1.050557715847135,0.012938590013094019,0.01761712119196604,0.5590249045214067,0.7505586184641225,0.02340136971019091,-0.016433317174712747,0
2025-05-04 00:00:00+00:00,95877.1875,96318.921875,94173.4296875,94315.9765625,18198688416,91304.70703125,86644.99609375,60.41817750556829,2939.0165355937934,2741.4656574049436,197.55087818884977,101096.64702765728,91304.70703125,81512.76703484272,-0.016433317174712747,-0.026768051469109322,0.000330779761084532,1.0329804413064856,1.088533450453965,1.053779342692314,0.014176439604637103,0.018351136840973677,0.6635935221278965,0.6537626625752839,0.00396172711642917,0.0045811763897039,1
2025-05-05 00:00:00+00:00,94319.5625,95193.1875,93566.265625,94748.0546875,25816260327,91858.66015625,86888.3634375,61.4044929996217,2790.791568623943,2751.3308396487437,39.460728975199345,101067.98201088453,91858.66015625,82649.33830161547,0.0045811763897039,-0.011927424709654022,0.005739917349834256,1.0314547863678307,1.0904573516988105,1.0572032493433394,0.01330444179443762,0.017966993096900488,0.9451918680724413,0.6568733603221789,0.0002909052158719394,0.02168299794413664,1
2025-05-06 00:00:00+00:00,94748.3828125,96889.1796875,93399.859375,96802.4765625,26551275827,92497.090625,87142.89921875,65.77182178034637,2806.7425096746592,2762.413173653927,44.32933602073217,101177.58550832162,92497.090625,83816.59574167838,0.02168299794413664,0.026363507972080313,0.0032141477557439124,1.0465461768409,1.1108475553412802,1.0614415110611557,0.015135639029367503,0.01827903790732788,0.9775902813927361,0.747991963325283,0.022774609616149855,0.0023743581586117557,1
2025-05-07 00:00:00+00:00,96800.1953125,97625.8046875,95829.3359375,97032.3203125,76983822462,93103.919140625,87429.175625,66.23219465241735,2805.5891300457297,2771.0483649322878,34.54076511344192,101225.88832518028,93103.919140625,84981.94995606973,0.0023743581586117557,0.024108839305820196,0.0012614788081959372,1.0421937251206526,1.1098391311464455,1.0649067485202541,0.015018290158913712,0.018295815584898272,2.570817455469339,0.7418379756565218,0.034957943839568184,0.06399043746457878,1
2025-05-08 00:00:00+00:00,97034.25,103969.5390625,96913.875,103241.4609375,69895404397,94043.451953125,87756.9203125,75.72930734090447,3268.0290205923375,2870.4444960642977,397.58452452803976,102297.05400116032,94043.451953125,85789.84990508968,0.06399043746457878,0.06651673184045759,0.07664538888639938,1.0978059481372469,1.1764480860296824,1.0716357367400635,0.026740748400326034,0.022050287974501436,2.1307221972749866,1.0572118046668175,0.08699536409460018,-0.002621130818400763,0
2025-05-09 00:00:00+00:00,103239.125,104297.4921875,102343.09375,102970.8515625,58198593958,94938.823828125,88132.9934375,74.74267932513911,3571.5099075380567,3010.6575783590497,560.852329179007,102972.99839382168,94938.823828125,86904.64926242831,-0.002621130818400763,0.0612015793384566,0.09176467567257496,1.0846021407313409,1.168357587167652,1.0772222765297468,0.02711295607854836,0.022232356319451953,1.6651678953167046,0.9998663937841952,0.09212580933115455,0.016756941758927724,1
2025-05-10 00:00:00+00:00,102973.7109375,104961.765625,102830.484375,104696.328125,42276713994,95914.925,88546.05515625,76.81671114393669,3906.2237195891066,3189.7708066050614,716.4529129840453,103693.5786600406,95914.925,88136.2713399594,0.016756941758927724,0.014091888804060426,0.1049971260128939,1.0915540842574813,1.182394042741384,1.0832207581777276,0.025766873669835048,0.022189080431046743,1.163646990466457,1.0644552070823377,0.11133971818801225,-0.005635047193781384,0
2025-05-11 00:00:00+00:00,104701.0703125,104937.9921875,103364.7421875,104106.359375,46285517406,96744.29765625,88951.53265625,74.56220458088298,4076.885481514124,3367.1937415868742,709.6917399272497,104287.29282897008,96744.29765625,89201.30248352991,-0.005635047193781384,0.011027468407511343,0.07545140446674714,1.0760981463208172,1.1703717324052783,1.0876068659785196,0.023978951042439082,0.022096330293689903,1.265472309666509,0.9880065246081264,0.07890806418482565,-0.01242389281274392,0
2025-05-12 00:00:00+00:00,104106.9609375,105747.453125,100814.40625,102812.953125,63250475404,97212.85078125,89286.70421875,69.73040811123758,4060.956899187411,3505.946373106982,555.0105260804294,105050.56705999325,97212.85078125,89375.13450250676,-0.01242389281274392,-0.017988930784195056,0.059574302602298124,1.0576066054924307,1.1514923081169068,1.0887718572642255,0.02592728353359386,0.01771466257696522,1.712097949036215,0.8572534488737551,0.06091093313074003,0.013197358248725033,1
2025-05-13 00:00:00+00:00,102812.4921875,104997.421875,101515.09375,104169.8125,52608876410,97736.3859375,89620.1221875,71.79529391320833,4110.438023869487,3626.844703259483,483.5933206100035,105974.45788494303,97736.3859375,89498.31399005698,0.013197358248725033,0.000609502871687484,0.008992042093069585,1.0658242731280652,1.1623484766296084,1.090562962333609,0.02559633133975346,0.017800680210921262,1.403362817554979,0.8904691900934927,0.0863266295425753,-0.006051642240404331,0
2025-05-14 00:00:00+00:00,104167.328125,104303.5625,102618.296875,103539.4140625,45956071155,98216.166796875,89941.47640625,69.42569585325386,4052.0744937899726,3711.8906613655813,340.1838324243913,106639.82145898129,98216.166796875,89792.51213476871,-0.006051642240404331,0.007065850317681033,0.0055215868507692,1.054199297724928,1.151186507044097,1.0920008289973988,0.0262487171940239,0.017978097673210718,1.2026806144404179,0.8159701744167867,0.097792949149903,0.00198211052629782,1
2025-05-15 00:00:00+00:00,103538.828125,104153.6171875,101440.8125,103744.640625,50408241840,98667.373828125,90278.3515625,69.77543312679477,3976.5419439409015,3764.8209178806455,211.721026060256,107267.53148491756,98667.373828125,90067.21617133243,0.00198211052629782,-0.004081526737892527,-0.009089979725590336,1.051458416291888,1.1491641000243258,1.0929239637236536,0.010681946254280776,0.017973354709589096,1.3030093106249565,0.7951845186736131,0.09495272454060122,-0.0024613470244020386,0
2025-05-16 00:00:00+00:00,103735.65625,104533.484375,103137.4765625,103489.2890625,44386499364,99109.491796875,90604.5953125,68.72208650312194,3851.677377746426,3782.1922098538016,69.4851678926243,107748.45384651468,99109.491796875,90470.52974723531,-0.0024613470244020386,-0.0004841151599500604,-0.005927306614164296,1.0441915016031098,1.1422079498899589,1.0938682685468786,0.010673725546882045,0.01800434258074958,1.1089776387934533,0.7534909425726486,0.06907687424383924,-0.0028814878109744146,0
2025-05-17 00:00:00+00:00,103489.2890625,103716.9453125,102659.1796875,103191.0859375,37898552742,99581.30390625,90981.3540625,67.44165792528281,3686.166971152503,3762.9871621135417,-76.82019096103886,108017.25993223429,99581.30390625,91145.34788026572,-0.0028814878109744146,-0.005335742493926987,0.003677871328530591,1.0362495959547626,1.1342003754594867,1.0945243114082719,0.008021668124959606,0.01779377768375292,0.9240143867903713,0.7139521602608649,0.06347128055028706,0.03154266519659865,1
2025-05-18 00:00:00+00:00,103186.953125,106597.171875,103142.6015625,106446.0078125,49887082058,100154.666796875,91458.3225,73.2912507243949,3774.137862326461,3765.2173021561257,8.920560170335193,108828.90195523783,100154.666796875,91480.43163851216,0.03154266519659865,0.02857028758033464,0.02185081510538378,1.062816254267857,1.1638744829646313,1.0950853247595373,0.014739036026983834,0.01869426957310012,1.190869958908191,0.8626452880724313,0.031039340647648794,-0.007889709931436006,0
2025-05-19 00:00:00+00:00,106430.53125,107068.71875,102112.6875,105606.1796875,61761126647,100720.736328125,91923.755625,69.80633164214615,3733.0559709405206,3758.785035913005,-25.72906497248414,109258.65204707126,100720.736328125,92182.82060917874,-0.007889709931436006,0.02340409278629707,0.019961148551144392,1.0485048415795863,1.1488453552563387,1.0956986650873142,0.01401618794806373,0.018716359424612965,1.4136525547827214,0.7861028101117141,0.025592952617279563,0.011220046530480143,1
2025-05-20 00:00:00+00:00,105605.40625,107307.1171875,104206.515625,106791.0859375,36515726122,101349.925,92408.5990625,71.84074843533664,3752.849791410903,3757.597987012585,-4.7481956016818,109719.83237082776,101349.925,92980.01762917225,0.011220046530480143,0.003241813686501338,0.029364845202094036,1.0536868768033127,1.1556401354518153,1.0967585920380916,0.013816552594708813,0.018684156653538873,0.8280661613514829,0.8250430797158202,0.020007939628971627,0.027034018449719976,1
2025-05-21 00:00:00+00:00,106791.3125,110724.4609375,106127.234375,109678.078125,78086364051,102009.212109375,92898.7771875,76.07123763045128,3955.891622504103,3797.2567141108884,158.63490839321457,110833.0039038563,102009.212109375,93185.42031489371,0.027034018449719976,0.038557387925111763,0.0598012520770379,1.0751781712361663,1.1806191797727745,1.0980684051791896,0.015505578806103197,0.018833260921974775,1.6844161583102675,0.9345561519494019,0.05351948510590199,0.018191448638679386,1
2025-05-22 00:00:00+00:00,109673.4921875,111970.171875,109285.0703125,111673.28125,70157575642,102747.37265625,93482.52859375,78.47772631205281,4229.050097035768,3883.6153906958643,345.43470633990364,112221.18196273805,102747.37265625,93273.56334976194,0.018191448638679386,0.045717255046524574,0.08219891510432831,1.086872377979069,1.1945898653993638,1.0991077605823278,0.015603745848050549,0.01900004966416037,1.4452099802860363,0.9710833997702053,0.08617910346595736,-0.03927066820202352,0
2025-05-23 00:00:00+00:00,111679.359375,111798.90625,106841.3046875,107287.796875,67548133399,103317.17265625,93966.22796875,63.38787629269622,4045.029634380684,3915.8982394328286,129.13139494785537,112418.35985675268,103317.17265625,94215.98545574732,-0.03927066820202352,-0.021793609906947897,0.007908131829450715,1.0384314060931652,1.1417697527528754,1.0995138880174036,0.02445958832983322,0.02135955625645725,1.3210139583880214,0.7181377072724476,0.029931746061268916,0.004691674073487251,1
2025-05-24 00:00:00+00:00,107278.5078125,109454.5234375,106895.2890625,107791.15625,45903627163,103990.931640625,94445.175,64.23785366497111,3894.9108786323195,3911.7007672727273,-16.789888640407753,112241.81503673289,103990.931640625,95740.04824451711,0.004691674073487251,-0.03476323930438818,0.020689855167240978,1.0365438077091946,1.1413092966369112,1.101071935550175,0.024197236799578935,0.020712450778148584,0.8740418625148179,0.7302919837145949,0.04106399699088015,0.011543009819045436,1
2025-05-25 00:00:00+00:00,107802.2734375,109313.3046875,106683.375,109035.390625,47518041841,104705.2984375,94955.786875,66.31933182826143,3832.1651839162805,3895.7936506014385,-63.628466685157946,112005.99066915907,104705.2984375,97404.60620584092,0.011543009819045436,0.016288839932430577,0.02101584292169756,1.0413550436522054,1.1482753628121098,1.1026742222181178,0.021810948606935773,0.020729913286834756,0.8864663609944905,0.7965535356169914,0.05099781509797863,0.003714175371671846,1
2025-05-26 00:00:00+00:00,109023.78125,110376.8828125,108735.640625,109440.3671875,45950461571,105337.19296875,95580.30453125,66.99272746748701,3771.639876131172,3870.9628957073855,-99.32301957621348,111909.1585811221,105337.19296875,98765.22735637789,0.003714175371671846,0.015300057953502089,-0.0021673514120942317,1.0389527583098523,1.1450096097122022,1.1020805330695507,0.02122109175791331,0.020459013494098,0.8419868757634797,0.8121725265136462,0.05750429033680948,-0.004072780217708405,0
2025-05-27 00:00:00+00:00,109440.40625,110744.2109375,107609.5546875,108994.640625,57450176272,105935.308984375,96175.490625,65.44188142064327,3645.681577283787,3825.906632022666,-180.22505473887895,111410.74956183575,105935.308984375,100459.86840691426,-0.004072780217708405,-0.0003737318660154143,-0.02398640565600829,1.0288792440401173,1.133289156277699,1.1014792677006424,0.02129751146122507,0.02057541444095822,1.0718883795218492,0.7793685364076922,0.05624085292614378,-0.010939184653144474,0
2025-05-28 00:00:00+00:00,108992.171875,109298.2890625,106812.9296875,107802.328125,49155377493,106163.35234375,96806.098125,61.35054036074873,3410.3368237448594,3742.792670367105,-332.45584662224564,111545.50614670989,106163.35234375,100781.19854079011,-0.010939184653144474,-0.014967411975999823,0.0047958040428350834,1.0154382444136005,1.1135902614915976,1.0966597600769687,0.01889087307172137,0.015713045316406115,0.9352211994454941,0.6522602141496455,0.01274186172288494,-0.020041963379443528,0
2025-05-29 00:00:00+00:00,107795.5703125,108910.046875,105374.3984375,105641.7578125,56022752042,106296.89765625,97267.45421875,54.679447087744336,3014.7324839494395,3597.180633083572,-582.4481491341326,111474.16203266861,106296.89765625,101119.6332798314,-0.020041963379443528,-0.03076190529436873,-0.019940396895965162,0.993836698359075,1.086095638680093,1.0928310863075865,0.017448869455904844,0.016464023026924422,1.068089402361437,0.43672914920725003,0.00033689434752104397,-0.015554336978341854,0
2025-05-30 00:00:00+00:00,105646.2109375,106308.9453125,103685.7890625,103998.5703125,57655287183,106262.009765625,97754.9028125,50.20793525790787,2539.3496538083273,3385.6144372285235,-846.2647834201962,111493.80442534994,106262.009765625,101030.21510590006,-0.015554336978341854,-0.03528456090567389,-0.046194362065642425,0.9786994481083379,1.0638706327801863,1.0870248622664191,0.01165213412643955,0.016464147172369957,1.0833326575616449,0.2836842230688771,-0.0261493326009844,0.006149348357177731,1
2025-05-31 00:00:00+00:00,103994.71875,104927.1015625,103136.1171875,104638.09375,38997843858,106288.596484375,98179.56796875,51.858027330385035,2188.976375591694,3146.2868249011576,-957.3104493094638,111479.51153430749,106288.596484375,101097.68143444251,0.006149348357177731,-0.009500637657708921,-0.04388027526691729,0.9844714975174441,1.0657827887703246,1.0825938500585586,0.011852577020975967,0.016470467951550626,0.7378141905904905,0.3410200592286265,-0.04595252270244865,0.009690618169351017,1
2025-06-01 00:00:00+00:00,104637.296875,105884.546875,103826.953125,105652.1015625,37397056873,106430.55390625,98586.8678125,54.43634326481055,1970.411309318355,2911.1117217845976,-940.7004124662426,111370.47903557122,106430.55390625,101490.62877692879,0.009690618169351017,0.015899557513448404,-0.030667003839208284,0.9926858189196712,1.071665059523315,1.0795611653741524,0.011457334972977087,0.016306877756127783,0.725265793993021,0.42120808277746424,-0.05391781830087494,0.0021715582000447764,1
2025-06-02 00:00:00+00:00,105649.8125,105958.3125,103727.546875,105881.53125,45819706290,106516.13984375,99030.79890625,55.023282314833885,1795.018126376919,2687.893002703062,-892.8748763261428,111349.30512374609,106516.13984375,101682.97456375392,0.0021715582000447764,0.01188322011074483,-0.017817768024200542,0.9940421367627392,1.0691777953870232,1.0755859896130515,0.011288022608712494,0.016074968319656505,0.8945005943766463,0.434348552451064,-0.013107414505290182,-0.004241178746647534,0
2025-06-03 00:00:00+00:00,105888.4765625,106813.578125,104920.84375,105432.46875,46196508367,106610.792578125,99448.60046875,53.56873555114455,1601.3231183586904,2470.579025834188,-869.2559074754977,111269.49864024897,106610.792578125,101952.08651600101,-0.004241178746647534,-0.0020788305130879925,-0.001981120598839925,0.9889474245559002,1.060170462460458,1.0720190337080269,0.011286750186322062,0.016038590075510485,0.9016449829729962,0.37353528936876335,-0.02188201316376548,-0.0066439151364365845,0
2025-06-04 00:00:00+00:00,105434.3671875,105997.6953125,104232.703125,104731.984375,44544857105,106660.159765625,99869.8603125,51.291023067148146,1375.4399782491382,2251.551216317178,-876.1112380680397,111210.65253673706,106660.159765625,102109.66699451293,-0.0066439151364365845,-0.010856915851412907,0.00705215523921332,0.9819222529305979,1.048684598609491,1.0679914784288038,0.011002989256265291,0.016127345428128697,0.8744120647276571,0.2881355396424706,-0.039467976638892344,-0.030134359325224014,0
2025-06-05 00:00:00+00:00,104750.78125,105936.6875,100436.8828125,101575.953125,57479298400,106564.49296875,100220.70203125,42.519028306325495,931.0283017730108,1987.4466334083445,-1056.4183316353337,111462.82500737364,106564.49296875,101666.16093012635,-0.030134359325224014,-0.03657806433561295,-0.029264109419997908,0.9531875983756345,1.013522666138653,1.06329820894212,0.013760747152079516,0.01752973489084033,1.1139986623300433,-0.009208012484153634,-0.07186026751012453,0.027707252931573167,1
2025-06-06 00:00:00+00:00,101574.3671875,105376.7734375,101169.5703125,104390.34375,48856653697,106624.455859375,100610.59390625,50.627995217722706,796.7422996703826,1749.3057666607522,-952.5634669903695,111376.07626940343,106624.455859375,101872.83544934656,0.027707252931573167,-0.003262046709405775,-0.011942571835673266,0.9790469072843708,1.0375681098480745,1.059773645295532,0.01765967207137869,0.01863674139525037,0.936935131302931,0.2649105024614512,-0.04224333277854686,0.011737496074678777,1
2025-06-07 00:00:00+00:00,104390.6484375,105972.7578125,103987.3125,105615.625,38365033776,106582.93671875,101033.8903125,53.690968583347995,780.1960182546754,1555.483816979537,-775.2877987248617,111355.58748152817,106582.93671875,101810.28595597183,0.011737496074678777,0.039769962778776424,-0.002511356294726763,0.9909243285226552,1.0453484931969717,1.0549226243697702,0.01807011516747884,0.017399178877015295,0.7439541967038281,0.39866095731390483,-0.020284377555041755,0.0016855786016509722,1
2025-06-08 00:00:00+00:00,105617.5078125,106497.0625,105075.328125,105793.6484375,36626232328,106592.31015625,101448.495,54.136172353084305,772.5425846013095,1398.8955705038916,-626.3529859025821,111357.61441356187,106592.31015625,101827.00589893812,0.0016855786016509722,0.013442859148550257,0.0034256969582722174,0.9925073232995958,1.0428311276327953,1.0507037108460802,0.017712905477443128,0.017309313255223824,0.7279771816910936,0.41620034360612657,0.0014377896406227997,0.04253991795791734,1
2025-06-09 00:00:00+00:00,105793.0234375,110561.421875,105400.234375,110294.1015625,55903193732,106767.4609375,101950.8909375,63.650104426315046,1116.7529062734247,1342.4670376577983,-225.71413138437356,111812.80864422442,106767.4609375,101722.11323077558,0.04253991795791734,0.04429720093499423,0.053108104660601674,1.033031043297587,1.0818355832722908,1.0472440206820042,0.023903574624499373,0.019618488848924667,1.0901195526258696,0.849494309410995,0.0605347864983421,-0.0003342625487465778,0
2025-06-10 00:00:00+00:00,110295.6875,110380.125,108367.7109375,110257.234375,54700101509,106796.41875,102405.6575,63.53383560413427,1370.7658566573082,1348.1268014577004,22.63905519960781,111918.17501073146,106796.41875,101674.66248926854,-0.0003342625487465778,0.042191435907770636,0.08546590982332947,1.0324057273222,1.076671319404399,1.0428761589661195,0.023666500211844865,0.018698507537422714,1.0915483184764991,0.837854385177805,0.05370071666658216,-0.014244955298426398,0
2025-06-11 00:00:00+00:00,110261.796875,110384.21875,108086.328125,108686.625,50842662052,106647.0859375,102710.5521875,58.62102082775562,1428.8668122953095,1364.2748036252221,64.59200867008735,111325.07302640849,106647.0859375,101969.09884859151,-0.014244955298426398,-0.014574456292108184,0.0411559258803571,1.0191241893256724,1.0581836304568841,1.0383264783039408,0.024536549011752822,0.01848227379803311,1.0345092045115434,0.7179932333861877,0.02872184644339404,-0.025371753999169577,0
2025-06-12 00:00:00+00:00,108685.9140625,108780.6953125,105785.6875,105929.0546875,54843867968,106579.148828125,102955.15109375,51.14348163299932,1238.1270026123093,1339.0452434226397,-100.91824081033042,111257.42279172613,106579.148828125,101900.87486452388,-0.025371753999169577,-0.03925528979603521,0.002967645057253554,0.9939003628029214,1.028885427899008,1.0351997709281688,0.023422387089209067,0.017191369752196716,1.130534805537359,0.4305198727476199,0.00044883594843181385,0.0015285141831733462,1
2025-06-13 00:00:00+00:00,105924.59375,106182.546875,102822.0234375,106090.96875,69550440846,106494.139453125,103198.09453125,51.534395979144634,1087.4934928593866,1288.7348933099893,-201.24140045060267,111141.36840661305,106494.139453125,101846.91049963694,0.0015285141831733462,-0.023882020901835888,0.002810379610602487,0.9962141512650801,1.028032244508875,1.0319390095025147,0.02142970850291069,0.017155631614079656,1.3995804730654091,0.45662246177666904,0.006245704077758374,-0.0058304915798971235,0
2025-06-14 00:00:00+00:00,106108.0859375,106203.7578125,104379.3671875,105472.40625,38007870453,106315.990234375,103413.13265625,49.892015245512646,907.7386804562993,1212.5356507392512,-304.79697028295186,110824.12881233987,106315.990234375,101807.85165641013,-0.0058304915798971235,-0.004310889385798378,-0.04371671054202031,0.9920653141402783,1.0199130762298354,1.0280704926305078,0.021195805634589927,0.01694399610069466,0.772230945036284,0.4064376604904831,0.007069682479698525,0.0007548627203146641,1
2025-06-15 00:00:00+00:00,105464.84375,106157.1015625,104519.8828125,105552.0234375,36744307742,106121.573046875,103631.23453125,50.11239779853053,762.9117662606295,1122.6108738435269,-359.69910758289734,110391.46006366554,106121.573046875,101851.68603008446,0.0007548627203146641,-0.0050800300803173215,-0.042674849992127784,0.994633045920612,1.0185348453575624,1.0240307714839973,0.021186358244079308,0.01690872794471578,0.7536063175628898,0.4333062435685829,0.03914381495005048,0.011792615001237072,1
2025-06-16 00:00:00+00:00,105555.59375,108915.375,104997.625,106796.7578125,50366626945,106011.67890625,103892.0728125,53.55187913040736,740.044284867894,1046.0975560484003,-306.0532711805063,110078.52857575376,106011.67890625,101944.82923674624,0.011792615001237072,0.01255637952699118,-0.017388222216855098,1.0074055888403037,1.0279586778987675,1.0204020002332168,0.012104528649441336,0.017160464825970587,1.0405514373580582,0.5965217514845825,0.02305207527875397,-0.020559056941174436,0
2025-06-17 00:00:00+00:00,106794.1171875,107750.1953125,103396.53125,104601.1171875,55964092176,105851.618359375,104084.52015625,47.35042588922558,538.5437947753526,944.5868037937908,-406.04300901843817,109873.46362263423,105851.618359375,101829.77309611578,-0.020559056941174436,-0.009008886983232989,-0.012536102619980283,0.988186281974174,1.0049632455477,1.0169775313415699,0.013291825113112304,0.01758680882077008,1.1481175113317705,0.3445363893908711,-0.009605660265704086,0.0026979724986506692,1
2025-06-18 00:00:00+00:00,104602.0703125,105581.8515625,103602.265625,104883.328125,47318089133,105813.696875,104296.4909375,48.1810501903436,397.0483426256542,835.0791115601635,-438.0307689345093,109858.11266202004,105813.696875,101769.28108797995,0.0026979724986506692,-0.017916552212749348,-0.01138306718497184,0.9912074827978172,1.0056266244647833,1.0145470468264286,0.013383901703176057,0.017042074577301853,0.9794883424390217,0.38498107032097495,-0.008604678314292125,-0.0018977187896134229,0
2025-06-19 00:00:00+00:00,104886.7734375,105250.890625,103940.7734375,104684.2890625,37333806920,105847.9828125,104506.03046875,47.610541777199,265.7875549855671,721.2208002452442,-455.43324525967705,109838.88134173924,105847.9828125,101857.08428326077,-0.0018977187896134229,0.0007951337159326499,-0.0074722594801899245,0.9890059902977898,1.0017057254299149,1.0128409082014773,0.009921233092944603,0.01666487244039053,0.7894165307177891,0.3542065475388276,-0.050862307417419816,-0.013131746055793259,0
2025-06-20 00:00:00+00:00,104681.03125,106539.3828125,102372.2109375,103309.6015625,50951862476,105781.558203125,104642.37578125,43.756807472981585,50.25730763238971,587.0281017226733,-536.7707940902836,109899.44833324927,105781.558203125,101663.66807300072,-0.013131746055793259,-0.015004544484176097,-0.021244707604566093,0.9766314971851874,0.9872635324953238,1.0108864349970075,0.010659605442168521,0.016874796789516186,1.0639216918879866,0.1998515547389807,-0.06301294288654247,-0.010184874363913243,0
2025-06-21 00:00:00+00:00,103315.078125,104015.78125,100973.0625,102257.40625,38360555118,105611.8234375,104749.3225,41.01995795648133,-203.11396303043875,428.99968877205094,-632.1136518024897,110021.68155651158,105611.8234375,101201.96531848842,-0.010184874363913243,-0.02318287523594942,-0.04250458211914643,0.9682382419096749,0.9762106695248555,1.0082339524200743,0.010925724412009038,0.01682799645571332,0.8001986791282695,0.11966835474381911,-0.05915372521687923,-0.012422235919953284,0
2025-06-22 00:00:00+00:00,102212.03125,103351.6328125,98286.203125,100987.140625,65536997201,105367.10390625,104851.229375,37.935137976882956,-500.64125955510826,243.07149910661911,-743.7127586617273,110233.52433120983,105367.10390625,100500.68348129018,-0.012422235919953284,-0.022480591371702885,-0.03455007613371719,0.9584313972874583,0.9631469390198555,1.0049200618278398,0.01103201026388183,0.016976259406385072,1.3395495587614223,0.049981002588143225,-0.046653055453757086,0.04545759771084712,1
2025-06-23 00:00:00+00:00,100987.4765625,106116.859375,99705.75,105577.7734375,65237759656,105374.369140625,105076.4653125,51.987557541286385,-361.8370508829248,122.08978910871033,-483.9268399916351,110241.63423760227,105374.369140625,100507.10404364773,0.04545759771084712,0.03247067678777538,0.006621122011616132,1.0019303014436418,1.0047708887381117,1.0028351146685324,0.022045537581971072,0.02002892793592253,1.3079802679902015,0.5208951323610174,-0.004837313850053815,0.004431419225533917,1
2025-06-24 00:00:00+00:00,105571.515625,106316.828125,104740.2421875,106045.6328125,48822986421,105440.0515625,105302.416875,53.151753577816194,-211.64170020376332,55.343491246215606,-266.9851914499789,110306.27096092002,105440.0515625,100573.83216407997,0.004431419225533917,0.05009045860882355,0.013004279459616352,1.0057433701997105,1.0070579190825435,1.0013070420564363,0.020393899110034915,0.019981127932418585,0.9746931569688632,0.5622229702792093,0.005434848628951272,0.012406215749838134,1
2025-06-25 00:00:00+00:00,106047.40625,108168.3984375,105881.390625,107361.2578125,51624120283,105729.316796875,105513.5925,56.35649781105976,13.394733521534363,46.95373970127936,-33.559006179745,110307.68061777261,105729.316796875,101150.9529759774,0.012406215749838134,0.016892612118362127,0.03921858364296216,1.0154350852257965,1.0175111591665311,1.002044516651966,0.020765228782883876,0.018739214715850595,1.036673406258575,0.6782231687416496,0.017140688696235973,-0.003737454466123835,0
2025-06-26 00:00:00+00:00,107375.0703125,108305.546875,106666.3515625,106960.0,43891990613,105857.799609375,105712.14609375,55.11807165079119,157.54351298129768,69.07169435728304,88.47181862401465,110422.15344563893,105857.799609375,101293.44577311106,-0.003737454466123835,0.008622393617252477,0.045987805895477685,1.0104120848411002,1.0118042623516825,1.001377831413013,0.020856708016920945,0.01784969393238251,0.8858187383126688,0.6207400247837914,0.0015285313041675241,0.0012007263229245613,1
2025-06-27 00:00:00+00:00,106954.921875,107772.46875,106449.9921875,107088.4296875,45353692675,105931.43984375,105789.08546875,55.45547320465603,278.9303265126655,111.04342078835953,167.88690572430596,110526.76108887052,105931.43984375,101336.11859862949,0.0012007263229245613,-0.0025412158031575816,0.06041649486003564,1.0109220628498636,1.0122824033594073,1.001345643308752,0.019647831175425776,0.01768217302957186,0.9089087072748585,0.6258878087117988,0.023779024229171775,0.002234353778444831,1
2025-06-28 00:00:00+00:00,107090.546875,107567.8828125,106883.9765625,107327.703125,30037708335,106008.142578125,105876.2225,56.11735751783635,389.94260191173817,166.8232570130353,223.11934489870288,110644.80519101767,106008.142578125,101371.47996523233,0.002234353778444831,0.0034377629487658545,0.016574792501528934,1.012447728210147,1.0137092218699058,1.0012459839897008,0.018545548511469376,0.0176839814957391,0.6059699119784183,0.6422963731721432,0.0233056582366149,0.009856422495764683,1
2025-06-29 00:00:00+00:00,107327.8203125,108526.3046875,107230.109375,108385.5703125,35534874438,105912.716015625,105950.00734375,59.01680278882913,556.8625066897948,244.8311069483872,312.03139974140765,110246.64906643654,105912.716015625,101578.78296481346,0.009856422495764683,0.012112799009055042,0.022065382967135116,1.023348039686851,1.0229878508724206,0.9996480290180254,0.016431790332492317,0.014925206633566748,0.7319048617877295,0.785289858874487,0.03535660683323938,-0.011535062936840146,0
2025-06-30 00:00:00+00:00,108383.4375,108798.7890625,106759.6484375,107135.3359375,42064804590,105756.62109375,106010.586875,54.438803822557354,581.5604020949395,312.1769659776977,269.3834361172418,109632.36976106904,105756.62109375,101880.87242643096,-0.011535062936840146,-0.0017923348948962747,-0.0021043147183926747,1.0130366763753524,1.0106097805479204,0.9976043356731017,0.008089393718235078,0.015116999103247621,0.8778230863840583,0.6778643253335224,0.03703174068177506,-0.013413452013053329,0
2025-07-01 00:00:00+00:00,107144.3828125,107550.6796875,105270.2265625,105698.28125,44110692247,105607.20390625,106068.2934375,49.66948643048057,479.64629490984953,345.6708317641281,133.97546314572145,109229.46700972815,105607.20390625,101984.94080277185,-0.013413452013053329,-0.024793789936722543,-0.0117961738032909,1.000862416013124,0.9965115665058001,0.9956528995017564,0.009858740693862979,0.015080703908878071,0.927029075995843,0.5125718840885066,0.03364915194101159,0.02990624847553991,1
2025-07-02 00:00:00+00:00,105703.1015625,109763.65625,105157.3984375,108859.3203125,56248657737,105753.7171875,106162.08359375,58.319583015758006,646.4956655493588,405.83579852117424,240.65986702818458,109656.94399885405,105753.7171875,101850.49037614596,0.02990624847553991,0.016091650433669447,0.016536712977935464,1.0293663731885074,1.0254067801558182,0.9961533685810776,0.014690298594194122,0.015493958613483903,1.1803778036248194,0.8978250912765489,0.07795229807260418,0.007244728772290987,1
2025-07-03 00:00:00+00:00,108845.015625,110541.4609375,108605.796875,109647.9765625,50494742270,105931.567578125,106284.25484375,60.15933282858761,832.7633842492505,491.2213156667895,341.542068582461,110205.99594996864,105931.567578125,101657.13920628137,0.007244728772290987,0.03736763990663272,0.021618588397421368,1.0350831113835273,1.0316483539701629,0.9966816602690259,0.01455210418551849,0.015547574038782923,1.081250643657258,0.9347258464845962,0.03855170451581347,-0.014716556343200904,0
2025-07-04 00:00:00+00:00,109635.65625,109751.984375,107296.3828125,108034.3359375,42616442656,106059.6640625,106370.04875,54.82691384409063,840.4859814158262,561.0742488165969,279.41173259922937,110428.66097291709,106059.6640625,101690.66715208291,-0.014716556343200904,-0.007578445030078651,-0.0032406008842995604,1.0186185001852952,1.0156462012291783,0.9970820292822326,0.016152733318276408,0.015899007753675077,0.9080709619893704,0.725986870154537,0.018753276983279887,0.0018220480395592098,1
2025-07-05 00:00:00+00:00,108015.8359375,108381.34375,107842.2734375,108231.1796875,30615537520,106193.621875,106464.8865625,55.346877019371604,852.6608967866341,619.3915784106043,233.2693183760298,110660.28255421072,106193.621875,101726.96119578928,0.0018220480395592098,-0.012921322576275873,0.01022859302592094,1.0191871957705558,1.0165903818811013,0.9974520736718133,0.016149799523433647,0.01589880470779185,0.6566433431940918,0.7280851354999334,0.008102754128675338,0.009247710575546852,1
2025-07-06 00:00:00+00:00,108231.1875,109731.625,107847.015625,109232.0703125,36746020463,106315.3875,106585.70625,57.994457083821175,932.3258416294266,681.9784310543688,250.34741057505778,110979.68374205529,106315.3875,101651.0912579447,0.009247710575546852,0.01108660838803055,0.03343279588569459,1.0274342489933548,1.0248285080205115,0.9974638367609446,0.0160976610551232,0.015821013187051643,0.7998128811072454,0.8126605452503146,0.021242243011406092,-0.008534295352390808,0
2025-07-07 00:00:00+00:00,109235.328125,109710.25,107527.0546875,108299.8515625,45415696597,106500.32421875,106622.783125,54.739013835080996,909.7515722996613,727.5330593034274,182.21851299623393,111171.73165733539,106500.32421875,101828.91678016461,-0.008534295352390808,0.0006344925297707693,-0.005139373903804922,1.0168969189244326,1.0157289876361029,0.9988514752413991,0.015737232886077018,0.015163605875747662,0.9999965811397649,0.6926108316827678,0.011312350722996856,0.006005750382996888,1
2025-07-08 00:00:00+00:00,108298.2265625,109198.96875,107499.5546875,108950.2734375,44282204127,106703.671484375,106689.665,56.57077039590615,933.5831453626743,768.7430765152768,164.84006884739745,111432.42558802069,106703.671484375,101974.9173807293,0.006005750382996888,-0.0025797998169750924,-0.006363119018455432,1.0210545890490186,1.0211886356330766,1.000131282485281,0.014283557431604197,0.015191393912890074,0.9783083191866124,0.7375469208044628,0.015117907727981938,0.021810695604753683,1
2025-07-09 00:00:00+00:00,108950.2734375,111925.375,108357.6796875,111326.5546875,57927418065,107035.784765625,106780.374375,62.53621457662381,1131.1763790119148,841.2297370146044,289.9466419973104,112089.2350123761,107035.784765625,101982.33451887389,0.021810695604753683,0.02794743558123236,0.030473818545102338,1.0400872468144224,1.04257505500528,1.00239192259926,0.012025856621495192,0.015783717370341954,1.2513013714030403,0.924538653035475,0.027134464177477557,0.041864660687494615,1
2025-07-10 00:00:00+00:00,111329.1953125,116608.78125,110660.75,115987.203125,95911605728,107669.66484375,106906.556875,70.96125044687386,1644.8846125944838,1001.9607121305804,642.9239004639034,113817.1474683743,107669.66484375,101522.1822191257,0.041864660687494615,0.06458845366309962,0.07166163632230815,1.077250526351321,1.0849400309526152,1.0071380838655413,0.019019090762981698,0.017487850562710686,1.9758590174151311,1.1764995355931014,0.0826232270617413,0.013189291760499877,1
2025-07-11 00:00:00+00:00,115986.234375,118856.4765625,115245.6875,117516.9921875,86928361085,108432.644140625,107023.43109375,73.09964574612299,2150.651904716535,1231.6989506477714,918.9529540687633,115474.53969920742,108432.644140625,101390.74858204256,0.013189291760499877,0.055606117672256206,0.07584697288349318,1.0837787192120265,1.0980491934010028,1.013167331980233,0.016114351206337772,0.01713039527839545,1.7054770231816268,1.1450214982103293,0.11181554513214942,-0.0006957770402219454,0
2025-07-12 00:00:00+00:00,117530.7109375,118219.8984375,116977.0234375,117435.2265625,45524560304,109255.0484375,107226.3796875,72.79110517027557,2515.8768625931552,1488.5345330368482,1027.342329556307,116475.31790523004,109255.0484375,102034.77896976995,-0.0006957770402219454,0.012484337913894361,0.08435260868966155,1.0748723124650805,1.0952083517577729,1.018919493094072,0.016410015485633044,0.016619527993352434,0.9110470579282703,1.0664731878470834,0.07877971519003912,0.014313342548076147,1
2025-07-13 00:00:00+00:00,117432.203125,119449.5703125,117265.4375,119116.1171875,49021091807,109931.965625,107452.87890625,75.11632937497194,2907.438952239012,1772.3154168772812,1135.1235353617308,118167.73320215623,109931.965625,101696.19804784376,0.014313342548076147,0.013607606612740408,0.09330718895195522,1.0835439583954043,1.108542818023758,1.0230713848152262,0.016388266497957975,0.014175049209037211,0.9972015390587116,1.057577146055841,0.08635034518492102,0.006158578325259345,1
2025-07-14 00:00:00+00:00,119115.7890625,123091.609375,118959.1953125,119849.703125,181746419401,110622.169140625,107669.16515625,76.07719415468736,3239.6048356967076,2065.7733006411668,1173.8315350555408,119751.79342018557,110622.169140625,101492.54486106444,0.006158578325259345,0.020560070714514156,0.07655988691489624,1.0834148711425535,1.1131293063438688,1.0274266451317755,0.014002851850371504,0.01416931985393805,3.256822263128872,1.0053621979293077,0.10936677756167645,-0.01729262210051885,0
2025-07-15 00:00:00+00:00,119853.8515625,119935.5625,115765.6875,117777.1875,98321661181,111142.965625,107835.9015625,68.07899084711875,3297.601306090117,2312.138901730957,985.4624043591598,120669.09426959555,111142.965625,101616.83698040445,-0.01729262210051885,-0.011240541742914556,0.015432602276571172,1.0596908840581425,1.092189018624175,1.0306675607527913,0.01846250698760766,0.01501888918718008,1.6911275050499621,0.8482118561753725,0.08820016413072973,0.00816219450392297,1
2025-07-16 00:00:00+00:00,117777.1875,120065.515625,117064.8203125,118738.5078125,72162029070,111731.891015625,108030.77890625,69.671715794648,3382.1471547619876,2526.140552337163,856.0066024248245,121618.69509098116,111731.891015625,101845.08694026885,0.00816219450392297,-0.009271573341663175,0.01039437448374314,1.0627091937063444,1.0991173905683145,1.0342597928742776,0.01788347555756621,0.014900342291248847,1.211723563521478,0.8543418451236273,0.0870297292068456,0.004643278306736054,1
2025-07-17 00:00:00+00:00,118738.5078125,120999.609375,117508.21875,119289.84375,72363841798,112341.96171875,108260.52921875,70.57841472946347,3453.8250066586043,2711.6774432014518,742.1475634571525,122523.72499887412,112341.96171875,102160.19843862587,0.004643278306736054,0.012843372151334576,0.015792681989785784,1.0618458314680683,1.1018775227762307,1.037700097435817,0.010712910017600047,0.014869844272568794,1.1881678757023069,0.8411924752175785,0.10147744460349206,-0.01078563897020779,0
2025-07-18 00:00:00+00:00,119284.109375,120851.9140625,116925.984375,118003.2265625,77945799785,112875.737890625,108507.75859375,65.64619355339642,3367.98690977809,2842.9393365167793,525.0475732613108,123069.9904709779,112875.737890625,102681.4853102721,-0.01078563897020779,-0.006192441386926317,-0.009342905488164965,1.0454259592689747,1.087509576198148,1.0402549951587203,0.011135027572018818,0.015299756153672987,1.2313883042502214,0.7514891911623356,0.08309252321604577,-0.0005360022928398989,0
2025-07-19 00:00:00+00:00,117998.125,118541.3984375,117388.4140625,117939.9765625,47564562765,113353.458203125,108786.58671875,65.40421757019654,3257.307638321523,2925.8129968777284,331.49464144379454,123557.21196491818,113353.458203125,103149.70444133182,-0.0005360022928398989,-0.011315860135829858,-0.015934345373456726,1.0404620946910692,1.084140794557831,1.041980097198765,0.011131988458463816,0.015297702400099101,0.7443522785745497,0.724746621020428,0.05940560986158472,-0.00541960002562214,0
2025-07-20 00:00:00+00:00,117944.109375,118865.03125,116550.1328125,117300.7890625,57515447231,113861.730859375,109039.840625,62.881670875281046,3082.48347819662,2957.147093141507,125.33638505511317,123769.76439936028,113861.730859375,103953.69731938973,-0.00541960002562214,-0.005952697400422036,-0.004044912666130718,1.0302038110361453,1.075760826411241,1.0442213617218867,0.009475327090049867,0.015022264784069102,0.8893251138568198,0.6735489786770597,0.011325266082020669,0.0011828564931994912,1
2025-07-21 00:00:00+00:00,117306.46875,119671.5625,116584.3984375,117439.5390625,69820091744,114448.79375,109275.589375,63.21334618767204,2921.4533415950864,2950.0083428322228,-28.555001237136366,123689.08659398738,114448.79375,105208.50090601262,0.0011828564931994912,-0.004243154141503558,-0.010939742918541606,1.0261317329305624,1.0747097291736754,1.0473408965770679,0.008918159413339507,0.014441930214672338,1.0585440202979888,0.6618317386145434,-0.0006590802194496037,0.02176332622218302,1
2025-07-22 00:00:00+00:00,117426.5,120269.96875,116233.2265625,119995.4140625,79217583118,115005.5984375,109557.86703125,68.75236871601888,2965.884677971728,2953.183609860124,12.701068111603945,124169.50315150114,115005.5984375,105841.69372349886,0.02176332622218302,0.022971925607118138,0.005914755945013228,1.0433875888895245,1.0952697174021544,1.0497246939345406,0.010468877388757533,0.013815237717688857,1.1804657815996504,0.772253792500498,0.021800847794485545,-0.010337504434577038,0
2025-07-23 00:00:00+00:00,119997.4453125,120113.3515625,117391.390625,118754.9609375,66608604537,115460.94765625,109824.316875,63.73638942532111,2867.94277281985,2936.135442452069,-68.19266963221935,124406.37529646745,115460.94765625,106515.52001603256,-0.010337504434577038,0.011200843306273134,0.006370456104451083,1.0285292416883405,1.0813175471208685,1.0513240686729288,0.011175998527734075,0.014216544852290593,0.9807967659639658,0.6841171497738437,-0.003031967953014303,-0.0032584822936673197,0
2025-07-24 00:00:00+00:00,118770.984375,119535.453125,117247.96875,118368.0,72627318560,115977.630859375,110097.0371875,62.21159650008977,2727.655874648757,2894.439528891407,-166.78365424264985,124288.12353557575,115977.630859375,107667.13818317425,-0.0032584822936673197,-0.013562302153083627,0.003629163325068019,1.0206106050185089,1.075124299652262,1.053412824015056,0.011035613996013056,0.013637775816155787,1.0463027424378153,0.6438163315798617,-0.012363010390227025,-0.006185093838706357,0
2025-07-25 00:00:00+00:00,118368.0,118486.9765625,114759.8203125,117635.8828125,104857024569,116447.866015625,110418.23578125,59.320095089089854,2528.257579077137,2821.203138928553,-292.94555985141596,123936.45722898644,116447.866015625,108959.27480226355,-0.006185093838706357,-0.009423422113615687,0.0028567049947247902,1.010202134547623,1.0653664404270045,1.0546071959193437,0.010482728320039558,0.013841640363131305,1.4339350177930292,0.5793217818296247,-0.0011997627936224387,0.002647868724685587,1
2025-07-26 00:00:00+00:00,117644.84375,118335.6875,117181.2265625,117947.3671875,48508954046,116883.630859375,110689.37625,60.168339143592476,2368.069547457446,2730.576420634332,-362.5068731768861,123576.25395252701,116883.630859375,110191.00776622299,0.002647868724685587,-0.0035536024305555802,0.004324166537555518,1.009100815232244,1.065570799867074,1.0559606966741308,0.010544665126189281,0.013795187501435928,0.658074097423634,0.579470807881997,-0.006662881651243957,0.012727075099638885,1
2025-07-27 00:00:00+00:00,117944.7265625,119815.59375,117859.6875,119448.4921875,54683390892,117441.062890625,110966.03359375,64.05797311916356,2335.3274195792765,2651.526620423321,-316.19920084404475,122859.17783945495,117441.062890625,112022.94794179506,0.012727075099638885,0.015408643448437509,-0.004557856475374433,1.0170930784128251,1.0764419374022554,1.0583514530273315,0.011185284230392964,0.013601583645949449,0.737202444490084,0.6852516341784614,0.0013299408609543928,-0.012758768211219684,0
2025-07-28 00:00:00+00:00,119457.5234375,119819.7890625,117441.4375,117924.4765625,64822943193,117889.773046875,111208.65015625,57.878456487290876,2161.4874413889193,2553.518784616441,-392.0313432275216,121547.61891132657,117889.773046875,114231.92718242342,-0.012758768211219684,-0.00019407491278389255,-0.006993260478920793,1.0002943725713274,1.0603894247148413,1.0600773670145074,0.012636814550405379,0.014163959066751991,0.8619621142209104,0.5047437094004246,-0.000667354633377637,-1.9742508661990676e-05,0
2025-07-29 00:00:00+00:00,117938.5859375,119273.8671875,116987.3671875,117922.1484375,68463107433,118219.552734375,111361.21109375,57.869272508047935,2000.4699733892048,2442.9090223709936,-442.4390489817888,120182.5977822928,118219.552734375,116256.5076864572,-1.9742508661990676e-05,-0.01277825882978978,-0.0037666562119830216,0.9974843053454683,1.0589158224781396,1.0615864498353136,0.008615159622600201,0.01355195052314083,0.9040334954195408,0.42424924298338007,-0.00015116269749770872,-0.0007713643170961237,0
2025-07-30 00:00:00+00:00,117921.9921875,118780.7265625,115800.828125,117831.1875,68896148592,118311.751953125,111512.69015625,57.4854721529263,1844.2631647183152,2323.179850840458,-478.9166861221429,119985.1834540121,118311.751953125,116638.3204522379,-0.0007713643170961237,-0.0007910915970914534,0.0016602475607829792,0.9959381511541187,1.0566616887718931,1.060971193389275,0.007884083502959754,0.00999896525237417,0.9262731598954423,0.35641346751562664,0.004521695393007175,-0.017592832754910526,0
2025-07-31 00:00:00+00:00,117833.6328125,118919.984375,115505.21875,115758.203125,69370346018,118223.8125,111654.12171875,49.438246297855216,1535.495393939491,2165.642959460265,-630.1475655207742,120225.71019326955,118223.8125,116221.91480673045,-0.017592832754910526,-0.018350626588582886,-0.018560516565154894,0.9791445621414044,1.0367570972130158,1.0588396619857765,0.010093624276317588,0.010360019631102226,0.9437879556820402,-0.11581802688755354,-0.014316608792250163,-0.021062154747402473,0
2025-08-01 00:00:00+00:00,115738.953125,116060.7734375,112724.4453125,113320.0859375,91294530181,118018.05546875,111801.94234375,41.992575503217594,1081.5911210336926,1948.8325917749505,-867.2414707412579,120977.92817507335,118018.05546875,115058.18276242664,-0.021062154747402473,-0.03828444453638391,-0.05130584855253051,0.9601927898863409,1.0135788660011136,1.0555993303397873,0.012190951400724202,0.011316118361368095,1.2045635827882057,-0.2936100632323553,-0.0556298603338552,-0.006999393518263508,0
2025-08-02 00:00:00+00:00,113320.390625,114021.6015625,112005.765625,112526.9140625,56870866000,117688.5953125,111930.66125,39.887926638577234,650.3693203692237,1689.1399374938053,-1038.7706171245816,121483.05207530835,117688.5953125,113894.13854969163,-0.006999393518263508,-0.027914125956246316,-0.04577135008217981,0.9561411941718386,1.0053269837401233,1.051441973076881,0.01168249311183702,0.010714189019233213,0.7465030385767578,-0.18016076775371145,-0.05244451958750407,0.015025363723748075,1
2025-08-03 00:00:00+00:00,112525.8046875,114747.421875,111943.8046875,114217.671875,48099615826,117406.99375,112105.5665625,46.09049118651078,439.98113314925286,1439.308176624895,-999.3270434756421,121358.83459552198,117406.99375,113455.152904478,0.015025363723748075,0.00792080177202692,-0.03141459523580015,0.9728353331166015,1.0188403250370488,1.0472895980998802,0.01233174641589295,0.011272705078339832,0.6920738991728679,0.09647642710435075,-0.03506292346749118,0.007478798363486527,1
2025-08-04 00:00:00+00:00,114223.921875,115729.46875,114130.40625,115071.8828125,35783028986,117271.728515625,112295.96375,48.9561308517476,338.2752363740874,1219.1015885747333,-880.8263522006459,121353.28484494942,117271.728515625,113190.17218630058,0.007478798363486527,0.022616533752862544,-0.02341743935577323,0.9812414660296246,1.0247196690762628,1.0443093820958904,0.012926195243219087,0.010898375063242713,0.5391140724924024,0.23051386216086853,-0.02179607054156052,-0.008085706753543476,0
2025-08-05 00:00:00+00:00,115072.1875,115117.4375,112701.109375,114141.4453125,61039182286,117041.875390625,112442.8575,46.08269917544092,180.51320629240945,1011.3839121182685,-830.8707058258591,121290.00357469707,117041.875390625,112793.74720655294,-0.008085706753543476,-0.0006673797604929144,-0.01396668027711323,0.9752188687301457,1.0151062312917474,1.0409009339755084,0.012932058999718448,0.010776127262450594,0.9273988160441241,0.15862258005774374,-0.03226796804162446,0.007767158415357134,1
2025-08-06 00:00:00+00:00,114140.9140625,115737.8359375,113372.25,115028.0,56379133510,116828.783203125,112651.39515625,49.14554941991127,125.57565686896851,834.2222610684086,-708.64660419944,121029.42184657972,116828.783203125,112628.14455967028,0.007767158415357134,-0.0003813513034414129,0.015071591663299522,0.9845861340523074,1.021096985443044,1.037082435073981,0.013728508835512361,0.01089817068071655,0.8671260353312286,0.28565364031836976,-0.037007517688553926,0.021463456180234486,1
2025-08-07 00:00:00+00:00,115030.0546875,117676.90625,114279.7109375,117496.8984375,64051649681,116803.466796875,112903.6665625,56.54820756706592,278.05151878086326,722.9881126108996,-444.9365938300364,120980.33860960053,116803.466796875,112626.59498414947,0.021463456180234486,0.029397324659884427,0.04416707253021768,1.0059367385201923,1.0406827520739312,1.0345409529478495,0.014865940312069628,0.011837858281827344,0.9957709696898944,0.5830084895725488,-0.0036258640908478634,-0.0068782400705657,0
2025-08-08 00:00:00+00:00,117505.5,117689.203125,115917.4609375,116688.7265625,59713005166,116740.904296875,113143.7553125,53.788075126445534,329.87443459467613,644.365377007655,-314.4909424129788,120883.44243850592,116740.904296875,112598.36615524408,-0.0068782400705657,0.014437585305316913,0.02163460913652937,0.9995530466832575,1.0313315678820179,1.031792731065358,0.011816395786503398,0.011933346596399622,0.919636452690763,0.49370220229831635,-0.010459628588379455,-0.0016142706587778388,0
2025-08-09 00:00:00+00:00,116678.2734375,117906.609375,116363.8359375,116500.359375,54004312429,116700.8828125,113407.57046875,53.13705448451645,351.6907390403212,585.8304494141883,-234.13971037386705,120836.10538615844,116700.8828125,112565.66023884156,-0.0016142706587778388,-0.00848140738821368,0.012413775872839317,0.9982817316144714,1.0272714501639222,1.0290396164042461,0.011116266590266996,0.011880422049195653,0.8339720569987907,0.4757542146851606,-0.011294362326612406,0.02408918266480664,1
2025-08-10 00:00:00+00:00,116497.71875,119320.7109375,116485.1640625,119306.7578125,64755458694,116794.24375,113748.5575,60.75770307519596,588.6476536169212,586.3938902547349,2.253763362186305,121081.2119684129,116794.24375,112507.27553158709,0.02408918266480664,0.02243602554525914,0.04525361042922005,1.021512310725502,1.0488639191094797,1.0267756032862219,0.012865818556016014,0.013072701007654274,1.0039246425038204,0.7930409014590472,0.030654887443856804,-0.004822128356753663,0
2025-08-11 00:00:00+00:00,119306.8125,122321.09375,118159.03125,118731.4453125,90528784177,116731.0453125,114103.44359375,58.65205985576093,721.695547902098,613.4542217842076,108.24132611789048,120853.41908130089,116731.0453125,112608.67154369912,-0.004822128356753663,0.019150893177233952,0.03219603324842657,1.0171368293211522,1.0405597024330606,1.0230282420581909,0.013504905635420445,0.012155876040892497,1.3912977917481866,0.7426271988167961,0.047752870378024115,0.012140515376580119,1
2025-08-12 00:00:00+00:00,118717.6640625,120302.46875,118228.71875,120172.90625,72803657984,116801.942578125,114395.34625,62.18793994845666,932.6992373232206,677.3032248920102,255.39601243121035,121115.2263409008,116801.942578125,112488.6588153492,0.012140515376580119,0.0072598438963635825,0.022775135753250852,1.0288605103431414,1.050505201386197,1.021037536989185,0.01247267330107766,0.01223338020109202,1.113586801449514,0.8907653492412039,0.06794811935616796,0.026388279596092357,1
2025-08-13 00:00:00+00:00,120168.9765625,123682.453125,118939.6328125,123344.0625,90904808795,117050.745703125,114741.31484375,68.55811871864596,1340.356196415887,809.9138191967857,530.4423772191014,122231.27030996709,117050.745703125,111870.2210962829,0.026388279596092357,0.03884916228687052,0.057034952163397934,1.0537657129740694,1.074975153177954,1.020127282509529,0.014390107559743806,0.013466975349296027,1.371289114425668,1.1074014964201895,0.07990349019710319,-0.040411222672351976,0
2025-08-14 00:00:00+00:00,123339.3984375,124457.1171875,117254.8828125,118359.578125,104055627395,117086.93046875,114961.28125,53.3454353460169,1246.8481521560898,897.3006857886465,349.54746636744323,122294.70173336224,117086.93046875,111879.15920413776,-0.040411222672351976,-0.015089325718957602,0.01595890999799754,1.0108692545884927,1.0295603601321206,1.0184901315959367,0.022799716212152748,0.01643012216643627,1.5706171356710221,0.6221873611172093,0.028570796202726845,-0.008121240187970669,0
2025-08-15 00:00:00+00:00,118365.78125,119332.3125,116864.5703125,117398.3515625,68665353159,117059.4796875,115170.04828125,50.99543232563853,1082.6987261445029,934.3802938598178,148.31843228468506,122253.92506449565,117059.4796875,111865.03431050436,-0.008121240187970669,-0.04820427361471091,-0.0159957934067676,1.0028948691375072,1.0193479408449009,1.0164055797010343,0.022878461349271916,0.016529966302512272,1.0209057592970396,0.5326186772990953,0.028533949619116372,0.0007921746665282559,1
2025-08-16 00:00:00+00:00,117398.421875,117996.0625,117271.953125,117491.3515625,48036922378,116961.62265625,115378.10671875,51.21933574961082,949.1719823901803,937.3386315658904,11.833350824289937,122038.98958263114,116961.62265625,111884.25572986885,0.0007921746665282559,-0.007335498962179998,-0.01044452669413809,1.0045290830805835,1.0183158218127233,1.013724578973722,0.022849066926653304,0.016255570140210108,0.7177518319895243,0.5521657104884052,0.021415234225579782,-0.00032588834829794244,0
2025-08-17 00:00:00+00:00,117492.7890625,118595.7734375,117279.5234375,117453.0625,45852169525,116938.051953125,115580.61390625,51.11578442221984,830.6858393360453,916.0080731199215,-85.32223378387619,122000.95469268368,116938.051953125,111875.14921356633,-0.00032588834829794244,0.0004660281577366643,-0.022632753379050463,1.0044041314035352,1.0162003689932706,1.0117445132102867,0.020564066701836105,0.016005944812133847,0.6949574355229555,0.5508611930119647,-0.00037308165647720326,-0.01022323279139703,0
2025-08-18 00:00:00+00:00,117453.90625,117614.171875,114723.6796875,116252.3125,72787808090,116854.56015625,115737.94875,47.84874182668092,632.6019854977931,859.3268555954959,-226.72487009770282,121904.18859109966,116854.56015625,111804.93172140032,-0.01022323279139703,-0.010545789507246273,-0.057495673940527126,0.9948461775437372,1.0044442100067892,1.0096477552808711,0.020785491657396443,0.016165806457889755,1.099603073515885,0.44036713156025276,-0.00373998478992954,-0.029428514056440758,0
2025-08-19 00:00:00+00:00,116241.859375,116764.5,112730.3984375,112831.1796875,71657600353,116604.559765625,115851.865625,40.00359900095677,197.2880638524657,726.9190972468899,-529.6310333944242,121937.72975885373,116604.559765625,111271.38977239627,-0.029428514056440758,-0.03935089229793387,-0.046708500698282585,0.9676395152495795,0.9739263073477156,1.006497039443986,0.02171526444595908,0.017405390600938663,1.0802757596289552,0.14623478316687052,-0.0314950074590703,0.012794003430595335,1
2025-08-20 00:00:00+00:00,112828.0234375,114625.796875,112387.9609375,114274.7421875,67993811526,116530.38671875,116023.39484375,44.16364143162847,-30.862166084509226,575.3628445806102,-606.2250106651194,121953.62197196738,116530.38671875,111107.15146553262,0.012794003430595335,-0.017011019135640848,-0.026606927043068995,0.9806432931807386,0.9849284477617215,1.0043697383246093,0.018403132374565798,0.017300500238965955,1.0261069164140508,0.2920388452712042,-0.04217712154166664,-0.01623902974513114,0
2025-08-21 00:00:00+00:00,114275.6875,114802.6484375,111986.234375,112419.03125,57817883700,116485.333984375,116094.5890625,40.29561227283233,-357.29456157832465,388.83136334882323,-746.1259249271479,122034.37184526579,116485.333984375,110936.29612348421,-0.01623902974513114,-0.003652788516804506,-0.043171861120363086,0.9650917193153222,0.9683399731014057,1.0033657461991157,0.01351955548356645,0.01703032362040896,0.8951517770561567,0.13360290231266933,-0.05316547815859385,0.03962900798880531,1
2025-08-22 00:00:00+00:00,112433.734375,117377.3984375,111678.9453125,116874.0859375,82528088240,116702.692578125,116239.11125,51.318931026972535,-253.58572757399816,260.34794516425893,-513.9336727382571,121930.11612082583,116702.692578125,111475.26903542418,0.03962900798880531,0.022746441604173828,-0.004929429256048556,1.0014686324333113,1.0054626595185705,1.0039881699295512,0.02224053946823527,0.01912239799402681,1.2528383354182377,0.5163936744339683,-0.027450616078447343,-0.012832252765613172,0
2025-08-23 00:00:00+00:00,116866.3671875,116996.25,114536.109375,115374.328125,55377142586,116760.525390625,116385.91109375,48.099358743291724,-289.08130161536974,150.4620958083332,-439.5433974237029,121896.9920605113,116760.525390625,111624.0587207387,-0.012832252765613172,0.026288225775829233,-0.007552403527456675,0.9881278603279023,0.991308372643703,1.0032187254741964,0.022707146626751135,0.019143695936748834,0.8360483367160375,0.3650631499517075,-0.06461384693730188,-0.016605933647771742,0
2025-08-24 00:00:00+00:00,115387.390625,115615.0859375,111060.546875,113458.4296875,73961489632,116679.852734375,116490.45609375,44.277782934472576,-466.4320534812141,27.083265950423737,-493.51531943163786,121976.18289418552,116679.852734375,111383.52257456449,-0.016605933647771742,-0.02922509487540781,0.00555919030304608,0.972390922928154,0.9739718899906283,1.0016258554303588,0.023288554437307468,0.019448477987098374,1.0853435453601756,0.19588158690334995,-0.0414089718393883,-0.029385900493979156,0
2025-08-25 00:00:00+00:00,113456.8984375,113637.84375,109324.28125,110124.3515625,85706860190,116478.998046875,116508.30171875,38.539324235939475,-866.0329539062368,-151.5399780209084,-714.4929758853284,122443.22506757051,116478.998046875,110514.77102617949,-0.029385900493979156,-0.045503853827967844,-0.036319404844424086,0.9454438431740486,0.9452060491649703,0.9997484842586949,0.025101584751624356,0.020442054348508445,1.235341578691192,-0.03273009748998094,-0.06195998413254977,0.015240086898922645,1
2025-08-26 00:00:00+00:00,110124.1015625,112397.015625,108762.0390625,111802.65625,69396320317,116317.730859375,116578.3578125,42.57390485824914,-1035.3594056192233,-328.3038635405714,-707.0555420786518,122612.41790794401,116317.730859375,110023.043810806,0.015240086898922645,-0.014593657272187865,-0.005482835007084241,0.9611832643568881,0.9590344069678778,0.9977643624595898,0.02424267287587154,0.020688918090814676,0.9909521926671325,0.14135829354682236,-0.048417991935975624,-0.005193022862549412,0
2025-08-27 00:00:00+00:00,111795.7109375,112619.4140625,110398.265625,111222.0625,62137056409,116003.9890625,116623.79359375,41.5575685761362,-1202.5387833929854,-503.15084751105417,-699.3879358819312,122666.00038336075,116003.9890625,109341.97774163925,-0.005193022862549412,0.009967921916679945,-0.0483599370396145,0.9587779127153669,0.9536824268247823,0.9946854367179219,0.023470816163560077,0.019997951028141857,0.8885073292873081,0.14110489068621407,-0.05305097940719938,0.01189280397942638,1
2025-08-28 00:00:00+00:00,111219.0546875,113450.078125,110900.921875,112544.8046875,58860155962,115796.79296875,116648.15859375,44.79119484774043,-1214.297736396431,-645.3802252881295,-568.9175111083015,122624.82901462037,115796.79296875,108968.75692287963,0.01189280397942638,0.006638021513911907,-0.024524722990667436,0.9719164218811517,0.9648228145586015,0.9927014225062476,0.02335952132879717,0.02022335868815145,0.8421639360347604,0.261865032682654,-0.031891905913699614,-0.036731759955323295,0
2025-08-29 00:00:00+00:00,112550.5234375,112619.0546875,107559.625,108410.8359375,77843379644,115392.316796875,116496.63125,37.75943945720118,-1539.4477253718505,-824.1937253048739,-715.2540000669767,122962.89973020842,115392.316796875,107821.7338635416,-0.036731759955323295,-0.0252757995968651,-0.044488485905389785,0.9394978708013594,0.9305920246298968,0.9905206318734217,0.019492118599037756,0.02169458837519226,1.0950974404083043,0.03890731263008682,-0.03917661556178609,0.003664157476186425,1
2025-08-30 00:00:00+00:00,108409.40625,108929.3515625,107444.4453125,108808.0703125,51486264208,114867.382421875,116322.4528125,38.754410054159145,-1744.9630916588794,-1008.3475985756751,-736.6154930832043,122744.84567380075,114867.382421875,106989.91916994924,0.003664157476186425,-0.03320219343199082,-0.01195268104941305,0.9472494977980705,0.9354004122307116,0.987491061652814,0.020151554040781193,0.02079619843323707,0.7311306576994433,0.1154020707177714,-0.047837971631827236,-0.00525107534173741,0
2025-08-31 00:00:00+00:00,108818.4609375,109491.0,108104.65625,108236.7109375,47986191770,114342.645703125,116138.4825,37.817965369250786,-1931.6723106397694,-1193.012540988494,-738.6597696512754,122528.46629905736,114342.645703125,106156.82510719265,-0.00525107534173741,-0.0016061586325225585,-0.03189499634540216,0.9465996721688754,0.931962503793693,0.9845371081297278,0.01981253162788278,0.020796889859732576,0.7026524130078199,0.12704198717358123,-0.03720295634997295,0.009367272930950854,1
2025-09-01 00:00:00+00:00,108228.75,109890.5859375,107271.1796875,109250.59375,66870372995,113796.530078125,115941.17203125,40.56259607438632,-1975.0615619992896,-1349.4223451906532,-625.6392168086363,121799.93184129983,113796.530078125,105793.12831495017,0.009367272930950854,0.004067009333306393,-0.017725518711721455,0.9600520655154945,0.9422933358009641,0.9815023264337284,0.017661687644454225,0.020689698485216578,0.9834418501809039,0.21599974219451823,-0.06522825078244265,0.017848801737061493,1
2025-09-02 00:00:00+00:00,109243.0703125,111748.015625,108454.03125,111200.5859375,74776999491,113189.35625,115768.1896875,45.54129740374894,-1830.993233298068,-1445.7365228121362,-385.25671048593176,119877.42793262308,113189.35625,106501.28456737692,0.017848801737061493,0.027383269265373933,-0.011943854305247137,0.9824297055978707,0.9605452606425858,0.9777241620132335,0.018083991848687985,0.020097273795772464,1.1129206539857361,0.35131960250461935,-0.03617565757763752,0.004699840343410866,1
2025-09-03 00:00:00+00:00,111190.6953125,112600.2265625,110582.9609375,111723.2109375,61119643565,112857.537890625,115647.11015625,46.82685223472848,-1655.562283651263,-1487.7016749799616,-167.8606086713014,119109.86811424764,112857.537890625,106605.20766700235,0.004699840343410866,0.022632528598957924,0.030553910698646547,0.9899490368625238,0.9660700625078444,0.9758785821638255,0.018054404125121142,0.018368061227686774,0.9396794803972628,0.40928766455430754,-0.015293872432214473,-0.008947195185422974,0
2025-09-04 00:00:00+00:00,111718.1484375,112208.328125,109347.2265625,110723.6015625,60131132901,112523.800390625,115486.81203125,44.65553426226277,-1578.9904950829514,-1505.9594390005595,-73.03105608239184,118460.17069563552,112523.800390625,106587.43008561447,-0.008947195185422974,-0.00428940523090493,0.017604679914812627,0.9840016172411914,0.95875537314632,0.9743432900388381,0.017630599277493064,0.01838176648776751,0.9305867515803191,0.3483754604555618,0.005441575741400806,-0.0006558419928113235,0
2025-09-05 00:00:00+00:00,110723.015625,113357.4921875,110233.3984375,110650.984375,60241647677,112181.78203125,115314.03484375,44.494126308123604,-1506.7969834401883,-1506.1269478884856,-0.6700355517027674,117685.53544738523,112181.78203125,106678.02861511476,-0.0006558419928113235,-0.009597169231913893,0.022305495211269788,0.9863543114707914,0.959562160190922,0.9728371935233712,0.009023393757737244,0.018369879494834443,0.9235748423145932,0.3609314825258895,-0.01030093482237815,-0.0038525555367432407,0
2025-09-06 00:00:00+00:00,110650.5703125,111275.015625,110024.0859375,110224.6953125,21500719036,111820.363671875,115158.46421875,43.50011909048473,-1467.0696048489335,-1498.3154792805751,31.245874431641596,116790.06151181224,111820.363671875,106850.66583193777,-0.0038525555367432407,-0.0045058708618539445,0.008916212983968386,0.985730073602181,0.9571566976016802,0.9710129813772604,0.00936648383567282,0.01836145941848608,0.3359013496773502,0.3394602236626966,-0.008967350227838122,0.008554542812086785,1
2025-09-07 00:00:00+00:00,110221.328125,111591.078125,110211.625,111167.6171875,24618007520,111566.12890625,115023.01703125,46.3549020875362,-1344.0065848147933,-1467.4537003874188,123.44711557262553,116080.57846022348,111566.12890625,107051.67935227652,0.008554542812086785,0.00466903042406841,-0.00029648000252924245,0.996428022351794,0.9664814926328829,0.9699461184880865,0.00906146860571292,0.018453095223645636,0.3996394863580444,0.4558626457128929,-0.01223679319382176,0.008130177859939192,1
2025-09-08 00:00:00+00:00,111163.015625,112869.234375,110630.609375,112071.4296875,40212813407,111528.14140625,114918.42984375,49.01417165900661,-1160.1743715707853,-1405.9978346240923,245.82346305330702,116010.44167520916,111528.14140625,107045.84113729083,0.008130177859939192,0.016754270626598622,0.0031167986229361233,1.0048713111722272,0.9752259044948582,0.9704983052578282,0.008947487537879825,0.017403814795782787,0.6698975991474949,0.5606037356547021,0.033765939708373605,-0.004826232823193166,0
2025-09-09 00:00:00+00:00,112077.578125,113225.4375,110776.703125,111530.546875,45984480722,111390.931640625,114800.25,47.49675183498705,-1046.0722707776586,-1334.0127218548057,287.94045107714715,115683.20092435727,111390.931640625,107098.66235689273,-0.004826232823193166,0.003264706905499848,0.007287925077513968,1.0012533806147292,0.9715183274862206,0.9703021695564688,0.006814327440296384,0.01715597046383464,0.7803524883270141,0.5162635688893219,0.025020906580559332,0.02174124101370767,1
2025-09-10 00:00:00+00:00,111531.25,114275.25,110940.078125,113955.359375,56377473784,111467.748046875,114679.44890625,54.32381025010974,-751.3226502613543,-1217.4747075361154,466.1520572747611,115890.49474552495,111467.748046875,107045.00134822505,0.02174124101370767,0.016810079899517216,0.029863042056646805,1.0223168707694614,0.9936859695598821,0.971994102779474,0.010587801418342289,0.017487897709039992,0.9578913596726505,0.7812292335082571,0.05283464720950515,0.013620945043858246,1
2025-09-11 00:00:00+00:00,113961.4296875,115522.546875,113453.8359375,115507.5390625,45685065332,111399.420703125,114614.50046875,58.08134736096614,-388.0107770618488,-1051.581921441262,663.5711443794132,115501.05886767467,111399.420703125,107297.78253857532,0.013620945043858246,0.03565832230659893,0.04792795058332899,1.0368773763224763,1.0077916719969782,0.9719487520996385,0.009793167195222472,0.015277835643752206,0.8013003312708761,1.0007899520344503,0.05727149938258336,0.005142859655061782,1
2025-09-12 00:00:00+00:00,115507.7890625,116769.3828125,114794.484375,116101.578125,54785725894,111435.783203125,114569.17203125,59.45601446469235,-51.555215842148755,-851.5765803214393,800.0213644792906,115695.63914424545,111435.783203125,107175.92726200455,0.005142859655061782,0.018833855307649916,0.04438307721553647,1.0418698086715126,1.0133753789660978,0.9726506810464657,0.009362047111981842,0.01503955444725801,0.9614214401261754,1.047647031538792,0.044073438518162034,-0.0013011908618274504,0
2025-09-13 00:00:00+00:00,116093.5625,116334.6328125,115248.2734375,115950.5078125,34549454947,111560.387109375,114535.46453125,58.92677562358401,200.58589939656667,-641.1440843778382,841.7299837744049,116198.36277632751,111560.387109375,106922.4114424225,-0.0013011908618274504,0.0038349769512473486,0.03461255143988451,1.03935196727868,1.0123546299571162,0.9740248364639646,0.008911097199745296,0.01450746204694024,0.6280178920083278,0.9732798335280645,0.03783723041548481,-0.004681752350561785,0
2025-09-14 00:00:00+00:00,115950.2890625,116181.5,115222.3984375,115407.65625,32798036057,111824.55234375,114484.6703125,56.96455745800563,352.54207986110123,-442.40685153005035,794.9489313911515,116713.2073776417,111824.55234375,106935.8973098583,-0.004681752350561785,-0.00597685135901338,0.034762757680596224,1.0320421931601882,1.0080620919375545,0.976764417790706,0.009943704187743584,0.012707319799064382,0.6262986283545411,0.8664713383752108,0.042304031131574105,0.0003224981011604733,1
2025-09-15 00:00:00+00:00,115399.6328125,116747.8828125,114461.0625,115444.875,52937859416,112006.66328125,114404.59796875,57.07010783431758,470.54751093889354,-259.8159790362616,730.3634899751551,117156.27690021858,112006.66328125,106857.04966228142,0.0003224981011604733,-0.004360764105644455,0.01307104495277267,1.0306964926730886,1.0090929652279723,0.9790398748819956,0.010024471941941341,0.012348139341712517,1.0270197308702629,0.8338320088797886,0.04332442817456861,0.012112382641498831,1
2025-09-16 00:00:00+00:00,115423.7578125,117005.2734375,114813.09375,116843.1875,45781744593,112287.71953125,114382.9721875,60.945630521468345,669.1858400062483,-74.01561522775961,743.2014552340079,117853.77242425097,112287.71953125,106721.66663824902,0.012112382641498831,0.012438786963061554,0.011563300961483503,1.0405696009124328,1.0215085800399306,0.9816821278886214,0.0094876445252146,0.012447305121296192,0.9025059848462283,0.9092188896083138,0.06004545686187468,-0.0032066883445814875,0
2025-09-17 00:00:00+00:00,116840.5078125,117328.609375,114794.9765625,116468.5078125,60528025996,112483.9046875,114353.899375,59.398293048130554,787.2991331216181,98.24733444211594,689.0517986795021,118356.2773524441,112483.9046875,106611.53202255591,-0.0032066883445814875,0.008866853660675744,0.0031604194656591478,1.0354237625024658,1.018491791264289,0.9836473028228996,0.007342660070708902,0.012307459907418545,1.1912444448419603,0.8392668817483783,0.047683765822373436,0.005741425944741474,1
2025-09-18 00:00:00+00:00,116461.265625,117911.7890625,116188.796875,117137.203125,49457272032,112920.223046875,114340.0196875,61.28736298771893,924.2091839029308,263.43970433427893,660.7694795686518,118815.06354724077,112920.223046875,107025.38254650924,0.005741425944741474,0.002516326636501587,0.010234498622627486,1.0373447728346628,1.024463730591834,0.9875826797607224,0.005938588669048736,0.008334132640047613,1.0013327300458896,0.8576839846526242,0.04520129217254931,-0.012364506846338497,0
2025-09-19 00:00:00+00:00,117137.671875,117479.7578125,115141.8203125,115688.859375,38828473971,113264.2625,114338.6328125,55.28728291547853,905.4052016500791,391.832803797439,513.57239785264,118947.97367813236,113264.2625,107580.55132186764,-0.012364506846338497,-0.006694070801998575,0.002436607190001716,1.0214065480274503,1.011809014409978,0.9906036106425916,0.007798756404175883,0.009095078627607526,0.7963417360149173,0.7132934625820231,0.03728406805590678,0.0002861257573012477,1
2025-09-20 00:00:00+00:00,115691.125,116191.1484375,115473.5234375,115721.9609375,22864449614,113638.525,114386.6703125,55.39476435564326,882.9953094103694,490.06530492002514,392.93000449034423,118898.28843496437,113638.525,108378.76156503562,0.0002861257573012477,-0.012081918892922205,0.002400157975830375,1.018333887539459,1.0116734810214514,0.9934595061604984,0.00779406131644646,0.008909560511411571,0.4813318052570723,0.6980541485621127,0.015502575501399107,-0.003593675600818802,0
2025-09-21 00:00:00+00:00,115730.2265625,115901.0859375,115252.578125,115306.09375,22495852193,113941.3,114442.25390625,53.64989803305644,822.2004864657647,556.4923412291731,265.7081452365916,118820.96068664492,113941.3,109061.63931335509,-0.003593675600818802,-0.0033085780866702885,-0.013155185020949589,1.0119780426412548,1.00754825961797,0.9956226490727771,0.007701380326548232,0.008923009243763573,0.4967754485804311,0.6398451488374268,-0.0017440014230672984,-0.02218083931492132,0
2025-09-22 00:00:00+00:00,115309.21875,115431.3125,112037.6484375,112748.5078125,70684158591,114018.69609375,114412.870625,44.389424070330264,561.1754593842052,557.4289648601796,3.746494524025593,118762.5365655366,114018.69609375,109274.85562196339,-0.02218083931492132,-0.02569480417468839,-0.03193996445793523,0.988859824530833,0.9854530106323867,0.9965548060362723,0.011335004421534891,0.009801504287130787,1.5680028144029396,0.36612236553860933,-0.028880488677681337,-0.00651013327573835,0
2025-09-23 00:00:00+00:00,112757.4765625,113351.9140625,111535.5703125,112014.5,47211853279,114033.260546875,114351.72296875,42.14126511879509,291.7201800823095,504.2872079046056,-212.5670278222961,118749.13327220334,114033.260546875,109317.38782154665,-0.00651013327573835,-0.028546572370551804,-0.043732503323759886,0.9822967392391174,0.9795611040387322,0.997215062321693,0.009069656183288725,0.0098831479385597,1.063720242883673,0.2859610866900102,-0.0339455849461634,0.011731809832655538,1
2025-09-24 00:00:00+00:00,112007.6640625,113986.2734375,111229.640625,113328.6328125,48044595085,114163.512109375,114335.46671875,47.288523238789345,182.1151550727518,439.8527973382349,-257.7376422654831,118631.89842301457,114163.512109375,109695.12579573544,0.011731809832655538,0.005145300911341133,-0.020401502575536967,0.9926869865734759,0.9911940368536153,0.9984960518873992,0.011310421270013828,0.009959799930004601,1.0974250685144964,0.4065793288366126,-0.018014605833397646,-0.03776048156409062,0
2025-09-25 00:00:00+00:00,113330.1640625,113541.0859375,108713.3984375,109049.2890625,75528654284,114083.42734375,114215.8925,36.0435747744813,-247.2052651492413,302.44118484073965,-549.646449989981,118863.42771971026,114083.42734375,109303.42696778972,-0.03776048156409062,-0.02647167052033439,-0.05766124096880654,0.9558731851026757,0.9547645837684103,0.9988402213269051,0.016103220490245658,0.013241031386828838,1.695606642515618,-0.026583460805551715,-0.05539947908038356,0.0060847628462732395,1
2025-09-26 00:00:00+00:00,109041.296875,110359.1953125,108728.9765625,109712.828125,57738288949,114057.833984375,114060.21109375,38.48615369755219,-527.818372700378,136.38927333251613,-664.2076460328941,118929.43031441148,114057.833984375,109186.23765433852,0.0060847628462732395,-0.03190548229309598,-0.048507979440592264,0.9619052395824891,0.9618851926797091,0.9999791591708257,0.01713889644166499,0.0133006355157466,1.2455511558133034,0.05404701405725241,-0.061025033017008345,-0.0002814877077529365,0
2025-09-27 00:00:00+00:00,109707.140625,109778.5,109144.296875,109681.9453125,26308042910,113983.550390625,113920.07546875,38.412622199820866,-744.1205089845898,-39.71268313090506,-704.4078258536848,119080.79069253277,113983.550390625,108886.31008871722,-0.0002814877077529365,0.005801562352574452,-0.02719825352455818,0.9622611766050165,0.9627973371786206,1.0005571882007083,0.017097651838059207,0.013142165733128939,0.5664939097070542,0.07804568518037046,-0.05826950673160103,0.02225248016477188,1
2025-09-28 00:00:00+00:00,109681.9453125,112375.484375,109236.9453125,112122.640625,33371048505,113986.1109375,113832.52109375,47.02667520004544,-710.4086477088713,-173.85187604649832,-536.556771662373,119079.35676945781,113986.1109375,108892.86510554218,0.02225248016477188,0.021964728657385635,0.0009654163077101874,0.9836517774211828,0.9849789809421705,1.0013492615491095,0.020528724209159105,0.013987530321640133,0.723914885127165,0.31706456216902384,-0.04280930708793551,0.02031473906432546,1
2025-09-29 00:00:00+00:00,112117.875,114473.5703125,111589.953125,114400.3828125,60000147466,114129.602734375,113734.39359375,53.555378547652786,-494.20016425685026,-237.92153368856873,-256.2786305682815,119091.57402459413,114129.602734375,109167.63144415588,0.02031473906432546,0.043019272557178745,0.009457009878282019,1.0023725665527392,1.005855653665582,1.003474842816999,0.02047368302927906,0.014634683148561615,1.2820870017450998,0.5272855345474036,-0.011137429908643748,-0.003009577997342028,0
2025-09-30 00:00:00+00:00,114396.5234375,114836.6171875,112740.5625,114056.0859375,58986330258,114134.6390625,113640.88640625,52.50206115403671,-346.6394203641539,-259.66511102368577,-86.97430934046815,119096.07014494241,114134.6390625,109173.2079800576,-0.003009577997342028,0.017244022275273663,0.045913154666514355,0.9993117503533963,1.0036536104599336,1.0043448504483228,0.02026541038633225,0.013846988434967704,1.2569202633706322,0.4920836222760414,-0.014395495777156042,0.04026829179914837,1
2025-10-01 00:00:00+00:00,114057.59375,118648.9296875,113981.3984375,118648.9296875,71328680132,114291.70859375,113610.406875,62.965903536442006,139.30185385790537,-179.87171804736755,319.1735719052729,119621.37908848617,114291.70859375,108962.03809901382,0.04026829179914837,0.03713752323681718,0.08144992445476618,1.0381236849755895,1.0443491309563184,1.005996824916749,0.02474559531492117,0.016280916412927178,1.479497147577654,0.9087702136608068,0.0289909737532843,0.017128920845327356,1
2025-10-02 00:00:00+00:00,118652.3828125,121086.40625,118383.15625,120681.2578125,71415163912,114520.692578125,113557.15078125,66.48442305760089,680.5606301987427,-7.785248398145512,688.3458785968883,120528.19016054766,114520.692578125,108513.19499570235,0.017128920845327356,0.058086965027279946,0.1002837109486101,1.053794341404042,1.062735873366297,1.008485082535499,0.015058198298911038,0.016639940331102138,1.456177230290146,1.0127397181482187,0.07035791562928795,0.013136036748664148,1
2025-10-03 00:00:00+00:00,120656.984375,123944.703125,119344.3125,122266.53125,83941392228,114836.49375,113635.28984375,68.96157647782795,1223.3286564749287,238.43753257646935,984.8911238984593,121755.37207005153,114836.49375,107917.61542994846,0.013136036748664148,0.030489963727680536,0.09047138533712173,1.0647010132177603,1.0759556421083456,1.010570694261454,0.014616785914662188,0.016798500780138854,1.6295343182282176,1.036939454366981,0.09152414419561761,0.001299606980548873,1
2025-10-04 00:00:00+00:00,122267.46875,122857.640625,121577.5703125,122425.4296875,36769171735,115187.382421875,113735.83140625,69.20724801127665,1647.3088526289212,520.2117965869597,1127.0970560419614,122895.06733059527,115187.382421875,107479.69751315472,0.001299606980548873,0.01445271541426818,0.07014877640884198,1.062837153804881,1.0764015893127985,1.0127624777317559,0.01433846665525624,0.016711505774021182,0.7110504319954004,0.9695344549850545,0.08026918395857185,0.008887425412982486,1
2025-10-05 00:00:00+00:00,122419.671875,125559.2109375,122191.9609375,123513.4765625,73689317763,115590.8125,113856.27390625,70.90541358547067,2047.5100806398113,825.6714533975301,1221.8386272422813,124152.56780760371,115590.8125,107029.05719239629,0.008887425412982486,0.010198582553637259,0.08291877235014389,1.0685406036271266,1.0848192403011696,1.0152344577443158,0.014243125327555681,0.016746596672912735,1.3969900891802471,0.9626775572214651,0.1326389894363278,0.010031736794915869,1
2025-10-06 00:00:00+00:00,123510.453125,126198.0703125,123196.046875,124752.53125,72568881188,115986.2796875,114002.26328125,72.74851508507922,2436.566572464435,1147.850477210911,1288.716095253524,125472.37053158128,115986.2796875,106500.18884341873,0.010031736794915869,0.01900831852042595,0.05144253368804752,1.0755800736614605,1.0942987240720694,1.0174033071725543,0.014012137092809122,0.016696778032986026,1.3416819737966847,0.962058170567151,0.13708244862546692,-0.026461574802715715,0
2025-10-07 00:00:00+00:00,124752.140625,125184.0234375,120681.96875,121451.3828125,76149412513,116235.4234375,114106.2446875,61.55950980601832,2450.2762952903868,1408.3356408268064,1041.9406544635804,126031.51797266884,116235.4234375,106439.32890233115,-0.026461574802715715,-0.01669529356139976,0.006381479725679817,1.044874094494994,1.064371044241408,1.0186596163586938,0.019910427870687353,0.017945072080467195,1.3878388556737968,0.7662264720024011,0.10730514914252431,0.01567280940669602,1
2025-10-08 00:00:00+00:00,121448.3515625,124167.09375,121119.1796875,123354.8671875,65354305286,116546.306640625,114316.7184375,64.91078396317018,2584.9390619455953,1643.6563250505642,941.2827368950311,126844.66398597257,116546.306640625,106247.94929527743,0.01567280940669602,-0.011203492614503596,0.00890133977281704,1.0584193591639883,1.0790623530270542,1.0195036057157638,0.015099777993871912,0.018182605464710486,1.174087557270297,0.830565366813129,0.100178041650542,-0.013370216251727518,0
2025-10-09 00:00:00+00:00,123337.0703125,123739.34375,119812.03125,121705.5859375,74653009425,116847.14296875,114465.3353125,60.02761015396441,2529.419488106272,1820.8089576617058,708.6105304445664,127388.686610658,116847.14296875,106305.59932684201,-0.013370216251727518,0.0020930443039288704,-0.005879854796813522,1.0415794759316397,1.0632527795881042,1.0208081132139042,0.015633301191194156,0.018227930244174097,1.2993269588753293,0.7304426720501926,0.06385645699257037,-0.06976852117831744,0
2025-10-10 00:00:00+00:00,121704.7421875,122509.6640625,104582.4140625,113214.3671875,153125018868,116721.76328125,114481.24203125,42.35932642649693,1779.7337736953486,1812.5939208684345,-32.86014717308581,127378.67406237748,116721.76328125,106064.8525001225,-0.06976852117831744,-0.08220591721432757,-0.08338449909786538,0.9699507958485972,0.9889337779598497,1.0195710774118645,0.02999286733826896,0.02440109508707678,2.3937690869709125,0.3354402994551993,-0.007379867045948285,-0.02125599811033263,0
2025-10-11 00:00:00+00:00,113236.4296875,113429.7265625,109760.5625,110807.8828125,110236934340,116496.852734375,114359.91796875,38.86768464181548,980.121041336999,1646.0993449621476,-665.9783036251486,127464.88731367451,116496.852734375,105528.8181550755,-0.02125599811033263,-0.089541519734323,-0.11177848094765608,0.9511663209061412,0.9689398591802013,1.018686046681224,0.029720556327848438,0.024823243417449167,1.6127068832251932,0.24065682047483392,-0.06608611553135724,0.03936437283871608,1
2025-10-12 00:00:00+00:00,110811.515625,115805.0625,109715.5390625,115169.765625,93710414091,116617.915625,114355.82671875,47.340588331586815,690.4308224939741,1454.9656404685131,-764.534817974539,127464.5247298931,116617.915625,105771.30652010688,0.03936437283871608,0.017271645693709203,-0.05172124879959361,0.9875820966938158,1.0071175988981464,1.0197811425194225,0.03529869023617522,0.025939008408389745,1.3482245466271394,0.43324411408231234,-0.04566982717451529,0.000879679657679322,1
2025-10-13 00:00:00+00:00,115161.6796875,116020.484375,113821.1875,115271.078125,71582026739,116780.74453125,114392.0796875,47.522519923453885,463.6793026312662,1256.7083729010637,-793.0290702697976,127432.40300240259,116780.74453125,106129.08606009743,0.000879679657679322,0.040278680534418854,-0.0655327936936011,0.987072642734813,1.0076840847714394,1.0208813831366248,0.03462208314498686,0.025873133895699278,1.0121171360742227,0.4291346784006186,-0.05721478358371268,-0.01867262888064536,0
2025-10-14 00:00:00+00:00,115264.8828125,115502.8828125,110029.484375,113118.6640625,92212917403,116770.24609375,114451.9659375,44.04123865171192,109.03833703933924,1027.1743657287188,-918.1360286893796,127436.63439957888,116770.24609375,106103.85778792112,-0.01867262888064536,-0.017809375154747786,-0.07055487066476707,0.9687284890337706,0.9883505550640511,1.020255485672618,0.0341533024187703,0.026147987890295966,1.2643431431668906,0.328827625314629,-0.07601987306686375,-0.02064646024028005,0
2025-10-15 00:00:00+00:00,113113.96875,113622.3828125,110235.8359375,110783.1640625,72574132855,116856.93984375,114431.57609375,40.56853509107852,-356.3645657695888,750.4665794290573,-1106.831145198646,127284.61451238423,116856.93984375,106429.26517511578,-0.02064646024028005,-0.03893356543115967,-0.021474333915355137,0.9480238333352621,0.9681170865962645,1.0211948819791923,0.032388449798012565,0.025098011370172136,0.9970928509202991,0.20876652876793644,-0.10306820643622838,-0.023443318504017374,0
2025-10-16 00:00:00+00:00,110782.171875,111990.8125,107537.03125,108186.0390625,87306423067,116780.600390625,114370.855625,37.06821673423926,-924.1133977051359,415.5505840022187,-1339.6639817073547,127448.08694006596,116780.600390625,106113.11384118404,-0.023443318504017374,-0.04360575720090398,-0.023661166366985564,0.9264042032719764,0.9459231416194103,1.0210695701492878,0.03253872619237923,0.025651299984072385,1.1756202224953272,0.09716090157266695,-0.13279483808069026,-0.01588236351834038,0
2025-10-17 00:00:00+00:00,108179.1328125,109235.8046875,103598.4296875,106467.7890625,99703051669,116619.892578125,114249.3153125,34.92143223854349,-1495.4680278802261,33.34686162572973,-1528.8148895059558,127821.15343425174,116619.892578125,105418.63172199826,-0.01588236351834038,-0.03895334671580075,-0.07555782123265042,0.912947068538723,0.9318899528744168,1.0207491594950997,0.02262192701291119,0.02588417915174688,1.2793285820065943,0.046832109080286455,-0.12337112516151494,0.006861009972426446,1
2025-10-18 00:00:00+00:00,106483.734375,107490.984375,106387.453125,107198.265625,37779905278,116373.673828125,114225.06390625,36.6024181228864,-1867.796539095696,-346.88181851855546,-1520.9147205771405,128190.73079988072,116373.673828125,104556.61685636928,0.006861009972426446,-0.009130322600399032,-0.07003328702491907,0.9211556368266214,0.9384828684620634,1.0188103192801754,0.02247990058912015,0.025375139744665764,0.48340129590589453,0.11177270173718384,-0.1309766037682314,0.013698405510000455,1
2025-10-19 00:00:00+00:00,107204.3125,109488.9921875,106157.7890625,108666.7109375,47657008953,116086.990234375,114222.23671875,39.95982667222829,-2021.0805438759562,-681.7215635900357,-1339.3589802859206,128374.45169467149,116086.990234375,103799.52877407851,0.013698405510000455,0.020653400379237352,-0.03935648605733377,0.9360800096385155,0.9513621345471512,1.0163256610025646,0.014970956158722638,0.025111585484958805,0.6146343224858367,0.19805482927244297,-0.10713456493850582,0.01768912239467313,1
2025-10-20 00:00:00+00:00,108667.4453125,111711.03125,107485.015625,110588.9296875,63507793085,115913.632421875,114269.28109375,44.130766523181116,-1964.8032052408234,-938.3378919201932,-1026.4653133206302,128417.66257048778,115913.632421875,103409.60227326221,0.01768912239467313,0.031629840676351995,-0.0017532842345107102,0.954063188055436,0.9677922940354325,1.01439014328598,0.017754270041255345,0.025502731613054674,0.8166813333640326,0.28708053839082737,-0.023189967538765455,-0.019098105646452646,0
2025-10-21 00:00:00+00:00,110587.6328125,113996.34375,107534.75,108476.890625,101194375480,115405.03046875,114253.80703125,40.77872454954093,-2066.8021021193854,-1164.0307339600317,-902.7713681593536,128263.08889454367,115405.03046875,102546.97204295633,-0.019098105646452646,-0.0017468119800660986,0.0026884389614447723,0.9399667430820874,0.9494378650798924,1.0100760181862922,0.017806452842699348,0.023817769329495815,1.276795387241422,0.23059152422841944,-0.021036339007075133,-0.007267028792566799,0
2025-10-22 00:00:00+00:00,108491.53125,109115.1328125,106778.0,107688.5859375,80807013218,114755.396875,114183.56703125,39.5705844802582,-2186.047171871891,-1368.4340215424036,-817.6131503294873,127802.52102582701,114755.396875,101708.272724173,-0.007267028792566799,-0.02622634795540324,0.011466349454137381,0.938418487235091,0.9431180750206162,1.0050079872140754,0.016630434739627307,0.02328686561817656,1.0135575127385896,0.22918127949859088,-0.06495784416076,0.022111355667553845,1
2025-10-23 00:00:00+00:00,107679.4375,111288.59375,107548.4296875,110069.7265625,54944076060,114145.556640625,114150.49734375,44.88247345648069,-2064.6120379529602,-1507.6696248245148,-556.9424131284454,126850.14052397061,114145.556640625,101440.97275727939,0.022111355667553845,0.014683643016708103,0.026786449582541838,0.964292696114687,0.9642509592493385,0.9999567176382059,0.016630635065930356,0.02374520102883059,0.7019251615431971,0.3395921458132922,-0.04512278055436991,0.008759859251149305,1
2025-10-24 00:00:00+00:00,110069.3515625,111842.53125,109770.1484375,111033.921875,48160816980,113575.98125,114156.70375,46.917258759830034,-1869.0263435668603,-1579.9409685729838,-289.0853749938765,125726.94652300785,113575.98125,101425.01597699214,0.008759859251149305,0.031064907282203125,0.021784140856729417,0.9776179844803234,0.9726447788660857,0.994912935632131,0.014546950325553804,0.023906895389607528,0.6108225358957486,0.3953968134265462,-0.018429692436503164,0.005474045023684315,1
2025-10-25 00:00:00+00:00,111032.6171875,111947.703125,110704.40625,111641.7265625,24707667305,112982.39375,114176.51859375,48.215082965037816,-1646.0043988932302,-1593.1536546370332,-52.850744256197004,124214.48032345729,112982.39375,101750.30717654272,0.005474045023684315,0.01428185613877564,0.009519911965645944,0.988133839769172,0.9777993578498482,0.9895414148333003,0.01454442676637028,0.02381759306344038,0.3234125055423243,0.4403197625511473,0.007749936619571907,0.025355383127430242,1
2025-10-26 00:00:00+00:00,111639.0546875,115260.90625,111268.484375,114472.4453125,41708524143,112468.389453125,114261.47359375,53.871590476144426,-1226.7018992327648,-1519.8633035561797,293.1614043234149,122284.15561423618,112468.389453125,102652.62329201381,0.025355383127430242,0.030968224659946975,0.0552703405578463,1.0178188366448535,1.0018463941704454,0.9843071852285031,0.016162206010786224,0.024553772247987136,0.557200260100855,0.6020835167872487,0.05810737045625913,-0.0030847352525406047,0
2025-10-27 00:00:00+00:00,114479.8515625,116273.3125,113882.2890625,114119.328125,61761358733,112101.78671875,114320.5078125,53.09250498176642,-912.3779284249176,-1398.3662285299274,485.9883001050098,121010.7117271171,112101.78671875,103192.86171038289,-0.0030847352525406047,0.022192433230714848,0.05971609833592062,1.017997406333155,0.9982402134896919,0.9805920990362552,0.015900646008857176,0.023977905225087415,0.8331005558099278,0.613231473177469,0.0718671734416152,-0.01019252462848308,0
2025-10-28 00:00:00+00:00,114129.0859375,116078.984375,112291.6796875,112956.1640625,64528066504,111581.8515625,114338.2025,50.501680722675424,-748.5032562429697,-1268.3936340725359,519.8903778295662,118773.86434127248,111581.8515625,104389.83878372752,-0.01019252462848308,-0.013245818640989837,0.026223718275170116,1.0123166310717673,0.9879127150219106,0.9758930009635232,0.013920864040301462,0.02362224701360848,0.8709060672704996,0.5955443588793626,0.05371260816515666,-0.025681284408657135,0
2025-10-29 00:00:00+00:00,112921.328125,113642.7265625,109368.71875,110055.3046875,62192043469,110999.3375,114308.69765625,44.64980983240126,-842.9890528953692,-1183.3127178371026,340.32366494173334,116403.97239401145,110999.3375,105594.70260598854,-0.025681284408657135,-0.03561205191331385,-0.008813677576855361,0.9914951491264532,0.962790294562354,0.9710489208248881,0.017970128796545477,0.024032692350780364,0.8464960084817725,0.41266451564137857,0.012778464886074037,-0.015898895718551742,0
2025-10-30 00:00:00+00:00,110059.1953125,111612.3515625,106376.6875,108305.546875,69673964814,110753.896484375,114195.70140625,41.52425781388862,-1046.9914934020053,-1156.0484729500831,109.05697954807783,116180.79242133374,110753.896484375,105327.00054741626,-0.015898895718551742,-0.04117187606447714,-0.02988291018262168,0.9778937835408761,0.9484205232008179,0.9698604686560766,0.017039169607755988,0.018812859357500582,1.0054336665589796,0.27442449258138274,-0.020647480891191727,0.011547120379193476,1
2025-10-31 00:00:00+00:00,108304.4140625,111031.8203125,108288.2734375,109556.1640625,60090359560,110691.310546875,114076.67390625,44.51392116332336,-1095.1266042729985,-1143.864099214666,48.73749494166759,116144.39284502882,110691.310546875,105238.22824872118,0.011547120379193476,-0.004535361802116666,-0.04294728951215265,0.9897449359053863,0.960373057094345,0.9703237897507676,0.01736687354000882,0.01847691261634206,0.8996896588834237,0.3959169858155899,0.009949339728320572,0.004635536182247879,1
2025-11-01 00:00:00+00:00,109558.625,110574.8984375,109372.953125,110064.015625,25871668762,110436.023046875,113955.92265625,45.72737827009245,-1079.8468473568355,-1131.0606488431001,51.21380148626463,115468.13071440537,110436.023046875,105403.91537934462,0.004635536182247879,0.01623618365575985,-0.03553572008028327,0.996631466693462,0.9658472597076854,0.9691117448981319,0.017311278920280376,0.016009759099046818,0.40808233051012177,0.46303661939952434,0.022058323700885563,0.005229768982454308,1
2025-11-02 00:00:00+00:00,110064.4296875,111167.3125,109523.453125,110639.625,34284209459,110204.450390625,113849.705,47.138471982522724,-1009.6520238771627,-1106.7789238499126,97.12689997274992,114697.04521551645,110204.450390625,105711.85556573355,0.005229768982454308,0.009889547948045196,-0.020508301443542543,1.0039487934274205,0.9718042308497856,0.9679818704020796,0.013216690847980996,0.016082367744974197,0.557165418080259,0.5484324345213473,0.005177612912269813,-0.03698585893164408,0
2025-11-03 00:00:00+00:00,110646.90625,110764.9140625,105336.359375,106547.5234375,72852006359,109875.893359375,113672.50234375,39.312940949719355,-1269.585525864546,-1139.3402442528393,-130.2452816117068,114431.80723032098,109875.893359375,105319.97948842902,-0.03698585893164408,-0.03194951744701979,-0.03187289572238505,0.9697079148108605,0.9373201191198923,0.9666004626792334,0.017881043678793854,0.017541244658799793,1.2028686167471858,0.1347198371000041,-0.04040565587290257,-0.046523840630681046,0
2025-11-04 00:00:00+00:00,106541.421875,107264.8828125,98962.0625,101590.5234375,110967184773,109416.261328125,113395.4153125,32.314610552657825,-1854.1991182949569,-1282.3120190612628,-571.887099233694,115259.68589592703,109416.261328125,103572.83676032296,-0.046523840630681046,-0.08178897535580043,-0.06200073432296216,0.9284773780822521,0.8958962155351028,0.9649090399871186,0.022698479870228484,0.019740269951480663,1.7759047001998387,-0.169619141979323,-0.09003088213055421,0.02265282648549194,1
2025-11-05 00:00:00+00:00,101579.234375,104534.703125,98989.9140625,103891.8359375,77584934804,109201.551171875,113136.38828125,37.84641071243075,-2107.5187520419277,-1447.353365657396,-660.1653863845318,115530.68964784253,109201.551171875,102872.41269590748,0.02265282648549194,-0.024924910634434472,-0.05170250504361029,0.9513769248019388,0.9182884261713515,0.9652204107877898,0.025958192404324974,0.02005571689778864,1.2513941070464283,0.08053412367760557,-0.09242931210315142,-0.02493503798083263,0
2025-11-06 00:00:00+00:00,103893.6640625,104147.3046875,100336.8671875,101301.2890625,63932752861,108943.226171875,112833.04390625,34.43472718186344,-2488.6245548118604,-1655.607603488289,-833.0169513235714,116108.66252016372,108943.226171875,101777.78982358627,-0.02493503798083263,-0.002847060584129646,-0.07961481791065628,0.929853948906207,0.8977980700996472,0.9655258991540905,0.026637693373652113,0.020487069033551613,1.0618244247873703,-0.033249947241528854,-0.11232136810742377,0.020445121741957006,1
2025-11-07 00:00:00+00:00,101286.2421875,104052.9140625,99257.0546875,103372.40625,92168030081,108751.933203125,112557.74796875,39.15701501359504,-2593.6340029386047,-1843.2128833783522,-750.4211195602525,116307.18662930382,108751.933203125,101196.67977694617,0.020445121741957006,-0.004999716126034004,-0.06568368927497725,0.9505339648254602,0.9183944074529621,0.9661878916884368,0.027971496510967222,0.021024294813645924,1.4646191014731742,0.1439876566889851,-0.08484492981894454,-0.010547196317199026,0
2025-11-08 00:00:00+00:00,103371.703125,103373.5625,101458.0390625,102282.1171875,51446691095,108432.703515625,112289.613125,37.6208806468198,-2733.3239059958723,-2021.2350879018563,-712.088818094016,116523.65899442116,108432.703515625,100341.74803682885,-0.010547196317199026,0.009682286712016541,-0.04003289905186824,0.94327738653829,0.9108778126578838,0.9656521248756863,0.02741829575415647,0.02079328129833205,0.8150722750242786,0.11990976564858404,-0.0706298303573083,0.02383137448193029,1
2025-11-09 00:00:00+00:00,102278.984375,105418.3671875,101468.875,104719.640625,59679243013,108139.2390625,112069.56671875,43.004247181193925,-2617.1722577530454,-2140.422521872094,-476.74973588095145,116326.09643372668,108139.2390625,99952.38169127332,0.02383137448193029,0.013032823979561847,0.030801270449453577,0.9683778204179557,0.9344163959141969,0.9649295721280555,0.029936856995461544,0.02115429917303885,0.9483772041272104,0.2911531688875862,-0.03310916525945473,0.012194017448672767,1
2025-11-10 00:00:00+00:00,104723.7734375,106564.6953125,104350.6484375,105996.59375,69585887229,108015.22421875,111883.37671875,45.650440554931954,-2394.479722716598,-2191.233962040995,-203.24576067560338,116255.51466340065,108015.22421875,99774.93377409934,0.012194017448672767,0.03631599212686165,0.020259126172014197,0.9813116115496654,0.9473846505048907,0.9654269238787484,0.027519877884510418,0.02101951333563762,1.1342937491263723,0.37751460447244145,-0.03249082644468382,-0.028294541304540788,0
2025-11-11 00:00:00+00:00,105996.859375,107428.2578125,102457.328125,102997.46875,71130078574,107780.668359375,111688.3559375,40.853022437238806,-2431.964434893569,-2239.3800566115096,-192.58437828205933,116321.68006774582,107780.668359375,99239.65665100419,-0.028294541304540788,-0.016445547986237652,0.016743910202895007,0.9556209876763215,0.9221862734521461,0.9650125785689628,0.022904574750489164,0.021861456699840114,1.168682445431209,0.2199863568453419,-0.06420397106967723,-0.012954505253314763,0
2025-11-12 00:00:00+00:00,103011.4375,105297.234375,100836.6171875,101663.1875,64347179408,107360.34140625,111481.3296875,38.894672852388766,-2540.0564950334083,-2299.5153442958895,-240.54115073751882,116247.43997272992,107360.34140625,98473.24283977007,-0.012954505253314763,-0.040882504773885664,-0.016534574476929187,0.9469342791609423,0.9119301661092326,0.963034274054662,0.02151506661226274,0.02122316238603824,1.0491336619865372,0.17947053452640105,-0.08113221189966979,-0.01933536967351135,0
2025-11-13 00:00:00+00:00,101674.1484375,104005.4921875,97988.71875,99697.4921875,101546815416,106793.519921875,111208.706875,36.145666360041716,-2752.6050970514334,-2390.133294846998,-362.47180220443533,116128.86088996647,106793.519921875,97458.17895378354,-0.01933536967351135,-0.0320393947788159,-0.02526956882660103,0.9335537611311424,0.8964899870615458,0.9602981899781667,0.02064551923692248,0.021281378951780797,1.5865962722568312,0.11993740996555517,-0.06429085378054966,-0.053157837862490065,0
2025-11-14 00:00:00+00:00,99694.703125,99804.4296875,94000.734375,94397.7890625,114346441890,105931.323046875,110915.676875,29.991092916681794,-3310.5314009452995,-2574.2129160666586,-736.3184848786409,116486.81225578947,105931.323046875,95375.83383796053,-0.053157837862490065,-0.07146538108988565,-0.09856652964903168,0.8911225343681267,0.8510770679322872,0.9550617733348705,0.025439305159826377,0.023647231726281023,1.669659860223461,-0.046328727930228686,-0.07080123353656187,0.012196889211437911,1
2025-11-15 00:00:00+00:00,94420.46875,96728.46875,94420.46875,95549.1484375,38500716654,104985.158203125,110632.40328125,32.67318589912438,-3618.0799635294243,-2782.9863255592118,-835.0936379702125,115708.1919050496,104985.158203125,94262.1245012004,0.012196889211437911,-0.041609308910180554,-0.09856397213235923,0.9101205358249951,0.863663317469428,0.9489548729790444,0.027142028923894595,0.022837040175665346,0.5634981153361723,0.06001211840211822,-0.08030166590778942,-0.01435983820826503,0
2025-11-16 00:00:00+00:00,95556.8671875,96564.1875,92971.1640625,94177.078125,71086235862,103988.045703125,110322.3059375,31.142036088462703,-3927.258036482468,-3011.8406677438634,-915.4173687386046,114842.76346454349,103988.045703125,93133.3279417065,-0.01435983820826503,-0.002338094352547504,-0.08563696498609341,0.9056529285478229,0.8536540033740173,0.9425840478899752,0.022858633602069682,0.022829177253985904,1.0333694740822381,0.048078181590467124,-0.07032695243497411,-0.02212006537551514,0
2025-11-17 00:00:00+00:00,94180.875,95928.3671875,91214.7578125,92093.875,94186165724,102944.93125,109921.730625,28.925631765559046,-4290.917937953011,-3267.656121785693,-1023.2618161673176,114174.12870495468,102944.93125,91715.73379504531,-0.02212006537551514,-0.03616226302383152,-0.09412760641603923,0.8945935839847385,0.8378131828562629,0.9365293892724317,0.01953932382542907,0.02300862491910101,1.340277499067501,0.016837410085252545,-0.10910582097434729,0.009284005043766586,1
2025-11-18 00:00:00+00:00,92094.53125,93745.078125,89300.4609375,92948.875,101333569062,102089.609765625,109492.70046875,31.093250656716123,-4458.732186250985,-3505.8713346787517,-952.8608515722335,113639.80130508039,102089.609765625,90539.41822616963,0.009284005043766586,-0.013041423130263463,-0.06769094226370254,0.9104636134214824,0.8489047635328738,0.9323873585048905,0.02181943754369505,0.023074939215354313,1.402915374823488,0.10430375832295444,-0.09124999016583346,-0.015953746750565823,0
2025-11-19 00:00:00+00:00,92946.1640625,92946.1640625,88526.828125,91465.9921875,80350354656,101247.63203125,109040.89859375,29.417530360854272,-4657.691469119745,-3736.235361566951,-921.4561075527945,113332.66181398783,101247.63203125,89162.60224851218,-0.015953746750565823,-0.00681785637209853,-0.03105789769142664,0.9033889519437758,0.8388228028849227,0.9285289587392791,0.021816925658271827,0.02307591131318618,1.1042517389115627,0.0952993075067952,-0.12656315814681973,-0.05285126891851111,0
2025-11-20 00:00:00+00:00,91459.3515625,93025.0703125,86040.796875,86631.8984375,97970645638,100101.41875,108400.55796875,24.737178668192783,-5146.1178563346475,-4018.2118605204905,-1127.905995814157,113176.4218538159,100101.41875,87026.41564618409,-0.05285126891851111,-0.06796183990930493,-0.09332631578430961,0.8654412646623952,0.7991831413125611,0.9234400691817242,0.026217679671423876,0.02462278755877676,1.3122496755932636,-0.015086696559519417,-0.18269167552848842,-0.017790340109098413,0
2025-11-21 00:00:00+00:00,86528.7734375,87380.8046875,80659.8125,85090.6875,129157506112,98852.75234375,107688.7465625,23.45586508544541,-5593.088486843946,-4333.187185785182,-1259.9013010587641,112670.55142637341,98852.75234375,85034.9532611266,-0.017790340109098413,-0.06970136697835183,-0.09648197635670697,0.86078217836673,0.7901539410212689,0.9179487690143947,0.02168042936360847,0.024364462731693046,1.6180521559367174,0.0020167552929425876,-0.17385651771175203,-0.0051983141515926645,0
2025-11-22 00:00:00+00:00,85098.5625,85503.0078125,83490.8984375,84648.359375,40793099246,97553.1890625,106936.383125,23.08626999802364,-5914.825686110853,-4649.514885850316,-1265.3108002605368,111590.59835056696,97553.1890625,83515.77977443303,-0.0051983141515926645,-0.022896174483940324,-0.08084702294262236,0.8677149377532684,0.791576794551326,0.9122544283966308,0.01893122193896229,0.02407496199846826,0.5089703835463245,0.0403414753151695,-0.16736469260320996,0.025477734635657168,1
2025-11-23 00:00:00+00:00,84648.609375,88038.46875,84641.7734375,86805.0078125,58083435576,96566.06328125,106223.9746875,28.96353859093186,-5927.453238258866,-4905.102556332026,-1022.3506819268396,110716.52606629324,96566.06328125,82415.60049620675,0.025477734635657168,0.020146979215557526,-0.06609942495269572,0.898918365965476,0.8171884743333263,0.9090797399112339,0.024902800543859797,0.024841733023128004,0.7314386912734926,0.155097659453681,-0.12931603485826149,0.01688329653360121,1
2025-11-24 00:00:00+00:00,86798.7734375,89206.3359375,85272.1953125,88270.5625,74433896110,95900.065234375,105519.11640625,32.72562440686659,-5752.886949477281,-5074.659434961077,-678.2275145162039,110306.3369042737,95900.065234375,81493.79356447629,0.01688329653360121,0.0427911793181166,-0.03493571338459389,0.9204431955731326,0.8365362173822339,0.9088406774101336,0.02639879255741276,0.023951439299890232,0.9594075973659795,0.2352020387649457,-0.06490858126394483,-0.010520742688141405,0
2025-11-25 00:00:00+00:00,88269.9609375,88457.3359375,86131.4296875,87341.890625,64837343545,95072.56796875,104770.90359375,31.584161818354616,-5624.640611264069,-5184.655670221675,-439.984941042394,109447.23186749386,95072.56796875,80697.90407000613,-0.010520742688141405,0.006184929026902264,0.00819550535432656,0.9186865621817322,0.833646438362972,0.907432929445704,0.025569047609759678,0.02293695631856854,0.84263650319898,0.23110058787442178,-0.08589566675069304,0.03636830551491177,1
2025-11-26 00:00:00+00:00,87345.5859375,90581.15625,86316.8984375,90518.3671875,66496301869,94533.421875,104152.24328125,39.37355917663018,-5206.6701007122465,-5189.058556319789,-17.61154439245729,108732.2155861268,94533.421875,80334.6281638732,0.03636830551491177,0.02546494124244414,0.06378700004627413,0.9575276700254325,0.8690966640350373,0.9076465268225131,0.030265370850703403,0.024641710426169753,0.8627593940685071,0.35861282411781126,-0.038849272140762725,0.008473504729832548,1
2025-11-27 00:00:00+00:00,90517.765625,91897.578125,90089.515625,91285.375,57040622845,93929.0703125,103510.8534375,41.11687812292255,-4758.679247280335,-5102.982694511898,344.30344723156304,107561.42058321668,93929.0703125,80296.72004178332,0.008473504729832548,0.04514997725354086,0.07840690208297385,0.9718543438819901,0.8818918206979931,0.9074320923188456,0.019878649143299662,0.024122836568011674,0.7573344630428775,0.40303596738638464,-0.008779085471210757,-0.004010602738938163,0
2025-11-28 00:00:00+00:00,91285.3828125,92969.0859375,90257.1171875,90919.265625,60895830289,93360.927734375,102895.12703125,40.51797272051754,-4382.664605733618,-4958.919076756243,576.2544710226248,106464.35788731025,93360.927734375,80257.49758143975,-0.004010602738938163,0.004428918129616433,0.04739654907222457,0.9738470667694962,0.8836109954690775,0.9073406139633863,0.01747394379769979,0.024101097987183715,0.8034803444003101,0.40683118538896273,-0.02183576051888736,-0.0007425028351905061,0
2025-11-29 00:00:00+00:00,90918.7421875,91187.6171875,90260.1875,90851.7578125,37921773455,92667.53359375,102447.87484375,40.40111448824902,-4043.5065826615755,-4775.83657793731,732.3299952757343,104660.81333394472,92667.53359375,80674.25385355529,-0.0007425028351905061,-0.004750127690224204,0.02924185866041129,0.9804054806378005,0.8868095892771226,0.9045334882259233,0.0169156014150294,0.023128917019292882,0.5076393468267011,0.4243002823004058,-0.006715439917175492,-0.005035073877646679,0
2025-11-30 00:00:00+00:00,90838.2109375,91965.046875,90394.3125,90394.3125,38497902869,91887.41953125,102039.6034375,39.5683365204051,-3768.1960016773664,-4574.3084626853215,806.1124610079551,102132.4823769448,91887.41953125,81642.35668555519,-0.005035073877646679,-0.005773838156207578,0.034947971164323466,0.9837506914562749,0.885874792284617,0.9005074151187946,0.016264127005897435,0.022700312689396016,0.5263029798715846,0.4271304113142932,0.04342989280345,-0.045055292472078956,0
2025-12-01 00:00:00+00:00,90389.109375,90398.15625,83862.25,86321.5703125,87962894424,91053.624609375,101462.63953125,33.03867180028213,-3834.445538636428,-4426.335877875543,591.8903392391148,100140.42753080187,91053.624609375,81966.82168794812,-0.045055292472078956,-0.049863509623549684,-0.04636403644253484,0.948030028269871,0.8507719758849106,0.8974103673040255,0.02421067442629746,0.023784800564808715,1.188857471368391,0.23961940531819453,0.01446554080903395,0.05825464938016567,1
2025-12-02 00:00:00+00:00,86322.5390625,92316.6328125,86202.1953125,91350.203125,78546798211,90537.975390625,100984.22203125,45.08789093555792,-3441.5085635914147,-4229.370415018717,787.8618514273021,98138.73285399878,90537.975390625,82937.21792725121,0.05825464938016567,0.010574676642404857,0.0007101698930414013,1.0089711276497033,0.9045987708528496,0.8965556556212082,0.032983339608341426,0.028035956582324283,1.0515048292010933,0.5534307099186451,0.07917275419728131,0.023837949867722363,1
2025-12-03 00:00:00+00:00,91345.09375,94060.7734375,91056.390625,93527.8046875,77650204986,90229.491015625,100592.40484375,49.3391763944944,-2920.7206828456983,-3967.6404685841135,1046.9197857384152,96678.54269067955,90229.491015625,83780.43934057045,0.023837949867722363,0.08348127065937394,0.02869071856848282,1.0365547188036763,0.9297700440980268,0.8969811503739105,0.031420054593826144,0.028528586174421566,1.0563994467121502,0.755720828275663,0.07744710869125582,-0.014821043775501641,0
2025-12-04 00:00:00+00:00,93454.2578125,94038.2421875,90976.1015625,92141.625,64538402681,90116.6828125,100219.5740625,46.8525465692837,-2589.989860377187,-3692.110346942728,1102.120486565541,96333.48186385675,90116.6828125,83899.88376114325,-0.014821043775501641,0.008663602793713032,0.014197492911056653,1.0224702255376306,0.9193974915772207,0.899192434766291,0.032226846048570526,0.02615631802424382,0.9088100171740608,0.6628605147739234,0.04385451265250517,-0.029887330373216225,0
2025-12-05 00:00:00+00:00,92133.6484375,92702.640625,88152.140625,89387.7578125,63256398633,89808.61328125,99843.6084375,42.29229653235196,-2521.036429122614,-3457.8955633787054,936.8591342560912,95478.5212315033,89808.61328125,84138.7053309967,-0.029887330373216225,-0.044265412716923525,-0.011135155074054048,0.995313862965103,0.8952777169352293,0.899492863756705,0.034411268839654396,0.026734981424928063,0.8754972276881711,0.4628869222884651,0.02342366501183113,-0.0012908122468182626,0
2025-12-06 00:00:00+00:00,89389.359375,90267.4609375,88951.6640625,89272.375,37994042405,89563.378125,99499.70015625,42.107371204961794,-2447.4876525941363,-3255.813981221792,808.3263286276556,94848.98076547279,89563.378125,84277.77548452721,-0.0012908122468182626,-0.031139563687964,0.03418386246702343,0.9967508692604933,0.8972125027493606,0.9001371660854613,0.034408762482286144,0.02660179648859335,0.5381793698640601,0.4724720959184729,-0.013765075820678985,0.012694471554050235,1
2025-12-07 00:00:00+00:00,89277.8125,91740.84375,87799.5625,90405.640625,47394898960,89478.96640625,99163.84765625,44.666536067151156,-2271.5694142587745,-3058.9650678291887,787.3956535704142,94647.02747941644,89478.96640625,84310.90533308354,0.012694471554050235,0.011387273127883013,-0.010340015322215512,1.0103563357509378,0.9116794352150372,0.9023345555975953,0.03479840213623052,0.026377104821122873,0.6943514394373937,0.5896539539326918,-0.009637188596749446,0.0025945560296725123,1
2025-12-08 00:00:00+00:00,90424.5859375,92267.1171875,89644.890625,90640.203125,57394099056,89363.5328125,98803.3175,45.20643947073878,-2089.143365258031,-2865.000727314957,775.8573620569264,94303.35529476902,89363.5328125,84423.71033023097,0.0025945560296725123,0.015321964101436825,-0.030874257897405055,1.0142862560635184,0.9173801590720878,0.904458828647125,0.028481427815821324,0.026287513421687985,0.8688069087842861,0.6292222865378746,-0.0030693439732675243,0.022633530616329445,1
2025-12-09 00:00:00+00:00,90639.703125,94601.5703125,89586.9765625,92691.7109375,66861721440,89424.81875,98445.373125,49.818267794573394,-1758.7560271206166,-2643.751787276089,884.9957601554725,94502.94696147958,89424.81875,84346.69053852043,0.022633530616329445,0.025286810609335353,0.005970004734559442,1.036532276309478,0.9415547729176226,0.9083699508808175,0.01969559797237776,0.026541532763429337,1.0225632658692154,0.821663027344887,0.020252256745513897,-0.007236522211271801,0
2025-12-10 00:00:00+00:00,92695.234375,94477.15625,91640.1328125,92020.9453125,65420694513,89694.27109375,98116.25421875,48.384328921951486,-1533.3711137409118,-2421.6756525690535,888.3045388281416,94720.04596615706,89694.27109375,84668.49622134292,-0.007236522211271801,0.015233220358032984,0.029458032782558208,1.0259400538114427,0.9378766652397826,0.9141632220669248,0.017385858253438437,0.023450266755521358,1.0260638330457594,0.7314741783922821,0.017994857945293763,0.005329119618741718,1
2025-12-11 00:00:00+00:00,92011.3046875,93554.265625,89335.296875,92511.3359375,64532834621,90065.303515625,97812.70921875,49.528122155403494,-1300.1936974036507,-2197.379261535973,897.1855641323223,94743.74305171774,90065.303515625,85386.86397953225,0.005329119618741718,-0.0019459668850175804,0.03628178299837992,1.027158432008733,0.9458007724804564,0.920793465746884,0.01659568786843287,0.02292072306949818,1.0661709844460248,0.761415414584778,0.07170589694547846,-0.024223213861206738,0
2025-12-12 00:00:00+00:00,92513.6640625,92747.9296875,89532.6015625,90270.4140625,80275884583,90346.40625,97416.72296875,44.65805460016372,-1281.4508148328168,-2014.1935721953419,732.742757362525,94268.95764604674,90346.40625,86423.85485395326,-0.024223213861206738,-0.01902318264668179,-0.0014957757233413638,0.999158879797723,0.9266418671407943,0.9274219404709594,0.014908620013014129,0.023722429437681006,1.2843771827147183,0.49031342360783503,-0.011820324701658946,0.00031346787642294593,1
2025-12-13 00:00:00+00:00,90257.796875,90647.5703125,89800.9921875,90298.7109375,64237748110,90521.09140625,97002.01875,44.73195616941265,-1249.9054915669694,-1861.3359560696674,611.430464502698,94073.28624392752,90521.09140625,86968.89656857247,0.00031346787642294593,-0.02391733918419292,-0.0037675576149035495,0.9975433297887233,0.9308951720914571,0.933187706531623,0.014870848094978373,0.023155192757048856,1.0227391253860316,0.46869816002331255,-0.034525494966862746,-0.023516739363752315,0
2025-12-14 00:00:00+00:00,90296.4375,90498.109375,87634.9375,88175.1796875,50465972205,90516.322265625,96532.6878125,40.374697126755756,-1380.3450617539493,-1765.1377772065239,384.7927154525746,94081.47186234347,90516.322265625,86951.17266890653,-0.023516739363752315,-0.02321064322967803,-0.04872637697933313,0.9741356860340085,0.9134230247350703,0.9376753545020847,0.01661656689844746,0.023567931681630936,0.819104951280613,0.171662785163364,-0.043047268946038275,-0.019908078936967,0
2025-12-15 00:00:00+00:00,88171.078125,89983.921875,85304.078125,86419.78125,45559514323,90470.216796875,95971.63453125,37.15295630240304,-1606.8426623362757,-1733.4787542324743,126.63609189619865,94226.92316758937,90470.216796875,86713.51042616063,-0.019908078936967,-0.04295664519712572,-0.06086836038772081,0.9552290721711313,0.9004721204561775,0.942676627721875,0.017411391275135264,0.02388419977363832,0.7512217220590448,-0.03909397583617602,-0.03320338976088466,0.01648005936140917,1
2025-12-16 00:00:00+00:00,86424.40625,88170.09375,85381.6875,87843.984375,41262178223,90336.49765625,95446.12765625,41.24911387127144,-1652.3748048171838,-1717.2579643494164,64.88315953223264,94272.11544877772,90336.49765625,86400.87986372226,0.01648005936140917,-0.0037561058982106266,-0.050451671843256385,0.9724085685640089,0.9203514750370054,0.9464658218675736,0.01576336313103842,0.02266159477544689,0.6948188319011178,0.1833390063966136,-0.01600036545459893,-0.01935507109105894,0
2025-12-17 00:00:00+00:00,87847.6171875,90264.5703125,85316.265625,86143.7578125,44243392914,90079.416796875,94909.87953125,38.05993153779992,-1804.8482626889308,-1734.7760240173195,-70.07223867161133,94406.3228997774,90079.416796875,85752.5106939726,-0.01935507109105894,-0.003193984450174714,-0.04571438264526906,0.9563090090464315,0.9076374160198605,0.9491047427493096,0.01637827964075142,0.022886002050852432,0.7531346725403298,0.045210955498313644,-0.04714177990484203,-0.007908292107279613,0
2025-12-18 00:00:00+00:00,86144.3671875,89412.6640625,84436.3125,85462.5078125,52667115348,89806.57890625,94418.02359375,36.8311781195138,-1958.0841825293028,-1779.4376557197163,-178.64652680958648,94576.03755887061,89806.57890625,85037.12025362939,-0.007908292107279613,-0.027110297642393366,-0.05355783127787239,0.951628587274382,0.9051503575230226,0.9511592754012566,0.015128403691655072,0.022914800026329656,0.902851055513246,0.04459495194877956,-0.05712360667770733,0.03090097713717843,1
2025-12-19 00:00:00+00:00,85476.1328125,89339.1171875,85107.6640625,88103.3828125,46733310561,89669.16015625,94013.9803125,44.33381927320148,-1845.1583740563365,-1792.5817993870405,-52.57657466929595,94470.09306923546,89669.16015625,84868.22724326454,0.03090097713717843,0.0227483110762976,-0.0008142526644624448,0.9825382847232916,0.9371306535437247,0.9537853823249698,0.020565179393818963,0.02412772497200772,0.7951249549223453,0.3369298871564192,-0.04950095406151056,0.002731077738661547,1
2025-12-20 00:00:00+00:00,88101.671875,88497.203125,87924.875,88344.0,14688196659,89566.64453125,93589.73703125,44.97507950199883,-1716.461758454374,-1777.3577912005073,60.896032746133415,94389.88998626695,89566.64453125,84743.39907623305,0.002731077738661547,0.033716447846602327,0.022265952565113656,0.9863493319678464,0.9439496551903076,0.9570135291794155,0.020655781881234715,0.02412626432915028,0.25507287223223185,0.3732549957644957,-0.039957699847716355,0.0031439599746445612,1
2025-12-21 00:00:00+00:00,88344.703125,89027.953125,87613.203125,88621.75,19845522660,89681.653515625,93160.89171875,45.75193322460215,-1573.9135637980653,-1736.668945720019,162.7553819219538,94283.72026134109,89681.653515625,85079.58676990891,0.0031439599746445612,0.005883624112404062,0.008853942936829506,0.9881814900364171,0.9512763174009375,0.9626534467528637,0.018583184686474245,0.021773023160359378,0.36629921900769274,0.3848448344853286,-0.04204442512999462,-0.0014864790528285043,0
2025-12-22 00:00:00+00:00,88621.3984375,90501.9296875,87908.0703125,88490.015625,38047472118,89538.644140625,92717.89953125,45.424367503755484,-1454.802893468499,-1680.2957352697151,225.49284180121617,94099.97466012993,89538.644140625,84977.31362112006,-0.0014864790528285043,0.0016528074911708046,0.027236538921448616,0.988288537025666,0.954400564210096,0.9657104463464095,0.01631656554047661,0.017200344803590697,0.72952891994272,0.3850523426069541,-0.019722945286008264,-0.01215974047919599,0
2025-12-23 00:00:00+00:00,88490.03125,88898.3828125,86606.9765625,87414.0,43683011533,89232.95390625,92335.2290625,42.73309606367998,-1430.7396216323104,-1630.3845125422342,199.6448909099238,93477.05884521498,89232.95390625,84988.84896728501,-0.01215974047919599,-0.013628144332514358,0.02283448306690783,0.9796156708186414,0.9467025845664073,0.9664020419102428,0.01610901153362263,0.016273491391633046,0.8657795488978217,0.28570818436294515,-0.03194631360237965,0.0022646365284737513,1
2025-12-24 00:00:00+00:00,87404.3203125,87956.8828125,86411.796875,87611.9609375,25550297986,89006.470703125,92055.6578125,43.397526670615264,-1379.7901501466113,-1580.26564006311,200.47548991649865,93076.91319371402,89006.470703125,84936.02821253598,0.0022646365284737513,-0.00992264134318821,-0.005577786678700347,0.9843324900469732,0.9517281503321505,0.96687670066314,0.013821911969665939,0.016081343219135003,0.5267481946315481,0.32870292740296086,-0.006387497615497839,-0.004305562231041726,0
2025-12-25 00:00:00+00:00,87608.3203125,88501.7890625,86949.2578125,87234.7421875,19953216347,88898.819921875,91722.5159375,42.3882962337784,-1354.239892998041,-1535.0604906500962,180.8205976520553,93040.06949398531,88898.819921875,84757.57034976468,-0.004305562231041726,-0.0020506762360720243,-0.012556119402562738,0.9812812168278792,0.9510722781191701,0.9692147998039099,0.013431397701175489,0.014741006783612277,0.43057783442910375,0.29908507017037794,0.009430259203531577,0.0007644603322913834,1
2025-12-26 00:00:00+00:00,87235.5078125,89459.4296875,86628.140625,87301.4296875,42455674908,88800.27265625,91442.51875,42.64224921888237,-1313.4691514371953,-1490.742222807516,177.27307137032085,92997.51821873712,88800.27265625,84603.02709376288,0.0007644603322913834,-0.0035443933302842234,-0.014898377796646933,0.9831211895649004,0.9547137467437706,0.9711048412722117,0.005476750078394383,0.0147468811146463,0.9117774483528666,0.3214492163448917,-0.006176344246680232,0.005735605525503784,1
2025-12-27 00:00:00+00:00,87301.4296875,87874.78125,87182.9765625,87802.15625,13741199310,88670.0984375,91131.11375,44.61633127601256,-1226.6139540441072,-1437.9165690548346,211.30261501072732,92818.9158335382,88670.0984375,84521.2810414618,0.005735605525503784,0.006504450500700809,-0.007773299282881618,0.9902115571901414,0.9634706812743195,0.972994785082389,0.005942563506371786,0.01448624492301848,0.3061699547584594,0.3953988444600122,0.019251521870100596,0.00038358610925337544,1
2025-12-28 00:00:00+00:00,87799.34375,87986.890625,87394.953125,87835.8359375,15156557929,88529.880078125,90842.188125,44.75406032841643,-1141.899804900866,-1378.713216224041,236.81341132317493,92586.8874054152,88529.880078125,84472.87275083481,0.00038358610925337544,0.0061213917333649,0.004825725141281767,0.9921603402149362,0.9669057708807804,0.9745458790172113,0.005719738046385417,0.014462892415480317,0.3543812355151184,0.41446353375351463,0.02777040114721352,-0.007943173820266769,0
2025-12-29 00:00:00+00:00,87835.7890625,90299.15625,86717.9140625,87138.140625,48411625849,88252.2015625,90490.558125,42.40167076740468,-1118.1718234649888,-1326.6049376722308,208.43311420724194,91843.2931894527,88252.2015625,84661.10993554731,-0.007943173820266769,-0.007562634602154228,-0.005408169243443894,0.9873763949479376,0.9629528475736762,0.9752641976259223,0.006258072552063272,0.013354372766903589,1.1568839370018886,0.34488547589004726,-0.010955790307782043,0.014826942349620564,1
2025-12-30 00:00:00+00:00,87134.3515625,89297.9375,86735.546875,88430.1328125,35586356225,88072.6609375,90139.22890625,47.866452771233654,-983.7739219301438,-1258.0387345238134,274.2648125936696,91199.42970694914,88072.6609375,84945.89216805085,0.014826942349620564,0.006765995549047554,0.013703148482179905,1.0040588290531347,0.981039375258828,0.9770736005418977,0.007309616956196902,0.013886663617790665,0.8818358286874387,0.5571631453039906,0.0009749707110839889,-0.01041844740246467,0
2025-12-31 00:00:00+00:00,88429.5859375,89080.2890625,87130.5625,87508.828125,33830210616,87822.535546875,89829.45609375,44.615736260613524,-940.7597129278583,-1194.5829302046225,253.82321727676413,90153.29378888142,87822.535546875,85491.77730486859,-0.01041844740246467,0.004254021228146998,0.0023756591185550846,0.9964279393674809,0.9741662916635263,0.9776585472722835,0.008597597799912968,0.013901836202407293,0.8714696569424918,0.43270271102743085,-0.01255811214515623,0.013977518339667538,1
2026-01-01 00:00:00+00:00,87508.046875,88803.2265625,87399.40625,88731.984375,18849043990,87745.6140625,89570.83203125,49.517496636330634,-798.7644954710559,-1115.419243257909,316.65474778685325,89824.11104305234,87745.6140625,85667.11708194765,0.013977518339667538,0.0034134468975639543,0.010590037474165204,1.011241249184232,0.990634812279545,0.9796226301870992,0.009811466469770247,0.013402010269164088,0.5272698656655416,0.7372797078198986,0.002734418660579774,0.013667122921255048,1
2026-01-02 00:00:00+00:00,88733.0625,90884.4609375,88298.6171875,89944.6953125,46398906171,87727.91328125,89375.77609375,53.87614035892733,-581.671478284421,-1008.6696902632116,426.99821197879055,89719.05679846049,87727.91328125,85736.76976403952,0.013667122921255048,0.027835673722204746,0.02400910007278312,1.0252688334685807,1.0063654744452595,0.9815625342288331,0.010615544776597582,0.013786168128564424,1.3311430477894846,1.0566605350365768,0.02895068653190558,0.007321078638514056,1
2026-01-03 00:00:00+00:00,89945.0546875,90679.5703125,89328.0703125,90603.1875,20774828592,87849.313671875,89299.8840625,56.092922600873905,-352.42633045119874,-877.421018300809,524.9946878496103,90215.94542906136,87849.313671875,85482.68191468864,0.007321078638514056,0.02108825964143768,0.03976498523088612,1.03134769883816,1.0145946823020267,0.9837561895420854,0.010667607424570878,0.012712773967811007,0.6225249397937731,1.0818129119079807,0.03414176021735038,0.008943445698309516,1
2026-01-04 00:00:00+00:00,90603.0,91712.5859375,90595.1015625,91413.4921875,26770491368,88098.99921875,89217.1709375,58.721971969276154,-104.162363995536,-722.7692874397545,618.6069234442185,90852.65481781591,88098.99921875,85345.34361968409,0.008943445698309516,0.016330000006080203,0.033736909355611466,1.0376223679967136,1.0246176966487606,0.9874668552364956,0.010601490823965096,0.011764961115868923,0.8254235339100141,1.1018350606143943,0.0479023597160213,0.027009825802690735,1
2026-01-05 00:00:00+00:00,91414.625,94762.0703125,91414.625,93882.5546875,53376407252,88400.927734375,89211.28046875,65.50063086362476,288.49572783151234,-520.5162843855012,809.0120122170135,92172.81001529723,88400.927734375,84629.04545345277,0.027009825802690735,0.03619483241138721,0.07283524073017622,1.0620087039085842,1.0523619232254637,0.9909164768164171,0.011277213919169611,0.012610883330249005,1.6155995511617416,1.2266434295749986,0.07538393155252421,-0.0016352711961346023,0
2026-01-06 00:00:00+00:00,93876.9453125,94395.296875,91286.546875,93729.03125,52430605257,88780.19140625,89243.98359375,64.7881913783713,580.5992494586098,-300.29317761667903,880.8924270752889,93084.3083602789,88780.19140625,84476.0744522211,-0.0016352711961346023,0.025330386216408263,0.05631618531015192,1.0557426129113032,1.050256022598302,0.9948030985527132,0.011982461750447633,0.011501369919943001,1.5675491825968682,1.0748960700426142,0.06750261329715346,-0.025829527204251357,0
2026-01-07 00:00:00+00:00,93727.46875,93738.7890625,90601.8046875,91308.0546875,43461295053,89072.46875,89211.1671875,54.686713734466444,609.7124337880086,-118.29205533574151,728.0044891237501,93219.00327030454,89072.46875,84925.93422969546,-0.025829527204251357,-0.027422560118539052,0.015157751885902737,1.0250985065180425,1.0235047647744913,0.9984452794210338,0.01655979843822098,0.013090176165635473,1.3175195189718787,0.7695728115312792,0.039530775940592955,-0.003076724046541912,0
2026-01-08 00:00:00+00:00,91309.640625,91485.8515625,89233.875,91027.125,42386697030,89218.655859375,89202.38984375,53.641555260366204,603.1632734046289,25.999010412332566,577.1642629922962,93427.02960680614,89218.655859375,85010.28211194384,-0.003076724046541912,-0.02882678092333324,0.00467905723515516,1.0202700783059935,1.0204561240954,1.000182349549754,0.016480512880326446,0.011432305778962214,1.2934650947779374,0.7148655572391736,0.04463010510789167,-0.005646925984974294,0
2026-01-09 00:00:00+00:00,91026.2734375,91910.671875,89625.3828125,90513.1015625,38305906684,89327.1109375,89280.01390625,51.69477498202015,550.1537906437879,130.82996645862366,419.3238241851643,93552.34247441072,89327.1109375,85101.87940058927,-0.005646925984974294,-0.008706275998549229,-0.009849646955322422,1.0132769392466954,1.0138114635325306,1.0005275204291462,0.016161341926168516,0.011545305665507852,1.128278115904223,0.6403462289154386,0.023554965753772583,-0.001397069847536736,0
2026-01-10 00:00:00+00:00,90510.1015625,90713.03125,90283.3984375,90386.6484375,12385895282,89415.355859375,89385.933125,51.20246597358555,492.2651569634327,203.11700455958547,289.14815240384723,93652.2639836517,89415.355859375,85178.4477350983,-0.001397069847536736,-0.00703610668248611,-0.037237016628239084,1.0108627043843852,1.0111954451613832,1.0003291651532447,0.015928379820343806,0.011551304258797414,0.3688717195378371,0.6146228038979259,0.03288605703174596,0.004876964768804504,1
2026-01-11 00:00:00+00:00,90385.359375,91155.2265625,90212.0234375,90827.4609375,17165568977,89532.228125,89509.51515625,52.88685441735247,476.4654849123035,257.7867006301291,218.67878428217443,93790.56257398687,89532.228125,85273.89367601312,0.004876964768804504,0.003473081460841687,-0.03095700738398488,1.014466665687038,1.0147240858019324,1.0002537492099064,0.01560886774689844,0.011565398084473115,0.5276244125106627,0.6520820907817799,0.023615797361682844,0.004024457429802286,1
2026-01-12 00:00:00+00:00,90825.859375,92395.5234375,90055.0234375,91192.9921875,41346275358,89721.177734375,89597.27484375,54.29567903648124,487.81620641170593,303.7926017864445,184.02360462526144,93918.6936943177,89721.177734375,85523.6617744323,0.004024457429802286,0.008921049335705478,-0.0012601571722647975,1.01640431490414,1.017809887036551,1.0013828868215142,0.010292277157667219,0.011126953633638477,1.2754561754117775,0.6753196970744921,0.013878493563883598,0.04527528885126264,1
2026-01-13 00:00:00+00:00,91185.3359375,96011.625,90941.9296875,95321.78125,54980674354,90106.66875,89738.29921875,66.48618160016471,820.5121532398771,407.13651207713104,413.37564116274604,94866.96095447282,90106.66875,85346.37654552718,0.04527528885126264,0.0494819547536689,0.047179961467529674,1.0578770980255554,1.0622196105771902,1.0041049310545995,0.02141979378418945,0.014720768001328785,1.6224053086321963,1.0477723085044897,0.052079776442743864,0.016864423365986925,1
2026-01-14 00:00:00+00:00,95322.90625,97860.6015625,94583.046875,96929.328125,60592490863,90591.398046875,89930.04796875,69.85728692849071,1200.0581625412597,565.7208421699568,634.3373203713029,96044.32160524416,90591.398046875,85138.47448850583,0.016864423365986925,0.06290325385645468,0.0708872688233928,1.069961720591237,1.0778302726879696,1.0073540500985254,0.017735849451575247,0.014828045722884892,1.686857595551183,1.0811497273235688,0.06033940729653309,-0.01421799419905967,0
2026-01-15 00:00:00+00:00,96931.2890625,97150.171875,95103.2421875,95551.1875,53086363027,91003.8859375,90030.704375,63.92110431887572,1373.8102491729223,727.33872357055,646.4715256023724,96653.49658545622,91003.8859375,85354.27528954379,-0.01421799419905967,0.002406650893339135,0.05713829588527264,1.0499682130675498,1.0613177822313355,1.0108094407264265,0.01939174132711278,0.015439674605192842,1.4563412819753905,0.9024438006312006,0.017773619583044464,-0.00027284132392391136,0
2026-01-16 00:00:00+00:00,95554.1015625,95801.890625,94259.2734375,95525.1171875,33248170537,91390.033984375,90115.49921875,63.81063898326309,1492.2051610732742,880.312011071095,611.8931500021793,97172.388813211,91390.033984375,85607.679155539,-0.00027284132392391136,-0.014486956266622775,0.05172066026631028,1.0452465441016465,1.0600298285605507,1.0141433468900964,0.018902667837638276,0.01547558807492369,0.8883420102033851,0.8575604857820012,0.01916253602055651,-0.004451136256293897,0
2026-01-17 00:00:00+00:00,95525.15625,95598.4765625,95005.6171875,95099.921875,16021715122,91753.23828125,90199.11234375,61.93082226517797,1534.0408060257032,1011.0577700620166,522.9830359636866,97508.08662019817,91753.23828125,85998.38994230183,-0.004451136256293897,-0.004722763126308593,0.04284243332499771,1.0364748280980716,1.0543332345951804,1.0172299471371424,0.019185583224160876,0.015578007929703774,0.42758237070084315,0.7907707898312472,0.04152828795310115,-0.01541002514624834,0
2026-01-18 00:00:00+00:00,95101.1796875,95491.5078125,93588.8671875,93634.4296875,20809781232,92078.052734375,90254.76578125,55.82643557523633,1432.4307145380008,1095.3323589572135,337.09835558078726,97457.1838189989,92078.052734375,86698.9216497511,-0.01541002514624834,-0.019792569280903338,-0.017701636922568542,1.0169028004709744,1.0374458221346592,1.0202015587469817,0.021076806478009778,0.015966332090616202,0.5766018212994916,0.6446680633582121,0.0286431619970422,-0.011543146480490485,0
2026-01-19 00:00:00+00:00,93655.671875,93660.828125,92089.25,92553.59375,39195241508,92284.22578125,90297.95140625,51.77320600996723,1250.2771411269641,1126.3213153911638,123.95582573580032,97383.455161985,92284.22578125,87184.99640051501,-0.011543146480490485,-0.02677529144920765,-0.04514355417131388,1.0029188950383405,1.0249799946579283,1.0219968929977576,0.021944300987003028,0.01608932936132177,1.080627138178334,0.5264126153814217,0.022543611391893537,-0.04584033237499219,0
2026-01-20 00:00:00+00:00,92553.6015625,92798.4296875,87814.9296875,88310.90625,53072968031,92324.3296875,90337.738125,39.61462692920963,754.868049239376,1052.0306621608063,-297.1626129214303,97275.90243442822,92324.3296875,87372.75694057177,-0.04584033237499219,-0.05685433718416377,-0.07577384896446215,0.9565290812174357,0.9775638407926985,1.0219907162137616,0.0190511842475706,0.01922000270618269,1.425429487019859,0.09473245748133531,-0.02296514168168673,0.012071608510981546,1
2026-01-21 00:00:00+00:00,88326.5078125,90430.40625,87231.5703125,89376.9609375,56330422434,92356.578515625,90298.27328125,43.22270234002864,443.1659375127638,930.2577172311978,-487.09177971843405,97217.20622339904,92356.578515625,87495.95080785097,0.012071608510981546,-0.03432209041045475,-0.06436167189339514,0.9677378955997065,0.9897970103937601,1.0227945137772905,0.01794989556224266,0.019154965783981563,1.4404165934955164,0.19349456929611825,-0.015969839793254947,0.000956534957143873,1
2026-01-22 00:00:00+00:00,89378.5234375,90258.9609375,88438.4453125,89462.453125,35549685694,92332.46640625,90216.96625,43.514186439751974,200.72444684359652,784.3510631536776,-583.6266163100811,97247.94649640303,92332.46640625,87416.98631609695,0.000956534957143873,0.013039690383655156,-0.05927942566987521,0.9689165318229198,0.9916366825846352,1.0234490278734019,0.01845918905755228,0.01890562556702273,0.9218223316958453,0.20806378740101472,-0.018976667186683338,0.00046300848627667257,1
2026-01-23 00:00:00+00:00,89462.046875,91100.25,88486.359375,89503.875,38997586037,92277.50078125,90164.21125,43.66509217532542,11.794261027665925,629.8397027284752,-618.0454417008093,97297.86637631555,92277.50078125,87257.13518618445,0.00046300848627667257,0.0014199863272230662,-0.044113631078712245,0.9699425563353188,0.9926762931672627,1.0234382301131704,0.018520578483068092,0.018825988923693263,0.9878880964241039,0.22376256980406412,-0.06103438452058929,-0.00439244250598092,0
2026-01-24 00:00:00+00:00,89506.1484375,89811.609375,89044.2890625,89110.734375,14558687712,92162.362890625,90158.67078125,42.50443630405906,-167.72401715892192,470.32695875099586,-638.0509759099177,97368.35336331153,92162.362890625,86956.37241793846,-0.00439244250598092,-0.003931467757860019,-0.03719854881377849,0.9668885603633388,0.9883767540363081,1.022224064441195,0.018523051100273205,0.01871190518264236,0.37459518999768654,0.2069118228668011,-0.0806628282816233,-0.028487203509257375,0
2026-01-25 00:00:00+00:00,89104.765625,89193.1484375,86003.7109375,86572.21875,36124986722,91796.84609375,90104.66765625,35.873698621907835,-508.9635269386199,274.46886161307276,-783.4323885516926,97497.34839714054,91796.84609375,86096.34379035947,-0.028487203509257375,-0.0327545176116677,-0.01968825339735425,0.9430848927160939,0.9607961607524449,1.018780141823015,0.019875683861114834,0.0184355524841318,0.9505937343173783,0.04173973926451054,-0.09397024762251127,0.019578126787931138,1
2026-01-26 00:00:00+00:00,86566.5234375,88743.0703125,86429.2890625,88267.140625,45329286974,91523.7515625,90061.89765625,42.3413497447811,-635.30882204308,92.51332488184221,-727.8221469249222,97356.30214089298,91523.7515625,85691.20098410701,0.019578126787931138,-0.009466802803464125,-0.01241729748761633,0.9644178600428533,0.9800719607519235,1.016231657829703,0.0229658955989893,0.019167422754903022,1.2040455572641018,0.2208244580369097,-0.07597977135431089,0.009464787027023913,1
2026-01-27 00:00:00+00:00,88257.4765625,89427.125,87228.921875,89102.5703125,38744942267,91413.47734375,90031.145,45.27136519865472,-660.4133508623345,-58.07201026699312,-602.3413405953413,97345.74335478937,91413.47734375,85481.21133271062,0.009464787027023913,0.029228216615390767,-0.0040227246171884445,0.9747202808776205,0.9896860726640764,1.0153539349493999,0.015477064870277245,0.018552626410709153,1.0356379458935847,0.30522560629027584,-0.0630636854821286,0.0009202877056453396,1
2026-01-28 00:00:00+00:00,89104.046875,90439.2890625,88721.4609375,89184.5703125,39807419296,91321.349609375,89961.0021875,45.56376840061684,-666.014752633957,-179.6605587403859,-486.35419389357105,97335.54270227652,91321.349609375,85307.15651647348,0.0009202877056453396,0.010393785059806815,-0.003567495681052968,0.9766015361575905,0.9913692393801735,1.0151215236468767,0.014749891076200918,0.0185512644124311,1.0677181550647468,0.32235527992965385,-0.047523751571416306,-0.05183614563372574,0
2026-01-29 00:00:00+00:00,89169.8515625,89200.78125,83250.6015625,84561.5859375,64653083162,91023.773828125,89811.815,34.403718213209245,-1031.598481912195,-350.0481433747477,-681.5503385374473,97752.81655720445,91023.773828125,84294.73109904556,-0.05183614563372574,-0.050963562095615034,-0.05105051001326122,0.9290054936326065,0.9415418888650674,1.0134944252949905,0.024394998183200848,0.02177394310541407,1.6749476406976567,0.019828588493072893,-0.08635005393834316,-0.005119696877728619,0
2026-01-30 00:00:00+00:00,84562.7265625,84602.1640625,81071.4765625,84128.65625,72083816087,90710.87421875,89644.16140625,33.574375410932134,-1340.804074145446,-548.1993295288875,-792.6047446165586,98112.98871861516,90710.87421875,83308.75971888484,-0.005119696877728619,-0.05669045715849985,-0.028225711842461032,0.9274373880150584,0.9384733476254544,1.011899412028251,0.024171764167848133,0.02177392218639241,1.7334108073284362,0.05538258906492806,-0.04735825027274021,-0.06546567255435032,0
2026-01-31 00:00:00+00:00,84126.5,84136.921875,75815.8828125,78621.1171875,70479259159,90100.55703125,89411.17546875,25.238991651140864,-2007.127194708286,-839.9849025647673,-1167.1422921435187,99265.22099905025,90100.55703125,80935.89306344977,-0.06546567255435032,-0.07025020503270407,-0.10928215606848313,0.8725930202654737,0.8793209212977943,1.0077102393396107,0.03213128332621501,0.025701432107829485,1.5927284833197008,-0.12628809327230434,-0.12034246451410902,-0.02094439679701987,0
2026-02-01 00:00:00+00:00,78626.125,79322.609375,75698.8984375,76974.4453125,53372509744,89389.6296875,89144.69015625,23.37078416883702,-2637.660419426087,-1199.5200059370313,-1438.1404134890558,100247.08506761823,89389.6296875,78532.17430738176,-0.02094439679701987,-0.08503893032880816,-0.13611419914671719,0.8611115806341001,0.8634776247197856,1.0027476626013359,0.031817667224829656,0.025750718606202677,1.189970656602288,-0.07173545459529211,-0.1395893738242493,0.022271291537603544,1
2026-02-02 00:00:00+00:00,76968.875,79258.609375,74551.3359375,78688.765625,75140589684,88557.97890625,88954.961875,29.242876339451357,-2964.8542267471494,-1552.586850099055,-1412.2673766480943,100032.76418260856,88557.97890625,77083.19362989145,0.022271291537603544,0.0008604359734378786,-0.11768632904462084,0.8885564756203636,0.884591078073575,0.9955372588511945,0.03233449016427588,0.02366991781728106,1.6384795284438451,0.06996087318585825,-0.1208339792550881,-0.03882661934945053,0
2026-02-03 00:00:00+00:00,78693.5078125,79118.8515625,72897.140625,75633.546875,68249110822,87493.18984375,88739.2371875,25.493470384516982,-3431.1362925770663,-1928.2967385946574,-1502.839553982409,99630.31646150986,87493.18984375,75356.06322599015,-0.03882661934945053,-0.017420046770798225,-0.10558031715605198,0.8644506733617829,0.852312339751033,0.985958327080081,0.031172553048829446,0.023709421340930972,1.4758868078134382,0.011431191984263414,-0.15124089813113495,-0.03455931736640505,0
2026-02-04 00:00:00+00:00,75640.09375,76864.65625,71779.9296875,73019.703125,67215363944,86366.615625,88442.7515625,22.800072023488553,-3965.8674832691468,-2335.810887529555,-1630.0565957395916,99496.64431945261,86366.615625,73236.5869305474,-0.03455931736640505,-0.07204411525549326,-0.13204719557136635,0.8454621336796186,0.8256154612444304,0.9765256518954768,0.029530327728694346,0.02423754202954344,1.4316605846531516,-0.008259075840368769,-0.1565457813220249,-0.14129892381358544,0
2026-02-05 00:00:00+00:00,73016.375,73161.5546875,62353.53515625,62702.09765625,125509410908,84725.4646484375,87973.918359375,15.733812540690565,-5162.678197321133,-2901.184349487871,-2261.493847833262,100890.09519574503,84725.4646484375,68560.83410112996,-0.14129892381358544,-0.17097504682838527,-0.20247765614021285,0.7400620098860249,0.7127350790504844,0.9630748093126019,0.05227522387957948,0.03730800198763554,2.4341316650165394,-0.181220858334304,-0.28963261739000057,0.1252476912623226,1
2026-02-06 00:00:00+00:00,62704.453125,71681.3046875,60074.203125,70555.390625,114674259489,83498.2380859375,87675.776015625,32.804503344695235,-5415.042956437959,-3403.956070877888,-2011.086885560071,100068.29680223166,83498.2380859375,66928.17936964333,0.1252476912623226,-0.03374859653676521,-0.08339202265686996,0.8449925680154287,0.8047307230269177,0.9523524270952217,0.08185891107167267,0.04946644647057427,2.029815395475233,0.10945076651387636,-0.2081553834244224,-0.018048541205989532,0
2026-02-07 00:00:00+00:00,70553.796875,71611.1484375,67364.4453125,69281.96875,62347107663,82280.6150390625,87299.347734375,31.683676531348596,-5652.638253963247,-3853.6925074949604,-1798.9457464682864,99287.73635743374,82280.6150390625,65273.49372069126,-0.018048541205989532,0.10493861193963006,-0.11954434410407622,0.8420205502487867,0.7936138189806833,0.9425112234448423,0.07958715823937865,0.04947494017348161,1.0644563022250346,0.11784695817330217,-0.2231619381330413,0.014184900201757111,1
2026-02-08 00:00:00+00:00,69283.7265625,72206.90625,68852.8984375,70264.7265625,39721722619,81166.1716796875,86937.762265625,33.57005073213206,-5695.974251266962,-4222.148856249361,-1473.8253950176004,98259.7724402384,81166.1716796875,64072.57091913659,0.014184900201757111,-0.0041196577600267625,-0.07098464285131412,0.865689795494991,0.8082187156809593,0.9336123861998737,0.08026669368869474,0.04986878430319055,0.6778669481615623,0.18112496395884714,-0.16907037890191534,-0.00204861414171964,0
2026-02-09 00:00:00+00:00,70243.328125,71369.96875,68291.03125,70120.78125,52081598792,80256.6654296875,86567.742890625,33.4244701009231,-5676.498385179933,-4513.018762035476,-1163.479623144457,97682.1007008711,80256.6654296875,62831.23015850391,-0.00204861414171964,0.012107226672885218,-0.03970054315391325,0.8737066370073959,0.8100105063221401,0.9270966615253987,0.07914816627056474,0.04928504683430063,0.88954560785491,0.20916410345143013,-0.16650539333914538,-0.018921927121284043,0
2026-02-10 00:00:00+00:00,70137.390625,70464.265625,67913.09375,68793.9609375,40593063077,79227.5154296875,86173.821796875,32.04500349410769,-5702.3932912635355,-4750.893667881088,-951.4996233824477,96815.47981343519,79227.5154296875,61639.55104593981,-0.018921927121284043,-0.02093177753551445,0.09715565362178569,0.8683089525703097,0.7983162345945152,0.9193919194675964,0.07844614306890955,0.04903142105085751,0.7027681145601221,0.20338936716779138,-0.12499385154453668,-0.02619404614799148,0
2026-02-11 00:00:00+00:00,68791.859375,69242.6796875,65757.3046875,66991.96875,49671946030,78103.9912109375,85765.381171875,30.220780946046844,-5801.445448693572,-4961.004024043585,-840.4414246499873,95809.517273964,78103.9912109375,60398.465147911,-0.02619404614799148,-0.044620331437051686,-0.05050530999026692,0.8577278537414692,0.7811073399854328,0.9106703677374911,0.07808637071013465,0.04903424350317715,0.8495608974773353,0.1861990312690527,-0.1296855926921363,-0.011495780977477277,0
2026-02-12 00:00:00+00:00,66992.1953125,68339.4921875,65092.109375,66221.84375,44651071271,76939.8896484375,85337.578828125,29.449195663599923,-5874.371549828851,-5143.677529200638,-730.6940206282134,94550.78508861715,76939.8896484375,59328.99420825785,-0.011495780977477277,-0.03738870610803746,-0.044169140329171186,0.8606958503916289,0.7759986240455071,0.9015944757865588,0.0529660668080205,0.04893166207906852,0.7600122607540823,0.19569844035346326,-0.15843331352295564,0.039805596623848194,1
2026-02-13 00:00:00+00:00,66213.375,69382.8359375,65835.78125,68857.84375,40820775886,75927.2451171875,84970.040859375,35.51777628220724,-5654.283776646189,-5245.798778689748,-408.48499795644057,92909.36145102787,75927.2451171875,58945.12878334713,0.039805596623848194,0.027852219225905417,-0.020022604247219133,0.9068924289788671,0.8103779055956839,0.8935766577168853,0.02315970498594122,0.05035615540822829,0.6796262440329167,0.2918574685211566,-0.0895859496870911,0.013212456278809848,1
2026-02-14 00:00:00+00:00,68856.984375,70481.1640625,68706.6171875,69767.625,36012397645,75087.0154296875,84619.364765625,37.515492373417814,-5344.838911313374,-5265.606805214475,-79.23210609889975,91505.0353428393,75087.0154296875,58668.995516535695,0.013212456278809848,0.053543982607702656,-0.005036399248617873,0.9291569867406883,0.8244876949057619,0.8873502612275597,0.022841329461244095,0.050482775105750895,0.5996276197320589,0.33800146248372037,-0.044536994616821146,-0.014038567315427408,0
2026-02-15 00:00:00+00:00,69764.953125,70939.2890625,68052.546875,68788.1875,40191152750,74113.0677734375,84239.085390625,36.21471416474592,-5119.618274242777,-5236.409099020135,116.79082477735756,89518.85682381512,74113.0677734375,58707.27872305989,-0.014038567315427408,-0.001011594993489795,-8.392360930120635e-05,0.9281519382018353,0.8165827914800161,0.8797943072359803,0.022661712193615395,0.05002105214736843,0.6720812792034987,0.32717924229570744,0.09706357635936835,0.000799101589935125,1
2026-02-16 00:00:00+00:00,68782.3984375,70067.234375,67301.5859375,68843.15625,33618145426,73100.0970703125,83859.231796875,36.348105540763456,-4880.4351594525215,-5165.2143111066125,284.77915165409104,86940.70616434791,73100.0970703125,59259.4879762771,0.000799101589935125,-0.013250683966954613,0.027632976527503628,0.9417655927841259,0.8209371201581342,0.8717000562010463,0.022703213648822856,0.04987007613178689,0.5645867889898472,0.34621555339833165,-0.024267945508238742,-0.019594358734823403,0
2026-02-17 00:00:00+00:00,68843.09375,69201.8671875,66615.28125,67494.21875,34866936040,72015.5794921875,83466.353359375,34.44445505055454,-4745.031036360975,-5081.177656157485,336.1466197965101,83795.25610435368,72015.5794921875,60235.90288002133,-0.019594358734823403,-0.018810915028107167,0.019213826253516197,0.9372169081458548,0.8086398414867253,0.8628097022774587,0.02278602052919538,0.04980955456254187,0.5879984556926543,0.3080863808469158,-0.025803972263706787,-0.015836888807606253,0
2026-02-18 00:00:00+00:00,67488.0234375,68434.4296875,65845.8984375,66425.3203125,33094301643,71108.7662109375,83026.257109375,32.97090269903731,-4670.139008595681,-4998.969926645124,328.8309180494434,81536.62589539014,71108.7662109375,60680.906526484854,-0.015836888807606253,-0.03512093386188986,-0.03532674427523008,0.9341368702060658,0.8000519669939392,0.8564611809160811,0.021277426811129062,0.04896195374616961,0.5733620618280223,0.2754358976741769,-0.054642015102483565,0.008012052068341324,1
2026-02-19 00:00:00+00:00,66425.625,67277.125,65637.4296875,66957.5234375,31492987019,70250.2095703125,82615.231015625,34.473994842680725,-4515.787010960805,-4902.33334350826,386.5463325474557,78827.89314211086,70250.2095703125,61672.52599851413,0.008012052068341324,-0.00795172271699196,-0.040278016666039584,0.953129162845886,0.8104743231285807,0.850330002188411,0.02095189449800387,0.04913051158132624,0.565503360192597,0.30806670558248617,-0.045111559741784824,0.015650197075734784,1
2026-02-20 00:00:00+00:00,66958.578125,68269.03125,66452.484375,68005.421875,47507867304,69719.4248046875,82200.699765625,37.44831492625269,-4259.800960694614,-4773.826866945531,514.0259062509167,77380.96843832568,69719.4248046875,62057.881171049325,0.015650197075734784,0.023787639337926603,-0.011379361100334218,0.9754157046692636,0.8273095249663406,0.8481609646082725,0.014698517800252347,0.047652901096788575,0.8710388669402563,0.38814245459869634,-0.011462329712580321,-2.435467576455963e-05,0
2026-02-21 00:00:00+00:00,68000.25,68657.703125,67533.0703125,68003.765625,18357635642,69270.8908203125,81761.881171875,37.445421821750934,-4010.829471617748,-4621.227387879974,610.3979162622263,76154.98309602446,69270.8908203125,62386.798544600555,-2.435467576455963e-05,0.0156254612444946,-0.012192796941961848,0.9817076815339447,0.8317294642725563,0.8472272142894478,0.013241776245460609,0.04754010079172043,0.34774260933722456,0.4079671549593326,0.015103256313839797,-0.005064057803784272,0
2026-02-22 00:00:00+00:00,67998.828125,68235.2265625,67185.6015625,67659.390625,17893536012,68719.4220703125,81303.005234375,36.808666860576906,-3797.530390755608,-4456.487988455101,658.9575976994929,74009.4158437772,68719.4220703125,63429.428296847815,-0.005064057803784272,-0.005088289146063074,0.0024472003389179875,0.9845744999975713,0.8321880652499366,0.8452261004647077,0.012472055130725123,0.047103146866025944,0.35838306826467276,0.39980787400641526,0.021708046674553616,-0.04497014110892317,0
2026-02-23 00:00:00+00:00,67668.4296875,67668.4296875,63924.4375,64616.73828125,50953457309,68168.581640625,80767.07015625,31.68244194302035,-3829.857732137054,-4331.161937191491,501.30420505443726,72661.44266707762,68168.581640625,63675.72061417237,-0.04497014110892317,-0.04980646751868745,-0.02722729860754103,0.9478961821723121,0.800038161050587,0.844014540935405,0.020189659655533678,0.04734479714704403,1.0385156249380258,0.10472365621117555,-0.0615921910675572,-0.008305824880296298,0
2026-02-24 00:00:00+00:00,64616.015625,64992.15625,62553.1875,64080.04296875,40849331086,67721.5986328125,80171.019921875,30.86588503660664,-3854.353620175083,-4235.80027378821,381.4466536131267,71953.54340397047,67721.5986328125,63489.65386165454,-0.008305824880296298,-0.05290245187232645,-0.04297471472994252,0.9462275590420264,0.7992918517338893,0.8447141959626532,0.019629865277515493,0.04689526319991551,0.8555651641152229,0.0697538766478181,-0.08152179511987112,0.060550552894326426,1
2026-02-25 00:00:00+00:00,64077.76953125,69953.53125,63942.484375,67960.125,53629234355,67984.5,79655.641796875,42.420012704670654,-3520.0990841487655,-4092.660035860321,572.5609517115554,71495.34352709753,67984.5,64473.65647290247,0.060550552894326426,0.05174180572528453,-0.0006660774060524011,0.9996414623921629,0.8531740309531493,0.8534800356434655,0.03161483823860535,0.036739995782650484,1.2146659527224417,0.49652861202559045,-0.012037858971062465,-0.007450715585058165,0
2026-02-26 00:00:00+00:00,67954.8671875,68843.3515625,66523.734375,67453.7734375,42988597523,67829.419140625,79178.556171875,41.44652863959756,-3258.4963776136283,-3925.8273042109827,667.3309265973544,71129.81134731526,67829.419140625,64529.026933934736,-0.007450715585058165,0.05264869236113445,-0.008087672534678125,0.9944619059416356,0.8519197204237509,0.8566640062668721,0.03180237948223364,0.023359693560891234,1.059690036668417,0.4430907480687411,-0.020181858127691576,-0.023304501473983996,0
2026-02-27 00:00:00+00:00,67456.515625,68220.40625,64946.03515625,65881.796875,40283655942,67659.410546875,78675.649609375,38.49314386874072,-3141.8029700420593,-3769.022437377198,627.2194673351387,70994.86822377318,67659.410546875,64323.95286997682,-0.023304501473983996,-0.030581581846707895,-0.02627268341585065,0.9737270298764507,0.8373848478163631,0.8599790517498657,0.0323144173210848,0.023578414985150592,1.0207704713834898,0.2335277727870769,-0.023889777596692308,0.016910019957618205,1
2026-02-28 00:00:00+00:00,65878.9296875,67714.5234375,63062.21875,66995.859375,42041497112,67495.9671875,78205.304765625,41.665663403770466,-2925.7014060467627,-3600.358231111111,674.6568250643481,70606.67616322107,67495.9671875,64385.25821177894,0.016910019957618205,-0.006788561101393142,0.03681895987065564,0.9925905526901965,0.8566664317181705,0.8630612384898951,0.03328798144901207,0.023686027453412518,1.0621915170338174,0.41961513976342313,0.008589180448297151,-0.018773664883674046,0
2026-03-01 00:00:00+00:00,67005.8828125,68162.8203125,65076.73046875,65738.1015625,40733141929,67276.833203125,77712.333828125,39.20690697038483,-2823.383693873271,-3444.9633236635427,621.5796297902716,70222.06923891492,67276.833203125,64331.59716733509,-0.018773664883674046,-0.002181107973916352,0.025874804649531624,0.9771283580489111,0.8459159354021177,0.8657162883811981,0.03391882525414932,0.023976999924366624,1.044103909437998,0.238776175843524,-0.01821187242891742,0.04620988327616793,1
2026-03-02 00:00:00+00:00,65734.078125,70044.0,65303.13671875,68775.8515625,56698092052,67275.927734375,77271.301640625,47.29633336859537,-2468.7172960863827,-3249.714118148111,780.9968220617284,70219.2103911094,67275.927734375,64332.645077640605,0.04620988327616793,0.02656868952955338,0.012003017394391247,1.0222951043357906,0.8900568529615844,0.8706457158863883,0.032884974901036,0.026029077887343603,1.423938769619968,0.7548045843801453,0.011328945049647876,-0.007011227255569463,0
2026-03-03 00:00:00+00:00,68785.078125,69232.890625,66237.6171875,68293.6484375,47947999049,67341.01171875,76813.314765625,46.24440691603219,-2201.1775779218733,-3040.0068101028637,838.8292321809904,70315.26049651338,67341.01171875,64366.76294098661,-0.007011227255569463,0.03887466802749584,0.012451119591970539,1.0141464568831946,0.8890860737605134,0.8766840999405225,0.032772216234476126,0.02534569366696551,1.2067978720429533,0.6601474506558225,0.00426274647934255,0.06467555605177866,1
2026-03-04 00:00:00+00:00,68290.5625,74051.8046875,67437.40625,72710.578125,75073101274,67665.4484375,76361.090703125,55.91629274345301,-1614.1343754804839,-2754.832323178388,1140.697947697904,71434.95944226647,67665.4484375,63895.93743273354,0.06467555605177866,0.05721087377484979,0.1036520188263308,1.0745599091412212,0.9521940749600162,0.8861246979900834,0.03386029695572471,0.028813183264688666,1.8198352001175269,1.1692021433443942,0.07465611873444211,-0.025710882421896564,0
2026-03-05 00:00:00+00:00,72712.65625,73555.7890625,70654.8828125,70841.125,51172841727,67764.6125,75839.326640625,51.67817111125852,-1284.9357125935785,-2460.8530010614263,1175.9172884678478,71763.56519431551,67764.6125,63765.659805684496,-0.025710882421896564,0.03730180801266414,0.05739557132145534,1.0453999866080543,0.9340948573513889,0.8935286677993841,0.036075785795041844,0.028377536095210616,1.2251012636029144,0.8846647779021299,0.09632777642934887,-0.03817885179689062,0
2026-03-06 00:00:00+00:00,70842.15625,71378.5703125,67757.8203125,68136.4921875,43776962871,67683.055859375,75291.032734375,46.220042070316325,-1228.1275747181498,-2214.3079157927714,986.1803410746215,71575.1102028113,67683.055859375,63791.001515938704,-0.03817885179689062,-0.06290812224923426,0.03648402627994596,1.0066994068510604,0.9049748650398243,0.8989524170582072,0.038550641883469065,0.029590255974506412,1.0383893700629094,0.5582515412316497,0.06330284798229946,-0.01267893913767526,0
2026-03-07 00:00:00+00:00,68136.6875,68515.1640625,66969.2578125,67272.59375,23258701211,67607.276171875,74725.982265625,44.599696572307856,-1238.5389936223946,-2019.1541313586963,780.6151377363017,71467.62045124786,67607.276171875,63746.93189250214,-0.01267893913767526,-0.05037372359628678,-0.021857349321715236,0.9950496094381299,0.9002570686975946,0.9047358645826097,0.03870598441953518,0.029559720952474257,0.563002441836138,0.4566512210240776,-0.010116686071427905,-0.01936617019467901,0
2026-03-08 00:00:00+00:00,67272.5,68177.7890625,65639.1953125,65969.78125,33195080116,67463.607421875,74143.379453125,42.19718922029222,-1336.5097463978163,-1882.6252543665205,546.1155079687042,71344.10931954756,67463.607421875,63583.10552420244,-0.01936617019467901,-0.0317995668391261,-0.03402757416931268,0.9778573036788034,0.8897595676996013,0.9099073702801328,0.03875760488744338,0.02984822656517317,0.8039350662261618,0.307521525402299,-0.02200013597274897,0.03687448277691541,1
2026-03-09 00:00:00+00:00,65969.5859375,69474.9453125,65858.0078125,68402.3828125,49499875378,67509.015625,73638.738515625,47.84643617018021,-1203.982892487984,-1746.8967819908132,542.9138895028293,71412.21337548624,67509.015625,63605.817874513756,0.03687448277691541,0.01679419507293778,-0.05925128672603308,1.0132333019409214,0.9288912899830037,0.9167595342589367,0.03707202936709429,0.03072564792918811,1.1779403715794667,0.6144404209841415,0.03825921661308662,0.022287806357257578,1
2026-03-10 00:00:00+00:00,68402.71875,71770.8984375,68402.71875,69926.921875,54003996096,67684.095703125,73186.205078125,51.073712299682896,-964.8150573166058,-1590.4804370559718,625.665379739366,71695.26011355124,67684.095703125,63672.93129269877,0.022287806357257578,0.059984140465828784,-0.012904977511297266,1.03313667928301,0.9554658804942028,0.9248204033925984,0.03782118945516757,0.03080144077511898,1.2539274433714518,0.7795729546818388,0.043749905253006593,0.003975020350486469,1
2026-03-11 00:00:00+00:00,69931.25,71337.6640625,68998.8671875,70204.8828125,45236859848,67846.463671875,72824.084609375,51.66103846090544,-744.2642848054966,-1421.237206605877,676.9729218003804,71994.36188164918,67846.463671875,63698.565462100814,0.003975020350486469,0.026351421191581847,0.030356576316082462,1.0347611211106151,0.9640338521119177,0.9316486988583553,0.0269971742473721,0.030780201389847092,1.033865482288296,0.7842908650780751,0.06794813272411337,0.004110513591636167,1
2026-03-12 00:00:00+00:00,70209.765625,70775.828125,69230.15625,70493.4609375,40871848129,67970.865625,72446.414609375,52.30122804235488,-539.9659740369098,-1244.9829600920837,705.0169860551739,72284.75610987585,67970.865625,63656.97514012417,0.004110513591636167,0.008101873317300168,0.04787785051769311,1.0371128907849627,0.9730427836573395,0.9382226296704015,0.02543401373725916,0.030634746615501234,0.9412429332741976,0.7923805462081172,0.024974018292439837,0.006735442992662266,1
2026-03-13 00:00:00+00:00,70497.046875,73927.328125,70410.7265625,70968.265625,61167226505,68119.090625,72076.530859375,53.39488505780511,-335.87357914372114,-1063.1610839024113,727.2875047586901,72636.65294242496,68119.090625,63601.528307575034,0.006735442992662266,0.010873642714265497,0.07576930346422817,1.0418263804442853,0.9846237711338067,0.9450939135500824,0.019231409689281265,0.030645763870094184,1.342453685671916,0.8153442940908947,0.039163483701529334,0.0034714019404360474,1
2026-03-14 00:00:00+00:00,70965.3828125,71291.203125,70339.5859375,71214.625,22283546496,68296.85234375,71710.745859375,53.98443082105029,-152.49191130268446,-881.027249382466,728.5353380797816,73013.6482798843,68296.85234375,63580.056407615695,0.0034714019404360474,0.010230226362972772,0.04111321962582393,1.0427219199146154,0.9930816385545912,0.9523935572735547,0.017509983772036573,0.03059316009033365,0.486718294929985,0.8092960450013964,-0.020574078264489093,0.022120302711697182,1
2026-03-15 00:00:00+00:00,71213.6796875,73173.0078125,70882.421875,72789.9140625,27991268669,68705.5111328125,71384.329453125,57.67158886610506,118.5850689009967,-681.1047857257736,799.6898546267703,73495.48097158814,68705.5111328125,63915.54129403687,0.022120302711697182,0.025668493113889523,0.04094263140336474,1.0594479665800325,1.0196903805098847,0.9624732999408286,0.013034837774459703,0.02867416657379819,0.6271127831163897,0.9263495457344579,0.0275092901545535,0.028454105238008953,1
2026-03-16 00:00:00+00:00,72798.171875,74901.859375,72300.6328125,74861.0859375,55572438409,69244.56328125,71150.106796875,61.98465803019621,494.83760958592757,-445.9163066634334,940.7539162493609,74263.84617367596,69244.56328125,64225.28038882403,0.028454105238008953,0.051203821370961355,0.0663230666937451,1.0811113882462862,1.0521570424513824,0.9732179809502591,0.01079182796376984,0.0288623475301529,1.224836858793736,1.0594945310539543,0.09869298424543294,-0.01253801442025071,0
2026-03-17 00:00:00+00:00,74855.296875,75988.3984375,73444.2265625,73922.4765625,49500721728,69542.680859375,70863.213515625,59.04825956688609,709.1083667084749,-214.91137198905173,924.0197386975267,74935.1378278149,69542.680859375,64150.22389093511,-0.01253801442025071,0.015559332835968664,0.04864303127406644,1.0629799663890087,1.0431713846310462,0.9813650469582667,0.013496813420089536,0.026407061473952387,1.0960004728208357,0.9061039085483995,0.09884980557182699,-0.0362122396594321,0
2026-03-18 00:00:00+00:00,73936.8515625,74658.9765625,70503.859375,71245.578125,46229011155,69732.27109375,70506.073671875,51.54803023252366,655.3615532949916,-40.85678693224307,696.2183402272346,75081.95378938643,69732.27109375,64382.58839811356,-0.0362122396594321,-0.04829622449664317,0.003907556392392708,1.0217016742393987,1.0104885212665018,0.9890250224154281,0.021620067631081746,0.027838788543007687,1.0199024862465593,0.6414389523031299,0.07997293268271988,-0.01870697238447039,0
2026-03-19 00:00:00+00:00,71250.3515625,71598.84375,68805.5234375,69912.7890625,44631433398,69933.820703125,70120.638046875,48.26118232752608,499.4643634035601,67.20744313491758,432.25692026864255,74967.07304939721,69933.820703125,64900.568356852804,-0.01870697238447039,-0.05424179067661361,-0.018280457665823535,0.9996992636693727,0.9970358372347374,0.9973357723353129,0.02297996481379796,0.027627437999806367,0.9799568965333298,0.49791073055967655,0.02208119348912474,0.008722250723753211,1
2026-03-20 00:00:00+00:00,69911.53125,71346.796875,69398.8828125,70522.5859375,38299078407,70110.15703125,69839.858046875,49.837188312862345,420.275553791711,137.82106526627626,282.4544885254347,74953.55462807193,70110.15703125,65266.759434428066,0.008722250723753211,-0.010147888564136731,-0.031148932571251398,1.0058825842604542,1.0097756196779033,1.003870268238426,0.0231027052033669,0.027475901093930218,0.8443887883381889,0.5425764040640215,0.008518379567240109,-0.025680602546325204,0
2026-03-21 00:00:00+00:00,70522.46875,71051.2734375,68602.9140625,68711.5234375,21109354718,70258.828125,69531.515390625,45.4128061924505,208.97135191586858,152.05112259619474,56.92022931967384,74703.27164258296,70258.828125,65814.38460741704,-0.025680602546325204,-0.01718234447671807,-0.08214631704827446,0.9779770780584736,0.988206902315902,1.0104601881648771,0.02479714459394099,0.02780440429351732,0.47569335008010233,0.3259281863546465,-0.021271446018767626,-0.012607965253281006,0
2026-03-22 00:00:00+00:00,68737.4453125,69561.7734375,67372.875,67845.2109375,30108051508,70212.29609375,69315.997265625,43.42679058743026,-28.06936296596541,116.02702548376273,-144.09638844972812,74740.80567089522,70212.29609375,65683.78651660478,-0.012607965253281006,-0.03796478765501876,-0.08221133689780791,0.9662867433776929,0.9787814301727663,1.0129306201090968,0.02179818683572744,0.02599844776933566,0.6994313732040269,0.23864633430429683,-0.03756731425554427,0.04524488014825101,1
2026-03-23 00:00:00+00:00,67843.0,71782.2578125,67458.84375,70914.859375,51508669357,70343.356640625,69194.805546875,51.517523343109694,31.40709603506548,99.10303959402329,-67.69594355895781,74789.0285559836,70343.356640625,65897.6847252664,0.04524488014825101,0.032066469018172006,-0.00464195475289364,1.0081244734637094,1.024858135152353,1.0165988051367807,0.027009583520181575,0.02785473336470353,1.1916543942661635,0.5642763057256439,-0.0007525370604687387,-0.005598262529164066,0
2026-03-24 00:00:00+00:00,70912.671875,71371.3046875,68920.6953125,70517.859375,40181522399,70233.720703125,69031.387421875,50.51139597786353,45.97803005541209,88.47803768630105,-42.50000763088896,74539.53823837651,70233.720703125,65927.90316787349,-0.005598262529164066,0.03939332490191649,0.008654644173315518,1.0040456161090487,1.0215332765085634,1.0174171971063268,0.02691663162764356,0.023685993613231846,0.9686980623558137,0.532994741364302,-0.009784024348931109,0.011231529778693128,1
2026-03-25 00:00:00+00:00,70520.046875,71985.7421875,70383.59375,71309.8828125,35409791747,70257.15859375,68944.914140625,52.50429164953495,120.05139468610287,94.79270908626142,25.258685599841442,74581.95868731393,70257.15859375,65932.35850018608,0.011231529778693128,0.005570390197223718,0.011163755051434743,1.0149838712498636,1.0343022933794832,1.0190332306520602,0.02397255467607951,0.023112722219252233,0.8701953758049814,0.6217078472964144,-0.020332916573155946,-0.03531428903229905,0
2026-03-26 00:00:00+00:00,71310.1171875,71410.390625,68118.3515625,68791.625,38962070215,70289.915234375,68860.352578125,46.14188358886855,-24.168688092540833,71.00042965050098,-95.16911774304181,74556.61883173868,70289.915234375,66023.21163701132,-0.03531428903229905,-0.024479392742485673,0.0011657660679413873,0.9786841365595748,0.9990019281698125,1.0207603156639098,0.02682724967563973,0.02286744944588082,0.9631911187484116,0.3244206329095875,-0.08107631436935436,-0.035662044616623034,0
2026-03-27 00:00:00+00:00,68790.8359375,69117.53125,65532.5703125,66338.375,46483453594,70243.204296875,68933.078125,40.93744646237849,-332.58705849639955,-9.717067978879136,-322.8699905175204,74666.5731271722,70243.204296875,65819.8354665778,-0.035662044616623034,-0.06971695389784793,-0.022209908653510135,0.9444098637588957,0.9623590996430641,1.0190057691823842,0.029025619979386436,0.02411974591819667,1.1170613691144986,0.058613644183426315,-0.10259533926853481,-0.0002815819275042708,0
2026-03-28 00:00:00+00:00,66338.5,67232.859375,65906.7421875,66319.6953125,20924883455,70260.7,68848.36421875,40.89961874034776,-571.925334499465,-122.1587212829963,-449.76661321646867,74615.13070935836,70260.7,65906.26929064163,-0.0002815819275042708,-0.03593358475686537,-0.06479832439913091,0.9439088325692742,0.9632719101616456,1.0205137158634972,0.02806852241270649,0.023704811528344815,0.5103785084229162,0.04747187973043729,-0.06913948826210048,-0.005500227885263609,0
2026-03-29 00:00:00+00:00,66319.6953125,67052.953125,64971.70703125,65954.921875,21645889785,70138.326953125,68781.82328125,40.119988771051645,-782.0221459320746,-254.13140621281198,-527.8907397192627,74836.63452193061,70138.326953125,65440.019384319385,-0.005500227885263609,-0.005780261047998225,-0.06470612608552395,0.9403549348857314,0.9589004584148524,1.0197218335769935,0.02786310938431239,0.022126685832124945,0.5465298010169122,0.05479659251123826,-0.05661149040931246,0.011167073154841889,1
2026-03-30 00:00:00+00:00,65958.3515625,68087.2890625,65759.8046875,66691.4453125,37694994180,69976.553125,68710.35765625,42.503191847030564,-878.9619701777701,-379.09751900580363,-499.8644511719665,74921.82906452693,69976.553125,65031.27718547309,0.011167073154841889,0.005605423822415023,-0.06476574238866128,0.9530541636334705,0.9706170596018379,1.0184280145227105,0.019654689712351518,0.021629269656228686,0.9717557515344278,0.16785394256338781,-0.05432501622097796,0.02311941479563351,1
2026-03-31 00:00:00+00:00,66694.5859375,68495.2734375,65950.4375,68233.3125,42997691338,69877.974609375,68672.60828125,47.23743096197277,-821.8973620206671,-467.65748760877636,-354.2398744118907,74882.33546590811,69877.974609375,64873.61375284189,0.02311941479563351,0.034544664146795245,-0.008115995224709405,0.976463798234439,0.9936030421408948,1.0175523597878853,0.023076501671529626,0.022326681440532823,1.1116648172675692,0.3356771067749919,-0.0069596905086085625,-0.002268068291422898,0
2026-04-01 00:00:00+00:00,68232.890625,69230.359375,67555.359375,68078.5546875,36465393617,69757.229296875,68658.30015625,46.82072008052916,-780.1676242961985,-530.1595149462609,-250.00810934993763,74815.30738084328,69757.229296875,64699.15121290671,-0.002268068291422898,0.02079891009259649,0.026231870881672892,0.9759354746985314,0.9915560759961922,1.0160057726177911,0.022089281883129204,0.022292568395647597,0.9481794659245204,0.3340600341169503,0.0034393547720701356,-0.017479577533077273,0
2026-04-02 00:00:00+00:00,68077.8984375,68633.1484375,65725.2578125,66888.5703125,39323384518,69553.24453125,68656.2321875,43.63329530314252,-833.5101146910456,-590.8296348952179,-242.68047979582775,74733.26954094734,69553.24453125,64373.219521552666,-0.017479577533077273,-0.019708000948949977,0.008577768599802083,0.9616887143553342,0.974253438927838,1.0130652719377355,0.019011367061986348,0.022478256171138345,1.0523803764484605,0.2427933056537794,-0.056776380831679574,0.0006358522809097877,1
2026-04-03 00:00:00+00:00,66889.015625,67296.234375,66281.5390625,66931.1015625,22815543346,69339.068359375,68670.41734375,43.78060779403823,-862.4111671121791,-645.1459413386101,-217.265225773569,74583.67763717672,69339.068359375,64094.45908157329,0.0006358522809097877,-0.016854839681411216,0.014800710238882298,0.9652725821986122,0.9746715420041305,1.00973710429453,0.012832400247771972,0.02244609599004036,0.6101598347212019,0.2704341096421671,-0.05086311246951403,0.005369911059425414,1
2026-04-04 00:00:00+00:00,66938.6484375,67515.015625,66769.640625,67290.515625,15878814963,69064.0984375,68639.07078125,45.08667718883117,-846.5551870476775,-685.4277904804236,-161.12739656725387,74120.18833187154,69064.0984375,64008.00854312845,0.005369911059425414,0.006009177810530675,0.008982715994426238,0.9743197572599168,0.9803529514473208,1.0061922116866142,0.012890888639088277,0.021767286813903518,0.431640733375744,0.32460924849513106,-0.05636479866428057,0.02513553056906015,1
2026-04-05 00:00:00+00:00,67291.1953125,69087.65625,66610.6328125,68981.8984375,22972648674,68770.1390625,68623.35625,50.870964728608065,-689.5599334410363,-686.2542190725462,-3.305714368490044,73027.70605555516,68770.1390625,64512.572069444854,0.02513553056906015,0.03064041719207289,0.010970974588109028,1.0030792343579171,1.0052247836173125,1.00213896289137,0.0149043023638312,0.021520569114743888,0.6534280568295899,0.5248685898948169,0.002765938986032168,-0.0017695992030517527,0
2026-04-06 00:00:00+00:00,68982.9140625,70305.421875,68347.078125,68859.828125,39542143229,68517.006640625,68624.7890625,50.45786600235188,-568.4375239664369,-662.6908800513244,94.25335608488751,72019.86581205431,68517.006640625,65014.14746919568,-0.0017695992030517527,0.023321451551144845,0.011476057931697703,1.0050034509851418,1.003424987758956,0.9984293952178587,0.01503435885537639,0.021426560141268557,1.140884766279444,0.5489345228565266,0.03800896728326553,0.04474125312086663,1
2026-04-07 00:00:00+00:00,68859.375,72732.4296875,67740.5078125,71940.703125,44650511480,68551.762890625,68686.74,59.41549110452053,-221.2953225379897,-574.4117685486575,353.1164460106678,72180.16087303548,68551.762890625,64923.364908214535,0.04474125312086663,0.04289247983194877,0.07553058450639161,1.0494362229572722,1.0473739636646024,0.9980348884024048,0.02063330457580687,0.0225056817179912,1.2912136426713907,0.9670022763219047,0.08475623698229717,-0.011361353371537541,0
2026-04-08 00:00:00+00:00,71950.1484375,72825.1875,70707.46875,71123.359375,42444631703,68612.29140625,68759.3228125,56.49699656650321,-11.997141105006449,-461.9288430599273,449.93170195492087,72374.21935060479,68612.29140625,64850.36346189523,-0.011361353371537541,0.03287157856233747,0.06263542231686237,1.036597931905263,1.0343813240998097,0.9978616513334354,0.02163241663974482,0.022230124253227995,1.2313168368474776,0.8337474834570058,0.07836318129214681,0.009061281070850802,1
2026-04-09 00:00:00+00:00,71120.5703125,73107.265625,70486.359375,71767.828125,38799581473,68674.553515625,68866.17296875,58.2388570654613,203.53024766562157,-328.83702491481756,532.3672725804391,72606.95974858712,68674.553515625,64742.14728266288,0.009061281070850802,-0.0024030207169315476,0.06653705144646826,1.0450425150368283,1.0421346944539331,0.9972175097749085,0.01888741430196679,0.022236377130335962,1.1247575454578855,0.8933055775680839,0.07611745087714472,0.016876904061948084,1
2026-04-10 00:00:00+00:00,71774.3671875,73440.1171875,71434.828125,72979.046875,37722595732,68887.9296875,68986.6034375,61.36947550431006,466.69274316779047,-169.73107129829594,636.4238144660865,73266.58239307618,68887.9296875,64509.27698192382,0.016876904061948084,0.02609111150410981,0.05794488884821791,1.0593880118920507,1.0578727352639856,0.9985696679488011,0.018501878703737266,0.021563915269812686,1.0678237224423819,0.9671662110002457,0.0695515753393916,0.0010307967248304184,1
2026-04-11 00:00:00+00:00,72976.125,73784.234375,72556.3359375,73054.2734375,23287073965,69148.3828125,69087.58046875,61.56220560017332,673.5567290379258,-1.0735112310516115,674.6302402689774,73871.99180176262,69148.3828125,64424.77382323738,0.0010307967248304184,0.01792509744421089,0.06091280542968969,1.056485639520899,1.0574154275173122,1.0008800763225092,0.018853021759027252,0.021249828619009665,0.6656195016071729,0.9134434744576234,0.07308790224528083,-0.031495312720733026,0
2026-04-12 00:00:00+00:00,73056.046875,73154.03125,70540.5703125,70753.40625,29882740487,69140.31015625,69142.57328125,52.87338096914286,644.4088314542751,128.02295730601372,516.3858741482613,73851.74409552751,69140.31015625,64428.87621697247,-0.031495312720733026,-0.030496981261102563,-0.01650382639348158,1.023330761607875,1.0232972666810887,0.9999672687189294,0.02376676216442124,0.020302238654215363,0.8813858034453635,0.6711895056303572,0.057780214458818424,0.05273575609654846,1
2026-04-13 00:00:00+00:00,70757.6171875,74896.3125,70588.5234375,74484.640625,52278211554,69338.64921875,69279.07828125,62.19242468977815,911.8767953821371,284.79372492123844,627.0830704608986,74596.5476385151,69338.64921875,64080.750798984904,0.05273575609654846,0.019579514245990248,0.047259877479599144,1.0742153397020382,1.0751390242609342,1.0008598690828154,0.02977946728295144,0.023397538388183457,1.5149107869606153,0.9893581993620849,0.11285544218103949,-0.004068372317531099,0
2026-04-14 00:00:00+00:00,74478.3984375,76061.7578125,73877.203125,74181.609375,53540826530,69482.235546875,69470.375703125,61.135083511301495,1086.8662765748304,445.2082352519568,641.6580413228736,75110.58980827434,69482.235546875,63853.88128547567,-0.004068372317531099,0.048452835088770074,0.03363319349438654,1.0676341771553197,1.0678164415290916,1.0001707180021695,0.02624609400232503,0.023364288735636805,1.5117842025418649,0.9174731733176856,0.10240809846669974,0.008404626904874313,1
2026-04-15 00:00:00+00:00,74182.0234375,75409.2734375,73549.203125,74805.078125,38090174312,69782.908203125,69684.87640625,62.545957768982056,1261.3157558389066,608.4297393693467,652.8860164695599,75878.97932433989,69782.908203125,63686.83708191011,0.008404626904874313,0.00430206143590417,0.025021308556244515,1.0719684812684562,1.0734765128792103,1.0014067872676347,0.02527768400856309,0.021648598242382616,1.0768435584923772,0.9119185801816998,0.08441605434759092,0.004639453579876829,1
2026-04-16 00:00:00+00:00,74810.875,75506.5703125,73346.265625,75152.1328125,41312783855,70223.59609375,69828.7165625,63.34367217338969,1411.3040037712926,769.0045922497359,642.2994115215567,76541.48285529231,70223.59609375,63905.7093322077,0.004639453579876829,0.013083073361132458,0.028716449788454668,1.0701834852229768,1.0762353443118962,1.0056549733503488,0.02528760390842541,0.019489366625946136,1.1765490016902522,0.890046300667381,0.09137845473673978,0.02627659540184779,1
2026-04-17 00:00:00+00:00,75164.0390625,78320.6796875,74558.6015625,77126.875,54137194839,70763.955078125,70022.17859375,67.57542423197066,1670.2622186325898,949.2561175263068,721.006101106283,77510.09789938804,70763.955078125,64017.812256861966,0.02627659540184779,0.031037958026328916,0.09008002706583462,1.089917528137739,1.1014635155451182,1.0105934505219925,0.02614237410118687,0.019907944706271857,1.4721538739365332,0.971596888063193,0.07208953554413844,-0.01816051878803593,0
2026-04-18 00:00:00+00:00,77136.046875,77416.703125,75504.9453125,75726.2109375,26014416776,71252.51953125,70219.066875,62.09938185419455,1742.38149630306,1107.8811932816575,634.5003030214025,77947.33893373018,71252.51953125,64557.70012876982,-0.01816051878803593,0.007638880009330995,0.016668809865792333,1.0627864310719275,1.0784280439428724,1.0147175504067818,0.027964513251849638,0.02054301039142372,0.7032336034786609,0.8341159139104385,0.06471645325737962,-0.024692366775663332,0
2026-04-19 00:00:00+00:00,75723.6953125,76243.09375,73802.3828125,73856.3515625,30931515195,71610.76484375,70356.27671875,55.61953132472125,1629.866433266492,1212.2782412786244,417.58819198786773,78039.44452469,71610.76484375,65182.085162810006,-0.024692366775663332,-0.04240445937294879,-0.0043846152063885535,1.0313582283843739,1.049747869088377,1.0178305075752492,0.026547832665931574,0.021704147534761388,0.8438692315266489,0.6746538037513209,0.029101109676363146,0.027298557704868998,1
2026-04-20 00:00:00+00:00,73854.25,76575.359375,73775.5703125,75872.5234375,39674447916,71992.725390625,70558.96515625,60.41579378817848,1683.9738533003256,1306.6173636829647,377.3564896173609,78483.93655618269,71992.725390625,65501.51422506731,0.027298557704868998,0.0019321249299104615,0.014269690497699772,1.0538915289819024,1.0753066356554881,1.0203200292294536,0.020118283720949377,0.021903563901357812,1.087321748921145,0.7988500872888852,0.03964804538288913,0.0063296958930805225,1
2026-04-21 00:00:00+00:00,75872.828125,76881.4765625,74852.671875,76352.7734375,36453522626,72406.436328125,70710.50359375,61.48357322124921,1745.4856626909313,1394.391023484558,351.09463920637336,78901.96204749201,72406.436328125,65910.91060875799,0.0063296958930805225,0.033801045166541144,0.015976135075175035,1.054502573382998,1.079793942299807,1.023984169934902,0.01990820388427315,0.0218263746730625,0.9990650112100524,0.8037734957779193,0.045151362744329626,0.024233934691509473,1
2026-04-22 00:00:00+00:00,76354.21875,79468.0,76159.578125,78203.1015625,48336654537,72972.162890625,70908.69265625,65.36057777083832,1921.3916240346734,1499.7911435945812,421.60048044009227,79414.86353169668,72972.162890625,66529.46224955331,0.024233934691509473,0.03071702402148002,0.013953975997341939,1.0716840294252405,1.1028704469508657,1.0291003846930058,0.021302409449286498,0.02145700059117755,1.3085781523590339,0.9059585384526637,0.10529097759869344,0.0008420581944230676,1
2026-04-23 00:00:00+00:00,78203.875,78676.9375,77014.453125,78268.953125,40354900916,73539.05546875,71019.86015625,65.49370004587317,2042.5666001696954,1608.3462349096042,434.2203652600913,79734.11429398957,73539.05546875,67343.99664351043,0.0008420581944230676,0.02509639926922258,0.033578098732533146,1.0643181725152826,1.1020713495183088,1.0354717019571362,0.021407584427831097,0.021453294109683205,1.0671588860510766,0.8817475983423849,0.05080661554175281,-0.010395445352393673,0
2026-04-24 00:00:00+00:00,78263.8203125,78554.09375,77318.4453125,77455.3125,32784213526,74047.2953125,71152.14390625,62.30750975745975,2049.3213424387795,1696.5412564154394,352.7800860233401,79730.61800556628,74047.2953125,68363.97261943373,-0.010395445352393673,-0.009562140727914281,0.04872920014813387,1.0460248706332516,1.0885871914422571,1.040689587794637,0.020069044274455033,0.021843863474216973,0.8480019673450254,0.799826120348385,0.04413092614978065,0.0020231423764509593,1
2026-04-25 00:00:00+00:00,77457.2109375,77882.640625,77184.6640625,77612.015625,16702933134,74478.801171875,71341.654375,62.68403712793477,2043.7599642457499,1765.9849979815015,277.7749662642484,79844.3988818637,74478.801171875,69113.20346188631,0.0020231423764509593,-0.008393334441957223,0.022926510266037203,1.0420685403608265,1.0878920079010292,1.0439735638927705,0.01826302167953934,0.021457651341659473,0.43557278922532733,0.7919725464408321,0.037523354969425826,0.013471154293320797,1
2026-04-26 00:00:00+00:00,77613.1171875,78923.5625,77334.890625,78657.5390625,21482934750,74968.68671875,71569.35328125,65.18307550132172,2099.5156263253302,1832.6911236502674,266.82450267506283,79949.49239247317,74968.68671875,69987.88104502684,0.013471154293320797,0.015521550732882305,0.03018574861444434,1.0492052416175965,1.0990393996351366,1.0474970539993766,0.013449606216110774,0.02143304705845354,0.5737336086038584,0.8703067922536083,0.0466441352868292,-0.01641182876919478,0
2026-04-27 00:00:00+00:00,78661.015625,79488.171875,76481.34375,77366.625,38135631927,75239.9828125,71797.29015625,59.85323578080852,2016.293833779986,1869.4116656762112,146.8821681037748,80116.33631322379,75239.9828125,70363.62931177623,-0.01641182876919478,-0.0031617607534594194,-0.010696207001860247,1.0282647883213856,1.0775702652792276,1.0479501754001828,0.013743861353100939,0.020067462026921435,1.0274064622719759,0.7180566059438004,0.003108514379715155,-0.013131671764148978,0
2026-04-28 00:00:00+00:00,77368.1171875,77483.8671875,75673.6015625,76350.671875,32056900880,75501.3484375,71956.2559375,55.974162970603395,1847.0691734236025,1864.9431672256896,-17.87399380208717,79993.92039627934,75501.3484375,71008.77647872065,-0.013131671764148978,-0.02932798578489726,-0.024508840011394972,1.0112491161426485,1.0610706585584013,1.049267328515247,0.014851234654240106,0.02014177233592341,0.8758964318753989,0.5945253014634816,0.008246298471415558,-0.007525003361340765,0
2026-04-29 00:00:00+00:00,76350.6875,77884.96875,74958.5703125,75776.1328125,41460907886,75701.763671875,72073.24015625,53.84873506922439,1647.6043527919828,1821.4754043389485,-173.87105154696565,79836.42385719543,75701.763671875,71567.10348655457,-0.007525003361340765,-0.020557859251324473,-0.02167933526186472,1.0009823964068705,1.051376802932994,1.0503449478302709,0.01044298719941247,0.020252448075694193,1.1287399291284756,0.5089933800229869,0.02599344821921523,0.00697036758667724,1
2026-04-30 00:00:00+00:00,75778.6328125,76611.484375,75318.984375,76304.3203125,29497862305,75868.02734375,72195.22890625,55.52085877567685,1514.686993575844,1760.1177221863277,-245.43072861048358,79804.36911608046,75868.02734375,71931.68557141954,0.00697036758667724,-0.0006070878141830605,-0.01684913478885053,1.005750682916444,1.0569163844827738,1.05087314623338,0.011190400698424677,0.02001270385865003,0.8121480936746033,0.5554185832918287,0.005691083615476433,0.024568460603834108,1
2026-05-01 00:00:00+00:00,76305.0546875,78894.9765625,76294.6953125,78179.0,39164328894,76124.263671875,72348.9396875,60.93135154319167,1542.835168764621,1716.6612115019866,-173.8260427373657,79955.17612500368,76124.263671875,72293.35121874632,0.024568460603834108,0.03171007939195891,-0.006083829575697308,1.0269918713037633,1.0805825259870019,1.0521821605220745,0.014843574233335073,0.020609960194361395,1.0552254559255416,0.7681784500774628,0.023918274088561953,0.006117371672699878,1
2026-05-02 00:00:00+00:00,78177.75,79119.7890625,78031.9609375,78657.25,16761531851,76519.455859375,72502.719375,62.194763477838926,1585.4574123596394,1690.4204516735174,-104.96303931387797,79568.41949876166,76519.455859375,73470.49221998833,0.006117371672699878,0.03083612668147384,0.016681934878250093,1.0279379161366982,1.0848868935959135,1.055401183831458,0.014951411424782683,0.018883138361170233,0.4597415776476898,0.8505771785876468,0.00580729444774053,-0.00151319093281288,0
2026-05-03 00:00:00+00:00,78656.7265625,79402.359375,78073.078125,78538.2265625,20544392639,76722.13515625,72649.19140625,61.66034101578431,1591.2882701636117,1670.5940153715364,-79.3057452079247,79740.3338424325,76722.13515625,73703.9364700675,-0.00151319093281288,0.0045949239885392235,0.028651413717503793,1.023671022743976,1.0810612622419824,1.056063166996923,0.014084267246267664,0.015292128313803555,0.5891388315827082,0.800856834668336,0.003440360791206132,0.016421044171065935,1
2026-05-04 00:00:00+00:00,78540.2890625,80742.359375,78217.9609375,79827.90625,54325085296,77004.45,72789.95125,65.15427315002523,1680.6026977004658,1672.5957518373225,8.0069458631433,80077.85870732002,77004.45,73931.04129267998,0.016421044171065935,0.014883005063106136,0.05347031165506544,1.0366661439696019,1.0966885521852854,1.057899458340412,0.013198385787626074,0.015495302204342176,1.5560970380340686,0.9593362808004189,0.03063177558027408,0.013768974900303155,1
2026-05-05 00:00:00+00:00,79823.53125,81751.453125,79787.578125,80927.0546875,39700107376,77310.548828125,72911.270625,67.8438813051728,1819.1075781330292,1701.898117096464,117.20946103656524,80667.97284627563,77310.548828125,73953.12480997437,0.013768974900303155,0.030416120016397263,0.06058286550575187,1.0467789443251156,1.109938888649014,1.0603374233560066,0.010906523106377675,0.01562529623967844,1.1345606437711089,1.0385834258383422,0.042712961850100095,0.006184292316489204,1
2026-05-06 00:00:00+00:00,80930.734375,82792.2109375,80751.0234375,81427.53125,41751540000,77624.31875,73061.37171875,69.01656563316806,1946.8162834219984,1750.8817503615708,195.9345330604276,81291.10163556552,77624.31875,73957.5358644345,0.006184292316489204,0.020038418582474016,0.041552478926565994,1.0489951159796813,1.1145086566873608,1.0624536184293814,0.008545334191101405,0.01563214634316082,1.1924394587997023,1.018603448675888,0.03521585115063175,-0.017408596831308243,0
2026-05-07 00:00:00+00:00,81428.8515625,81684.953125,79522.65625,80009.9921875,36931193154,77768.474609375,73236.66,62.107812049892,1911.6069816293311,1783.026796615123,128.58018501420815,81576.8733251512,77768.474609375,73960.0758935988,-0.017408596831308243,-0.011331964366443792,0.017197933915818364,1.0288229592953182,1.0924855419061983,1.0618790454039684,0.013618726518265026,0.015425996540878837,1.0813375590030379,0.7942860957335647,0.03416676360769255,0.0022093920105095144,1
2026-05-08 00:00:00+00:00,80009.625,80447.265625,79205.515625,80186.765625,33789351540,77991.50234375,73442.13953125,62.61045910922615,1876.3382361321856,1801.6890845185358,74.64915161364979,81818.71767942795,77991.50234375,74164.28700807206,0.0022093920105095144,-0.015237667235551866,0.020990276132452523,1.0281474675481221,1.091835915140791,1.0619448567475929,0.01118179073970494,0.014682917323733627,0.9782106906097693,0.7867964157628368,0.05024309093547186,0.0059561145630133705,1
2026-05-09 00:00:00+00:00,80187.7421875,81030.0625,80119.9296875,80664.3671875,18102086996,78331.903125,73644.97515625,63.99993237462951,1865.42252614288,1814.4357728434047,50.98675329947537,81805.2080117825,78331.903125,74858.5982382175,0.0059561145630133705,0.008178665965452137,0.010478302348058799,1.0297766806300865,1.0953139303307142,1.0636421963454519,0.011176103640572168,0.013165022596841372,0.5339765754204299,0.835770129391187,0.06450889209529098,0.01828022150812214,1
2026-05-10 00:00:00+00:00,80665.609375,82430.171875,80274.1328125,82138.9296875,26965971077,78645.2234375,73913.52328125,67.95896214182514,1953.240872719427,1842.1967928186093,111.04407990081768,82309.69820877965,78645.2234375,74980.74866622034,0.01828022150812214,0.024345215164675027,0.014974905545242612,1.044423629271986,1.1112841878062194,1.0640167041996536,0.012113789759702757,0.012479668284399881,0.8106384468198522,0.9766994546369853,0.07646499373960336,-0.004999247178679611,0
2026-05-11 00:00:00+00:00,82139.046875,82326.234375,80451.421875,81728.296875,32409774919,78913.999609375,74191.185,65.78918511979649,1967.0282318865939,1867.1630806322064,99.86515125438746,82658.18767023188,78913.999609375,75169.8115485181,-0.004999247178679611,0.013189586983642476,0.0036936601218644505,1.0356628390343388,1.1015903961501625,1.0636573551072812,0.011889631482845529,0.012626963894179513,0.9802455331724007,0.8758221034683992,0.045399619782806155,-0.015304426194186482,0
2026-05-12 00:00:00+00:00,81725.3515625,81753.03125,79832.1015625,80477.4921875,32186688600,79027.719140625,74382.43765625,59.55204395170502,1855.6347264547367,1864.8574097967125,-9.22268334197588,82818.85771393256,79027.719140625,75236.58056731745,-0.015304426194186482,-0.020227162763393536,0.005843020193083248,1.0183451207075231,1.0819421186411986,1.0624513209131792,0.01272370468836448,0.012297993476371229,0.99786924833281,0.6912054939223901,0.023141441984050992,-0.014915661104390687,0
2026-05-13 00:00:00+00:00,80476.7890625,81276.671875,78725.5078125,79277.1171875,34075428359,79078.12734375,74557.6228125,54.237757983913035,1651.4573677664885,1822.177401390668,-170.72003362417945,82853.56400082604,79078.12734375,75302.69068667397,-0.014915661104390687,-0.029991811664067503,-0.011344121818730568,1.0025163702079716,1.063299957763792,1.0606310174697806,0.01330004796107869,0.012835788974062616,1.0668092886875389,0.5263532223984001,0.00940803806426671,0.022378876470797504,1
2026-05-14 00:00:00+00:00,79276.9453125,82005.9609375,78909.6796875,81051.25,43731663431,79257.92421875,74752.45015625,59.92928968743485,1614.1955889621313,1780.5810389049607,-166.38544994282938,83050.41752289383,79257.92421875,75465.43091460619,0.022378876470797504,0.007129419629071432,0.004796204643875868,1.0226264540602963,1.084262118908264,1.060271924907913,0.014891769901391818,0.013421019015564122,1.3460528622086745,0.7364309752756241,0.015324763074316516,-0.024497713637975926,0
2026-05-15 00:00:00+00:00,81046.8671875,81634.84375,78635.3671875,79065.6796875,38183347368,79330.607421875,74957.93125,52.11689422902297,1408.213422930654,1706.1075157100995,-297.8940927794456,83045.20343574896,79330.607421875,75616.01140800104,-0.024497713637975926,-0.002667068474499712,-0.037415267178331546,0.9966604600294293,1.0548007178026275,1.0583350700713876,0.01792468586088956,0.014704541195678208,1.1376674736885333,0.4643396302874527,-0.023000651725034404,-0.0118160267665125,0
2026-05-16 00:00:00+00:00,79066.0,79173.5,77630.734375,78131.4375,25895799905,79304.30234375,75193.7925,48.88763433875897,1156.256925493668,1596.1373976668133,-439.88047217314534,83046.3172861181,79304.30234375,75562.2874013819,-0.0118160267665125,-0.036024274764423714,-0.04400996365434173,0.9852105773698616,1.0390676530911778,1.0546655476082019,0.017889755791336805,0.014665679556851264,0.7665225761085401,0.3432843185003749,-0.040478861380191966,-0.008985959556932488,0
2026-05-17 00:00:00+00:00,78133.5859375,78539.3984375,76783.4140625,77429.3515625,20900166465,79307.438671875,75415.985625,46.55315991951852,889.6715387496806,1454.8442258833868,-565.1726871337062,83042.71461883909,79307.438671875,75572.16272491092,-0.008985959556932488,-0.02069580798479742,-0.037875690980756604,0.9763189034871576,1.02669680599961,1.0515998433836686,0.014833049081414957,0.014324564347733071,0.6348445667181627,0.24860128996607977,-0.03225397921490081,-0.006136945201154598,0
2026-05-18 00:00:00+00:00,77426.34375,77749.3203125,76029.2265625,76954.171875,41520471808,79337.613671875,75635.970625,44.987371792561376,632.7635650755983,1290.428093721829,-657.6645286462308,82980.93617269098,79337.613671875,75694.29117105903,-0.006136945201154598,-0.01506775841670649,-0.02930158657265436,0.9699582368744735,1.0174282320846464,1.0489402465029185,0.01479697010348642,0.01406660067354529,1.2433183050680885,0.1729027149886955,-0.04031330762382279,-0.002641385386229267,0
2026-05-19 00:00:00+00:00,76954.75,77346.8671875,76082.3671875,76750.90625,26031898332,79386.35234375,75837.15984375,44.30095535063469,408.0564866691275,1113.9537723112887,-705.8972856421613,82850.75613465233,79386.35234375,75921.94855284767,-0.002641385386229267,-0.008762120550013464,-0.05305709350565224,0.9668022775207219,1.0120487951834247,1.046800176949038,0.014594598661611032,0.013962189388453736,0.79795088157969,0.11963930118787135,-0.04851536154003877,0.009209887179670861,1
2026-05-20 00:00:00+00:00,76749.453125,77775.5703125,76463.6484375,77457.7734375,26668360936,79444.025,76021.6490625,47.31167301327989,283.7419816592883,947.9114141808886,-664.1694325216004,82725.99864163667,79444.025,76162.05135836331,0.009209887179670861,0.006544174932036517,-0.02033633627580389,0.9749981000773816,1.0188909921411902,1.0450184385593417,0.015157652807489118,0.014023700597348495,0.8210206954807573,0.19739983019646143,-0.05699071399894784,0.0010508749979196708,1
2026-05-21 00:00:00+00:00,77462.5078125,78100.5625,76655.4375,77539.171875,27141485404,79412.03359375,76210.86140625,47.66250416801707,189.60437324234226,796.2500059931795,-606.6456327508372,82757.78110212728,79412.03359375,76066.28608537273,0.0010508749979196708,0.01027044061776139,-0.007580375377068904,0.9764158952491879,1.0174294115594535,1.0420041465013212,0.010620658355335629,0.012868050380493459,0.8513422090705469,0.22011311163489955,-0.05125672698657957,-0.02645023976792371,0
2026-05-22 00:00:00+00:00,77538.1171875,77819.453125,75323.875,75488.2421875,27859040109,79253.583203125,76382.85484375,40.36878824674116,-49.91782350302674,627.0164400939383,-676.934263596965,83023.15488205182,79253.583203125,75484.01152419818,-0.02645023976792371,-0.025427160665665083,-0.025069425687146096,0.9524899586435792,0.9882877818840362,1.037583412733753,0.011189867349648904,0.01401817697846328,0.8589007294819475,0.000561159683667369,-0.06199559484751127,0.015699464786268935,1
2026-05-23 00:00:00+00:00,75488.3125,77288.1171875,74255.234375,76673.3671875,29973220002,79160.340234375,76577.70015625,45.55366797381801,-142.4689141325798,473.1193692486347,-615.5882833812145,83093.13969509854,79160.340234375,75227.54077365148,0.015699464786268935,-0.011166029589479654,-0.0036489858919686036,0.9685830930045062,1.001249280548447,1.0337257461748703,0.0136002354404173,0.01456480334604824,0.9108426140347295,0.18381644275125728,-0.03284365138860712,0.004013881531345742,1
2026-05-24 00:00:00+00:00,76670.65625,77372.5390625,76019.890625,76981.125,20572738918,79018.001171875,76771.51234375,46.84616416768004,-188.80639423684624,340.73421655153857,-529.5406107883848,83053.78731638442,79018.001171875,74982.21502736559,0.004013881531345742,0.01977636210937228,0.00299955741564939,0.9742226310249924,1.002730344236433,1.029262010862391,0.013471085089637649,0.014033808790500778,0.6589704476420989,0.24764815342778748,-0.0502166838882806,0.0038815318365379436,1
2026-05-25 00:00:00+00:00,76981.125,77804.921875,76833.0390625,77279.9296875,19808387601,78835.644921875,76937.47296875,48.133554185679166,-199.12277657791856,232.76281792564714,-431.8855945035657,82837.67829165656,78835.644921875,74833.61155209345,0.0038815318365379436,0.00791099337683554,-0.0022960090654232657,0.9802663473367067,1.0044511043258348,1.0246716181319862,0.01333495985895218,0.0136277282334458,0.6553658556683505,0.3056343999875339,-0.022585652928780453,-0.01881724424932052,0
2026-05-26 00:00:00+00:00,77280.125,77990.8671875,75569.46875,75825.734375,35999475458,78555.555078125,77076.79109375,42.711760173983336,-320.9403913570859,122.02217606910055,-442.96256742618647,82577.86046687764,78555.555078125,74533.24968937237,-0.01881724424932052,-0.015008752145412307,-0.02209770182691939,0.9652498069625993,0.9837686974120613,1.0191855935281005,0.015268031105676776,0.01395941101281896,1.2024946259826417,0.16066466375747301,-0.02951056832916965,-0.019532039646005694,0
2026-05-27 00:00:00+00:00,75825.3046875,76014.296875,74136.5,74344.703125,33802172927,78272.290625,77124.87109375,38.01521312598707,-530.8690451999282,-8.556068184705211,-522.312977015223,82645.92165652884,78272.290625,73898.65959347115,-0.019532039646005694,-0.037981744734619904,-0.015148571875069572,0.9498214825624953,0.9639523809982057,1.014877425595373,0.01572485994152062,0.014078613538804357,1.1350294850523799,0.05099235947355738,-0.039838231565327176,-0.010870289388891785,0
2026-05-28 00:00:00+00:00,74339.5703125,74460.125,72493.4140625,73536.5546875,40148145327,77939.780078125,77173.135,35.7078971067602,-753.7609536785167,-157.5970452834675,-596.1639083950491,82695.09389184882,77939.780078125,73184.46626440117,-0.010870289388891785,-0.03019001011159017,-0.04091137007624979,0.9435047752737907,0.952877639187523,1.0099340927140643,0.015511385726967199,0.014099751779512034,1.333877886229567,0.037020524500686346,-0.04441107095598906,-0.00223060831034394,0
2026-05-29 00:00:00+00:00,73537.03125,74218.5625,72435.625,73372.5234375,34457929250,77575.187890625,77205.22890625,35.24036632870714,-932.8866118463193,-312.6549585960379,-620.2316532502814,82563.37823876903,77575.187890625,72586.99754248098,-0.00223060831034394,-0.013076650341389051,-0.04687644617430575,0.9458246306918336,0.9503569185268003,1.0047918902594568,0.013073722812627201,0.01390613532900369,1.1145442897459572,0.07873856450879947,-0.04401749735039773,0.0052105676905831455,1
2026-05-30 00:00:00+00:00,73370.8515625,74020.7578125,73125.234375,73754.8359375,19563589191,77155.983203125,77220.7446875,37.30091887725993,-1032.0981775123073,-456.54360237929177,-575.5545751330155,81934.05598056685,77155.983203125,72377.91042568315,0.0052105676905831455,0.0029683366446471293,-0.04561460866041889,0.9559185545381367,0.955116869643954,0.9991613460264197,0.010855228656980766,0.01305361531973366,0.6404529519900761,0.14408795930417462,-0.04780588617084203,-0.002374738351372918,0
2026-05-31 00:00:00+00:00,73753.75,74153.5,73315.015625,73579.6875,17445435650,76748.552734375,77231.25296875,36.72440922609831,-1112.0381891877914,-587.6425197409917,-524.3956694467997,81267.6641833887,76748.552734375,72229.4412853613,-0.002374738351372918,0.0028234556042829873,-0.02962116876959031,0.9587110750434296,0.9527190699569832,0.9937499365111904,0.010171225752984304,0.01306984875464063,0.5854512470534202,0.14939288728245353,-0.051064310841274385,-0.030713830668280595,0
2026-06-01 00:00:00+00:00,73580.2109375,73969.5703125,70599.5078125,71319.7734375,43378836121,76290.666796875,77242.5803125,30.231773742887455,-1342.2744974613306,-738.5689152850596,-603.705582176271,81067.35831748972,76290.666796875,71513.97527626027,-0.030713830668280595,-0.033015631708048,-0.04068789786427707,0.9348427066103633,0.9233219960928529,0.987676311280982,0.012489078419689105,0.014112191490864495,1.4289152158323826,-0.0203280699540841,-0.05522010619410411,-0.06472422674681189,0
2026-06-02 00:00:00+00:00,71321.03125,71334.953125,66127.265625,66703.65625,54990073882,75661.99375,77086.960625,21.766733219124248,-1875.5997625193704,-965.9750847319217,-909.6246777874487,81876.86561195843,75661.99375,69447.12188804155,-0.06472422674681189,-0.0934501284746555,-0.09291839230892718,0.8816005625016986,0.8653040113293479,0.9815148130961868,0.02390761446057961,0.01924387828186578,1.7510748142495651,-0.2207177958756039,-0.13002834365053628,-0.04031696632071802,0
2026-06-03 00:00:00+00:00,66694.0078125,67402.9296875,64009.67578125,64014.3671875,47411556213,74810.149609375,76883.61578125,18.514238435227483,-2486.603017764064,-1270.1006713383504,-1216.5023464257138,82426.9918346244,74810.149609375,67193.30738412561,-0.04031696632071802,-0.10243170859764417,-0.1275430612383318,0.8556909392877072,0.8326139000750731,0.9730311048614773,0.02539018792134419,0.019068926146322267,1.5009543742395812,-0.2086783540091988,-0.16844074196759273,-0.0033241439086123536,0
2026-06-04 00:00:00+00:00,64020.0703125,64664.4453125,61335.75,63801.57421875,63800151780,74046.9443359375,76663.545703125,18.281462139327687,-2953.946853223417,-1606.8699077153638,-1347.076945508053,82836.9734496887,74046.9443359375,65256.915222186304,-0.0033241439086123536,-0.04350709083132154,-0.13495063194479096,0.8616368277034347,0.832228324865351,0.9658690275385888,0.026036983580268878,0.018899386375420886,1.9410759576864394,-0.08278362816566537,-0.1744095203405719,-0.04512280904119048,0
2026-06-05 00:00:00+00:00,63807.69140625,63901.515625,59108.91796875,60922.66796875,71465606706,73186.505859375,76378.95640625,15.451071192071879,-3516.092557891301,-1988.7144377505515,-1527.3781201407496,83525.63301854316,73186.505859375,62847.378700206835,-0.04512280904119048,-0.04829695823898905,-0.1720178484211421,0.832430340175148,0.7976368208634593,0.9582024853822988,0.026264148137641836,0.02042769970651014,2.033338111213869,-0.09307897571170254,-0.19654364747126785,-0.0009069515189049637,0
2026-06-06 00:00:00+00:00,60924.4765625,61491.703125,59496.625,60867.4140625,30898464957,72358.408984375,76053.7671875,15.401784837343214,-3920.858392441456,-2375.1432286887325,-1545.7151637527236,83854.92341098087,72358.408984375,60861.89455776912,-0.0009069515189049637,-0.045988836359898255,-0.1465562616258136,0.8411933722263524,0.8003208297682329,0.9514112404975995,0.025133496926869784,0.020573105103701497,0.8667936493300924,0.00024005122448710102,-0.1812810932856893,0.03897168140434348,1
2026-06-07 00:00:00+00:00,60866.94140625,64128.04296875,60724.06640625,63239.51953125,36006496194,71672.6763671875,75804.033359375,26.2745766315536,-4004.0726881865558,-2700.9291205882973,-1303.1435675982584,83641.3660697447,71672.6763671875,59703.98666463028,0.03897168140434348,0.038029384459794535,-0.051933235949865986,0.8823379108555477,0.8342500620176948,0.9454995096025908,0.03481830059106146,0.023487597602301867,1.0179621778698358,0.14769924505037174,-0.14002607546693135,-0.0023550097882448773,0
2026-06-08 00:00:00+00:00,63244.0859375,64185.765625,62384.66796875,63090.58984375,34133252457,70989.660546875,75588.718125,26.04822172232211,-4035.5190466684726,-2967.847105804333,-1067.6719408641397,83292.58155919952,70989.660546875,58686.739534550485,-0.0023550097882448773,0.03652489292492689,-0.014430781468857234,0.8887292791334143,0.8346561683903407,0.9391568253542864,0.03513137736773258,0.02349208535926708,0.9540765219653693,0.17897580195743493,-0.14013329666258967,-0.022932240724538477,0
2026-06-09 00:00:00+00:00,63092.890625,63486.08984375,60756.6875,61643.78125,40144449754,70198.9609375,75304.14328125,23.89460446835264,-4129.582616528467,-3200.1942079491596,-929.3884085793075,82781.1013197133,70198.9609375,57616.82055528671,-0.022932240724538477,-0.025233244861410764,-0.033820371913580005,0.8781295396221477,0.8185974710550714,0.9322058239918767,0.02857380914581916,0.02324396151293174,1.1013558788755113,0.1600268544295529,-0.16420692329602538,-0.0031550982687325035,0
2026-06-10 00:00:00+00:00,61643.20703125,62788.27734375,60788.0234375,61449.2890625,27493506779,69394.466796875,75006.07359375,23.611987166965307,-4171.733421358607,-3394.5020506310493,-777.231370727558,82057.77943994258,69394.466796875,56731.15415380742,-0.0031550982687325035,-0.026014985520262823,0.008644091129103693,0.8855070425480552,0.8192575096694618,0.9251846346834692,0.025471504935283648,0.02314714063460897,0.753915443504165,0.186291495822599,-0.1648606952496231,0.0343659895373587,1
2026-06-11 00:00:00+00:00,61448.87890625,63851.94921875,61447.96875,63561.0546875,29316677897,68798.107421875,74713.23265625,32.89299228157934,-3988.756498688679,-3513.352940242575,-475.40355844610394,81376.19423104031,68798.107421875,56220.02061270969,0.0343659895373587,0.03110246319453358,0.04425423137303164,0.923877953469548,0.8507335638914149,0.9208289479108736,0.029658917085075075,0.024974970945824362,0.8023062408882066,0.29181838963939644,-0.10878776496393716,-0.000280918383714468,0
2026-06-12 00:00:00+00:00,63547.44140625,64334.015625,62778.79296875,63543.19921875,26881868307,68141.5990234375,74418.717578125,32.85664238298814,-3801.3669642043824,-3570.955745034937,-230.4112191694453,80354.30638527207,68141.5990234375,55928.891661602946,-0.000280918383714468,0.03407541711540851,0.004802055577761477,0.9325169959233585,0.8538604438062528,0.9156513474167604,0.02224558807779042,0.02441744695056824,0.7387982209411248,0.3117370838239447,-0.04738056665746859,0.013819338824553329,1
2026-06-13 00:00:00+00:00,63541.515625,64700.87890625,63431.3203125,64421.32421875,16956245530,67513.608984375,74158.0378125,36.56917234750775,-3541.1815230648062,-3565.000900640911,23.81937757610467,79087.43922515551,67513.608984375,55939.77874359448,0.013819338824553329,0.013534538334512236,0.021092438322350304,0.9541976082727165,0.8687031927898612,0.9104017713504682,0.022152759687719917,0.024789393120748876,0.46833838299568165,0.366410483768403,0.00635727648541784,0.020010054657876974,1
2026-06-14 00:00:00+00:00,64420.16796875,65749.78125,63634.0234375,65710.3984375,21572226975,66935.132421875,73920.00546875,41.66810485522385,-3194.145054316512,-3490.8297313760313,296.68467705951934,77572.27876589302,66935.132421875,56297.98607785698,0.020010054657876974,0.034105919207645385,0.06596962588987831,0.9817026733187617,0.888939307036163,0.9055076768111457,0.018669434333941366,0.025468816375580745,0.5943858006751648,0.4424312712843446,0.029918136693702913,0.00881293640382963,1
2026-06-15 00:00:00+00:00,65711.109375,67248.1328125,65315.8359375,66289.5,32927321950,66458.320703125,73672.6446875,43.85172359075271,-2839.653735589891,-3360.5945322188036,520.9407966289127,76237.8292578508,66458.320703125,56678.81214839921,0.00881293640382963,0.028999338400843788,0.07876756609139979,0.9974597506927817,0.8997844489115688,0.9020759467102578,0.018346850758248094,0.025586796948835765,0.9111122005031899,0.49136865098178056,0.08809253123981531,-0.010391681563445165,0
2026-06-16 00:00:00+00:00,66289.4609375,66928.609375,65315.0703125,65600.640625,25063963967,66021.117578125,73437.325,41.845056166371684,-2584.50939059793,-3205.377503894629,620.868113296699,75070.71072895602,66021.117578125,56971.52442729399,-0.010391681563445165,-0.0016703263883629527,0.03208861066776958,0.9936311748642025,0.8932874478339182,0.899013105095059,0.015263410832909642,0.02542065528062887,0.702016957388127,0.4767681847063813,0.07776289884173204,-0.01802109402037566,0
2026-06-17 00:00:00+00:00,65600.4296875,66354.625,63870.9296875,64418.4453125,31288885189,65565.212109375,73198.68046875,38.582053597838524,-2449.463055312517,-3054.194614178207,604.7315588656897,73912.05726751403,65565.212109375,57218.36695123597,-0.01802109402037566,-0.028225506113336185,0.013774032540239789,0.9825095235723179,0.8800492700138433,0.8957157654961571,0.018025072476011303,0.02554385402451446,0.8873805661186499,0.4313053749561423,0.018642231787789454,-0.0236263487711752,0
2026-06-18 00:00:00+00:00,64419.64453125,64736.921875,62201.14453125,62896.47265625,30432454936,65041.4095703125,72941.087265625,34.81781554214875,-2437.1543372220767,-2930.786558786981,493.6322215649043,72603.25761152139,65041.4095703125,57479.56152910361,-0.0236263487711752,-0.041221670138987254,-0.02366998165579759,0.9670219798704742,0.8622914054900751,0.8916978346299564,0.016566505744655822,0.025811831854090864,0.8680465147409445,0.35817376239422594,-0.003076800961613335,0.010244823819797633,1
2026-06-19 00:00:00+00:00,62897.515625,63568.22265625,62275.58203125,63540.8359375,22361931660,64530.7095703125,72685.817578125,37.593867728372764,-2348.3347169976914,-2814.2961904291233,465.96147343143184,70900.44020847735,64530.7095703125,58160.97893214765,0.010244823819797633,-0.013623572732043288,-0.03301703461840311,0.9846604254097975,0.8741847867254752,0.8878033118490118,0.01715055476034641,0.0259648885615689,0.6353097575176158,0.42229862697163556,0.03077446984970611,0.01099827903487749,1
2026-06-20 00:00:00+00:00,63535.80859375,64307.13671875,63149.66015625,64239.67578125,17486384117,64063.708984375,72407.03109375,40.55102643159971,-2196.2371384942962,-2690.684380042158,494.4472415478617,68800.19409160428,64063.708984375,59327.22387714571,0.01099827903487749,0.02135577828570856,-0.030922306228739038,1.0027467469440134,0.8872021792755843,0.8847719346678864,0.01680468090870178,0.026263482196323525,0.4967649689693842,0.5185756729823161,0.04540958506309001,-0.015599965388407244,0
2026-06-21 00:00:00+00:00,64242.32421875,64506.578125,63221.0,63237.5390625,15739619591,63659.597265625,72098.636875,37.78592288119461,-2131.986555823605,-2578.9448151984475,446.9582593748423,66946.85633278782,63659.597265625,60372.33819846218,-0.015599965388407244,-0.004773259125805729,-0.03602253788965948,0.9933700773920399,0.8770975680460811,0.8829514679451421,0.014922649940959229,0.025740276349726886,0.46541369633159463,0.43580393353523045,-0.005089840415496205,0.01129971875635083,1
2026-06-22 00:00:00+00:00,63240.7890625,65544.0,63233.53125,63952.10546875,26561496819,63522.0197265625,71806.914453125,40.881443307733385,-2000.3491887787823,-2463.2256899145145,462.87650113573227,66487.41868589369,63522.0197265625,60556.620767231325,0.01129971875635083,-0.004476521853554183,-0.0072392284769950965,1.0067706559715646,0.8906120804076247,0.8846226050839322,0.015340297407614516,0.02188640978908685,0.8198719573572504,0.5725173489445912,0.006435090694636214,-0.02007886883610832,0
2026-06-23 00:00:00+00:00,63952.79296875,64196.5625,61893.20703125,62668.01953125,29608942370,63454.70234375,71463.71671875,37.2907198703872,-1976.8527031877748,-2365.9510925691666,389.0983893813918,66434.13481898274,63454.70234375,60475.269868517265,-0.02007886883610832,-0.009006035650551247,-0.0036322088561082655,0.9876024505128345,0.8769207985345063,0.8879289415281886,0.016312459513707366,0.02043529175153255,0.939757667071576,0.36798109723252725,-0.027216216194911658,-0.026694424544815853,0
2026-06-24 00:00:00+00:00,62663.03125,63097.7578125,59029.85546875,60995.1328125,42644106535,63314.3802734375,71065.07828125,33.19957056453859,-2069.365192574456,-2306.6339125702243,237.26871999576815,66483.34794252875,63314.3802734375,60145.412604346246,-0.026694424544815853,-0.04623729953183353,-0.040064048378337436,0.9633693411998775,0.8582996640220845,0.8909352076256354,0.017619526037450622,0.02123588054839136,1.4005002873354357,0.13406892983503108,-0.07175828692447961,-0.02087801063020267,0
2026-06-25 00:00:00+00:00,60992.0703125,61868.90625,58075.921875,59721.67578125,40625024718,63254.3306640625,70630.961171875,30.460032319735518,-2219.850294244068,-2289.277188904993,69.42689466092497,66651.42881038683,63254.3306640625,59857.23251773818,-0.02087801063020267,-0.04701510869560477,-0.07033036741008425,0.9441515727741381,0.845545279157704,0.8955609496823633,0.01723016001435992,0.01924531369689331,1.4053617247941845,-0.019951842815441167,-0.09907789648058896,0.004935459402204856,1
2026-06-26 00:00:00+00:00,59712.0546875,60647.1875,58269.125,60016.4296875,41502864671,63211.7814453125,70231.089921875,31.861545345077815,-2288.9411558029606,-2289.2099822845867,0.2688264816260926,66753.01920916811,63211.7814453125,59670.5436814569,0.004935459402204856,-0.01604559380186199,-0.05093666551154774,0.9494500600243808,0.8545564329738043,0.9000541144332123,0.016430272000694253,0.019288215190501806,1.4098692268965296,0.04883687980138784,-0.0851243354378447,-0.0012718522519159503,0
2026-06-27 00:00:00+00:00,60016.3125,60835.046875,59794.62109375,59940.09765625,15099836554,63046.8103515625,69826.1565625,31.683460404545087,-2323.0765380835364,-2295.9832934443766,-27.09324463915982,66878.13743934507,63046.8103515625,59215.48326377993,-0.0012718522519159503,0.003657329975133905,-0.06273456961413815,0.9507237134124819,0.8584189737351334,0.9029110788180151,0.014620111327442804,0.01690225715347015,0.5318332046423297,0.09456441278281032,-0.06951964820829049,-0.006802755224698642,0
2026-06-28 00:00:00+00:00,59940.3515625,60432.70703125,58879.6328125,59532.33984375,16282230874,62868.8978515625,69403.516015625,30.69643472711597,-2355.8746655046853,-2307.9615678564387,-47.91309764824655,67009.63510114071,62868.8978515625,58728.160601984295,-0.006802755224698642,-0.008065955377062783,-0.05003636162359282,0.9469283203327291,0.8577712378483436,0.9058460069574666,0.014410584158927675,0.01692893484245301,0.5920918458047315,0.09710580426802283,-0.053486827963884376,0.010179997360940662,1
2026-06-29 00:00:00+00:00,59522.7890625,60682.33984375,58856.1875,60138.37890625,30829983083,62793.627734375,68963.505,33.98799474663427,-2306.3786331081064,-2307.6449809067726,1.2663477986661746,67080.29273227794,62793.627734375,58506.96273647205,0.010179997360940662,0.0033079901060075745,-0.014046266755147085,0.9577146770472151,0.8720319378524917,0.910534169259161,0.014158194959826766,0.01646534731049445,1.140424485581713,0.1902896739745285,-0.0535475648226712,-0.026264750729518727,0
2026-06-30 00:00:00+00:00,60136.453125,60173.21875,58111.671875,58558.859375,32747419391,62649.10625,68500.11625,29.990085173879407,-2367.3177312092594,-2319.5795309672703,-47.738200241989034,67305.55389587354,62649.10625,57992.65860412645,-0.026264750729518727,-0.016352128461690207,-0.019470592394446373,0.9347118080395601,0.854872408701934,0.9145839405783489,0.015148234288286629,0.017400957909875652,1.1996941100538672,0.060797502080293296,-0.08843158588773714,0.024674292718837698,1
2026-07-01 00:00:00+00:00,58562.4453125,61223.76953125,57747.765625,60003.7578125,37904450118,62471.24140625,68090.6415625,37.26029433559529,-2272.821505576736,-2310.2279258891635,37.4064203124276,67251.14225469087,62471.24140625,57691.340557809126,0.024674292718837698,-0.0022385221583685055,-0.00021114010056877408,0.9605020880295306,0.8812335503906643,0.917471769580964,0.017684426945650387,0.0164354034408079,1.367115256206849,0.2418896675906099,-0.05113705083943787,0.024690836420271145,1
2026-07-02 00:00:00+00:00,60004.76953125,62117.875,59532.32421875,61485.30078125,40109297349,62368.346484375,67734.805234375,43.714535973481965,-2054.699137496238,-2259.1221682105784,204.42303071434026,67139.678321828,62368.346484375,57597.01464692199,0.024690836420271145,0.049974358064415414,0.025779122581040426,0.9858414443720065,0.9077356990767073,0.9207725078498261,0.018048068441269507,0.01754376565880526,1.4129343104394378,0.4074633945816293,-0.03857268919324941,0.017221977026140145,1
2026-07-03 00:00:00+00:00,61492.06640625,62879.0078125,61176.72265625,62544.19921875,26131813598,62274.490234375,67364.66421875,47.844335463000206,-1775.9196388577257,-2162.481662340008,386.56202348228226,66948.64453069895,62274.490234375,57600.33593805105,0.017221977026140145,0.04233803846399731,0.05059198719393532,1.0043309705685255,0.9284422322013403,0.9244385161952872,0.018704990862947506,0.01771578198609309,0.9059073033320011,0.528851099822177,-0.001975813396149495,0.008699535297381988,1
2026-07-04 00:00:00+00:00,62545.12890625,63398.41015625,62287.5859375,63088.3046875,18608397613,62143.385546875,67045.11671875,49.87932911073775,-1493.8598274445467,-2028.7572953609156,534.8974679163689,66551.26658297342,62143.385546875,57735.504510776576,0.008699535297381988,0.02607133552055152,0.04905229962797386,1.015205466073493,0.9409828452108068,0.9268890649793713,0.018431155872110274,0.017170921923889998,0.6484254483138021,0.607185190898594,0.034317031187298896,0.00728468021571449,1
2026-07-05 00:00:00+00:00,63089.05859375,63935.84765625,62413.9921875,63547.8828125,18267466154,62006.3046875,66753.445625,51.59720947767097,-1219.1872492439652,-1866.8432861375256,647.6560368935604,66024.58519447462,62006.3046875,57988.024180525375,0.00728468021571449,0.016047588845763183,0.08519673181390419,1.0248616351638637,0.9519790659120753,0.9288854546300434,0.017348284020454043,0.017124105475138453,0.6532300448985203,0.691820621074642,0.0640673085809702,0.0070361559301554966,1
2026-07-06 00:00:00+00:00,63551.015625,64597.5703125,61275.828125,63995.015625,36552222303,61926.0234375,66484.75890625,53.27518457422292,-954.4253496652382,-1684.3596988430681,729.93434917783,65698.58547032751,61926.0234375,58153.46140467249,0.0070361559301554966,0.014372092291769167,0.06651679758077655,1.0334107063985494,0.9625516686499415,0.9314318718493322,0.01736837093839812,0.017116419773191248,1.2807706348446162,0.774215794133583,0.06629161311687692,-0.010901178582999993,0
2026-07-07 00:00:00+00:00,63994.59765625,64257.6328125,62623.93359375,63297.39453125,31026493556,61869.9708984375,66211.623359375,50.3428044860239,-791.7648563381445,-1505.8407303420834,714.0758740039389,65517.8605411549,61869.9708984375,58222.081255720106,-0.010901178582999993,-0.00394172504517698,0.029471983172807414,1.023071348056001,0.955986144421992,0.934427639126556,0.012431088589400488,0.016817362579167872,1.0876520044675746,0.695650605228997,0.056010867620766014,-0.01642753734494773,0
2026-07-08 00:00:00+00:00,63293.51953125,63706.88671875,61492.6484375,62257.57421875,27349235354,61838.0259765625,65921.75671875,46.25597502677778,-738.2499664797288,-1352.3225775696123,614.0726110898836,65459.15811794173,61838.0259765625,58216.89383518327,-0.01642753734494773,-0.027149636409671607,-0.004582759130027703,1.0067846318759677,0.944416188487923,0.9380518519915904,0.014555501923629024,0.016372972663373623,0.9639529508080882,0.5579305346790934,0.04577737717268815,0.015027476262771566,1
2026-07-09 00:00:00+00:00,62257.31640625,63422.94140625,61645.75390625,63193.1484375,26546256117,61820.6416015625,65636.46421875,50.17519257194552,-613.2765399783602,-1204.513370051362,591.2368300730018,65410.55704468055,61820.6416015625,58230.72615844445,0.015027476262771566,-0.0016469255096832613,0.0016618571464128706,1.0222014330550528,0.962775024365922,0.941864287441348,0.012766151977379276,0.01657009962061623,0.9288020600376433,0.6911614434496817,0.050795674689071646,0.014779959704393386,1
2026-07-10 00:00:00+00:00,63194.359375,64658.96875,62902.0625,64127.140625,27450201269,61815.01484375,65368.22359375,53.79749252010929,-433.86748101028934,-1050.3841922431475,616.5167112328581,65389.284571034164,61815.01484375,58240.74511646584,0.014779959704393386,0.0300295414607874,0.009115296794530714,1.0374039509186297,0.981013971307174,0.9456431802081321,0.012371618473056574,0.016724787049208475,0.9439751703562184,0.8234403049664106,0.09508862210484259,-0.005069823448876076,0
2026-07-11 00:00:00+00:00,64127.96875,64445.4609375,63785.62109375,63802.02734375,13954689047,61843.2392578125,65134.499296875,52.37024423059399,-314.29543182151247,-903.1664401588205,588.871008337308,65473.285815939256,61843.2392578125,58213.192699685744,-0.005069823448876076,0.009635204469234493,-0.003015676758028718,1.031673439319239,0.9795427620153836,0.9494697882905134,0.012527262686271563,0.016368282072675294,0.4813601456392135,0.7698020610165824,0.0633005276622649,-0.0006866332556169086,0
2026-07-12 00:00:00+00:00,63791.40234375,64243.1328125,63606.82421875,63758.21875,19043437787,61833.544921875,64876.196328125,52.16939849668904,-220.52661521410482,-766.6384751698773,546.1118599557725,65440.84251729626,61833.544921875,58226.24732645374,-0.0006866332556169086,-0.005752975595112897,0.007280303117729314,1.031126693941885,0.982767522737144,0.9531006504934236,0.012292518289424958,0.016173093546188767,0.665523604574839,0.7667750271793471,0.03696685126151533,-0.023825911169295333,0
2026-07-13 00:00:00+00:00,63757.171875,64340.8828125,61769.0,62239.12109375,37650044790,61812.1,64581.35625,45.63392706460159,-265.72947375287185,-666.4566748864762,400.72720113360435,65403.57461836452,61812.1,58220.62538163548,-0.023825911169295333,-0.02449618476195803,-0.0002963996787790357,1.006908373825675,0.9637320227964399,0.9571198808634497,0.014842936516734125,0.01643714792675981,1.2975492780919284,0.5594492707210691,-0.004877800480472705,0.043654089899621606,1
2026-07-14 00:00:00+00:00,62238.5859375,65046.1328125,62207.5234375,64956.11328125,29841287318,62010.1490234375,64334.879921875,56.202136204604805,-81.37644512936822,-549.4406289350546,468.0641838056864,65840.82006542773,62010.1490234375,58179.47798144727,0.043654089899621606,0.01878808026220158,0.027898037799044317,1.0475077758110054,1.0096562449503192,0.9638651552429952,0.022752320368045805,0.017931529926050804,1.0516333482198148,0.8845232630941234,0.029606257498944633,-0.0037523532264722714,0
2026-07-15 00:00:00+00:00,64959.80859375,65507.59375,64442.8203125,64712.375,27029791676,62259.683984375,64112.612734375,55.166121486347166,44.543545688240556,-430.64379401039565,475.1873396986362,66112.80997478373,62259.683984375,58406.55799396627,-0.0037523532264722714,0.03973793110806567,0.00912615733831501,1.0393945304354668,1.00935482489397,0.9710988420066912,0.021322357853133543,0.017105946501469998,0.9759326138157869,0.8182728804781216,0.01832464176557802,-0.014264562998962727,0
2026-07-16 00:00:00+00:00,64713.296875,64931.85546875,63701.8046875,63789.28125,27232426674,62448.3265625,63901.504296875,51.30858626425824,69.0540821329414,-330.70421878172823,399.75830091466963,66207.30212350906,62448.3265625,58689.35100149094,-0.014264562998962727,-0.017963390546441693,-0.00019977568551743374,1.021473028363025,0.9982438121275888,0.9772590997604095,0.022055849556570594,0.017591939910811896,1.0092494918702228,0.6783670398671116,-0.0032148499846545997,0.0017272445360874134,1
2026-07-17 00:00:00+00:00,63789.91015625,64332.01953125,62489.453125,63899.4609375,27280236800,62646.2947265625,63708.762421875,51.742340879864315,96.2598155909509,-245.3114119071924,341.5712274981433,66263.43994788839,62646.2947265625,59029.14950523661,0.0017272445360874134,-0.012561956851375067,0.0022152781283588663,1.02000383608332,1.0029932855132582,0.9833230523569597,0.021289147124660648,0.01756458453710957,0.9887056493687277,0.6732258638040176,0.009511709142352665,0.014039877830542169,1
2026-07-18 00:00:00+00:00,63899.1796875,64816.50390625,63845.015625,64796.6015625,14162542470,62909.5078125,63537.243984375,55.2388646788623,188.04464447581995,-158.64020063058993,346.68484510640985,66333.5480476631,62909.5078125,59485.467577336894,0.014039877830542169,0.015791372668899628,0.04109120475685546,1.0299969561934013,1.0198207775337989,0.9901201856972365,0.021797258689766737,0.01754886770254983,0.515266023418018,0.7755653585230297,0.0407826256581858,-0.0016327534538667088,0
2026-07-19 00:00:00+00:00,64799.27734375,64909.88671875,64250.9140625,64690.8046875,15000653941,63137.1291015625,63355.963359375,54.735208674933226,249.3732395340412,-77.03751259766372,326.41075213170495,66386.3194102302,63137.1291015625,59887.938792894805,-0.0016327534538667088,0.01238420071765578,-0.0040844283986213314,1.0246079542742315,1.02106891375881,0.9965459564307909,0.02182260158095226,0.017542568437216872,0.5619397226632744,0.7390865782457928,0.023699661862570887,0.008335383349377112,1
2026-07-20 00:00:00+00:00,64684.41796875,65735.71875,63720.390625,65230.02734375,30988932408,63470.6875,63188.97015625,56.892562852794974,337.5957610664409,5.889142135157201,331.7066189312837,66039.37851023697,63470.6875,60901.99648976303,0.008335383349377112,0.006689020269557533,0.00799927902120734,1.0277189347247893,1.0323008458984693,1.0044583309880408,0.018551157271026488,0.016065454423620666,1.1647131193244038,0.8424584422062685,0.017198439038462965,0.019547709976119876,1
2026-07-21 00:00:00+00:00,65228.87109375,66910.0625,65113.65625,66505.125,29554470321,63795.755859375,63092.6771875,61.55833107608837,504.5859170554613,105.62849711921803,398.9574199362433,66153.99538436614,63795.755859375,61437.516334383865,0.019547709976119876,0.028046030981750514,0.04257523672913299,1.042469426126046,1.0540862737898857,1.0111435859630045,0.011471903807331823,0.01578233749889956,1.1285072419140034,1.0744474028004396,0.04236695554651204,-0.0060796536357160536,0
2026-07-22 00:00:00+00:00,66506.7890625,66694.6484375,65514.17578125,66100.796875,28142272410,64026.5306640625,63080.62,59.36416006730967,597.4142980490724,203.9856573051889,393.4286407438835,66335.59819415258,64026.5306640625,61717.463133972415,-0.0060796536357160536,0.01334921303437775,0.034449992303583254,1.032396979649278,1.0478780467756974,1.01499526580529,0.011745174390640399,0.015281783037800662,1.099709443480518,0.9491566798950609,0.03674158674641448,-0.01597536527429344,0
2026-07-23 00:00:00+00:00,66100.1328125,66282.3828125,64610.609375,65044.8125,24364433538,64151.561328125,63101.22890625,53.95507105876408,579.0968766275619,279.0079011696635,300.08897545789836,66392.47064179642,64151.561328125,61910.652014453575,-0.01597536527429344,-0.021957894222437768,0.003830616598936798,1.0139240753207264,1.0308010418725377,1.016645197567158,0.01217651457248447,0.015540553333397898,0.9553827625904079,0.6993055154944074,0.04507922600680403,-0.01454868374399576,0
2026-07-24 00:00:00+00:00,65044.95703125,65760.484375,63686.03515625,64098.49609375,25917559237,64202.0708984375,63107.16734375,49.59400612985077,482.65659807364136,319.7376405504591,162.91895752318226,66386.91009636849,64202.0708984375,62017.23170050651,-0.01454868374399576,-0.03029162848121869,-0.009155993600809986,0.9983867373242313,1.0157086554780719,1.0173499081130273,0.013864059242916131,0.015884689016969,1.0019262058703713,0.4762969273011979,-0.013203024999150603,0.003327947132145015,1
2026-07-25 00:00:00+00:00,64098.4921875,64386.0625,63753.02734375,64311.8125,13817493398,64240.2673828125,63174.950234375,50.56401574983213,418.61430855904473,339.51297415217624,79.10133440686849,66403.55594972963,64240.2673828125,62076.97881589536,0.003327947132145015,-0.011269153862193071,-0.014076566899338894,1.0011137113854331,1.0179954596150422,1.0168629677504333,0.012663072665085777,0.01582569138039699,0.5387938120138411,0.5165361936178169,-0.006189890264420073,0.0159922142024842,1
2026-07-26 00:00:00+00:00,64311.78515625,65503.76953125,64233.453125,65340.30078125,14301494281,64307.531640625,63264.40796875,55.05493874389802,445.7128413916653,360.75294760007404,84.95989379159124,66521.77111838895,64307.531640625,62093.29216286106,0.0159922142024842,0.019373382578020903,-0.01751480384030557,1.0160598473347804,1.0328129651276499,1.0164883179241992,0.014178659662474136,0.016137587960697385,0.5829564486856127,0.733210804656943,0.024314735969062307,-0.024722909512739144,0
2026-07-27 00:00:00+00:00,65340.58984375,65658.3359375,63562.484375,63724.8984375,26183821002,64328.9068359375,63274.115546875,47.72201395169764,333.0005323842706,355.20246455691336,-22.201932172642728,66510.09505380475,64328.9068359375,62147.718618070256,-0.024722909512739144,-0.009126069374891244,-0.035943567246139896,0.9906106223757548,1.007124285922117,1.0166701862198466,0.01679257581766929,0.01695661235008397,1.077942077044046,0.3615414310673066,-0.0027318305575494417,0.0022983927372384194,1
2026-07-28 00:00:00+00:00,63723.48828125,64026.921875,62714.8046875,63871.36328125,24128738898,64409.5962890625,63289.731015625,48.39317303436295,252.58209511484165,334.678390668499,-82.09629555365734,66377.08072275322,64409.5962890625,62442.11185537179,0.0022983927372384194,-0.02248133973116828,-0.018040627279077737,0.9916435897937168,1.0091899942738167,1.0176942650168797,0.01391595348536767,0.016484769632816608,0.9999668343811131,0.3632179755539773,-0.014279117406451602,0.0005762314378343625,1
2026-07-29 00:00:00+00:00,63871.39453125,64638.6953125,63206.2109375,63908.16796875,28611167472,64445.347265625,63335.01875,48.571847286694826,189.63375500215625,305.6694635352304,-116.03570853307417,66344.56309123688,64445.347265625,62546.13144001312,0.0005762314378343625,0.002875948581224419,-0.0029693071850176445,0.9916645759598299,1.009049483683148,1.0175310363451182,0.014109546494435389,0.016170117954040285,1.1806801315942834,0.3585786592469194,-0.012098113828242885,0.012786168825862365,1
2026-07-30 00:00:00+00:00,63908.625,65071.4453125,63533.90625,64725.30859375,26250039650,64475.2556640625,63400.539140625,52.503664092641145,203.33919360330037,285.20340954884443,-81.86421594554406,66372.21063155922,64475.2556640625,62578.30069656576,0.012786168825862365,0.013369768056143538,0.006429551239128806,1.0038782774432158,1.0208952395528783,1.0169512205732782,0.014469412712237836,0.01608457463671008,1.0859339836573134,0.565909031572184,-0.007737521668360281,-0.02953346289931147,0
2026-07-31 00:00:00+00:00,64723.96875,65328.18359375,62410.8671875,62813.74609375,30439749629,64425.8416015625,63385.59296875,44.02433424020516,59.27050084233633,240.01682780754282,-180.7463269652065,66444.23720703414,64425.8416015625,62407.44599609086,-0.02953346289931147,-0.017124913916092166,-0.03866763172637577,0.9749775017642393,0.9909782831047754,1.0164114364809265,0.01763659645067126,0.01741270509881459,1.2177346673819418,0.10064927226300675,-0.05550517958202472,-0.0008027825816142586,0
2026-08-01 00:00:00+00:00,62813.6640625,63091.59765625,62233.01171875,62763.3203125,13553286543,64376.0966796875,63369.995390625,43.82327429628664,-58.301847840382834,180.3530926779577,-238.65494051834054,66509.5342080613,64376.0966796875,62242.6591513137,-0.0008027825816142586,-0.030312536531335366,-0.015089519929844974,0.9749475900160257,0.9904264616971276,1.015876619255859,0.01746749295476377,0.017412741944793638,0.5482161761522167,0.12202399982697593,-0.05049071600167454,0.011450632055819865,1
2026-08-02 00:00:00+00:00,62763.4453125,63714.61328125,62745.25390625,63482.0,15901776708,64438.240625,63351.20890625,47.50315216586881,-92.42195395543968,125.79808335127824,-218.22003730671793,66372.71437824416,64438.240625,62503.76687175584,0.011450632055819865,0.010638657106242677,-0.006096054025580888,0.9851603548494617,1.002064539825018,1.017158815711925,0.016696944107807296,0.01671342170383663,0.6728031970260657,0.2528421816537028,-0.02402670466611001,-0.0003324022951387562,0
2026-08-03 00:00:00+00:00,63485.44140625,64020.32421875,62226.578125,63460.8984375,26038889824,64363.4798828125,63306.21890625,47.40496274015611,-119.78430471275351,76.68160573847189,-196.4659104512254,66329.00478264716,64363.4798828125,62397.95498297784,-0.0003324022951387562,0.011114423544304808,-0.006998628586391442,0.9859768078581854,1.002443354443251,1.0167007443317408,0.013972535149675794,0.013384503417522384,1.110637757060133,0.27039684274963277,-0.009947154693262239,0.009376713884472476,1
2026-08-04 00:00:00+00:00,63458.41015625,64466.9375,63277.68359375,64055.953125,23662357784,64330.6587890625,63261.54796875,50.51147956600664,-92.38823060851428,42.86763846907465,-135.25586907758893,66293.57386331505,64330.6587890625,62367.74371480996,0.009376713884472476,0.009041194748117487,-0.010341479759505279,0.9957297862444834,1.012557472615789,1.0168998523532908,0.014457219151844416,0.013567158617648355,1.016572022993038,0.4300260954572601,-0.003978419594378613,0.008454278620180888,1
2026-08-05 00:00:00+00:00,64054.87890625,64954.34765625,63829.71875,64597.5,23568584891,64371.0697265625,63241.48515625,53.219533727842894,-26.670892143847595,28.9599323464902,-55.630824490337794,66320.28672245532,64371.0697265625,62421.85273066968,0.008454278620180888,0.01791026585637434,0.028397508780764857,1.0035175782288432,1.0214418564080163,1.0178614491345617,0.014767182807629682,0.013295505880379423,1.020575546048727,0.5580823668977366,-0.011368187357092108,-0.005191945798986075,0
2026-08-06 00:00:00+00:00,64595.44921875,64934.4921875,64098.4765625,64262.11328125,18529402711,64389.20234375,63238.358515625,51.345615105258325,-1.6335031941125635,22.84124523836965,-24.47474843248221,66326.6588197053,64389.20234375,62451.74586779469,-0.005191945798986075,0.003218438664829515,0.023880077747440387,0.9980262364204867,1.016188825732598,1.0181985088661125,0.014049128003789763,0.013357635575978471,0.8178627343725442,0.46720208580754435,0.008430218908499043,0.009618079665306256,1
2026-08-07 00:00:00+00:00,64257.48828125,65330.609375,64113.2734375,64880.19140625,22165720102,64393.3818359375,63278.032890625,54.523573374250354,67.30667764336977,31.73433171936967,35.572345924000096,66334.89510113788,64393.3818359375,62451.86857073711,0.009618079665306256,0.004376197318007646,0.022025005611826964,1.0075599317264126,1.0253193476857017,1.0176261633676313,0.0065722366400037075,0.01315448837358859,0.961384433363165,0.6253685923856563,0.015794685962122745,0.0003775589007839475,1
2026-08-08 00:00:00+00:00,64882.546875,65140.48046875,64797.11328125,64904.6875,12350094271,64404.0759765625,63305.309921875,54.65000089803001,122.50671651725133,49.888808678946006,72.61790783830533,66354.82137750163,64404.0759765625,62453.33057562336,0.0003775589007839475,0.009999269957676304,0.022750844977745377,1.0077729788968586,1.025264509092504,1.0173566175735256,0.006422357298698264,0.013147850590514373,0.5387522233376091,0.6283128806036135,0.015592991677328083,-0.0009213630564047781,0
2026-08-09 00:00:00+00:00,64906.55078125,65401.69140625,64677.6015625,64844.88671875,13234538380,64384.8189453125,63317.414140625,54.253469553696654,159.58808959203452,71.82866486156371,87.75942473047081,66308.65217892232,64384.8189453125,62460.98571170269,-0.0009213630564047781,-0.0005441520244435782,0.012316319643397744,1.0071455939610279,1.0241240517929642,1.0168579974273246,0.0059813188580103375,0.01301037105313855,0.6005927468813925,0.6195705961930598,0.0018474709135885004,-0.014408241397696031,0
2026-08-10 00:00:00+00:00,64845.3828125,65321.83984375,63752.56640625,63910.5859375,22384770392,64255.0919921875,63330.875078125,48.350714244219574,112.29066327350301,79.92106454395157,32.36959872955144,65907.713864998,64255.0919921875,62602.470119377,-0.014408241397696031,-0.015316329232769155,-0.010633756143813566,0.9946384629761422,1.0091536846547575,1.0145934650819586,0.008942657795659555,0.0125012619130726,1.03263600743998,0.3957698490031404,0.017461780453484677,-0.005612699871830218,0
2026-08-11 00:00:00+00:00,63910.17578125,64433.6796875,63185.47265625,63551.875,20824820662,64127.6458984375,63322.87046875,46.26928045832114,45.33949193250737,73.00475002166273,-27.66525808915536,65559.320883331,64127.6458984375,62695.97091354399,-0.005612699871830218,-0.019940072134880027,-0.011052208602937874,0.991021487061144,1.0036164584699776,1.01270908004849,0.0083924003093669,0.012493504096515706,0.9771664244243204,0.2989170361594582,0.012563941543783264,-0.0023514869742238265,0
2026-08-12 00:00:00+00:00,63551.87109375,64381.078125,63251.11328125,63402.43359375,23063864553,64045.526953125,63337.55875,45.39257138531677,-19.553070635876793,54.49318589015483,-74.04625652603161,65443.714568313866,64045.526953125,62647.33933793614,-0.0023514869742238265,-0.007950988655415214,-0.02277671783128621,0.9899588091476602,1.0010242713017417,1.0111776995687414,0.007259981570516258,0.012048561409951577,1.0855418002501687,0.27002608505864445,-0.0012533695575123183,-4.127897545336268e-06,0
2026-08-13 00:00:00+00:00,63404.42578125,63926.33203125,62799.2890625,63402.171875,18765583756,64010.7107421875,63385.69953125,45.39094927421812,-70.19287276909745,29.555974158304377,-99.74884692740183,65437.72584853845,64010.7107421875,62583.69563583654,-4.127897545336268e-06,-0.002355605165071828,-0.023149570283348186,0.9904931712188219,1.0002598747646838,1.0098604451092215,0.007220913815269707,0.011632754021864505,0.8983558175294002,0.2867791081961275,-0.0009253975904207623,-0.006728131109467572,0
2026-08-14 00:00:00+00:00,63402.08984375,63551.5625,62487.69921875,62975.59375,20280053024,63943.8998046875,63450.777890625,42.71182786370336,-143.0970368590206,-4.9746280451606175,-138.12240881385998,65435.229019773,63943.8998046875,62452.57058960199,-0.006728131109467572,-0.006732231233977037,-0.028827145259080145,0.9848569440142824,0.9925109800632529,1.0077717236960047,0.0052490060635799595,0.011676691733847557,0.9560679125755112,0.17535469536416848,-0.016865869951099843,0.0007737372464233783,1
2026-08-15 00:00:00+00:00,62974.3359375,63119.1328125,62850.9609375,63024.3203125,10033057106,63828.10078125,63510.935703125,43.1247784697099,-194.69792924446665,-42.91928828502182,-151.77864095944483,65219.18524351009,63828.10078125,62437.01631898992,0.0007737372464233783,-0.005959599668682536,-0.013867274286402331,0.9874071066048996,0.9923380850047678,1.0049938656172153,0.0053088308483806934,0.010987735382067494,0.4777983915204849,0.21109573481824878,-0.02435356921707499,-0.0032633111746420695,0
2026-08-16 00:00:00+00:00,63023.421875,63310.77734375,62648.57421875,62818.65234375,9078986635,63782.7884765625,63568.506796875,41.75659668308904,-249.3137606234377,-84.19818275270501,-165.1155778707327,65245.235757520786,63782.7884765625,62320.34119560421,-0.0032633111746420695,-0.002492098873621229,-0.01153738825565731,0.9848840705174441,0.9882039945421235,1.0033708779784967,0.005140449486011986,0.009583886328518535,0.4507205019201322,0.17036892701501835,-0.022462083236860608,0.02686465722418352,1
2026-08-17 00:00:00+00:00,62819.37890625,64547.84765625,62687.1015625,64506.25390625,21555405073,63814.5330078125,63667.985078125,54.50987875451228,-154.63927297877672,-98.28640079791936,-56.35287218085736,65312.2136470999,63814.5330078125,62316.85236852509,0.02686465722418352,0.023513678313418884,0.017409746754717847,1.0108395512093276,1.0131662534489883,1.0023017522779725,0.011560529428940654,0.011388894268378118,1.0769836539592506,0.7309307072189377,-0.005763507965914849,0.002704497946874218,1
2026-08-18 00:00:00+00:00,64506.5234375,64987.7109375,63980.32421875,64680.7109375,18728001793,63853.16015625,63758.83171875,55.59239838805184,-64.78503346539947,-91.58612733141538,26.80109386601592,65400.0504310099,63853.16015625,62306.2698814901,0.002704497946874218,0.02964181058136406,0.020165540464776033,1.0129602165221732,1.0144588474082548,1.0014794568055465,0.011141550940909574,0.011399027599749012,0.9594042445298195,0.7674885202760903,-0.0034508534148631753,0.07089403465170441,1
2026-08-19 00:00:00+00:00,64680.046875,69996.953125,64111.0703125,69266.1875,46228098443,64080.2041015625,63972.97828125,73.46575463935812,372.144880352389,1.160074205345495,370.9848061470435,66941.02375942231,64080.2041015625,61219.384443702686,0.07089403465170441,0.07379026536973976,0.0998893916740562,1.0809295705459692,1.0827413286197025,1.0016761111205592,0.027755540886987538,0.019311083092155887,2.252902439909853,1.4063806913150803,0.06818272041134699,0.054378195891032766,1
2026-08-20 00:00:00+00:00,69268.25,73369.8046875,68867.53125,73032.7578125,55444322363,64591.1546875,64233.55828125,80.43250571882378,1010.695067043227,203.06707277292182,807.6279942703052,69451.26656257265,64591.1546875,59731.04281242735,0.054378195891032766,0.12912732024653306,0.15880278359804811,1.1306928660099285,1.136987577314684,1.0055671274613847,0.030927406604328102,0.020798932123727645,2.5468713889318786,1.368457696241181,0.14273334755404732,0.0726034432536855,1
2026-08-21 00:00:00+00:00,73031.0859375,79463.7109375,73011.4140625,78335.1875,74478039014,65369.748046875,64570.556015625,86.0037184847302,1922.4516263646074,546.9439834912589,1375.5076428733485,73124.29268917741,65369.748046875,57615.20340457258,0.0726034432536855,0.13092968340433053,0.24700522181440565,1.198340055461554,1.2131719522601632,1.0123770349918717,0.03357880684430107,0.025215582120100458,3.0012324353276916,1.3359897357735382,0.23261803841350082,-0.01597970819307737,0
2026-08-22 00:00:00+00:00,78332.5546875,78801.1484375,76526.7109375,77083.4140625,42131959963,66049.81875,64861.3403125,80.19852864681958,2515.0259598629636,940.5603787655998,1574.4655810973638,75340.76542441134,66049.81875,56758.87207558867,-0.01597970819307737,0.055463553223601636,0.19497582629009869,1.1670495925849909,1.1884338758822193,1.0183233715457305,0.03664393127923255,0.025949933381927175,1.6125629344729258,1.0937820815874544,0.21578005280381896,0.008715903034020478,1
2026-08-23 00:00:00+00:00,77082.84375,78036.8671875,75624.9453125,77755.265625,31158396908,66764.537109375,65154.67953125,80.9420734284375,3004.2273320070963,1353.293769413899,1650.9335625931972,77328.89186837475,66764.537109375,56200.18235037525,0.008715903034020478,-0.007403082746179623,0.20213993473469616,1.1646192573404617,1.193394951589109,1.0247082418286297,0.03509246222803676,0.02583779966193904,1.1809892429500441,1.020179829547187,0.2263817362329119,0.01555159949979279,1
2026-08-24 00:00:00+00:00,77748.875,79970.109375,76688.828125,78964.484375,55502180329,67509.963671875,65463.0115625,82.23504785350974,3449.7304460002924,1772.5811047311777,1677.1493412691148,79302.16118489187,67509.963671875,55717.76615885812,0.01555159949979279,0.024403048767077218,0.1400148791934015,1.1696715577984678,1.2062458247832004,1.0312688350339747,0.035595963884148804,0.02586036498121478,1.9839712959726439,0.9856821932672378,0.25389027197540326,-0.005059335417207933,0
2026-08-25 00:00:00+00:00,78960.09375,81235.03125,77870.625,78564.9765625,46728068401,68208.3375,65754.41078125,80.29676383481456,3727.5886107129045,2163.582605927523,1564.0060047853813,80894.77431615753,68208.3375,55521.900683842454,-0.005059335417207933,0.0104135833244412,0.07574982673121955,1.1518383154038905,1.1948244327497337,1.0373195758215163,0.03668656952334114,0.02610095596342166,1.6039418608964664,0.9081776156922846,0.24658189367125516,0.005886150963618109,1
2026-08-26 00:00:00+00:00,78538.5859375,79240.5,77639.8359375,79027.421875,29329039002,68946.6029296875,66069.011328125,80.85915861154649,3939.6943360779114,2518.804951957601,1420.8893841203103,82363.56909326666,68946.6029296875,55529.63676610835,0.005886150963618109,0.0007970355343689395,0.00883682540493047,1.1462119744404669,1.1961344704027488,1.0435543312018285,0.0321860091117339,0.02587485046783727,0.9883999559737676,0.8756743075300154,0.25802478923861627,0.015565700592456544,1
2026-08-27 00:00:00+00:00,79037.921875,80806.5625,78591.1015625,80257.5390625,34033075972,69715.4703125,66429.010625,82.30593718609843,4159.106240297464,2846.8652096255737,1312.2410306718903,83892.17167620931,69715.4703125,55538.76894879067,0.015565700592456544,0.021543473619616504,0.04117779471244476,1.1512156297984526,1.2081700195049383,1.0494732595981666,0.028269378457972533,0.025895907178728292,1.1244426514597583,0.8718096501978401,0.24418229555140636,-0.030243264724449048,0
2026-08-28 00:00:00+00:00,80264.6484375,81346.953125,76909.3515625,77830.2890625,39362871737,70361.750390625,66721.7534375,70.9156236871287,4089.9861511213676,3095.4893979247327,994.4967531966349,84791.27192537575,70361.750390625,55932.22885587426,-0.030243264724449048,-0.015148321735631742,0.000964866326376157,1.1061448674942302,1.1664904630452444,1.0545548755179925,0.017252724943935552,0.027417446876890374,1.2449806174281723,0.758793704763129,0.20329983907731375,0.005338839705019138,1
2026-08-29 00:00:00+00:00,77830.890625,78327.9453125,77381.8984375,78245.8125,14053131399,71031.7966796875,67004.126875,71.639207063505,4022.36987511591,3280.865493362968,741.5043817529418,85626.28803888056,71031.7966796875,56437.30532049442,0.005338839705019138,-0.025065888961950167,-0.009101203923361889,1.1015603737695607,1.1677760184230443,1.060110772164845,0.015958537372120836,0.027328180126841125,0.44390197385841945,0.7471485865030986,0.12963937130219572,-0.007390071992670499,0
2026-08-30 00:00:00+00:00,78246.171875,79373.1796875,77056.1484375,77667.5703125,19314839672,71719.6458984375,67281.437734375,69.06418674677778,3877.4276054522197,3400.1779157808187,477.24968967140103,86197.25266472169,71719.6458984375,57242.03913215333,-0.007390071992670499,-0.002090686697428734,-0.01142247206407676,1.0829329863463824,1.1543684696383738,1.0659648234864483,0.016031951567905597,0.027044814856425903,0.6130782369416478,0.7054180815269195,0.06346210438744682,0.011344020373690089,1
2026-08-31 00:00:00+00:00,77673.703125,79247.34375,77378.4375,78548.6328125,30608386987,72469.4837890625,67577.246015625,70.7871853281191,3789.9658260239376,3478.1354978294426,311.830328194495,86717.53191063621,72469.4837890625,58221.4356674888,0.011344020373690089,0.0038701152537716776,-0.0060585180579130204,1.0838856399354537,1.1623532689440796,1.0723947491483499,0.015416576890621595,0.026789832384401465,0.9566954169190152,0.7133326955231412,0.0027247692807270685,-0.014577055914304693,0
2026-09-01 00:00:00+00:00,78539.859375,79196.515625,76399.0625,77403.625,30608796575,73169.543359375,67880.53609375,65.6684074670604,3586.911491559891,3499.8906965755323,87.02079498435887,86908.57986707939,73169.543359375,59430.50685167062,-0.014577055914304693,-0.0033983979598949388,-0.035559451433933575,1.0578667222211453,1.1402918929970978,1.0779164038763682,0.01626644325954925,0.027245637257270385,0.945558929665581,0.6540894675638523,0.004154083487277527,-0.0013326047391191143,0
2026-09-02 00:00:00+00:00,77402.140625,77737.546875,76248.3046875,77300.4765625,26525296646,73864.45859375,68127.423359375,65.21092873218737,3378.7184881586145,3475.6562548921493,-96.93776673353477,86911.90447823537,73864.45859375,60817.01270926462,-0.0013326047391191143,-0.015890235199629954,-0.006807279098944963,1.0465178792908765,1.1346455326034681,1.0842103656865445,0.015907213549371246,0.027273861796576662,0.8097077258197543,0.6316739689580068,-0.005848980886945521,0.051374400283148214,1
2026-09-03 00:00:00+00:00,77300.1640625,82262.2109375,76940.8828125,81271.7421875,40504199354,74779.266015625,68458.610703125,73.00756756144224,3493.896515543267,3479.304307022373,14.592208520894019,87160.77412703352,74779.266015625,62397.75790421648,0.051374400283148214,0.04997333377474256,0.038672097468474664,1.0868218761403516,1.1871661044939976,1.0923281271352396,0.025657873382174495,0.028434121738982524,1.1994027342445934,0.7621843847072525,0.029218930899908235,-0.019684251800695995,0
2026-09-04 00:00:00+00:00,81271.5390625,81433.1484375,78641.625,79671.96875,37501874897,75611.6484375,68776.264453125,66.53836248744065,3416.7019720065437,3466.7838400192077,-50.08186801266402,86851.48231363487,75611.6484375,64371.81456136513,-0.019684251800695995,0.03067888185116896,0.025807404936644573,1.0536996666043623,1.1584224497144804,1.099385798846835,0.023675086972338853,0.02926092091758523,1.0670994539739598,0.6806219005211959,0.014090148510632616,0.001906548060543578,1
2026-09-05 00:00:00+00:00,79671.703125,80194.5078125,79465.0625,79823.8671875,18559708494,76461.9091796875,69094.752578125,66.83882648352338,3329.4023961927887,3439.307551253924,-109.90515506113525,86083.25641628164,76461.9091796875,66840.56194309336,0.001906548060543578,-0.017815232712246276,0.01623496589742124,1.043969056539143,1.1552811785127048,1.106623966751057,0.02366817643904996,0.029139855568708503,0.5210798109934334,0.6747134743783865,0.01007808800544896,0.006591758906694389,1
2026-09-06 00:00:00+00:00,79824.6015625,80530.6484375,79327.5,80350.046875,19391863269,77254.098828125,69405.821484375,67.91363529879487,3265.0378329917876,3404.453607601497,-139.4157746097094,85192.51528843683,77254.098828125,69315.68236781318,0.006591758906694389,0.008510874472397179,0.03806568329325666,1.0400748710273984,1.1576845451370217,1.1130780844589072,0.02322195301631268,0.02896386061922041,0.5461018749853092,0.6949978350438789,0.0011526370429568722,-0.015360231393766743,0
2026-09-07 00:00:00+00:00,80349.1953125,80432.3125,78684.9296875,79115.8515625,23414434445,77975.855859375,69694.322421875,62.774182392692076,3078.947021133543,3339.352290307906,-260.4052691743632,83293.05816025053,77975.855859375,72658.65355849949,-0.015360231393766743,-0.008869723429170917,0.02348465469720895,1.014619854961014,1.1351835962131094,1.1188265148396175,0.024196160576257224,0.02952647730192326,0.6550604528742714,0.6071988273736815,0.016517508999197572,-0.00856052768344362,0
2026-09-08 00:00:00+00:00,79114.90625,79463.2734375,77635.6875,78438.578125,34680168667,78434.475390625,69958.4934375,60.08695189269697,2844.0341504909593,3240.288662344517,-396.2545118535577,81820.02340475791,78434.475390625,75048.92737649208,-0.00856052768344362,-0.023789267391139846,-0.03486038303404004,1.0000523077939205,1.1212159420653618,1.1211572968005283,0.023639708409713748,0.026126031864928408,0.9861696903193702,0.5006059187992425,0.002463590303954044,-0.0022827375480297674,0
2026-09-09 00:00:00+00:00,78440.6015625,79737.296875,77768.1484375,78259.5234375,29192409298,78695.813671875,70193.58140625,59.363434114566815,2613.291394711254,3114.8892088178645,-501.5978141066107,80940.35298168728,78695.813671875,76451.27436206273,-0.0022827375480297674,-0.010823723793499385,-0.017728259194046858,0.9944559918244936,1.1149099656928434,1.1211254946006783,0.02366564088216782,0.023618874013270858,0.862304707828647,0.402810738830078,0.007621625378755104,-0.021612685117496144,0
2026-09-10 00:00:00+00:00,78260.3828125,78520.96875,76470.640625,76568.125,30120111719,78607.460546875,70402.92796875,52.88531349633594,2267.8025637475366,2945.4718798037993,-677.6693160562627,81042.77860641286,78607.460546875,76172.14248733713,-0.021612685117496144,-0.023846086577694492,-0.04078657552198661,0.9740567176106789,1.0875701793821213,1.1165368091191714,0.010945111605980374,0.017847653560639488,0.9520822158906469,0.08129995815372351,-0.025213778287237476,0.007910235166395996,1
2026-09-11 00:00:00+00:00,76559.125,79818.3359375,76162.9140625,77173.796875,37410998193,78611.9796875,70645.50765625,54.787969143221716,2019.592232493931,2760.2959503418256,-740.7037178478945,81035.69767212207,78611.9796875,76188.26170287794,0.007910235166395996,-0.013873411372956945,-0.03953015739917698,0.9817052971033537,1.0924091203437256,1.112766859430236,0.011182400216804101,0.01758923178917755,1.1914333443232907,0.20331061170793355,-0.0029692165580100793,0.001252651533480753,1
2026-09-12 00:00:00+00:00,77175.0703125,77479.65625,77045.0,77270.46875,12664765797,78587.73984375,70908.947109375,55.099643517265285,1809.8218691756483,2570.2011341085904,-760.3792649329421,81056.80671789298,78587.73984375,76118.67296960701,0.001252651533480753,0.009172795468088024,-0.02332507046381449,0.9832382112481027,1.0897139486616905,1.1082908863747571,0.011122662764089223,0.0174779626330925,0.41557461970694054,0.23324515679486796,-0.00038819699223635595,-0.005594795877305936,0
2026-09-13 00:00:00+00:00,77270.1796875,77415.65625,76498.3828125,76838.15625,13607872549,78481.4234375,71159.473984375,53.32915104296331,1590.36065154252,2374.233037595376,-783.8723860528562,81062.75014993777,78481.4234375,75900.09672506222,-0.005594795877305936,-0.004349152673460477,-0.020403504413983198,0.9790617051077235,1.0798021956552393,1.1028949350403114,0.009977324373868175,0.017112700834918955,0.4794780460236713,0.18170104551621982,-0.054552613468915045,0.017246985445463547,1
2026-09-14 00:00:00+00:00,76830.28125,79568.953125,76367.375,78163.3828125,29909358382,78461.34375,71415.935625,57.80507349304529,1506.010413065931,2200.5885126894873,-694.5780996235562,81046.1793212782,78461.34375,75876.5081787218,0.017246985445463547,0.011555696205091337,-0.0012284846722429021,0.9962024492156368,1.0944809744274775,1.0986531656183143,0.012377023894038296,0.01757052014870727,1.086046749166862,0.44236365732295735,-0.018934964971604296,-0.032635166342775745,0
2026-09-15 00:00:00+00:00,78162.484375,78242.546875,74944.59375,75612.5078125,39694675220,78290.598046875,71653.6878125,48.21903634088186,1219.2729280707135,2004.3253957657325,-785.052467695019,81154.12074940564,78290.598046875,75427.07534434437,-0.032635166342775745,-0.01595103913623641,-0.012480613669199836,0.9657929521400316,1.0552493545113724,1.0926248241645589,0.017068714415122498,0.018936733677687764,1.4147393729553122,0.03237838275068605,-0.05275814769920695,0.007112745173505353,1
2026-09-16 00:00:00+00:00,75611.796875,76474.078125,74995.5234375,76150.3203125,30053315577,78085.237109375,71899.266953125,50.09799632828226,1023.6286258314649,1808.1860417788791,-784.5574159474143,80943.92065994276,78085.237109375,75226.55355880724,0.007112745173505353,-0.025754546791161514,-0.013261969786943939,0.9752204530779008,1.0591251279675284,1.0860366234371064,0.01768563994925312,0.018614773429121247,1.0787668351644775,0.16157205534507205,-0.052267879433019915,0.003328326446427221,1
2026-09-17 00:00:00+00:00,76152.0546875,77079.1640625,75945.5546875,76403.7734375,21917458567,78013.911328125,72149.1790625,51.00038067065422,878.8992522727349,1622.3286838776503,-743.4294316049154,80968.93967539926,78013.911328125,75058.88298085074,0.003328326446427221,0.010464745157800381,-0.011216384817129721,0.9793608875236008,1.0589694079722571,1.081286195377838,0.015913058143672477,0.017455073547271823,0.8121582906372982,0.22755965401986647,-0.034279832314735414,0.05886734774532054,1
2026-09-18 00:00:00+00:00,76405.015625,81331.765625,76228.328125,80901.4609375,40378562386,78146.69375,72472.702109375,63.584786994038815,1114.2812330768938,1520.7191937174991,-406.4379606406053,81371.90547522716,78146.69375,74921.48202477285,0.05886734774532054,0.06239160394207954,0.05288134028463243,1.0352512314380542,1.1163025329924143,1.0782914321596826,0.027602161563263276,0.021964252671942845,1.4266553659088292,0.9270676504665708,0.03139887121073426,0.004106461689939778,1
2026-09-19 00:00:00+00:00,80900.2890625,81911.140625,80814.9375,81233.6796875,20505634866,78324.99921875,72841.10078125,64.31384046964808,1312.5007338997966,1479.0755017539586,-166.57476785416202,81821.56962268086,78324.99921875,74828.42881481914,0.004106461689939778,0.06321554594356482,0.03928050148961826,1.0371360421035751,1.1152176287320787,1.0752857710644539,0.027522662366557184,0.021858640802864867,0.7229841789039498,0.9159333479285937,0.03800376132337724,-0.0011210905729045484,0
2026-09-20 00:00:00+00:00,81234.3046875,81455.203125,80098.7734375,81142.609375,21259753701,78454.698046875,73208.6865625,63.93595598254662,1445.5787710527802,1472.376155613723,-26.797384560942874,82171.6861056702,78454.698046875,74737.70998807979,-0.0011210905729045484,0.0029807674015467356,0.07313739118682938,1.0342606803039256,1.1083740630386343,1.071658319943991,0.02721843455472968,0.021769829311916098,0.7621332045126807,0.8615711546025574,0.059743977993453434,0.04708868086607554,1
