Date,Open,High,Low,Close,Volume,SMA_20,SMA_50,RSI_14,MACD,MACD_Signal,MACD_Hist,BB_Upper,BB_Middle,BB_Lower,Daily_Return,Daily_Return_2,Daily_Return_5,Price_to_SMA20,Price_to_SMA50,SMA20_to_SMA50,Volatility_7,Volatility_20,Volume_to_Avg20,BB_Position,Momentum_10,Target_Next_Day_Return,Target_Is_Up
2024-02-13 00:00:00+00:00,2659.586181640625,2686.455078125,2599.16943359375,2642.185302734375,18271237044,2373.145617675781,2379.2282666015626,71.3928565574684,60.385460199496265,23.339218508298295,37.04624169119797,2626.737536331468,2373.145617675781,2119.553699020094,-0.005993216346274366,0.05368333335118303,0.09185429649119037,1.1133683845840388,1.1105219872443826,0.99744343617165,0.023087632081868373,0.018811915517876723,1.9972352515780971,1.0304579232745208,0.15075835978943442,0.05136545149773286,1
2024-02-14 00:00:00+00:00,2641.685302734375,2786.8935546875,2621.025390625,2777.90234375,21448973822,2401.155224609375,2390.1570068359374,77.14253557898265,79.99357482156847,34.67008977095233,45.32348505061614,2701.8366153264633,2401.155224609375,2100.473833892287,0.05136545149773286,0.04506439088790848,0.11673764612031334,1.1569024423241587,1.1622258854983571,1.0046014624737967,0.02678965620237748,0.02069245366781598,2.198631679547513,1.126488919454126,0.21329825684227766,0.016730812227639058,1
2024-02-15 00:00:00+00:00,2777.601318359375,2865.845458984375,2764.010498046875,2824.37890625,23734481937,2429.0141845703124,2399.06978515625,78.71988319862731,98.15198214858765,47.3664682464794,50.78551390210825,2776.969396433061,2429.0141845703124,2081.058972707564,0.016730812227639058,0.06895564944936838,0.129196778418728,1.1627675639735413,1.1772808459867499,1.0124816708539857,0.025179390073324117,0.02057651643933884,2.2726408013184822,1.0681258797118405,0.22858433331573957,-0.007324619212465078,0
2024-02-16 00:00:00+00:00,2825.480712890625,2858.450439453125,2760.3310546875,2803.69140625,17057114638,2455.8044555664064,2408.1922900390623,76.19925504318219,109.60982854840495,59.815140306864514,49.794688241540435,2832.8182879868295,2455.8044555664064,2078.7906231459833,-0.007324619212465078,0.009283646186491357,0.11809073480511989,1.1416590599854404,1.1642307044361986,1.0197709151899044,0.027363618867382585,0.020858736637163658,1.545139518436138,0.9613716006786337,0.18189408800808593,-0.006070139812886177,0
2024-02-17 00:00:00+00:00,2803.73583984375,2805.128662109375,2724.386962890625,2786.672607421875,17932379943,2482.2776489257812,2417.9119287109374,74.09725821089368,115.98003390045233,71.04811902558208,44.931914874870245,2874.619918447458,2482.2776489257812,2089.9353794041044,-0.006070139812886177,-0.013350297562655489,0.04836381942354273,1.122627280887705,1.1525120391409522,1.026620374154471,0.02853797188471026,0.020914404227598007,1.5497672339423023,0.8879201683611558,0.1497383069122029,0.03313106792926823,1
2024-02-18 00:00:00+00:00,2786.709716796875,2892.843505859375,2767.9130859375,2878.998046875,23355830478,2510.3743408203127,2429.6505810546873,77.69236662944483,127.01421806255667,82.241338832977,44.77287922957967,2932.2703818084947,2510.3743408203127,2088.4782998321307,0.03313106792926823,0.026859817901901062,0.08962760632100619,1.1468401345809776,1.1849432462939817,1.0332244316919776,0.028493408406597635,0.021226036135957548,1.900177084840413,0.9368655666823538,0.189714583537002,0.022430254937596983,1
2024-02-19 00:00:00+00:00,2881.296875,2983.37060546875,2860.263671875,2943.57470703125,15163110589,2540.3283935546874,2442.8926513671877,79.80378863160634,139.36319315288029,93.66570969695766,45.69748345592262,2996.325514651022,2540.3283935546874,2084.331272458353,0.022430254937596983,0.05630446116687349,0.0596393763279679,1.1587378681038554,1.2049545874984933,1.0398853965740038,0.02270229218930345,0.021376350643819736,1.2090945957451882,0.9421588369977585,0.18333918285689155,0.02375647368863687,1
2024-02-20 00:00:00+00:00,2944.1064453125,3031.5244140625,2879.9033203125,3013.503662109375,20341598470,2576.876354980469,2456.1161669921876,81.81143044432474,153.02850973240993,105.53826970404812,47.49024002836181,3062.113296278166,2576.876354980469,2091.6394136827716,0.02375647368863687,0.04671959238748835,0.0669615381423736,1.1694405345778476,1.2269385718020724,1.0491671320807952,0.02084905472445293,0.01953748947806366,1.5626268679286017,0.9499114452840383,0.20480953156705928,-0.014318281375232278,0
2024-02-21 00:00:00+00:00,3015.6533203125,3017.1904296875,2875.41845703125,2970.35546875,18897136867,2610.2028930664064,2468.4065478515627,76.742213179097,158.54901858249104,116.14041947973672,42.40859910275432,3107.874560652247,2610.2028930664064,2112.531225480566,-0.014318281375232278,0.00909804043864737,0.05944451023692254,1.1379787665703238,1.2033493718185608,1.057444485932943,0.018589767860565362,0.020535515256044353,1.3979608598215758,0.8618375317914525,0.18455509093605116,0.0002194536901753974,1
2024-02-22 00:00:00+00:00,2969.599853515625,3030.666015625,2907.109375,2971.00732421875,18058908246,2643.351354980469,2483.611455078125,76.7656355630956,161.11937702285422,125.13621098836023,35.98316603449399,3144.5847868338046,2643.351354980469,2142.117923127133,0.0002194536901753974,-0.01410196988474166,0.0661486807979983,1.1239547548686362,1.196244814439098,1.0643175886371965,0.018605705383018017,0.020584616606963202,1.284300268463513,0.8268496756359175,0.11771170307476098,-0.01661023205546175,0
2024-02-23 00:00:00+00:00,2970.1396484375,2991.32958984375,2906.583740234375,2921.658203125,12822717059,2674.6323486328124,2496.663857421875,70.9409497777463,157.36039033448742,131.58104685758568,25.779343476901744,3162.5116220764016,2674.6323486328124,2186.753075189223,-0.01661023205546175,-0.0163944235420056,0.01481770934033988,1.092358807601523,1.170224896090732,1.0712825199443199,0.020101646630638296,0.021259811985242943,0.8861568998444478,0.7531628908404016,0.1057733914806811,0.02420809632265497,1
2024-02-24 00:00:00+00:00,2921.962890625,3003.195068359375,2907.70068359375,2992.385986328125,10701688842,2709.7743408203123,2511.1386328125,73.9873412018151,158.26413685599346,136.91766485726723,21.34647199872623,3181.8584494709335,2709.7743408203123,2237.690232169691,0.02420809632265497,0.007195762169653008,0.01658231373583985,1.1042934244562443,1.1916450757545884,1.0791018486244777,0.020308770474197685,0.021104161692723892,0.7263650717696277,0.799323404801333,0.07721064891308771,0.04020580227502868,1
2024-02-25 00:00:00+00:00,2992.36669921875,3117.428955078125,2984.39306640625,3112.697265625,14620450464,2750.4647583007813,2528.5600830078124,78.17814182033827,166.76610143235484,142.88735217228475,23.878749260070094,3213.6362114511307,2750.4647583007813,2287.293305150432,0.04020580227502868,0.06538720453188707,0.03291637065613928,1.1316986542841594,1.2310157415450202,1.0877593049040801,0.021753072797526047,0.02177433885233627,0.9682174696405526,0.8910350096712836,0.10208203960771245,0.021298694046122835,1
2024-02-26 00:00:00+00:00,3112.529052734375,3197.375,3037.95458984375,3178.99365234375,17504464351,2790.804345703125,2547.68263671875,80.08236649954189,176.81531704743975,149.67294514731577,27.142371900123976,3255.792315301516,2790.804345703125,2325.816376104734,0.021298694046122835,0.062360827402686114,0.07024013987172717,1.139095851430181,1.2477981387972592,1.0954285692732513,0.021661568741709235,0.021481270334396254,1.1293525108528868,0.9174186559879208,0.13386004082229763,0.0206120684504405,1
2024-02-27 00:00:00+00:00,3178.405029296875,3287.9580078125,3167.83056640625,3244.519287109375,21090315368,2831.843054199219,2565.9123681640626,81.77513240527591,187.9007609203636,157.31850830192533,30.582252618438275,3305.231036904093,2831.843054199219,2358.455071494345,0.0206120684504405,0.04234977263614703,0.09206034622030002,1.1457270848037344,1.2644700292048021,1.1036398161272485,0.021389928799975377,0.021464207599382182,1.3123178557344413,0.9358752735464266,0.16429869747457793,0.04351478842287437,1
2024-02-28 00:00:00+00:00,3243.893310546875,3485.450927734375,3201.575927734375,3385.703857421875,32885894265,2880.132922363281,2586.72990234375,84.77716492083879,205.70720533666736,166.99624770887374,38.71095762779362,3373.219590904493,2880.132922363281,2387.046253822069,0.04351478842287437,0.06502378667089359,0.15882954885021539,1.175537361881114,1.3088741326855198,1.1134262296785173,0.02123847419435642,0.022003065951607576,1.9099446541137008,1.012659302424781,0.17600074828007517,-0.012932076026531347,0
2024-02-29 00:00:00+00:00,3386.802734375,3518.96923828125,3303.9052734375,3341.919677734375,28469171094,2922.853125,2601.9262255859376,80.35650878457527,213.82112659560426,176.36122348621984,37.45990310938441,3420.7406728137516,2922.853125,2424.9655771862485,-0.012932076026531347,0.030019975844180147,0.11680768891554427,1.1433758505174203,1.2844021651620023,1.1233420441587623,0.023630355590570945,0.02283154739273037,1.5851437731091536,0.9208445808441249,0.1353269443957401,0.02786849665007196,1
2024-03-01 00:00:00+00:00,3341.9658203125,3452.626220703125,3341.85107421875,3435.053955078125,16880101987,2969.5444091796876,2618.234921875,82.45254592931519,225.17099441739992,186.12317767245588,39.04781674494404,3476.021966564048,2969.5444091796876,2463.0668517953272,0.02786849665007196,0.01457602310611672,0.10356185068591905,1.1567612676407255,1.311973164202613,1.1341779854701135,0.018437877393838453,0.022883857130043726,0.9134117949218011,0.9595559458769535,0.13988710160507178,-0.003785719397915277,0
2024-03-02 00:00:00+00:00,3436.1591796875,3459.747314453125,3398.89892578125,3422.0498046875,12024340617,3015.2683715820312,2636.1867138671873,81.1504931800048,230.45992166066662,194.99052647009805,35.46939519056858,3511.1451345860983,3015.2683715820312,2519.3916085779642,-0.003785719397915277,0.023977274943797644,0.07645694799187597,1.134907206582093,1.2981060054230684,1.1437992444619924,0.02111080671856988,0.023125384515951544,0.6425273416963506,0.9101638385323295,0.15206743458471794,0.020146944548209422,1
2024-03-03 00:00:00+00:00,3422.875244140625,3491.16845703125,3372.214111328125,3490.99365234375,13643324467,3056.912255859375,2654.47462890625,82.7094415959189,237.4771382977915,203.48784883563673,33.98928946215477,3566.2085340135413,3056.912255859375,2547.6159777052085,0.020146944548209422,0.016284954471509128,0.0759663738827594,1.1419999529434788,1.3151354374715494,1.1516072606498957,0.019104196973692072,0.02071449410443154,0.7278317705153686,0.9261580293278489,0.17502021078380703,0.039942835603055116,1
2024-03-04 00:00:00+00:00,3489.340087890625,3641.459228515625,3446.017578125,3630.433837890625,26772963830,3106.3246826171876,2677.6384814453127,85.34871606373001,251.3920990309266,213.06869887469472,38.323400156231884,3637.4931306771155,3106.3246826171876,2575.1562345572597,0.039942835603055116,0.060894506245257496,0.07228333923307328,1.168723236887091,1.3558342035520123,1.1600986108253428,0.021056224609223927,0.020935505210751694,1.3965893043152442,0.9933549396502426,0.2425936182430648,-0.02078793930730316,0
2024-03-05 00:00:00+00:00,3631.928955078125,3828.15966796875,3224.119384765625,3554.964599609375,47706899137,3145.1777954101562,2698.510498046875,78.37565573387893,253.40892847142095,221.13674479404,32.27218367738095,3688.731380817977,3145.1777954101562,2601.6242100023355,-0.02078793930730316,0.01832456705347396,0.06374926462009767,1.1302905052926522,1.3173803111688405,1.1655236463547463,0.025896652399161984,0.020776530916191607,2.329080812202113,0.8769516154435458,0.188003357805981,0.07433596350833915,1
2024-03-06 00:00:00+00:00,3554.06787109375,3901.434326171875,3502.802490234375,3819.226318359375,34938642613,3194.920166015625,2723.141201171875,83.46874445731798,273.18192136956986,231.545780109146,41.63614126042387,3794.1008858464456,3194.920166015625,2595.7394461848044,0.07433596350833915,0.05200273270327482,0.11183881484985658,1.1954058692872818,1.402507632257854,1.1732480727186403,0.03339892931003198,0.024951114757551338,1.6603173062358885,1.0209664894758492,0.22698290018014666,0.01443259270225794,1
2024-03-07 00:00:00+00:00,3818.31103515625,3939.593994140625,3738.685302734375,3874.34765625,22457177587,3248.452978515625,2750.0607666015626,84.29940682145877,289.9575419463513,243.22813247658706,46.72940946976422,3890.2563297830366,3248.452978515625,2606.6496272482136,0.01443259270225794,0.08984141689504277,0.13217161566232782,1.1926746921915972,1.408822562505699,1.181229526986038,0.030690283395411792,0.02437152743182961,1.0536669017914468,0.9876062710629193,0.21873400199890058,0.0045719642318817755,1
2024-03-08 00:00:00+00:00,3874.830810546875,3998.826416015625,3828.36328125,3892.06103515625,26135487051,3303.7223999023436,2778.561611328125,84.56776441269795,301.2095080437998,254.82440759002964,46.38510045377018,3968.0742191418767,3303.7223999023436,2639.3705806628104,0.0045719642318817755,0.019070542231747867,0.11488631110607583,1.1780835566787626,1.400746709840234,1.1890045505678735,0.031173794450302834,0.02396374225948503,1.203096812829028,0.9427914684777735,0.19958018145233059,0.006001424424042279,1
2024-03-09 00:00:00+00:00,3892.119140625,3950.396484375,3880.658935546875,3915.4189453125,11926623780,3355.5434448242186,2807.08001953125,84.93346730656323,308.4558730836802,265.5507006887598,42.90517239492044,4041.730366937856,3355.5434448242186,2669.356522710581,0.006001424424042279,0.010600826953731213,0.07849891229183203,1.16685091690643,1.3948369544400554,1.1953857465682634,0.030217293277591213,0.023776364625225466,0.5638518871520611,0.9079613604145329,0.15645641503152286,-0.00874129449649308,0
2024-03-10 00:00:00+00:00,3915.590576171875,3968.7236328125,3800.564453125,3881.193115234375,15783924355,3402.424365234375,2835.312099609375,81.8719319408663,307.8877923185664,274.0181190147211,33.86967330384533,4098.153026573655,3402.424365234375,2706.695703895095,-0.00874129449649308,-0.002792330290739775,0.09176702228226019,1.1407140023131772,1.3688768568966685,1.2000175803232145,0.03207838518051444,0.024331003719050306,0.7451190180732035,0.844077207541205,0.16136636708922802,0.047730671374699885,1
2024-03-11 00:00:00+00:00,3881.23779296875,4087.050048828125,3745.125244140625,4066.445068359375,28806262507,3455.071435546875,2867.5627392578126,85.01953051481372,318.71195558870704,282.9568863295183,35.75506925918876,4185.379540549153,3455.071435546875,2724.7633305445975,0.047730671374699885,0.03857214902320538,0.06473006032965278,1.1769496359821952,1.41808407979658,1.2048808516884002,0.03317640398195348,0.02539409632432523,1.3332328785439285,0.918572400213601,0.18380820841193746,-0.021190960052674845,0
2024-03-12 00:00:00+00:00,4066.6904296875,4092.2841796875,3831.889892578125,3980.273193359375,26917010932,3505.5673217773438,2900.9516748046876,78.21633849299889,316.68627062270707,289.70276318815604,26.98350743455103,4234.416853071205,3505.5673217773438,2776.7177904834825,-0.021190960052674845,0.02552825257163649,0.02734022511854306,1.1354148495831347,1.3720577381308343,1.2084197583240897,0.03325275133548886,0.025859584324996125,1.223093627719887,0.8256542339674202,0.1631254425073605,0.006578402189656218,1
2024-03-13 00:00:00+00:00,3980.26513671875,4083.00732421875,3936.627197265625,4006.45703125,22028114691,3557.339807128906,2936.2670947265624,78.7721811138027,313.57897436286794,294.47800542309847,19.100968939769473,4273.297919957742,3557.339807128906,2841.38169430007,0.006578402189656218,-0.014751960521030116,0.029392138268242052,1.1262508639801752,1.3644729522206829,1.2115177851217178,0.021462366007665084,0.025706254148714955,0.9919991971075908,0.813647695356491,0.1476552037154759,-0.030779476587110888,0
2024-03-14 00:00:00+00:00,4005.7451171875,4011.102783203125,3721.78857421875,3883.140380859375,25434810823,3605.413916015625,2969.2586669921875,69.74582838277311,297.733707753624,295.1291458892036,2.6045618644204183,4268.844173336955,3605.413916015625,2941.9836586942956,-0.030779476587110888,-0.024403554173631825,-0.008243961860522897,1.0770303968734518,1.3077811051042365,1.2142471641474917,0.02532709522108158,0.026805753367963866,1.1137845400082265,0.7093109726145896,0.06960780839228264,-0.03809292261097419,0
2024-03-15 00:00:00+00:00,3882.85693359375,3928.775634765625,3571.774658203125,3735.22021484375,33505075433,3642.555627441406,2999.6088671875,60.752978314707185,270.12644907272943,290.12860652590876,-20.002157453179336,4241.523143149749,3642.555627441406,3043.588111733064,-0.03809292261097419,-0.06769991897844596,-0.03761031622406408,1.025439443313988,1.2452357558023808,1.2143435323475182,0.02906813172413478,0.029154983849547362,1.3974100346183247,0.5773536001303493,0.05070531933121969,-0.05685343706857138,0
2024-03-16 00:00:00+00:00,3736.10498046875,3780.89453125,3468.079345703125,3522.860107421875,20199855932,3663.06376953125,3024.7220751953123,50.655053583607035,228.4780589264342,277.79849700601386,-49.320438079579674,4211.609283497065,3663.06376953125,3114.518255565435,-0.05685343706857138,-0.09278064610112469,-0.13367571719266125,0.961725028301291,1.164688860610242,1.211041437350808,0.03418173212008394,0.03206606838528648,0.832794077367676,0.37220416671011874,-0.0775984941014991,0.03393634003909307,1
2024-03-17 00:00:00+00:00,3523.02978515625,3676.263427734375,3414.17236328125,3642.4130859375,19938757095,3686.2347412109375,3052.2126171875,55.17238861646204,202.78080500193528,262.7949586051982,-60.01415360326291,4185.634391958965,3686.2347412109375,3186.83509046291,0.03393634003909307,-0.02484649460222854,-0.08488364768166057,0.9881120822872387,1.1933680718789006,1.2077254121987298,0.03886134106057076,0.03249072413195944,0.8179252037580439,0.45612566487801975,-0.05986416059961708,-0.0341608641249429,0
2024-03-18 00:00:00+00:00,3642.298828125,3642.4970703125,3456.09130859375,3517.985107421875,21162220224,3699.9080322265627,3077.42814453125,50.03807340061532,170.41085785754012,244.3181384556666,-73.90728059812648,4161.964367861878,3699.9080322265627,3237.8516965912477,-0.0341608641249429,-0.0013838187868231433,-0.12192116875785475,0.9508304197779726,1.1431575140669061,1.2022727610396011,0.03060275101499544,0.03360127694495324,0.8679859417670794,0.30313772285521356,-0.09611255433956922,-0.10243560798455653,0
2024-03-19 00:00:00+00:00,3518.34765625,3546.582275390625,3149.286865234375,3157.6181640625,34166976701,3688.5037475585937,3094.2392236328124,38.781686404210205,114.36056352648257,218.32662346982983,-103.96605994334726,4192.562882696616,3688.5037475585937,3184.4446124205715,-0.10243560798455653,-0.1330971832235831,-0.18683903893176024,0.856070206286903,1.0204828831415553,1.1920551324496755,0.04369850931049995,0.039950757959953016,1.3977146485143424,-0.026610417794259246,-0.19354270688127295,0.11267192037115104,1
2024-03-20 00:00:00+00:00,3158.396728515625,3534.826416015625,3059.65478515625,3513.39306640625,36605316331,3697.0774169921874,3117.6172119140624,50.59747315226607,97.52416486687616,194.16613174923913,-96.64196688236296,4181.776397412649,3697.0774169921874,3212.378436571725,0.11267192037115104,-0.0013053042794118896,-0.059387970635830234,0.9503163364278759,1.1269481875387777,1.1858663734802661,0.06979087254880204,0.04743142465432215,1.4729505313507247,0.310517085855435,-0.0947646865043752,-0.0058068810073729216,0
2024-03-21 00:00:00+00:00,3514.017578125,3586.905029296875,3412.22265625,3492.9912109375,22213647922,3699.9742797851563,3141.8261474609376,50.001477404732455,81.59436929996946,171.6517792593852,-90.05740995941574,4178.735682029599,3699.9742797851563,3221.2128775407136,-0.0058068810073729216,0.10621076692931064,-0.008478592840359456,0.9440582411671048,1.1117710041850521,1.1776508648561874,0.06957905797400152,0.04712013333065242,0.8843585991363349,0.2838348414499209,-0.1410209280543011,-0.04560653406668436,0
2024-03-22 00:00:00+00:00,3492.89794921875,3541.898193359375,3254.96923828125,3333.68798828125,20574952329,3695.556188964844,3162.4234130859377,45.49518521492304,55.475960489502086,148.41661550540857,-92.94065501590649,4186.590012278581,3695.556188964844,3204.5223656511066,-0.04560653406668436,-0.05114858335757322,-0.08475839790060191,0.9020801789554291,1.0541561178957342,1.1685836164989265,0.07008743738824806,0.048298267608695045,0.8054110666512433,0.13152416035057465,-0.16244744359680574,0.0008717090110383907,1
2024-03-23 00:00:00+00:00,3335.592529296875,3433.758056640625,3273.115478515625,3336.593994140625,13242137554,3687.8362060546874,3182.99453125,45.59151481417231,34.61243313686873,125.6557790317006,-91.04334589483187,4196.934188037994,3687.8362060546874,3178.7382240713805,0.0008717090110383907,-0.04477458068235418,-0.051561080488535915,0.9047565585105453,1.0482562760892664,1.158605888212579,0.06756037199155256,0.04806251309033254,0.5187737633700661,0.15503476310619171,-0.1671958620508106,0.035378137308897495,1
2024-03-24 00:00:00+00:00,3336.666015625,3470.344482421875,3301.27734375,3454.636474609375,12156660941,3679.046337890625,3206.166494140625,49.49611188541761,27.28841518417221,105.98230626219492,-78.69389107802272,4198.286761811852,3679.046337890625,3159.8059139693987,0.035378137308897495,0.036280685761021836,0.094064036597997,0.9390032517475941,1.07749752887844,1.1474907321919194,0.06770371680595551,0.04786745161937245,0.4902862416451298,0.28390563124251744,-0.11034983652977493,0.039438972943898865,1
2024-03-25 00:00:00+00:00,3454.8857421875,3657.118896484375,3421.79052734375,3590.8837890625,18603921705,3680.8422973632814,3232.1932470703123,53.63229272768183,32.1079770273609,91.20744041522812,-59.09946338786722,4198.521792304724,3680.8422973632814,3163.1628024218394,0.039438972943898865,0.07621238765292748,0.02205580793028461,0.9755603470528411,1.110974349172132,1.138806381920273,0.06823897356221847,0.04847398140088403,0.7970873304120881,0.4131137033822854,-0.038642012379258794,-0.0009409678643157449,0
2024-03-26 00:00:00+00:00,3591.085205078125,3678.789794921875,3545.4287109375,3587.5048828125,18505553577,3669.2562255859375,3257.96556640625,53.515239053808145,35.24854176743929,80.01566068567035,-44.76711891823106,4184.260421183933,3669.2562255859375,3154.2520299879416,-0.0009409678643157449,0.03846089427344124,0.02705809037796958,0.9777199144057096,1.1011488027388066,1.1262415611204166,0.04995797436686862,0.04535214528249433,0.8218034099872364,0.4206304109051848,0.01835008300625751,-0.024359450730277232,0
2024-03-27 00:00:00+00:00,3587.313720703125,3664.383056640625,3460.3935546875,3500.115234375,18753082145,3650.5446044921873,3280.5238330078123,50.44850896348976,30.336151397644244,70.07975882806512,-39.74360743042088,4161.350564508456,3650.5446044921873,3139.7386444759186,-0.024359450730277232,-0.025277497134263305,0.049922862211095875,0.9587926223577501,1.0669379076468561,1.112793197159953,0.030319408103348388,0.0454350740425799,0.839702041179618,0.352752921958471,-0.03906691750913116,0.017479056214108946,1
2024-03-28 00:00:00+00:00,3500.216064453125,3609.705322265625,3465.332275390625,3561.2939453125,16419674157,3634.00625,3303.2748095703123,52.500666122483786,31.022054386150103,62.26821793968212,-31.246163553532014,4133.173580290795,3634.00625,3134.8389197092047,0.017479056214108946,-0.00730617472482753,0.06734410946206504,0.9799911448453068,1.0781101030391567,1.1001222906043076,0.03086733443246858,0.045655704455331535,0.7515678161996144,0.42716640265185163,0.012310693925126737,-0.013896014686989755,0
2024-03-29 00:00:00+00:00,3561.01171875,3583.701416015625,3475.7255859375,3511.80615234375,12712701619,3613.8256103515623,3325.112802734375,50.67252839348194,27.25817091369845,55.266208534485386,-28.008037620786936,4097.483320262532,3613.8256103515623,3130.1679004405923,-0.013896014686989755,0.0033401523052534188,0.016548681215681205,0.9717696787261719,1.05614647101772,1.0868279738900188,0.02409895922604402,0.04565583682860894,0.580845842825404,0.3945334108014202,0.11216935356919855,-0.0010996667352133338,0
2024-03-30 00:00:00+00:00,3511.82763671875,3566.08447265625,3489.902099609375,3507.9443359375,9389066783,3595.1631713867187,3345.521376953125,50.524676849791135,23.690559808416765,48.95107878927166,-25.260518980854897,4063.9583653028267,3595.1631713867187,3126.3679774706106,-0.0010996667352133338,-0.014980400437099695,-0.023097225640558383,0.9757399507918366,1.0485493711393645,1.0746196978902434,0.024203486809478883,0.04564991172467073,0.43534836644853886,0.4069755443516485,-0.0015508456827244554,0.03988435846648297,1
2024-03-31 00:00:00+00:00,3507.95166015625,3655.218994140625,3507.24267578125,3647.8564453125,10499881424,3574.233740234375,3368.4539404296875,55.58137221456119,31.786524963157262,45.51816802404879,-13.731643060891528,3988.6608193816705,3574.233740234375,3159.8066610870796,0.03988435846648297,0.038740832229008815,0.0168227122948712,1.0205981786387863,1.0829468087805207,1.0610902816080774,0.02511358057212044,0.04521305011803943,0.5084326180328357,0.5888246796391868,0.04433599314251779,-0.03915351882861429,0
2024-04-01 00:00:00+00:00,3647.819580078125,3648.129150390625,3418.6953125,3505.030029296875,16002098681,3550.47158203125,3388.4031298828127,49.9670215853134,26.373717753081564,41.68927796985535,-15.315560216773783,3918.807779013306,3550.47158203125,3182.1353850491937,-0.03915351882861429,-0.0008307733423159602,0.0014041808891336327,0.9872012627943983,1.0344194285460053,1.0478303336220924,0.026293752334938317,0.045738472152111194,0.7958976082466294,0.4383151138732794,0.05139714382927707,-0.0649910010049034,0
2024-04-02 00:00:00+00:00,3504.818359375,3506.962890625,3215.985107421875,3277.234619140625,22076539151,3514.010461425781,3400.7855029296875,42.57959891801973,3.660645564596507,34.08355148880358,-30.422905924207072,3833.413629590063,3514.010461425781,3194.6072932614993,-0.0649910010049034,-0.10159989345198173,-0.07976295428962377,0.9326194828147761,0.9636698981212939,1.0332937665132227,0.03507344059348071,0.04752128907648645,1.0978903064024619,0.12934644066621648,-0.01779040995225689,0.010437847565395009,1
2024-04-03 00:00:00+00:00,3277.32421875,3368.111572265625,3205.649169921875,3311.44189453125,16010734587,3485.425537109375,3414.170634765625,43.92042484064834,-11.447427720743235,24.977355646894218,-36.42478336763745,3765.6594589892056,3485.425537109375,3205.1916152295444,0.010437847565395009,-0.05523151960112016,-0.057054475423929274,0.9500825248665569,0.9699110702938176,1.0208703401107664,0.03554302133117028,0.04741730144371145,0.8153374392204567,0.1895742645804095,-0.041449970533966596,0.00561647566373269,1
2024-04-04 00:00:00+00:00,3311.495361328125,3443.20751953125,3253.3193359375,3330.04052734375,14476330517,3465.166552734375,3425.2133984375,44.67684025830268,-21.670130637653074,15.64785838998476,-37.317989027637836,3727.368196068994,3465.166552734375,3202.9649093997555,0.00561647566373269,0.016112947145960455,-0.05071454719825397,0.9610044644797819,0.9722140316462718,1.011664427774077,0.03442808712089749,0.04690678388211376,0.7747358261841241,0.24232422102294338,-0.07264040749891554,-0.0033498911937862585,0
2024-04-05 00:00:00+00:00,3330.005859375,3345.66650390625,3214.244140625,3318.88525390625,15214447092,3454.967810058594,3435.103525390625,44.290958173430184,-30.32229712155504,6.453827287676801,-36.77612440923184,3723.5118252634165,3454.967810058594,3186.423794853771,-0.0033498911937862585,0.002247769887580464,-0.09018205522560474,0.9606124966617168,0.9661674617299463,1.0057827324623965,0.03441034342188991,0.04527180667627816,0.8252469698897114,0.24662895382615108,-0.0748764496999541,0.010635674717235144,1
2024-04-06 00:00:00+00:00,3318.86474609375,3397.592529296875,3308.9833984375,3354.183837890625,8956926798,3440.55634765625,3446.1133740234377,45.8837592238885,-33.93966533529965,-1.62487123691849,-32.314794098381164,3697.4275384406424,3440.55634765625,3183.685156871858,0.010635674717235144,0.00725015517037364,-0.043037061065211546,0.9748957723583097,0.9733237052426159,0.9983874510893704,0.03505523222918559,0.044592946926551254,0.5007466279923966,0.33187583336637594,-0.041693311994750126,0.02960803456678729,1
2024-04-07 00:00:00+00:00,3354.2138671875,3458.50830078125,3346.11474609375,3453.49462890625,9931108526,3437.331823730469,3459.449814453125,50.19801910592004,-28.464780574618544,-6.992853104458502,-21.471927470160043,3691.7175963809277,3437.331823730469,3182.94605108001,0.02960803456678729,0.04055861070869149,0.05378315264222522,1.004702137007605,0.9982785743785052,0.9936065004815939,0.032974379737128745,0.04454013090352591,0.573204705539803,0.531768296252145,-0.030269704793152274,0.07001548335394525,1
2024-04-08 00:00:00+00:00,3453.498779296875,3727.616455078125,3409.51171875,3695.292724609375,19055143129,3464.2155517578126,3475.7757080078127,58.80850000746977,-4.562219004324106,-6.506726284431623,1.9445072801075165,3707.539885724924,3464.2155517578126,3220.8912177907014,0.07001548335394525,0.10169653877208651,0.11591652286336163,1.0667040400342032,1.0631562664115002,0.9966740787607881,0.04038842402116538,0.04013673225761476,1.1499787231901133,0.9748336697035731,0.05224849103449736,-0.051451781685670994,0
2024-04-09 00:00:00+00:00,3695.341796875,3724.92236328125,3455.107666015625,3505.163330078125,18279773833,3463.804064941406,3487.00748046875,51.29809887973799,-0.9501669787596256,-5.395414423297224,4.445247444537598,3706.8058543227007,3463.804064941406,3220.8022755601114,-0.051451781685670994,0.014961280304130353,0.05258879022534413,1.0119404170563033,1.0052067136967926,0.9933457511469906,0.03642425676038434,0.03406672582583195,1.1677591560690304,0.5851007419369699,-0.0007927736568921206,0.011004831112360725,1
2024-04-10 00:00:00+00:00,3505.156005859375,3561.516357421875,3415.180419921875,3543.737060546875,16872482726,3466.341357421875,3497.6121484375,52.62013674308105,4.967723129702335,-3.3227869126973117,8.290510042399648,3711.6748653503637,3466.341357421875,3221.007849493386,0.011004831112360725,-0.0410131687411911,0.06774919572045457,1.0223277788147684,1.01318754343016,0.9910593886089987,0.03642546275743705,0.03411197200477402,1.0965655820624038,0.6577356957443414,-0.028542621215102537,-0.010861205883757163,0
2024-04-11 00:00:00+00:00,3543.4521484375,3616.1943359375,3477.171142578125,3505.247802734375,14076734489,3474.9193481445313,3508.3099951171876,51.128731800323045,6.477266344968484,-1.3627762611641527,7.840042606132637,3712.6014333273724,3474.9193481445313,3237.2372629616902,-0.010861205883757163,2.4099492176299364e-05,0.04503747324080809,1.0087278153969352,0.9991271602603321,0.9904824126091683,0.03730026778571948,0.032442562870796304,0.9346015247530481,0.563800463898053,6.213168950908177e-05,-0.07480580700184813,0
2024-04-12 00:00:00+00:00,3505.329833984375,3552.589111328125,3103.43017578125,3243.034912109375,22104869556,3470.2413940429688,3513.750546875,42.327131741220306,-13.331125731047905,-3.756446155140903,-9.574679575907002,3722.6151760258426,3470.2413940429688,3217.867612060095,-0.07480580700184813,-0.08485453161445766,-0.060941087047101994,0.9345271823673081,0.9229553631784164,0.9876174610998704,0.04888468976572614,0.03682301818631843,1.425671155582907,0.04986116198668367,-0.010435538191714167,-0.07342952756850973,0
2024-04-13 00:00:00+00:00,3242.94091796875,3299.663818359375,2862.3935546875,3004.900390625,29930408174,3447.75458984375,3515.415390625,36.22768797482885,-47.6950856157855,-12.544174047269824,-35.15091156851568,3775.0159875040576,3447.75458984375,3120.4931921834427,-0.07342952756850973,-0.14274237950283108,-0.18683021493442187,0.8715528650086374,0.8547781859971785,0.9807531135689713,0.05511605933423851,0.039164571053803734,1.8257402745431237,-0.1766062272923896,-0.09257040095207303,0.050597851556279494,1
2024-04-14 00:00:00+00:00,3005.547607421875,3174.66650390625,2914.4228515625,3156.94189453125,25486284994,3426.0574951171875,3518.7065087890624,41.97676120800289,-61.946215292322904,-22.42458229628044,-39.52163299604246,3770.4550267691093,3426.0574951171875,3081.6599634652657,0.050597851556279494,-0.026547052347989486,-0.09934528087714356,0.9214503548263622,0.8971881816928485,0.9736695818646838,0.058375904078623975,0.03992130833589291,1.5226881247981403,0.10929510833729025,-0.05198093878772536,-0.01753011445356112,0
2024-04-15 00:00:00+00:00,3156.830078125,3277.5615234375,3026.538818359375,3101.600341796875,21925843181,3401.7622680664062,3518.4845703125,40.54402445916039,-76.82040126508946,-33.303746090042246,-43.51665517504721,3766.179007033095,3401.7622680664062,3037.3455290997176,-0.01753011445356112,0.03218075097383255,-0.12476566720268145,0.9117628150893254,0.8815159708150719,0.9668259729683205,0.04615633149521163,0.03999053192642753,1.2967191239451838,0.08816117075103802,-0.06546924508873442,-0.005377925568445963,0
2024-04-16 00:00:00+00:00,3101.140625,3127.160888671875,2997.754638671875,3084.920166015625,19441391169,3381.0025146484377,3516.6031005859377,40.09976845615922,-88.92913191843763,-44.428823255721326,-44.50030866271631,3768.407965985395,3381.0025146484377,2993.5970633114803,-0.005377925568445963,-0.022813764371269474,-0.11991381504921295,0.9124276461345372,0.8772443400000456,0.9614398946770802,0.04481871014503376,0.0397685586820319,1.1474503421140274,0.11786502021200748,-0.08027695704488702,-0.03247819118850337,0
2024-04-17 00:00:00+00:00,3084.923583984375,3123.669677734375,2918.5537109375,2984.7275390625,17711869375,3352.1741943359375,3511.407265625,37.445608081574655,-105.39516598306636,-56.62209180119034,-48.77307418187603,3767.8667902616694,3352.1741943359375,2936.4815984102056,-0.03247819118850337,-0.03768145146213975,-0.07964988970126863,0.8903855724758276,0.8500089318267229,0.9546526337608633,0.04324364551251138,0.0398159548978556,1.0414010282785462,0.05803079141312643,-0.13573702588679348,0.027238683519387852,1
2024-04-18 00:00:00+00:00,2984.705322265625,3094.842041015625,2956.12744140625,3066.027587890625,15183777035,3329.8852661132814,3505.013740234375,40.86589880557607,-110.60934642937127,-67.41954272682653,-43.18980370254474,3757.18109113802,3329.8852661132814,2902.589441088543,0.027238683519387852,-0.006124170840181242,0.020342503683761448,0.9207607298342032,0.8747547984464119,0.9500348680204082,0.04729461726611884,0.04055266935969068,0.8863186000218469,0.19124706728952906,-0.1702883055862019,-0.0022012272375354636,0
2024-04-19 00:00:00+00:00,3065.953125,3127.114990234375,2868.7958984375,3059.278564453125,20399982867,3307.4519775390627,3499.36091796875,40.66711391030983,-113.97240880334994,-76.73011594213122,-37.242292861218715,3742.428343698882,3307.4519775390627,2872.475611379243,-0.0022012272375354636,0.02497749774977498,-0.030936055632606485,0.9249653767397726,0.8742392214373027,0.9451588604524156,0.04017849004218869,0.04054644759250611,1.153725677259294,0.21472770431537244,-0.12720798537369782,0.032147655318233825,1
2024-04-20 00:00:00+00:00,3059.47802734375,3170.6728515625,3021.784912109375,3157.627197265625,9918642130,3282.9405151367187,3493.8123828125,44.87517128995398,-107.46298087993318,-82.87668892969161,-24.586291950241574,3691.6038338080443,3282.9405151367187,2874.277196465393,0.032147655318233825,0.029875663786188777,0.01806385391236165,0.9618289404595335,0.9037769780653626,0.9396441924835041,0.029830809024076664,0.04012001276391958,0.5618745651160584,0.34667902384960686,-0.10895556207594725,-0.0032741746890918577,0
2024-04-21 00:00:00+00:00,3157.571044921875,3197.50634765625,3119.552001953125,3147.28857421875,9394387894,3265.0534423828126,3488.317158203125,44.51773528352287,-101.96308584532653,-86.6939683128186,-15.269117532507934,3663.987776108972,3265.0534423828126,2866.119108656653,-0.0032741746890918577,0.028768223589785258,0.020217187105907364,0.9639317180431453,0.9022369330201492,0.9359967268757987,0.023027998230476392,0.03937437055985991,0.5423265047872183,0.3524006857668711,-0.10212094797873861,0.017273130222613897,1
2024-04-22 00:00:00+00:00,3147.66357421875,3236.6591796875,3131.367431640625,3201.652099609375,12063858733,3261.27431640625,3482.5303271484377,46.91224252572782,-92.15538730163553,-87.78625211058198,-4.3691351910535445,3661.1536602632436,3261.27431640625,2861.394972549256,0.017273130222613897,0.013942400287745738,0.07267817839581125,0.9817181227298366,0.9193465092466112,0.9364668818481313,0.022414356860963828,0.03695883878747775,0.717158372200636,0.42544974163732097,-0.012760520198372816,0.0057031560320381924,1
2024-04-23 00:00:00+00:00,3201.588623046875,3264.41943359375,3154.58984375,3219.91162109375,11054442653,3256.697802734375,3474.3198828125,47.728252481370255,-81.9644891526782,-86.62189951900123,4.657410366323035,3656.254602708766,3256.697802734375,2857.1410027599836,0.0057031560320381924,0.023074797611473352,0.05019003540962741,0.9887044534467587,0.9267746579762818,0.9373626817856628,0.021965752574509,0.036900145551730434,0.6669775458005368,0.4539662675707402,0.07155353007359722,-0.024878460883124842,0
2024-04-24 00:00:00+00:00,3219.95703125,3292.921630859375,3105.982177734375,3139.80517578125,14000234760,3247.18603515625,3466.0166943359377,44.49683583194657,-79.4363567343762,-85.18479096207622,5.748434227700017,3648.445113941517,3247.18603515625,2845.926956370983,-0.024878460883124842,-0.019317190595340095,0.02632209183687717,0.9669311033576699,0.9058828772845287,0.9368639338819994,0.01980905587588876,0.03725177145323455,0.845928966993623,0.36619510304903946,-0.005428265493161555,0.005320185415315981,1
2024-04-25 00:00:00+00:00,3139.624267578125,3190.976318359375,3074.8046875,3156.509521484375,13989030260,3239.067248535156,3452.7623583984373,45.328079682545514,-75.21782818264364,-83.1913984061897,7.973570223546062,3640.788594141379,3239.067248535156,2837.3459029289334,0.005320185415315981,-0.019690633492554843,-0.00035396065191539705,0.9745118823673337,0.9141983124921812,0.938108943598886,0.017784920032666397,0.037288980494906046,0.8483928293038325,0.3972450332130145,0.01770349936693938,-0.008346157799679732,0
2024-04-26 00:00:00+00:00,3156.384033203125,3166.188720703125,3103.10400390625,3130.164794921875,10622333862,3227.8662963867187,3437.878701171875,44.20368675536757,-73.1571036222249,-81.18453944939675,8.027435827171857,3628.5640762859916,3227.8662963867187,2827.1685164874457,-0.008346157799679732,-0.003070375491363464,-0.0054408036927867665,0.9697318623221133,0.9104930880356223,0.938912212140129,0.01830331587241331,0.03719625915127992,0.6409757757729337,0.3780857963707663,0.014666385666857185,0.03897667565831631,1
2024-04-27 00:00:00+00:00,3129.72705078125,3279.451171875,3071.340087890625,3252.168212890625,11820785577,3217.7999755859373,3425.0808447265626,50.3464537419745,-60.976410255475,-77.14291361061241,16.166503355137408,3604.502553748348,3217.7999755859373,2831.0973974235267,0.03897667565831631,0.030305212373085366,0.015778139444761363,1.0106806630509808,0.9495157516932299,0.9394814667047156,0.020175870950589068,0.03768151609184062,0.7092493835143284,0.5444375590512012,0.0896030442738931,0.0032613458524253236,1
2024-04-28 00:00:00+00:00,3252.24560546875,3351.176513671875,3249.149169921875,3262.774658203125,11379192678,3196.174072265625,3412.027958984375,50.8530219146003,-49.892145908956536,-71.69276007028124,21.800614161324702,3512.395014884474,3196.174072265625,2879.953129646776,0.0032613458524253236,0.04236513793024099,0.013311867576916603,1.0208375965863117,0.956256718123237,0.9367373628488669,0.019911237259353558,0.033681361029671765,0.6988467148577293,0.6053070447926906,0.06417002609159783,-0.01451087129353712,0
2024-04-29 00:00:00+00:00,3262.3408203125,3285.46875,3116.199951171875,3215.428955078125,15032246816,3181.687353515625,3398.71267578125,48.47560022405996,-44.41618695901752,-66.2374454480285,21.821258489010972,3462.917205297084,3181.687353515625,2900.4575017341663,-0.01451087129353712,-0.011296850411020132,0.02408550055277181,1.010604939396455,0.9460726050750983,0.9361448457199348,0.020352916881884533,0.03200915830290141,0.9324960649917226,0.5599893669693362,0.05104157314713609,-0.06317729070733402,0
2024-04-30 00:00:00+00:00,3215.381103515625,3249.37841796875,2918.228759765625,3012.286865234375,18266894653,3155.11484375,3377.62951171875,39.864154950278824,-55.82480535376362,-64.15491742917553,8.330112075411904,3388.701595287378,3155.11484375,2921.528092212622,-0.06317729070733402,-0.07677140446674258,-0.045690550042180145,0.9547312901149844,0.8918346002079826,0.934121055255844,0.031292313539008326,0.03441022350914653,1.1282713722763889,0.19427209039984847,-0.04602833803721629,-0.014109611457047588,0
2024-05-01 00:00:00+00:00,3011.015625,3020.17333984375,2815.92333984375,2969.78466796875,20005057445,3128.341687011719,3357.4197412109374,38.32993684181864,-67.51749014173402,-64.82743197168722,-2.6900581700467967,3309.9087292904555,3128.341687011719,2946.7746447329823,-0.014109611457047588,-0.0763954951395922,-0.051236959540696625,0.9493159523778149,0.8845437558836843,0.9317696112322864,0.030642454243845044,0.03443449416295271,1.2134148780811542,0.06336508803300143,-0.05639899299480722,0.0061902767768931,1
2024-05-02 00:00:00+00:00,2969.79443359375,3015.05029296875,2894.329833984375,2988.16845703125,13163903903,3115.5983642578126,3337.0539697265626,39.416038652877404,-74.44248234223232,-66.75044204579625,-7.692040296436076,3299.037704308977,3115.5983642578126,2932.159024206648,0.0061902767768931,-0.008006677080288127,-0.08117653779806311,0.9590993792112487,0.8954510427879294,0.9336373917000521,0.030704884780320175,0.030682972465715334,0.8207163931624888,0.1526647250501987,-0.06667921308632241,0.03861011747338838,1
2024-05-03 00:00:00+00:00,2988.134521484375,3127.1552734375,2960.18212890625,3103.5419921875,12862183229,3120.5304443359373,3321.462001953125,45.86022971971347,-69.81611180489017,-67.36357599761503,-2.45253580727514,3296.593989076004,3120.5304443359373,2944.4668995958705,0.03861011747338838,0.04503940156383002,-0.04880283890132875,0.9945559088586131,0.9343903348472808,0.939505086164155,0.03525303527306747,0.027311181451999993,0.8469698404728441,0.45175477077461323,-0.036140628253244156,0.004522066678476877,1
2024-05-04 00:00:00+00:00,3103.61962890625,3167.541259765625,3096.267578125,3117.576416015625,8283229638,3118.5621704101563,3309.1091259765626,46.60425968214229,-64.27628214057086,-66.7461172262062,2.4698350856353386,3293.7899719285656,3118.5621704101563,2943.334368891747,0.004522066678476877,0.04330678167754365,-0.03043218818688609,0.999683907409676,0.9421195546386179,0.9424174458102305,0.03093403273994586,0.024823556003888414,0.5781970002735173,0.49718722033264856,-0.007079662119511609,0.006310224609351378,1
2024-05-05 00:00:00+00:00,3117.636962890625,3170.05517578125,3075.586181640625,3137.2490234375,8783447639,3120.3446044921875,3301.396904296875,47.68947304414088,-57.63414170164697,-64.92372212129436,7.289580419647393,3295.571176581706,3120.3446044921875,2945.118032402669,0.006310224609351378,0.010860826544267788,0.041484149350232036,1.0054174846332602,0.9502792649239686,0.9451588812090294,0.031100644430848052,0.024524850324623423,0.6425888863238006,0.548235888951467,-0.0061018342937921854,-0.02375337855399917,0
2024-05-06 00:00:00+00:00,3137.51025390625,3220.15234375,3048.238525390625,3062.728759765625,13008587255,3119.2350341796873,3289.8032177734376,44.0382705744414,-57.71802259994229,-63.482582217023946,5.764559617081659,3295.682874533513,3119.2350341796873,2942.787193825862,-0.02375337855399917,-0.017593043098554473,0.03129657607817271,0.9818845730459927,0.9309762794379238,0.9481524661802745,0.03175282914354537,0.02510810362751932,0.9746301057178636,0.33987824871998434,-0.0215439248648035,-0.01833385054066039,0
2024-05-07 00:00:00+00:00,3062.7509765625,3129.081298828125,3003.013671875,3006.5771484375,11743187337,3120.3275146484375,3279.57505859375,41.46230888711275,-61.60531682734654,-63.107129139088464,1.5018123117419222,3293.5091378633797,3120.3275146484375,2947.1458914334953,-0.01833385054066039,-0.041651738202414745,0.006160526647329245,0.9635453760296205,0.9167581454064025,0.9514426286637281,0.021168835018038793,0.024334162361393658,0.8999458991642288,0.17158649948165208,-0.07551610137497666,-0.010949302229649516,0
2024-05-08 00:00:00+00:00,3006.315673828125,3037.196044921875,2938.47265625,2973.6572265625,11791662158,3115.7089965820314,3275.89583984375,39.98560285777264,-66.57495345904681,-63.80069400308014,-2.7742594559666713,3299.5845160428507,3115.7089965820314,2931.833477121212,-0.010949302229649516,-0.029082409899706896,-0.04185049403293306,0.9544078827081207,0.9077386375948798,0.9511013624690342,0.020851083695708636,0.02362584110823881,0.9155611056857013,0.11372843313761458,-0.0886109100160315,0.0209719132026831,1
2024-05-09 00:00:00+00:00,2973.9716796875,3057.958251953125,2951.223876953125,3036.0205078125,10861947179,3114.54609375,3266.348388671875,44.05086701830986,-64.73500583762598,-63.987556369989306,-0.7474494676366703,3300.209794441028,3114.54609375,2928.8823930589724,0.0209719132026831,0.009792983157043356,-0.02616003501442843,0.9747874702849707,0.9294845945833021,0.9535253816009508,0.022240839077622535,0.02413993687581553,0.8758036628446404,0.2885273598306151,-0.0557961160927799,-0.041577205332458456,0
2024-05-10 00:00:00+00:00,3036.231201171875,3052.7294921875,2881.000732421875,2909.791259765625,12278653601,3102.154296875,3254.6843896484374,38.383360375078546,-72.62530021389784,-65.71510513877102,-6.910195075126822,3307.7265273859302,3102.154296875,2896.5820663640698,-0.041577205332458456,-0.02147724567121778,-0.07250229802371522,0.9379904999235033,0.8940317743312534,0.9531352123546721,0.021155837234015665,0.024581049941493214,0.9807025015780132,0.03212786417874886,-0.03402584483293403,0.0006223095933592937,1
2024-05-11 00:00:00+00:00,2909.845458984375,2942.1787109375,2888.083251953125,2911.60205078125,6795916454,3090.369970703125,3246.2426708984376,38.50558712277264,-77.83506546797616,-68.13909720461206,-9.695968263364108,3311.4821703381867,3090.369970703125,2869.2577710680634,0.0006223095933592937,-0.040980769632842695,-0.049343810973303426,0.9421532303197984,0.8969144780465313,0.9519836574164147,0.020789415916833143,0.02460077487187535,0.5484850753376532,0.09575292494732172,-0.01959152722924362,0.005873005038939505,1
2024-05-12 00:00:00+00:00,2911.658203125,2953.04736328125,2902.201904296875,2928.701904296875,5908941395,3076.7224609375,3238.0848291015627,39.7216014566922,-79.6656902103191,-70.44441580575347,-9.221274404565634,3302.55804806182,3076.7224609375,2850.8868738131796,0.005873005038939505,0.006498969459676429,-0.025901628428559142,0.951890182322288,0.9044549660885416,0.9501673437601589,0.020734478184947735,0.024220977522290348,0.4890457654932418,0.1722824809733353,-0.01990066945337321,0.007053539594945368,1
2024-05-13 00:00:00+00:00,2928.81396484375,2994.869140625,2865.134521484375,2949.359619140625,13352264795,3063.194860839844,3227.9792919921874,41.23344835719529,-78.54416037464352,-72.06436471953148,-6.479795655112042,3285.2979059395957,3063.194860839844,2841.091815740092,0.007053539594945368,0.01296797010746853,-0.008170950977413938,0.9628377407018734,0.9136860408173161,0.948951211811943,0.020495861596561336,0.024251793037424474,1.0946735954419167,0.24373327108574158,-0.04967948667522337,-0.023124226599441355,0
2024-05-14 00:00:00+00:00,2949.213134765625,2959.546630859375,2863.5458984375,2881.157958984375,12444516140,3050.2625,3213.784775390625,37.85750288091041,-82.21096703579906,-74.09368518278501,-8.117281853014049,3283.428240327232,3050.2625,2817.096759672768,-0.023124226599441355,-0.0162337946524177,-0.051008400117727115,0.9445606596102385,0.8964999713256093,0.9491184734451455,0.021079478023230076,0.02417572672318321,1.0268007511243606,0.13737266723169048,-0.07583405359904583,0.05410973083044013,1
2024-05-15 00:00:00+00:00,2881.224609375,3041.602294921875,2864.7353515625,3037.056640625,14666902956,3044.2898559570312,3202.775810546875,48.28129195016825,-71.71058207208716,-73.61706456064545,1.9064824885582823,3272.0534740981093,3044.2898559570312,2816.526237815953,0.05410973083044013,0.029734258554040993,0.04373694519572724,0.9976240057043592,0.9482576428308984,0.9505160635758697,0.030642861649639093,0.02741161301171577,1.2067956591270954,0.4841212231543693,-0.03193638186321557,-0.030267969283067964,0
2024-05-16 00:00:00+00:00,3036.01416015625,3041.80712890625,2925.08740234375,2945.131103515625,13035465176,3035.0381713867187,3191.6761279296875,43.63360927078775,-69.99966140471815,-72.89358392946,2.893922524741839,3263.1463368660507,3035.0381713867187,2806.9300059073867,-0.030267969283067964,0.022203969876681384,0.011515671492736468,0.9703769564683877,0.9227537461409073,0.9509229789412957,0.03184725076998652,0.028125849880444777,1.0620173059973272,0.3029288699898825,-0.038396366597935105,0.050587747570991715,1
2024-05-17 00:00:00+00:00,2945.136962890625,3120.3017578125,2934.112548828125,3094.11865234375,14449438097,3027.135693359375,3182.3326220703125,51.7418516523978,-55.97643292513703,-69.5101537285954,13.533720803458365,3233.484609482333,3027.135693359375,2820.7867772364175,0.050587747570991715,0.01878858989834553,0.05648125123426939,1.022127504601566,0.9722800913032235,0.9512317073222938,0.03271500495291125,0.02913245000690817,1.1647435571694753,0.6623050904334808,0.02911666642306021,0.009317781735288744,1
2024-05-18 00:00:00+00:00,3094.553466796875,3146.79052734375,3087.704345703125,3122.948974609375,9407051320,3020.1444091796875,3174.555478515625,53.1463904968587,-42.051810170086355,-64.01848501689359,21.966674846807237,3200.7465069415625,3020.1444091796875,2839.5423114178125,0.009317781735288744,0.06037689489662701,0.058856625805207896,1.0340396191378183,0.9837437070306358,0.951359782375535,0.03249650371562057,0.02922228244096988,0.7643612659828295,0.7846161996557647,0.05020476022364351,-0.0163646468279689,0
2024-05-19 00:00:00+00:00,3122.82470703125,3137.1484375,3056.75439453125,3071.843017578125,8747800800,3012.9651123046874,3165.8334521484376,50.348953826905564,-34.73981102067273,-58.162750217649425,23.422939196976692,3170.8705839089225,3012.9651123046874,2855.0596407004523,-0.0163646468279689,-0.00719934729999816,0.06618347945801895,1.019541515775601,0.9703109983544689,0.9517130821458695,0.034073712124848936,0.02926768701257691,0.7294178559545409,0.6864340249747826,0.011799165938913836,0.19272223475749883,1
2024-05-20 00:00:00+00:00,3071.85888671875,3690.805908203125,3050.2978515625,3663.85546875,31228143948,3045.5435424804687,3166.1534326171877,70.02915341826662,18.610923004922824,-42.80801557313498,61.418938578057805,3376.6876100822155,3045.5435424804687,2714.399474878722,0.19272223475749883,0.17320375662182652,0.20638364781896534,1.203021863797075,1.1571945411759166,0.9619064923088642,0.07790112611544374,0.049794815686330006,2.470402173463167,1.4335995821207783,0.2591471833086447,0.03424187347472718,1
2024-05-21 00:00:00+00:00,3663.01123046875,3837.372802734375,3628.096435546875,3789.312744140625,37643853967,3086.5199462890623,3171.8390869140626,72.51537905660854,70.2058286344286,-20.20524673162226,90.41107536605085,3553.2532239025977,3086.5199462890623,2619.786668675527,0.03424187347472718,0.23356327861055903,0.2866363536812653,1.2276974748523928,1.194673702009049,0.973101050120418,0.07381844526068346,0.049689262173465865,2.783720921829566,1.2528848183324623,0.3014528352608712,-0.013747867811565229,0
2024-05-22 00:00:00+00:00,3789.372802734375,3810.948486328125,3655.0751953125,3737.2177734375,25155809461,3123.972412109375,3181.03875,69.92157386419024,105.67339716402648,4.970482047507492,100.702915116519,3670.8141917759745,3123.972412109375,2577.1306324427755,-0.013747867811565229,0.020023252913011103,0.20784565601794602,1.196303065593991,1.1748419516855932,0.9820604706903916,0.07638179481121568,0.050038992695142885,1.7812638199699187,1.0607155343013575,0.27606628996771665,0.010625410415868064,1
2024-05-23 00:00:00+00:00,3737.178466796875,3943.553955078125,3552.642578125,3776.92724609375,45623656317,3157.6416748046877,3190.34845703125,70.77955370457222,135.4248301878397,31.06135167557393,104.36347851226576,3777.264803913936,3157.6416748046877,2538.0185456954396,0.010625410415868064,-0.0032685341335382256,0.20941048886851443,1.1961228141338638,1.1838604142972946,0.9897482100569676,0.07224572216008507,0.049655574764510484,2.8948058420570826,0.9997276103777218,0.28059230945674196,-0.013236335392203924,0
2024-05-24 00:00:00+00:00,3776.992431640625,3825.12255859375,3631.990234375,3726.9345703125,22257061429,3188.109582519531,3198.286337890625,68.14414796525202,153.2030348571334,55.48968831188583,97.71334654524756,3857.375356650104,3188.109582519531,2518.843808388958,-0.013236335392203924,-0.0027515664722801425,0.2132568458042028,1.1690108115314972,1.1652910892182768,0.9968180599558807,0.07441623647760441,0.049934406043948366,1.3522553127255963,0.9025493373637278,0.2935544053357859,0.005984006837891798,1
2024-05-25 00:00:00+00:00,3726.9755859375,3776.006591796875,3710.5283203125,3749.236572265625,10000027764,3218.7089599609376,3206.8933642578127,68.70397136651475,167.16500123694777,77.82475089689822,89.34025034004955,3932.653448023032,3218.7089599609376,2504.764471898843,0.005984006837891798,-0.007331534875807844,0.023303622166284343,1.164826214144918,1.1691179426333465,1.0036844367308295,0.07457428951515738,0.04993574657485624,0.6053269310614033,0.8715468227401914,0.23449675653532243,0.020447066274494885,1
2024-05-26 00:00:00+00:00,3749.179931640625,3879.470703125,3732.02294921875,3825.8974609375,14650794791,3256.867395019531,3216.32763671875,70.61555787284263,182.31424805265624,98.72265032804984,83.5915977246064,4015.8669036117653,3256.867395019531,2497.867886427297,0.020447066274494885,0.02655342849678788,0.009654710304248582,1.1747169893340272,1.1895235476820465,1.0126043621420793,0.07213269398027071,0.04933602691236595,0.8824634517546303,0.8748553585847414,0.2990584549429727,0.017279442451079374,1
2024-05-27 00:00:00+00:00,3826.127197265625,3973.556396484375,3821.930419921875,3892.0068359375,18949181813,3301.138879394531,3225.097880859375,72.19292889620087,197.37934315838038,118.45398889411595,78.92535426426443,4100.867625777115,3301.138879394531,2501.4101330119474,0.017279442451079374,0.03807982263055765,0.041418261360141484,1.1789891240962698,1.2067871983161074,1.0235778885926072,0.01760734874122308,0.048814091482013884,1.1171249914050407,0.8694177302089267,0.2578725230816088,-0.013296607756030476,0
2024-05-28 00:00:00+00:00,3892.096923828125,3924.895751953125,3771.2138671875,3840.25634765625,19846044324,3344.4688354492187,3227.9971533203125,69.06738566771496,202.80489902608906,135.3241709205106,67.48072810557846,4163.170314598389,3344.4688354492187,2525.767356300048,-0.013296607756030476,0.0037530767265339104,0.016767360723719982,1.1482410321639127,1.1896715409758551,1.0360817177329613,0.015155596671207515,0.04888008424728955,1.1428647243469023,0.8027889437321372,0.22968911079842336,-0.020066320442424512,0
2024-05-29 00:00:00+00:00,3840.235107421875,3880.6484375,3742.041259765625,3763.196533203125,17411416736,3380.82763671875,3233.1578173828125,64.58353778940958,198.59730205408914,147.97879714722632,50.618504906862825,4206.41142344044,3380.82763671875,2555.2438499970604,-0.020066320442424512,-0.03309611420642522,0.009729702039707355,1.113099198649323,1.1639383988528498,1.0456735574558107,0.016388390475436478,0.049426388646761875,0.9841046776562308,0.7315748580787442,0.2250614734115126,-0.0043438931992773044,0
2024-05-30 00:00:00+00:00,3763.357666015625,3823.643310546875,3702.263671875,3746.849609375,15065849797,3422.680554199219,3237.220068359375,63.63969704902885,191.73350649083022,156.7297390159471,35.00376747488312,4232.438059068255,3422.680554199219,2612.923049330183,-0.0043438931992773044,-0.02432304768879745,-0.0006366530477917021,1.0947120393044172,1.157428142126249,1.0572900457563996,0.01590871852679333,0.04798802957897154,0.844876850006535,0.7001642795692333,0.02265213279641598,0.0035168216840502087,1
2024-05-31 00:00:00+00:00,3746.861572265625,3843.857666015625,3723.835205078125,3760.026611328125,15290700646,3465.1017822265626,3242.31564453125,64.09520358345594,185.222048510283,162.42820091481428,22.79384759546872,4250.658131258148,3465.1017822265626,2679.545433194977,0.0035168216840502087,-0.000842348213023536,-0.017217097499846234,1.0851128906557121,1.1596732161688477,1.0687120447606886,0.015001198963972758,0.04795079737314511,0.8375370165078655,0.6877171697900083,-0.0077286132842386834,0.014141485892959826,1
2024-06-01 00:00:00+00:00,3759.88427734375,3829.294677734375,3749.840087890625,3813.198974609375,8661024535,3509.3266357421876,3253.71892578125,65.94895541872424,182.25135629713031,166.39283199127752,15.858524305852796,4266.822408330769,3509.3266357421876,2751.8308631536065,0.014141485892959826,0.017708040661243096,-0.020248644118617487,1.0865899274727733,1.1719509464677524,1.078558632688152,0.015719908874648966,0.04791389071934063,0.47085243141034644,0.7005769206003409,0.020330953607230473,-0.00847135927884124,0
2024-06-02 00:00:00+00:00,3813.275634765625,3834.911865234375,3752.41455078125,3780.89599609375,11126903059,3550.903454589844,3269.238837890625,63.79408659606085,175.27007657564036,168.1682809081501,7.101795667490251,4269.258811098284,3550.903454589844,2832.5480980814036,-0.00847135927884124,0.005550329006382526,-0.015457392993758923,1.0647701477793268,1.156506509182809,1.0861560230579403,0.013922221493696754,0.04816222415285566,0.6085901143690566,0.6600827079662792,0.0010507880457863994,-0.0038368778068711418,0
2024-06-03 00:00:00+00:00,3780.854248046875,3848.60302734375,3758.919921875,3766.38916015625,14082454300,3595.1650146484376,3281.427783203125,62.801658965469315,166.64579271249977,167.86378326902005,-1.2179905565202773,4245.647723348431,3595.1650146484376,2944.682305948444,-0.0038368778068711418,-0.012275733515301313,0.0008483816683386713,1.047626227116186,1.147789745499057,1.0956099759535352,0.011162407154795844,0.04757980844575223,0.7668102562279612,0.631613141454604,0.010586338208894652,0.01224693121792586,1
2024-06-04 00:00:00+00:00,3766.476318359375,3831.364990234375,3738.13427734375,3812.515869140625,13331489271,3633.9379760742186,3295.64609375,64.6829965231355,161.669401311784,166.62490687757287,-4.955505565788883,4234.910244292956,3633.9379760742186,3032.9657078554806,0.01224693121792586,0.008363063432462292,0.017525726039636425,1.0491417008881714,1.1568341262039143,1.1026481220073263,0.011998039824044187,0.046655901854211236,0.7285680103717888,0.6485741543413523,0.016877915184946746,0.013572433260235606,1
2024-06-05 00:00:00+00:00,3812.560791015625,3887.48583984375,3778.65576171875,3864.260986328125,15480034434,3679.8944702148438,3311.23291015625,66.71662714261778,160.0559484365881,165.31111518937593,-5.255166752787829,4193.273413736131,3679.8944702148438,3166.5155266935562,0.013572433260235606,0.02598558513475946,0.027721712044793678,1.0501010334958103,1.1670157585338141,1.1113366441025128,0.009566447528339935,0.04556412181976473,0.8403728189554615,0.6795618211848578,0.010027327125809782,-0.0136261576231963,0
2024-06-06 00:00:00+00:00,3864.263427734375,3878.05224609375,3761.775390625,3811.60595703125,13606583873,3715.768835449219,3327.770478515625,62.75656024262941,152.767446571238,162.80238146574834,-10.034934894510343,4151.145361828485,3715.768835449219,3280.3923090699523,-0.0136261576231963,-0.0002386644778950009,-0.0004177640843638919,1.025792003169768,1.1453932840739194,1.1165940858717704,0.011363237533775649,0.04515281106715917,0.740361634072687,0.6100623434835178,-0.020657949046711588,-0.03488734358684775,0
2024-06-07 00:00:00+00:00,3811.666015625,3838.4521484375,3615.2802734375,3678.629150390625,18220286186,3743.552844238281,3340.022509765625,54.03378720422381,134.70830587268028,157.18356634713473,-22.475260474454444,4079.121604026363,3743.552844238281,3407.984084450199,-0.03488734358684775,-0.048038120767275094,-0.027048309662255354,0.982657198509277,1.101378550484308,1.1208166511731001,0.018079898015164558,0.04632452686291728,0.9681879435498736,0.40326320321257464,-0.04208760630374786,0.0006308874002707299,1
2024-06-08 00:00:00+00:00,3677.400390625,3707.497314453125,3669.637939453125,3680.949951171875,9096091805,3774.008190917969,3352.4559375,54.15355711678841,119.20940418117334,149.58873391394246,-30.379329732769122,3894.5812373543386,3774.008190917969,3653.4351444815993,0.0006308874002707299,-0.03427846617207497,-0.022684647111938516,0.9753423323324958,1.0979860793985081,1.1257443084344696,0.016608780129263177,0.0459865993703255,0.4829004527321182,0.11410015548042142,-0.021855510682362356,0.006779189544245501,1
2024-06-09 00:00:00+00:00,3680.93603515625,3719.36767578125,3668.12353515625,3705.90380859375,7910768788,3776.1106079101564,3363.4214697265625,55.49629033645781,107.69849941172379,141.21068701349873,-33.51218760177494,3889.870293951961,3776.1106079101564,3662.350921868352,0.006779189544245501,0.007414353849783728,-0.027963702763788456,0.9814076422524971,1.1018255790865932,1.1226992043364534,0.01705796103347801,0.01633990900406115,0.44768218458440334,0.19142496011017965,-0.01092806091784404,-0.010574014146293997,0
2024-06-10 00:00:00+00:00,3705.877197265625,3711.4287109375,3648.16455078125,3666.717529296875,10377300126,3769.980847167969,3373.810048828125,52.87729720125161,94.32667995429347,131.83388560165767,-37.5072056473642,3893.535296457921,3769.980847167969,3646.426397878017,-0.010574014146293997,-0.0038665078481898707,-0.05112063023956326,0.9726090603487638,1.0868180117521702,1.1174253418557016,0.017318787436919007,0.014462785698133874,0.6363641022865717,0.08211412674925148,-0.024816069585819056,-0.04592308012417712,0
2024-06-11 00:00:00+00:00,3666.35888671875,3669.890869140625,3434.7490234375,3498.33056640625,19184721538,3758.036486816406,3379.7436181640624,43.39937750937406,69.34265707239092,119.33563989580432,-49.9929828234134,3931.1681284654087,3758.036486816406,3584.9048451674034,-0.04592308012417712,-0.05601150297159663,-0.08218986803898298,0.9308931881525813,1.0350875574125964,1.111929457198839,0.021777014611998522,0.01738591648895405,1.1983994901123485,-0.25002442631679445,-0.0825732961483816,0.01751895888957078,1
2024-06-12 00:00:00+00:00,3497.89697265625,3652.4921875,3463.784912109375,3559.61767578125,17142905351,3747.171008300781,3386.5377392578125,47.114920538646686,53.86705063845102,106.24192204433368,-52.37487140588266,3941.312127177819,3747.171008300781,3553.029889423743,0.01751895888957078,-0.029208645787384246,-0.03235212622526451,0.9499480188910353,1.0511082261145477,1.1064902554790381,0.022585601765586168,0.017738192577159608,1.1754128652940357,0.01696648910754301,-0.05852536555914645,-0.025378125970065946,0
2024-06-13 00:00:00+00:00,3559.725341796875,3559.725341796875,3431.33349609375,3469.28125,14472382154,3734.2883422851564,3393.1272607421874,42.668719034730884,33.92209367616488,91.77795637069993,-57.85586269453505,3964.8597694450186,3734.2883422851564,3503.7169151252942,-0.025378125970065946,-0.008303765426059151,-0.0575038248223092,0.9290341109216573,1.022443599489739,1.100544735085576,0.023203496336371525,0.018312396998000437,1.019515836328229,-0.074674615041132,-0.07888401796056688,0.003168011430681794,1
2024-06-14 00:00:00+00:00,3467.969970703125,3528.602294921875,3366.223876953125,3480.27197265625,15793876596,3720.8401123046874,3399.602509765625,43.36893727329678,18.785879132124137,77.17954092298477,-58.393661790860634,3977.6254570352176,3720.8401123046874,3464.0547675741573,0.003168011430681794,-0.022290512732546675,-0.06088442862825372,0.9353457465552236,1.0237290867561415,1.0944926948419063,0.0216600169425557,0.018247041283704198,1.0903577790682946,0.03157735714845998,-0.08714557732693862,0.024503138996214258,1
2024-06-15 00:00:00+00:00,3479.78564453125,3589.887451171875,3473.45263671875,3565.549560546875,12733651076,3707.822717285156,3408.310205078125,48.61322463569025,13.515708034682575,64.44677434532433,-50.931066310641754,3968.5496143396435,3707.822717285156,3447.095820230669,0.024503138996214258,0.02774877665132358,-0.027590881474145013,0.9616289214489595,1.0461341092822112,1.0878771280151613,0.02483389311927534,0.018547909832347376,0.8849460593046375,0.22716056849986493,-0.07730104846388486,0.015429295002475696,1
2024-06-16 00:00:00+00:00,3566.761962890625,3648.093017578125,3541.534423828125,3620.5634765625,9878388158,3694.2505493164062,3415.6781103515623,51.719405328197034,13.62120593924692,54.281660664108855,-40.660454724861935,3942.5730290359097,3694.2505493164062,3445.928069596903,0.015429295002475696,0.04031050015874915,0.0349403545022382,0.9800535800779562,1.0599838039743885,1.0815569939452438,0.02567638759182798,0.01844391569506442,0.7088576900252751,0.3516302816459858,-0.0501212566625191,-0.03015678941117861,0
2024-06-17 00:00:00+00:00,3622.383544921875,3634.285400390625,3468.14892578125,3511.37890625,17838856988,3677.806677246094,3420.6501953125,45.801977474083955,4.838753321721015,44.39307919563129,-39.55432587391027,3928.9600513560445,3677.806677246094,3426.653303136143,-0.03015678941117861,-0.015192792408855627,-0.01355167153468606,0.9547480915661631,1.0265238202555265,1.0751776613364294,0.02762719645977236,0.019284081813833967,1.289374084317534,0.16867303378684725,-0.04546537237189707,-0.007887929643914382,0
2024-06-18 00:00:00+00:00,3510.565185546875,3514.17724609375,3371.59033203125,3483.681396484375,21022514455,3663.830920410156,3426.015244140625,44.41374877356228,-4.306716070142102,34.65312014247661,-38.95983621261871,3925.850342691494,3663.830920410156,3401.811498128818,-0.007887929643914382,-0.037806844421931274,0.004150757879423983,0.9508302845193485,1.0168318434783308,1.069414657940083,0.021486410771673372,0.01894899659469928,1.4999112232820255,0.15622868267309353,-0.05359175139686356,0.021720130807989513,1
2024-06-19 00:00:00+00:00,3482.350830078125,3583.320068359375,3466.48095703125,3559.347412109375,15275373778,3654.455810546875,3436.956455078125,48.96460480964236,-5.386855047298468,26.645125104521597,-32.031980151820065,3917.3843343305293,3654.455810546875,3391.5272867632207,0.021720130807989513,0.013660874300404968,0.02272105170929284,0.9739746754734278,1.0356102728186785,1.0632825461455566,0.022119708067212186,0.01977894672536303,1.0890510722496376,0.3191364005151489,-0.03954673517011431,-0.013558805157003362,0
2024-06-20 00:00:00+00:00,3559.347412109375,3623.886474609375,3485.4599609375,3511.0869140625,16115123753,3642.008825683594,3447.7825,46.35771116385937,-10.021569417217052,19.31178620017387,-29.33335561739092,3907.4518867991214,3642.008825683594,3376.5657645680662,-0.013558805157003362,0.00786682662937599,-0.015274685026681167,0.9640522805167777,1.0183609070649033,1.0563336943915673,0.020210575375365213,0.019879490149423272,1.1455540733922953,0.2533898398570056,-0.04244412447670021,0.0014208618736464285,1
2024-06-21 00:00:00+00:00,3511.268310546875,3542.957275390625,3447.935546875,3516.07568359375,15933353456,3627.1526611328127,3458.34064453125,46.67377023853473,-13.140585449079026,12.82131187032329,-25.96189731940232,3885.415711644253,3627.1526611328127,3368.8896106213724,0.0014208618736464285,-0.012157208472656778,-0.028859539031740655,0.9693762606880815,1.0166944338331152,1.0488130100395139,0.02020292214838794,0.019494226430676814,1.104094281531076,0.284953795521473,0.005072452945957373,-0.006047141456727134,0
2024-06-22 00:00:00+00:00,3516.55126953125,3519.49755859375,3477.169921875,3494.8134765625,7423703673,3612.84853515625,3466.16607421875,45.444790688522545,-17.130639192215313,6.83092165781557,-23.96156085003088,3866.913819684402,3612.84853515625,3358.783250628098,-0.006047141456727134,-0.004634871735821222,-0.004717642307987546,0.9673290874374713,1.0082648672136134,1.0423183591889955,0.017568427574514867,0.019471604633177333,0.5211081936709749,0.2677072276659842,-0.01820538190369758,-0.02180421377772701,0
2024-06-23 00:00:00+00:00,3494.953857421875,3519.324951171875,3408.5830078125,3418.61181640625,9418141333,3595.45966796875,3472.1867822265626,41.252399835374966,-26.140293628022846,0.23667860064788737,-26.376972228670734,3852.861372112026,3595.45966796875,3338.0579638254744,-0.02180421377772701,-0.027719502069387447,-0.018678395832578465,0.9508135626890761,0.9845702523566554,1.0355029534624107,0.016774141333022206,0.019886168485217254,0.6721109673515189,0.1564749791554166,-0.014605167451831713,-0.019995095208515723,0
2024-06-24 00:00:00+00:00,3418.783203125,3430.698974609375,3244.241455078125,3350.25634765625,23137744903,3572.3466918945314,3476.4469287109373,37.876846408189465,-38.35410251786698,-7.481477623055086,-30.872624894811892,3830.6982914517025,3572.3466918945314,3313.9950923373603,-0.019995095208515723,-0.0413633316558103,-0.05874421354368764,0.9378306857108262,0.9637012778729579,1.0275855680095636,0.014873633183501564,0.019751341049494685,1.5953665535855857,0.07017811265934379,-0.03735789214794272,0.013363963957398806,1
2024-06-25 00:00:00+00:00,3350.5556640625,3422.21337890625,3335.556884765625,3395.029052734375,13235546063,3548.8850952148437,3483.0929345703125,41.2668769739897,-43.9146304165788,-14.76810818175983,-29.146522234818974,3779.335463068186,3548.8850952148437,3318.4347273615012,0.013363963957398806,-0.00689834498280828,-0.033054681974203914,0.9566466542723738,0.9747167579245768,1.0188890052262265,0.016630494918128205,0.019740378794030306,0.9197185448379763,0.1661839945979562,-0.04782446714507205,-0.007526226555239823,0
2024-06-26 00:00:00+00:00,3394.373291015625,3421.509521484375,3328.390625,3369.477294921875,11694054195,3526.778662109375,3490.3509375,39.92776392950833,-49.80903460241825,-21.776293465891516,-28.032741136526734,3734.8530602852725,3526.778662109375,3318.7042639334777,-0.007526226555239823,0.005737157181739727,-0.04169375231480743,0.9553980041680818,0.9653692007644648,1.010436693977674,0.012342730360407275,0.019667652756556506,0.81803837040109,0.12200691539541521,-0.06935002887423913,0.0223545777563241,1
2024-06-27 00:00:00+00:00,3368.88623046875,3470.923095703125,3362.2646484375,3444.800537109375,11771834016,3515.0872314453127,3499.7738037109375,45.53824587073965,-47.85084152961508,-26.991203078636232,-20.85963845097885,3713.2785734703757,3515.0872314453127,3316.8958894202497,0.0223545777563241,0.014660105584343608,-0.014310617659148317,0.9800042816271625,0.9842923372524041,1.0043755478477316,0.016336502709712777,0.01939971748576843,0.8424811077363291,0.32267970533483414,-0.018960747591813654,-0.02065854031739267,0
2024-06-28 00:00:00+00:00,3445.498779296875,3482.95751953125,3363.4375,3373.635986328125,12861158844,3499.721533203125,3506.52611328125,41.586424184421965,-51.44828016418978,-31.882618495746943,-19.56566166844284,3691.31046132832,3499.721533203125,3308.1326050779303,-0.02065854031739267,0.0012342244930743096,-0.013156167618178172,0.9639726916330968,0.9621020569475319,0.9980594526154098,0.017518460328022283,0.019764977796463235,0.908205303577354,0.17094772096483357,-0.03158882734434454,-0.00019806905467367741,0
2024-06-29 00:00:00+00:00,3373.68994140625,3401.730224609375,3369.552734375,3372.9677734375,6584792001,3483.0747314453124,3515.7896435546877,41.549963274113495,-53.73378576187861,-36.25285194897327,-17.480933812905334,3656.19961628127,3483.0747314453124,3309.9498466093546,-0.00019806905467367741,-0.02085251755451467,0.006779011342561425,0.9683880001155981,0.9593770149533788,0.990694860777763,0.017641483878742537,0.01962274908991801,0.4671797749397251,0.1820013537853244,-0.052363429891048696,0.017765182101838528,1
2024-06-30 00:00:00+00:00,3373.07568359375,3453.21142578125,3352.284423828125,3432.88916015625,8396416013,3471.3833129882814,3526.2153857421877,46.11258988418283,-50.13201957439151,-39.02868547405692,-11.103334100334585,3622.469347288062,3471.3833129882814,3320.2972786885007,0.017765182101838528,0.01756359431433996,0.011151629878213276,0.9889110048181644,0.97353360036846,0.9844501634881372,0.01767042091812675,0.020177282389221406,0.5999271108013156,0.37260850081069574,-0.022271665675108965,0.0021708806286613314,1
2024-07-01 00:00:00+00:00,3432.607421875,3513.310791015625,3425.3232421875,3440.341552734375,12281551839,3468.4838623046876,3536.4481787109376,46.6701593459829,-46.144325067143654,-40.45181339267427,-5.692511674469387,3619.6181709873053,3468.4838623046876,3317.34955362207,0.0021708806286613314,0.01997462882018941,0.021031231734162326,0.9918862792252944,0.9728239688184561,0.9807817581449692,0.015142906999641012,0.017491526928460212,0.89970992050297,0.40689635657310785,-0.021539391547444664,-0.0069722194841920215,0
2024-07-02 00:00:00+00:00,3439.38134765625,3459.761474609375,3399.026123046875,3416.354736328125,9421757718,3461.3207153320313,3545.7880810546876,45.054278701359166,-44.40767996632667,-41.242986707404754,-3.1646932589219148,3607.7759262435357,3461.3207153320313,3314.865504420527,-0.0069722194841920215,-0.00481647471174762,-0.008257604605786395,0.9870090110966233,0.9634965932064211,0.9761781122301219,0.0149735336046969,0.017000055624972508,0.7102981543804301,0.34648556127143515,-0.022450050842640956,-0.03613149037734886,0
2024-07-03 00:00:00+00:00,3416.2548828125,3426.332275390625,3254.521240234375,3292.916748046875,16121324440,3452.502490234375,3554.0232568359374,37.80100243121465,-52.38789520645514,-43.47196840721483,-8.91592679924031,3617.05909769026,3452.502490234375,3287.9458827784897,-0.03613149037734886,-0.04285179318033905,-0.023926481282619094,0.9537767915768639,0.9265321327633856,0.9714349740378615,0.020550224596214067,0.017926043950054326,1.2078650611489938,0.015103815474920696,-0.036767868102529855,-0.07239623520151972,0
2024-07-04 00:00:00+00:00,3291.81787109375,3309.20361328125,3054.52197265625,3054.52197265625,20252514386,3431.214990234375,3554.3725634765624,28.318859154262967,-77.06043458294198,-50.189661642360264,-26.870772940581716,3672.7795663736397,3431.214990234375,3189.65041409511,-0.07239623520151972,-0.10591194170332863,-0.09441116019223383,0.8902158510468636,0.8593702314842865,0.9653504040325682,0.03001719779328754,0.023709456376979948,1.4924597255254237,-0.27969424076681887,-0.08827216317547992,-0.023873895979977133,0
2024-07-05 00:00:00+00:00,3057.833251953125,3106.152587890625,2826.014404296875,2981.5986328125,31131942647,3402.017443847656,3555.1019140625,26.15737591993117,-101.32983659384581,-60.417696632657375,-40.91213996118844,3707.834044855018,3402.017443847656,3096.200842840294,-0.023873895979977133,-0.09454175099295381,-0.13146085011472064,0.8764207362324204,0.8386816200735455,0.9569394988061227,0.0301135387694381,0.02286156233259157,2.148541228513569,-0.18737081252341067,-0.12177522298046195,0.029440346500360093,1
2024-07-06 00:00:00+00:00,2981.988037109375,3080.107421875,2957.395751953125,3069.3779296875,11586293705,3374.4581665039063,3554.607099609375,32.80579194697181,-112.1872323035982,-70.77160376684554,-41.41562853675265,3696.2735504895463,3374.4581665039063,3052.6427825182664,0.029440346500360093,0.004863594750418754,-0.10782755646805886,0.9095913412574667,0.8634928822442295,0.9493195934016827,0.0346295774903182,0.023832298547501133,0.7949320610561369,0.02600116091712445,-0.08906407106130476,-0.045608825587177826,0
2024-07-07 00:00:00+00:00,3067.405029296875,3072.814453125,2923.959228515625,2929.38720703125,10857947538,3345.3585815429688,3550.7358642578124,28.41230469320726,-130.58260303106954,-82.73380361969035,-47.84879941137919,3716.5131314493483,3345.3585815429688,2974.204031636589,-0.045608825587177826,-0.017511218715578702,-0.1425400951835184,0.8756571636874091,0.8250084824722835,0.9421592338697454,0.033557130735034406,0.024820135360276715,0.7632384131265711,-0.06037488239958779,-0.14962066004280827,0.03049945952793487,1
2024-07-08 00:00:00+00:00,2929.861572265625,3090.66455078125,2826.481689453125,3018.73193359375,22627377457,3322.1111083984374,3549.673642578125,34.446369182339026,-136.37959503728143,-93.46296190320857,-42.91663313407287,3714.4274255838377,3322.1111083984374,2929.794791213037,0.03049945952793487,-0.016500410589355585,-0.08326503080156888,0.9086787994423992,0.850425204555213,0.9358919841390237,0.03831604618537986,0.026326517208152104,1.5816264938797508,0.1133487679263199,-0.10519927288321751,0.015006640664742665,1
2024-07-09 00:00:00+00:00,3018.80322265625,3105.800537109375,3005.522216796875,3064.032958984375,15269945822,3297.3453857421873,3537.6771923828123,37.33073258250725,-135.7534574607048,-101.92106101470782,-33.83239644599698,3689.1398773882493,3297.3453857421873,2905.5508940961254,0.015006640664742665,0.04596379462228217,0.0031137396991300914,0.9292423451402265,0.8661143434968376,0.9320650829425313,0.04021094832447164,0.025984285828823547,1.067371112144039,0.20225152250407166,-0.09159139227063517,0.01246259146908213,1
2024-07-10 00:00:00+00:00,3066.13720703125,3148.407470703125,3026.6083984375,3102.21875,14578679176,3276.9019775390625,3523.9353125,39.73773815512618,-130.6696859170038,-107.67078599516702,-22.998899921836767,3664.382147970395,3276.9019775390625,2889.42180710773,0.01246259146908213,0.02765625376575276,0.0404548472286228,0.9466925685490755,0.8803279501175577,0.9298984478844807,0.04009354912412008,0.026295437724276293,1.0245532188855784,0.2745907521608012,-0.0963242314940338,-0.0006085771524413364,0
2024-07-11 00:00:00+00:00,3101.335205078125,3208.9384765625,3057.21923828125,3100.330810546875,15230095766,3256.1147338867186,3511.1975732421874,39.65664030337292,-125.34816565062738,-111.2062619262591,-14.141903724368277,3634.0594018335687,3256.1147338867186,2878.1700659398684,-0.0006085771524413364,0.011846429868212383,0.0100844150080035,0.9521565005929968,0.8829838668645683,0.9273516132218305,0.028240400397913652,0.026269861979200573,1.0729846690721494,0.2939064411384271,-0.09883051928877828,0.010911055279745563,1
2024-07-12 00:00:00+00:00,3099.989990234375,3154.6015625,3048.508056640625,3134.15869140625,12751638331,3238.081994628906,3498.3422021484375,41.94293747059335,-117.05189385598806,-112.3753883122049,-4.676505543783151,3602.2372275721063,3238.081994628906,2873.926761685706,0.010911055279745563,0.010295837908351979,0.0699024983394132,0.9679059074492132,0.89589825989049,0.9256047028905012,0.02578513795913937,0.026538454494021434,0.8818232419053188,0.35730906242549343,-0.08260150561097102,0.013732565354943382,1
2024-07-13 00:00:00+00:00,3134.550537109375,3199.989501953125,3115.080322265625,3177.19873046875,8565105946,3226.011340332031,3487.3474853515627,44.80817414422621,-105.78464766595971,-111.05724018295587,5.272592516996156,3580.8559027089877,3226.011340332031,2871.1667779550744,0.013732565354943382,0.024793457414409303,0.052494491184034375,0.9848690519921554,0.9110645680748541,0.925061627464065,0.024185654269651906,0.02655012935842395,0.5940611489131857,0.431219729652463,-0.035141495042885884,0.021050106325543716,1
2024-07-14 00:00:00+00:00,3176.741455078125,3266.487548828125,3166.43115234375,3244.0791015625,10517709666,3220.7024780273437,3477.2443359375,49.01861681011597,-90.4163237812113,-106.92905690260696,16.512733121395655,3570.866527747149,3220.7024780273437,2870.538428307538,0.021050106325543716,0.035071743641331254,0.05876116379564156,1.0072582375101826,0.9329453981806152,0.9262226541693424,0.009527923719622383,0.026778152011024972,0.7628779246693191,0.5333795310424669,0.06205787046324929,0.0756682020158721,1
2024-07-15 00:00:00+00:00,3246.131591796875,3494.098388671875,3235.776123046875,3489.552734375,18305490390,3225.428662109375,3470.51744140625,60.82993036635654,-57.763286510041326,-97.09590282409384,39.332616314052515,3587.8371442110524,3225.428662109375,2863.020180007698,0.0756682020158721,0.09831113203931263,0.12485708313606181,1.0818880527008439,1.0054848573131034,0.9293797586570938,0.02489558866901216,0.03173444105154524,1.3037744306862051,0.8644010630406854,0.1703630045883655,-0.013193469233778732,0
2024-07-16 00:00:00+00:00,3486.14404296875,3498.218994140625,3351.77978515625,3443.513427734375,20446664416,3229.13046875,3461.5475732421874,58.11066830977258,-35.194802721794986,-84.71568280363408,49.520880081839096,3599.166441810904,3229.13046875,2859.094495689096,-0.013193469233778732,0.06147640668682164,0.11069225774876745,1.0663903057058461,0.9947901494559207,0.9328574576617769,0.02813141472154444,0.03184771023134381,1.4122563517517668,0.7896785374824759,0.12189293942208246,-0.0159026492788078,0
2024-07-17 00:00:00+00:00,3446.73681640625,3516.104248046875,3379.099609375,3388.75244140625,16739123962,3226.3280639648438,3452.5174951171875,54.96339495897703,-21.480259600805766,-72.06859816306842,50.58833856226265,3590.2858341504593,3226.3280639648438,2862.370293779228,-0.0159026492788078,-0.028886307398590994,0.08123192699147208,1.0503434164849939,0.9815308528338759,0.9344856524341331,0.030831803730889177,0.03168217822754271,1.1366763547312178,0.7231362959479765,0.15681273997251388,0.011067820433664055,1
2024-07-18 00:00:00+00:00,3388.030029296875,3488.715576171875,3374.990478515625,3426.258544921875,15035622003,3228.959191894531,3445.7787353515623,56.69340261913831,-7.498518019287985,-59.154582134312335,51.65606411502435,3598.1244221424176,3228.959191894531,2859.7939616466447,0.011067820433664055,-0.005010836511781136,0.07838975008540938,1.0611030803742,0.9943350424014687,0.9370767654833444,0.03027780037752735,0.03140443508618741,1.0135167505767286,0.7672236397979051,0.13499927131422074,0.023196240831611536,1
2024-07-19 00:00:00+00:00,3425.90869140625,3540.58837890625,3377.877685546875,3505.73486328125,17705629736,3235.597546386719,3440.9564404296875,60.18370979734945,9.881282325603934,-45.347409242329086,55.22869156793302,3620.1215966974905,3235.597546386719,2851.0734960759473,0.023196240831611536,0.03452079309353606,0.08065640618711312,1.0834891586551612,1.0188257026710497,0.940319240421037,0.030373284002705486,0.03178129780331523,1.150377941815064,0.8512619258485998,0.1441570342778833,0.003868103950767088,1
2024-07-20 00:00:00+00:00,3505.721435546875,3539.904296875,3482.489013671875,3519.29541015625,10360198325,3239.917858886719,3436.14181640625,60.7647552425942,24.46708083854628,-31.384511226154018,55.8515920647003,3635.556246429211,3239.917858886719,2844.2794713442267,0.003868103950767088,0.027154070253182283,0.008523348992052648,1.0862298253961071,1.0241996978567571,0.9428941039096124,0.030750496415398038,0.03157928308285314,0.6688602981048654,0.8530718454860823,0.13444463262181294,0.0049186148294897425,1
2024-07-21 00:00:00+00:00,3519.426513671875,3546.619140625,3415.44384765625,3536.60546875,13845913681,3244.7310546875,3430.6099462890625,61.53637882783937,36.99673299903043,-17.70826238111713,54.70499538014756,3652.7833678395027,3244.7310546875,2836.6787415354975,0.0049186148294897425,0.008805744493711076,0.027034028752684236,1.0899533456373351,1.0308969903662741,0.9458175384226848,0.03083528967806173,0.03158732698065453,0.8894087244187228,0.8576433764189623,0.14071874418013142,-0.027197137968854812,0
2024-07-22 00:00:00+00:00,3536.627197265625,3560.075439453125,3425.795654296875,3440.419921875,18723199034,3245.9343139648436,3423.8004248046873,55.05694310194559,38.71887573303957,-6.4228347582857905,45.141710491325355,3656.2531288444056,3245.9343139648436,2835.6154990852815,-0.027197137968854812,-0.02241229538549827,0.015246755660708322,1.0599166800983708,1.0048541080110593,0.9480500938222793,0.017518140849435853,0.03220260645170411,1.1678189887125046,0.736993285291149,0.09771720599486788,0.012084550339342526,1
2024-07-23 00:00:00+00:00,3440.768310546875,3539.53173828125,3395.4208984375,3481.995849609375,24468405650,3255.3882690429687,3418.11255859375,57.156865754458636,42.94349033555409,3.450430260482184,39.4930600750719,3678.769998237793,3255.3882690429687,2832.0065398481443,0.012084550339342526,-0.015441252812382955,0.016267687904086836,1.0696100009701839,1.0186896393610594,0.9523935251512818,0.017405165379569036,0.031073707842226374,1.4874433441838928,0.7676161545720954,0.09593265797876493,-0.04183132330756956,0
2024-07-24 00:00:00+00:00,3482.15185546875,3487.653076171875,3304.039306640625,3336.33935546875,16040945448,3269.479138183594,3408.5890283203125,48.59103605061912,34.14466759598645,9.589277727583038,24.55538986840341,3683.3650056023484,3269.479138183594,2855.5932707648394,-0.04183132330756956,-0.03025228570049876,-0.04831954338211175,1.0204498069751566,0.9788036421371791,0.9591884240133023,0.023479506535876753,0.027728770513723747,0.9877796574678785,0.580771321937298,0.02843958208719788,-0.04852986825503891,0
2024-07-25 00:00:00+00:00,3336.3623046875,3341.4384765625,3088.764404296875,3174.42724609375,25293745810,3279.120568847656,3394.792353515625,41.19960912783349,13.945824330274263,10.460587048121283,3.48523728215298,3673.2839631118213,3279.120568847656,2884.957174583491,-0.04852986825503891,-0.08833112295355816,-0.09799352537080386,0.9680727437263165,0.9350873088913181,0.9659266981239132,0.028273638365747734,0.02955773383238892,1.5860647169908169,0.36719552820303053,-0.09030540939444809,0.031981885880926875,1
2024-07-26 00:00:00+00:00,3174.051025390625,3285.760986328125,3172.777099609375,3275.951416015625,15993893521,3289.4492431640624,3384.0792626953125,46.67686012096345,6.060387186173557,9.580547075731738,-3.5201598895581814,3671.0986138338035,3289.4492431640624,2907.7998724943213,0.031981885880926875,-0.01810005908246126,-0.07370176148783203,0.9958966300585158,0.9680480750342806,0.9720367012160701,0.030151329162968046,0.029680104379659643,0.98923957827106,0.48231645564520303,-0.048660188274333493,-0.008651992126869734,0
2024-07-27 00:00:00+00:00,3275.8916015625,3327.426513671875,3195.356689453125,3247.60791015625,15198233287,3305.3602783203123,3375.458837890625,45.4052405180692,-2.4477465102222595,7.174888358540939,-9.6226348687632,3648.383971416006,3305.3602783203123,2962.336585224619,-0.008651992126869734,0.02305318672921275,-0.05604316220029004,0.9825276631588825,0.962123393033502,0.9792328797544696,0.0296104034484548,0.027522002104098487,0.9275766730519885,0.41581868931142446,-0.041650882940102996,0.007345926636807887,1
2024-07-28 00:00:00+00:00,3247.50732421875,3283.152099609375,3201.76318359375,3271.464599609375,8959236446,3317.9969116210937,3367.269130859375,46.720930312410566,-7.182670942645473,4.303376498303657,-11.486047440949129,3634.1279223145484,3317.9969116210937,3001.865900927639,0.007345926636807887,-0.0013696223894880122,-0.06046280900180234,0.985975782000055,0.971548299964503,0.9853673058720714,0.02984164097839014,0.026896111268812386,0.5705984386084543,0.4264034364903859,-0.04517871120436112,0.015000836945357587,1
2024-07-29 00:00:00+00:00,3271.453369140625,3396.625732421875,3257.715576171875,3320.539306640625,18334852719,3330.822229003906,3359.5618408203127,49.42117727972948,-6.895724328031974,2.063556333036531,-8.959280661068505,3623.515125306672,3330.822229003906,3038.1293327011404,0.015000836945357587,0.02245695862985686,-0.004735743923119373,0.9969127976048255,0.9883846358457984,0.9914454285474951,0.030210117267328255,0.02689599048784697,1.1564287280927263,0.4824339393043479,-0.0528264583212914,-0.012609873928464688,0
2024-07-30 00:00:00+00:00,3320.63525390625,3365.322509765625,3235.760009765625,3278.667724609375,14045773047,3339.644677734375,3351.8008447265624,47.222109691422716,-9.932508033286467,-0.3356565402280687,-9.596851493058399,3613.345322707135,3339.644677734375,3065.944032761615,-0.012609873928464688,0.002201804354190484,0.03283757050784408,0.9817414847958116,0.9781809470475404,0.9963732430549049,0.02935913400158824,0.027082544342569907,0.887396228495355,0.38860648623778615,-0.06837382416163573,-0.01444857310697567,0
2024-07-31 00:00:00+00:00,3278.6865234375,3347.636474609375,3216.07177734375,3231.295654296875,16135380637,3346.192919921875,3346.460146484375,44.793656776657336,-15.977532123205947,-3.4640316568236447,-12.513500466382302,3601.4298578791586,3346.192919921875,3090.955981964591,-0.01444857310697567,-0.02687625235011515,-0.013631387053066435,0.9656632870923406,0.9655861754969692,0.9999201464978507,0.025728676322055253,0.0273581106617883,1.0165083445305434,0.27492038075572567,-0.08632849130356501,-0.009201015429318393,0
2024-08-01 00:00:00+00:00,3231.248779296875,3241.77734375,3078.5439453125,3201.564453125,20217639556,3349.5632080078126,3339.29908203125,43.28900273418342,-22.90330172163158,-7.351885669785232,-15.551416051846346,3594.5872460873247,3349.5632080078126,3104.5391699283005,-0.009201015429318393,-0.023516646992205126,-0.014177652692388798,0.9558155061743598,0.9587534313271312,1.003073736650842,0.017399451762608858,0.027399295129440927,1.2444198825575568,0.1979913561893346,-0.06942625440322003,-0.06732685619396284,0
2024-08-02 00:00:00+00:00,3201.599365234375,3214.527099609375,2965.73388671875,2986.01318359375,21400241741,3340.0039306640624,3329.633720703125,34.29465966814416,-45.26344126452523,-14.934196788733232,-30.329244475791995,3624.9993000972513,3340.0039306640624,3055.0085612308735,-0.06732685619396284,-0.07590839618063305,-0.08725493042159438,0.8940148711142589,0.8967992980811078,1.003114519743255,0.026409668049656346,0.031211748612100198,1.2671566362348816,-0.12104648888566943,-0.14244206123085024,-0.02767149249716494,0
2024-08-03 00:00:00+00:00,2985.950927734375,3015.296142578125,2861.177490234375,2903.3857421875,17844091431,3322.9692626953124,3318.09599609375,31.585480319560517,-68.85760926627063,-25.718879284240714,-43.138729982029915,3666.7673932607845,3322.9692626953124,2979.1711321298403,-0.02767149249716494,-0.09313531409509879,-0.12562825671687572,0.8737323497938462,0.875015594969383,1.0014686936747157,0.026880963113648862,0.031167115554494175,1.034157470681078,-0.11021786217640286,-0.1297690573866761,-0.07473578631090383,0
2024-08-04 00:00:00+00:00,2903.088623046875,2931.4716796875,2639.566650390625,2686.39892578125,21139601426,3282.811572265625,3300.5129833984374,25.817549922580767,-103.86785605484556,-41.348674638361686,-62.519181416483875,3719.703808296814,3282.811572265625,2845.919336234436,-0.07473578631090383,-0.10033922805789686,-0.18064312964153406,0.8183226075102562,0.8139337549325885,0.9946367697319021,0.03253288702588092,0.028708615012308532,1.2151696682192037,-0.1825626519508554,-0.15373744064005146,-0.10020575290203382,0
2024-08-05 00:00:00+00:00,2686.027587890625,2695.88671875,2122.546142578125,2417.206298828125,67668132244,3231.4962158203125,3276.44583984375,20.75405869343986,-151.58791302728514,-63.396522316146374,-88.19139071113877,3807.7705492405744,3231.4962158203125,2655.2218824000506,-0.10020575290203382,-0.16745258347692804,-0.2519389875037277,0.7480145843879688,0.7377525577970179,0.986280980605014,0.03647755149552025,0.0347599227041165,3.4249351521819613,-0.20651239328955767,-0.2621360967043731,0.01717585219975959,1
2024-08-06 00:00:00+00:00,2417.269775390625,2553.5810546875,2416.527099609375,2458.723876953125,26041995921,3184.9947875976563,3255.3927392578125,23.254080878126913,-183.93598091278864,-87.50441403547484,-96.4315668773138,3850.9547074684324,3184.9947875976563,2519.0348677268803,0.01717585219975959,-0.08475101990368505,-0.23202424534880106,0.7719710834464708,0.755277188924886,0.9783749742968936,0.04202925608008064,0.03558907144469731,1.2877646203017281,-0.04528124664428614,-0.24291233887442099,-0.049673947786168404,0
2024-08-07 00:00:00+00:00,2458.989013671875,2551.560791015625,2312.168701171875,2336.58935546875,24264218606,3130.511328125,3232.4508984375,21.141144432033173,-216.92669699946873,-113.38887062827362,-103.53782637119511,3885.683256990884,3130.511328125,2375.3393992591164,-0.049673947786168404,-0.033351287971762456,-0.21748860041649254,0.7463922377397163,0.7228537815062276,0.9684636910148348,0.040616691438733594,0.03581258552957002,1.1730874442753645,-0.025656438162738073,-0.28576657814125594,0.14840580649003665,1
2024-08-08 00:00:00+00:00,2336.9150390625,2721.95458984375,2322.529541015625,2683.352783203125,23468291180,3089.392224121094,3214.931005859375,38.28651460024963,-212.639985202537,-133.2390935431263,-79.40089165941069,3848.088404749851,3089.392224121094,2330.6960434923367,0.14840580649003665,0.09135995642111805,-0.07578495540127417,0.868569799021397,0.8346533030763579,0.9609513294346036,0.0839867312770666,0.05112405260257392,1.1190190707572554,0.2324097238887704,-0.1918924802857217,-0.03121250061300085,0
2024-08-09 00:00:00+00:00,2683.719970703125,2706.451171875,2555.2294921875,2599.5986328125,17907141655,3043.4073852539063,3196.701240234375,36.23719942756846,-213.5394453904878,-149.2991639125986,-64.2402814778892,3803.8758563106576,3043.4073852539063,2282.938914197155,-0.03121250061300085,0.11256118955099281,-0.032311021321417166,0.8541737282390212,0.8132128833603178,0.9520462365856781,0.08181990743838936,0.051150412720328206,0.83875980820054,0.2082004255714328,-0.20711738694953608,0.004009971491242048,1
2024-08-10 00:00:00+00:00,2599.582275390625,2642.92578125,2580.661865234375,2610.02294921875,9361014219,2997.078259277344,3178.580185546875,36.69140403567331,-210.9790833128518,-161.63514779264926,-49.343935520202535,3743.8091507104605,2997.078259277344,2250.3473678442274,0.004009971491242048,-0.027327690359387202,0.07976838819429832,0.8708557880127158,0.8211285532725031,0.942898427702146,0.0819972947464954,0.051133294437450114,0.44311860541853476,0.24083346859016222,-0.19226736626590524,-0.021751054706288353,0
2024-08-11 00:00:00+00:00,2609.9697265625,2718.797607421875,2544.1748046875,2553.252197265625,13595441987,2952.719873046875,3159.7489599609376,35.21998924783334,-211.09750254386654,-171.5276187428927,-39.56988380097383,3693.9435810203004,2952.719873046875,2211.4961650734494,-0.021751054706288353,-0.01782830432432292,0.038446090347339146,0.864711962882871,0.8080553960518401,0.9344792609990693,0.07760309573191096,0.05107302224425434,0.6514685958261761,0.2305350115733402,-0.20249858010091504,0.0670437834865365,1
2024-08-12 00:00:00+00:00,2553.49658203125,2749.135009765625,2513.39404296875,2724.431884765625,21653090666,2914.8416748046875,3145.865361328125,42.68379728993085,-195.12925191239583,-176.24794537679335,-18.881306535602477,3618.6653620834536,2914.8416748046875,2211.0179875259214,0.0670437834865365,0.043834455777916004,0.16598660281882038,0.9346757692930883,0.8660357554575766,0.9265627546037433,0.06853224165331129,0.053926102221903166,1.0446225386464072,0.3647318970072925,-0.0876021915326256,-0.007619940833063277,0
2024-08-13 00:00:00+00:00,2724.303466796875,2737.990478515625,2613.80126953125,2703.671875,16383053029,2883.20830078125,3132.933671875,42.05101267380985,-182.0508882147701,-177.4085339443887,-4.642354270381418,3563.7523479549573,2883.20830078125,2202.6642536075424,-0.007619940833063277,0.058912972990081025,0.007572277459775512,0.9377303312658327,0.8629840775983951,0.9202902463797472,0.0692874919811995,0.05343177911638066,0.7897253732489712,0.36809345660515086,-0.06878654265107376,-0.015074713930707695,0
2024-08-14 00:00:00+00:00,2703.5869140625,2775.281005859375,2636.705322265625,2662.914794921875,15825365408,2857.632678222656,3118.29138671875,40.77302692712579,-172.98093001671123,-176.5230131588532,3.542083142141962,3530.4984200372583,2857.632678222656,2184.766936408054,-0.015074713930707695,-0.022579786335543583,0.024356129946442318,0.9318604225152238,0.8539659912039045,0.9164097654227322,0.06495351269592901,0.052651496982848316,0.7806577869273696,0.3553070314029804,-0.008741862808981482,-0.03485922591835067,0
2024-08-15 00:00:00+00:00,2662.885498046875,2675.314453125,2518.670654296875,2570.087646484375,16345801912,2822.339489746094,3102.30359375,37.94453213349583,-171.30855945180156,-175.48012241744289,4.1715629656413284,3476.610293448637,2822.339489746094,2168.0686860435508,-0.03485922591835067,-0.04940844699049329,-0.015300747737229226,0.9106231393571961,0.8284449180480453,0.909756058508287,0.03472815937374799,0.05213492674290866,0.8056314065073178,0.3072267310154937,0.06324712447190284,0.008987583355268836,1
2024-08-16 00:00:00+00:00,2570.085205078125,2629.383544921875,2553.071533203125,2593.1865234375,13275561555,2789.6184204101564,3085.2713134765627,39.077098211449304,-166.20341786250037,-173.62478150645438,7.42136364395401,3419.3348706760635,2789.6184204101564,2159.9019701442494,0.008987583355268836,-0.026184942761723118,0.015640572527321206,0.9295846716757143,0.8405051808929669,0.9041728058809658,0.03307877585167749,0.052322101969317,0.6574241955344257,0.34403147091860936,0.05468798173912992,0.008237105726658145,1
2024-08-17 00:00:00+00:00,2593.1669921875,2626.6728515625,2588.78515625,2614.546875,6676568717,2756.7725341796877,3070.08953125,40.164634255666215,-158.6056473432468,-170.6209546738129,12.015307330566088,3348.0202064798505,2756.7725341796877,2165.524861879525,0.008237105726658145,0.017298720756251607,-0.04033318299498545,0.9484086345839887,0.851619097224007,0.8979453224796529,0.0332003023369811,0.05233795802792124,0.3325123042215675,0.37972412760089225,0.11895865179762755,-0.00045503000041835495,0
2024-08-18 00:00:00+00:00,2614.109619140625,2684.031005859375,2596.735107421875,2613.357177734375,9207267415,2721.413427734375,3054.8973193359375,40.12167518408113,-150.9404109935881,-166.68484593776793,15.74443494417983,3252.1934416489125,2721.413427734375,2190.6334138198376,-0.00045503000041835495,0.007778327596017709,-0.03340445935793335,0.9602940703904886,0.8554648174893346,0.8908363009483887,0.03174289795797841,0.0520646933050866,0.4692131144299961,0.3982099484086843,-0.026085129732809853,0.009164158253623267,1
2024-08-19 00:00:00+00:00,2612.718505859375,2648.284423828125,2566.401123046875,2637.306396484375,11968963282,2689.345361328125,3038.9856640625,41.478629202990106,-141.30428630660708,-161.60873401153577,20.30444770492869,3151.418420878834,2689.345361328125,2227.272301777416,0.009164158253623267,0.008704958286270825,-0.009616679619766533,0.980649950879477,0.8678245599088604,0.8849483540284367,0.01628116966876775,0.0522488663220325,0.6131973028807415,0.443689678755185,0.014505225228203411,-0.024342815448445854,0
2024-08-20 00:00:00+00:00,2637.306396484375,2695.913818359375,2556.74755859375,2573.10693359375,13249483464,2656.435925292969,3021.6409716796875,38.93166305351226,-137.26563538578466,-156.74011428638556,19.4744789006009,3043.685420865969,2656.435925292969,2269.186429719969,-0.024342815448445854,-0.015401738607930926,0.001174779822588956,0.9686312811441034,0.8515594531945323,0.8791368498740914,0.0179533557797848,0.05234433754353677,0.6838567223972267,0.39240916689133465,-0.014143942924352393,0.02265299333570292,1
2024-08-21 00:00:00+00:00,2573.10888671875,2662.953369140625,2538.65771484375,2631.3955078125,12766015263,2627.9274780273436,3005.941787109375,42.39049635843709,-127.88736865389183,-150.96956515988683,23.082196505995,2917.9465683222907,2627.9274780273436,2337.9083877323965,0.02265299333570292,-0.0022412597488689068,0.014734375653144616,1.0013196824547683,0.8753980263679515,0.874244301502078,0.02056540066798553,0.05285383625599624,0.6718224509651688,0.5059789681114258,0.030605402251513425,-0.003208978571182075,0
2024-08-22 00:00:00+00:00,2630.8642578125,2644.82373046875,2587.110595703125,2622.951416015625,10723280428,2609.7743896484376,2992.54248046875,42.019204384852536,-119.75592063231397,-144.72683625437227,24.9709156220583,2845.8547915644713,2609.7743896484376,2373.693987732404,-0.003208978571182075,0.01937132179433343,0.0032145306309052657,1.0050491055546615,0.8764959672702015,0.8720926792790739,0.014638040929599562,0.05100777857200205,0.5806342470583703,0.5279079209037311,-0.0372483046162595,0.05394518732020126,1
2024-08-23 00:00:00+00:00,2622.916015625,2799.329833984375,2622.5810546875,2764.447021484375,16857181970,2602.8274536132812,2986.7409814453126,49.93281885985086,-100.73298945969827,-135.92806689543747,35.195077435739194,2808.7845723467317,2602.8274536132812,2396.870334879831,0.05394518732020126,0.050563099798890176,0.057814463724008114,1.062093846308072,0.9255730706673575,0.8714607225008671,0.02434475898794885,0.05236684985930601,0.9152124289317186,0.8923621792365956,0.022478743462305273,0.0017879260896347393,1
2024-08-24 00:00:00+00:00,2765.4814453125,2820.0205078125,2737.776611328125,2769.3896484375,11765811307,2606.9769897460938,2982.4968017578126,50.188571004489525,-84.2867456278027,-125.59980264191053,41.31305701410783,2823.116073075941,2606.9769897460938,2390.8379064162464,0.0017879260896347393,0.05582956341765599,0.05008263436102722,1.0622992298475271,0.9285473992144058,0.8740921325413001,0.024518728595958994,0.04942212399691475,0.6554702335935743,0.8757133050378264,0.03998432609209668,-0.007305556877908126,0
2024-08-25 00:00:00+00:00,2769.09814453125,2793.012939453125,2736.0888671875,2749.15771484375,9375535539,2623.574560546875,2976.0923974609377,49.08331154474656,-72.05492256325124,-114.89082662617868,42.83590406292744,2829.074898467325,2623.574560546875,2418.074222626425,-0.007305556877908126,-0.005530692584014618,0.0684195355239734,1.0478671946989369,0.9237474337790057,0.881550103345308,0.02506661843610517,0.04322316985385145,0.6235576972528124,0.8055546174952974,0.06967469323636699,-0.024668333251928187,0
2024-08-26 00:00:00+00:00,2749.24755859375,2763.004150390625,2668.88671875,2681.340576171875,12282035835,2634.7053955078127,2971.13146484375,45.46872258277927,-67.06036088179235,-105.32473347730141,38.26437259550906,2826.2517906830863,2634.7053955078127,2443.159000332539,-0.024668333251928187,-0.031793674218181134,0.018980449047317327,1.017700339758508,0.9024644677959025,0.8867683664231162,0.027810038805399222,0.04372949751275167,0.85603678339991,0.6217333811513107,0.03399448976679054,-0.08302340092495786,0
2024-08-27 00:00:00+00:00,2681.622802734375,2700.15283203125,2401.175048828125,2458.7265625,18028996056,2640.812255859375,2959.931357421875,36.07686369334544,-80.14140497547896,-100.28806777693693,20.146662801457964,2796.833242044399,2640.812255859375,2484.791269674351,-0.08302340092495786,-0.10564368525516077,-0.06261071116791384,0.9310493606823554,0.8306701289997385,0.8921869925252404,0.04235760011638728,0.046481420897778306,1.2845012340969906,-0.08352949116550619,-0.05959744458588068,0.02834351973360194,1
2024-08-28 00:00:00+00:00,2458.90478515625,2553.820068359375,2422.293701171875,2528.41552734375,20359545410,2633.065393066406,2949.2190087890626,40.23843163335186,-83.91756021831907,-97.01396626521337,13.096406046894302,2795.449054462476,2633.065393066406,2470.6817316703364,0.02834351973360194,-0.057033056593823184,-0.08538108790158239,0.9602555006806027,0.857316977751987,0.8928009026184638,0.043041280404529626,0.032409588722861024,1.4667882318392902,0.1777697188776745,-0.03250288598677675,0.00014918325787260933,1
2024-08-29 00:00:00+00:00,2528.3623046875,2595.97705078125,2507.50244140625,2528.792724609375,13946434277,2629.52509765625,2937.75048828125,40.261101310322864,-85.88967112279306,-94.78910723672931,8.899436113936247,2797.9557771864684,2629.52509765625,2461.094418126032,0.00014918325787260933,0.02849693137008802,-0.08687723808163672,0.9616918001137695,0.8607922063826672,0.8950811541502529,0.04308164944986262,0.0316964546144174,1.019303147709917,0.20096786010768672,-0.04114564466974813,-0.0011747515310726042,0
2024-08-30 00:00:00+00:00,2528.732177734375,2539.915283203125,2432.83447265625,2525.822021484375,15526218255,2625.315051269531,2926.2603125,40.13198254616011,-86.69295175452862,-93.16987614028918,6.4769243857605545,2799.895299736694,2625.315051269531,2450.734802802368,-0.0011747515310726042,-0.0010257435264604542,-0.081237861383325,0.9621024418623418,0.8631569825469432,0.8971570437718982,0.03490184337914432,0.0316753843304987,1.109762095788979,0.21505072693297894,-0.018376582602159575,-0.004920466505769938,0
2024-08-31 00:00:00+00:00,2525.859130859375,2532.389892578125,2493.70556640625,2513.393798828125,6646876013,2623.322131347656,2913.8450146484374,39.56037420627349,-87.32577397983914,-92.00105570819917,4.675281728360034,2802.222648960471,2623.322131347656,2444.4216137348412,-0.004920466505769938,-0.0060894377112812315,-0.0626353768097323,0.9580957552997662,0.8625694867753192,0.9002956980071798,0.03454173982769043,0.03132109521119483,0.48719496032142584,0.19276686846305474,-0.04484377534051154,-0.034014349489517204,0
2024-09-01 00:00:00+00:00,2513.42431640625,2515.46728515625,2401.88916015625,2427.90234375,11800443265,2608.495654296875,2898.8590869140626,35.78462783371745,-93.64624052749923,-92.3300926720592,-1.316147855440036,2800.764572289552,2608.495654296875,2416.226736304198,-0.034014349489517204,-0.03876744952790834,-0.012536659919864523,0.9307672565030383,0.8375372072102295,0.8998352717702157,0.03524639502880427,0.02784032486013142,0.8973364963601383,0.030362701282395623,-0.07436244189452534,0.04542394894641233,1
2024-09-02 00:00:00+00:00,2427.973388671875,2563.0859375,2426.095947265625,2538.187255859375,12520444224,2600.2214233398436,2884.74125,43.302339087557336,-88.73332257716856,-91.61073865308109,2.877416075912521,2789.4638742739016,2600.2214233398436,2410.9789724057855,0.04542394894641233,0.009864533382238028,0.0038647636869604263,0.9761427365671078,0.8798665238552591,0.9013707636134934,0.042024059562502734,0.030053347203205835,0.9662781466136245,0.3360986999104009,-0.08184630194269715,-0.04632577672207194,0
2024-09-03 00:00:00+00:00,2538.16064453125,2552.802734375,2419.875244140625,2420.603759765625,11406800197,2588.1058715820313,2863.3622705078124,38.17137065492529,-93.25284441185659,-91.9391598048362,-1.3136846070203916,2790.9834152582093,2588.1058715820313,2385.2283279058533,-0.04632577672207194,-0.003006127492385935,-0.0427828519873894,0.9352800387126291,0.8453711165707073,0.9038695167003913,0.0320753510232136,0.0315068920601302,0.895601863773645,0.0871841979618897,-0.1259432340511063,0.011721576032903469,1
2024-09-04 00:00:00+00:00,2420.1923828125,2488.91650390625,2313.26513671875,2448.97705078125,16709600747,2582.050341796875,2843.47154296875,40.01831857354616,-93.46767341030181,-92.24486252592932,-1.2228108843724925,2794.2098883801727,2582.050341796875,2369.890795213577,0.011721576032903469,-0.035147211803299494,-0.030423747219515018,0.9484621624677473,0.8612630771132583,0.9080626631139287,0.0300224537573401,0.030842133259827494,1.310078803095844,0.18638391918089417,-0.1091900484434597,-0.03317283105091118,0
2024-09-05 00:00:00+00:00,2448.98681640625,2465.38525390625,2348.86328125,2367.737548828125,13632325040,2570.7778930664062,2823.0512451171876,36.64311737170967,-99.0514720872784,-93.60618443819914,-5.445287649079262,2803.4149695391397,2570.7778930664062,2338.1408165936728,-0.03317283105091118,-0.021840092879397477,-0.05795202091606677,0.9210198808750077,0.8387157522993663,0.9106380543083945,0.0318131074648115,0.0314891419316934,1.0673191848195163,0.06361138276666997,-0.11695755105883565,-0.06075888100671323,0
2024-09-06 00:00:00+00:00,2367.700927734375,2406.511962890625,2150.86328125,2223.87646484375,25825618367,2551.2443725585936,2799.003603515625,31.56596034100518,-113.77354929349485,-97.63965740925829,-16.13389188423656,2829.533791411583,2551.2443725585936,2272.954953705604,-0.06075888100671323,-0.09191616796314628,-0.08403380779769054,0.871683045639986,0.7945243307477348,0.9114830610986571,0.03695077071254599,0.03376807036183216,1.880970432938467,-0.08817886261026071,-0.09551696444742419,0.022587006825558698,1
2024-09-07 00:00:00+00:00,2223.92919921875,2310.19482421875,2222.100830078125,2274.107177734375,11124608320,2534.281872558594,2774.3710498046876,34.95482307703672,-120.00436716699369,-102.11259936080538,-17.891767806188312,2836.921574663961,2534.281872558594,2231.6421704532268,0.022587006825558698,-0.039544235441166586,-0.10404278782638055,0.8973379016590809,0.819683862363857,0.9134617637885907,0.03985227673522679,0.03440841350287384,0.80462610332761,0.07015769409256756,-0.10058012492770163,0.010195557730363625,1
2024-09-08 00:00:00+00:00,2274.437744140625,2332.359375,2243.911376953125,2297.29296875,10718443487,2517.281201171875,2749.9310009765627,36.51751363411315,-121.66891217584407,-106.02386192381312,-15.645050252030956,2833.450869338494,2517.281201171875,2201.111533005256,0.010195557730363625,0.033012851687968414,-0.0509421628873139,0.9126087970150242,0.8354002220179995,0.9153979500859954,0.03956249197196139,0.03443366404118464,0.7787707357471801,0.15210414759656343,-0.09154556385997792,0.026635352920471922,1
2024-09-09 00:00:00+00:00,2297.896240234375,2379.78662109375,2274.115478515625,2358.482177734375,15887712451,2506.5499633789063,2726.36853515625,40.57506659826302,-116.7053121107956,-108.16015196120962,-8.545160149585982,2829.2435311482723,2506.5499633789063,2183.8563956095404,0.026635352920471922,0.03710247292920488,-0.036952111502231544,0.9409276544222835,0.8650635991877045,0.9193731262143012,0.03586233989411898,0.034911677780212105,1.143396040055686,0.2705752447003256,-0.0662516370221754,0.013185970725884122,1
2024-09-10 00:00:00+00:00,2358.497802734375,2398.50390625,2323.07177734375,2389.5810546875,12795818970,2494.4592407226564,2705.3517578125,42.58369705925085,-109.00565450105523,-108.32925246917875,-0.6764020318764778,2815.5739153950226,2494.4592407226564,2173.3445660502903,0.013185970725884122,0.04017253663023901,0.009225475969744323,0.9579555422983088,0.8832792437385936,0.9220461751486366,0.03269486441074438,0.03459752303032271,0.9207820125125383,0.33669667830944844,-0.049261179922681864,-0.020815155801287455,0
2024-09-11 00:00:00+00:00,2389.603759765625,2389.71826171875,2279.0537109375,2339.841552734375,15355180967,2480.303747558594,2682.508671875,40.240870608630175,-105.69875305947289,-107.80315258723759,2.1043995277646985,2802.5273846641157,2480.303747558594,2158.080110453072,-0.020815155801287455,-0.007903653110453712,0.052145471982758096,0.9433689543216317,0.872258709642452,0.9246209615512369,0.03283561201848506,0.034793611620831486,1.0868399620381026,0.28204237888013745,-0.03627031838505135,0.009376782595058808,1
2024-09-12 00:00:00+00:00,2339.8408203125,2390.186767578125,2316.15771484375,2361.78173828125,12162634681,2460.1704833984377,2663.01751953125,41.762889766305385,-100.15311743558277,-106.27314555690664,6.12002812132387,2756.955517608014,2460.1704833984377,2163.3854491888615,0.009376782595058808,-0.011633552396859592,0.03855339862838947,0.9600073467342495,0.8868817876560481,0.923828125558664,0.0308497619828949,0.03213812977371295,0.8754156446816397,0.3342424081806801,-0.06950059227147054,0.03379882152498004,1
2024-09-13 00:00:00+00:00,2361.740966796875,2462.802978515625,2338.14404296875,2441.607177734375,13759640866,2443.781359863281,2648.3611181640626,47.04722417906277,-88.29905882874618,-102.67832821127456,14.379269382528378,2702.4184681243846,2443.781359863281,2185.1442516021775,0.03379882152498004,0.04349252832144779,0.0628192446272533,0.9991103205202335,0.9219313638870303,0.9227523176889851,0.017666688691946115,0.03338932195598798,0.98330588998289,0.49579684805571067,0.008676933547679733,-0.009424724345186375,0
2024-09-14 00:00:00+00:00,2441.580810546875,2442.632080078125,2386.979736328125,2418.595703125,8170291680,2427.2532592773437,2631.21400390625,45.75823995147536,-79.84110708192975,-98.1108839854056,18.269776903475844,2642.29720452943,2427.2532592773437,2212.2093140252573,-0.009424724345186375,0.02405555260372849,0.025488225418083044,0.9964331879587541,0.9191938396247508,0.9224841672603937,0.01903284248233315,0.0333979193910782,0.5863992953234609,0.4798702629311539,-0.012405729831791668,-0.04039471590968735,0
2024-09-15 00:00:00+00:00,2418.26611328125,2430.38330078125,2286.628173828125,2320.897216796875,10155470375,2409.231091308594,2612.6797900390625,40.664288047339426,-80.09824798929503,-94.5083567861835,14.410108796888466,2592.7142267734584,2409.231091308594,2225.7479558437294,-0.04039471590968735,-0.04943873119242281,-0.02874304588073795,0.9633352421731617,0.8883205763084251,0.9221302589371556,0.02660072990012719,0.034043337991748655,0.7344849669735697,0.25928612107069066,-0.01978273819006371,-0.011036044683605084,0
2024-09-16 00:00:00+00:00,2320.89453125,2334.789794921875,2253.715087890625,2295.28369140625,16819033263,2401.058947753906,2593.156171875,39.425135069574374,-81.4301553069754,-91.89271649034188,10.462561183366489,2589.7454431960114,2401.058947753906,2212.3724523118008,-0.011036044683605084,-0.05098496270353159,-0.019043110537144692,0.9559464142075293,0.8851312991869013,0.9259214596465293,0.02445496109933421,0.0289686161497645,1.2217667727289083,0.21970634119888272,0.032109349458634195,0.020225853753695455,1
2024-09-17 00:00:00+00:00,2295.284423828125,2392.149169921875,2263.79296875,2341.707763671875,15356783863,2391.7235595703123,2573.579541015625,42.82584851766259,-77.84234866223687,-89.08264292472089,11.240294262484014,2572.174570363246,2391.7235595703123,2211.2725487773787,0.020225853753695455,0.008966595644300579,-0.008499504541001124,0.9790879695530436,0.9099030072129632,0.9293373379190192,0.025388030675299714,0.02855987216435845,1.136191352077281,0.36141447565558354,0.029726209300675377,0.011966155926492306,1
2024-09-18 00:00:00+00:00,2341.73291015625,2369.72900390625,2278.66455078125,2369.72900390625,18159056422,2383.770373535156,2555.4007666015623,44.838830344799675,-71.90898413655441,-85.64791116708759,13.738927030533176,2552.4200794934045,2383.770373535156,2215.1206675769076,0.011966155926492306,0.03243403539995082,-0.029438877180408052,0.9941095963836136,0.9273414310890116,0.9328362128909203,0.02447728619645239,0.02875950308593964,1.3229051753990186,0.45837120038506857,0.03153103941969748,0.04009875947956032,1
2024-09-19 00:00:00+00:00,2369.374755859375,2492.20458984375,2369.374755859375,2464.752197265625,18437147349,2380.7168823242187,2540.0698974609377,51.123304100715785,-58.86066335259011,-80.2904616041881,21.429798251597987,2540.5166548602438,2380.7168823242187,2220.9171097881936,0.04009875947956032,0.05254474341444393,0.019084005681887062,1.0352983236122413,0.9703481781069881,0.9372643188693316,0.02843880625131674,0.030324003227075312,1.3290719542972074,0.7629394072587353,0.04505864853866992,0.039078907942797114,1
2024-09-20 00:00:00+00:00,2464.7822265625,2571.99267578125,2439.3779296875,2561.072021484375,19112788620,2383.100793457031,2527.260048828125,56.52960020299204,-40.28321051177636,-72.28901138570575,32.00580087392939,2552.3760262584615,2383.100793457031,2213.825560655601,0.039078907942797114,0.08074468315267946,0.10348360235399423,1.074680529046852,1.0133789052186886,0.9429582818602543,0.029340450349280473,0.031578104999138996,1.3185332662090603,1.0256859644556342,0.07176612254289139,0.021391493792606076,1
2024-09-21 00:00:00+00:00,2560.879638671875,2621.62255859375,2530.837890625,2615.857177734375,10797825021,2392.49853515625,2519.8569287109376,59.28797097784848,-20.89883231157455,-62.01097557087951,41.11214325930496,2590.6526488217723,2392.49853515625,2194.3444214907277,0.021391493792606076,0.06130635795208317,0.13966617178015128,1.0933579014975396,1.0380974998737518,0.9494580854557328,0.028733026929921475,0.030724925089285142,0.7474942881309891,1.063598298431359,0.11796338289549735,-0.012613314361003103,0
2024-09-22 00:00:00+00:00,2615.84814453125,2632.039306640625,2528.522216796875,2582.862548828125,13180663011,2394.7322998046875,2513.44646484375,56.944415831590625,-8.105528251953729,-51.22988610709436,43.12435785514063,2600.656384382252,2394.7322998046875,2188.808215227123,-0.012613314361003103,0.008508361795745323,0.10298244251371114,1.0785600332190706,1.0276178884075378,0.9527683733472945,0.021311428674434432,0.029334596628995274,0.910369124561675,0.9567951568398874,0.09360763823492135,0.025430636221980274,1
2024-09-23 00:00:00+00:00,2582.77490234375,2701.677734375,2541.910400390625,2648.54638671875,19912841456,2406.129431152344,2512.6894140625,60.30806589082548,7.249822717677944,-39.533944342139904,46.78376705981785,2641.245002782735,2406.129431152344,2171.013859521953,0.025430636221980274,0.012496557251909124,0.11765791883920018,1.1007497570279534,1.054068350786179,0.9575912636421424,0.017903301396168858,0.027537992852719025,1.336102837791119,1.0155272232404349,0.08475532463678248,0.0021931251720292977,1
2024-09-24 00:00:00+00:00,2648.482177734375,2671.27587890625,2593.152099609375,2654.35498046875,16658812503,2416.398327636719,2517.4323876953126,60.6011967342351,19.661112890835284,-27.694932895544866,47.35604578638015,2676.0530892094407,2416.398327636719,2156.743566063997,0.0021931251720292977,0.02767953396244871,0.07692569801275306,1.0984757562983238,1.05438977961938,0.9598662269729955,0.019246169994390706,0.02749567958430618,1.1179559601863858,0.9582173871773699,0.09747775415259863,-0.028242759218479185,0
2024-09-25 00:00:00+00:00,2654.361572265625,2672.4619140625,2557.724365234375,2579.388671875,14119729962,2426.9808837890623,2519.84568359375,54.95982870683638,23.180781567273698,-17.519790002981154,40.70057157025485,2695.3898405230543,2426.9808837890623,2158.5719270550703,-0.028242759218479185,-0.026111573952619538,0.007151946621168692,1.0627972758681128,1.0236296169519123,0.9631466321889022,0.026176544017672394,0.027161192903613865,0.946013544245953,0.7839096540228018,0.1113756581753651,0.020474339471486358,1
2024-09-26 00:00:00+00:00,2579.217529296875,2665.99267578125,2559.954345703125,2632.199951171875,17336033595,2447.3970581054687,2525.7578955078125,57.93089121500972,29.887053875148467,-8.03842122735523,37.9254751025037,2712.859140008503,2447.3970581054687,2181.9349762024344,0.020474339471486358,-0.008346671586843435,0.006247578643286067,1.0755099759780957,1.0421426201827875,0.9689753172536004,0.02365458265837611,0.022548203461439716,1.1955039445191373,0.8480777588678552,0.1467863258154405,0.024200548885121798,1
2024-09-27 00:00:00+00:00,2632.241943359375,2728.067626953125,2616.950927734375,2695.900634765625,17023020294,2468.4867309570313,2526.0088525390624,61.25115512155243,39.88219863238464,1.5457027445927451,38.3364958877919,2742.8519176252403,2468.4867309570313,2194.1215442888224,0.024200548885121798,0.04517037860987827,0.04376465406135788,1.0921268487922662,1.0672570019126388,0.97722806017714,0.021102765858320223,0.02260330426356957,1.1505191885466886,0.9144365153797853,0.15125408754607528,-0.006810923232421495,0
2024-09-28 00:00:00+00:00,2695.81591796875,2704.9287109375,2652.25048828125,2677.5390625,10252590559,2487.4990356445314,2527.5676611328126,59.78640945637617,45.793913704386796,10.395344936551556,35.39856876783524,2764.599979774011,2487.4990356445314,2210.398091515052,-0.006810923232421495,0.01722479757206119,0.010946636965331269,1.0763980303639504,1.0593342776430257,0.9841473579107579,0.020707711831940957,0.02286586004955181,0.694024966739051,0.8429075773315834,0.1298925143281604,-0.006794350426726936,0
2024-09-29 00:00:00+00:00,2677.628662109375,2683.44580078125,2635.5849609375,2659.346923828125,11126215671,2502.542272949219,2528.554140625,58.29887615918062,48.45250660230886,18.006777269703015,30.445729332605843,2782.8011007472423,2502.542272949219,2222.2834451511953,-0.006794350426726936,-0.013558997859977828,0.0018806615528468296,1.0626581427110575,1.0517263131137846,0.9897127503588468,0.020058807933309664,0.022647807792944313,0.7654996890089343,0.7797497087083942,0.07895103076827836,-0.021164662339909768,0
2024-09-30 00:00:00+00:00,2659.292724609375,2662.489013671875,2576.97607421875,2603.062744140625,17826446789,2513.216357421875,2529.5503515625,53.83591042941768,45.49337836660925,23.504097489084263,21.989280877524987,2791.6156189396165,2513.216357421875,2234.817095904133,-0.021164662339909768,-0.02781521263403608,0.009178171759750997,1.0357495630861313,1.0290614466451384,0.9935427282044275,0.019623911321875322,0.023385772343036522,1.2056211113151132,0.6613624731418773,0.016395760175425433,-0.059215476810716816,0
2024-10-01 00:00:00+00:00,2603.26416015625,2657.615478515625,2415.07861328125,2448.921142578125,25482371785,2518.6703369140623,2524.04013671875,43.919789234754774,30.360333859390266,24.875344763145463,5.484989096244803,2786.855010431188,2518.6703369140623,2250.4856633969366,-0.059215476810716816,-0.07912686357863097,-0.06962951599180489,0.9723071363037548,0.9702385896928407,0.9978725378703096,0.028839412030766856,0.026891275416340826,1.6663346059343516,0.36996051373628686,-0.06381695322557146,-0.03417400898294953,0
2024-10-02 00:00:00+00:00,2448.877197265625,2498.121337890625,2354.539306640625,2365.231689453125,20148256472,2518.8428344726562,2517.2713330078127,39.64962663461567,11.481891516305495,22.196654113777473,-10.714762597471978,2786.606725680675,2518.8428344726562,2251.0789432646375,-0.03417400898294953,-0.09136585555720733,-0.12265620663027421,0.9390151926443274,0.9396014082546199,1.0006242876738145,0.02950714255777304,0.028054071443104886,1.284003072729415,0.21315933540083873,-0.0842595590205687,-0.006528083382423278,0
2024-10-03 00:00:00+00:00,2365.213623046875,2402.862548828125,2311.02783203125,2349.791259765625,18051447791,2514.2520385742187,2511.0088623046877,38.89819928560901,-4.671473844559841,16.82302852211001,-21.494502366669852,2790.6022023786877,2514.2520385742187,2237.9018747697496,-0.006528083382423278,-0.04047900158522055,-0.1224063571376468,0.9345885868698127,0.9357956855671581,1.001291582964209,0.02613810495400231,0.02695881322340938,1.1348585713866615,0.2024413220088454,-0.11279965812615,0.027663174452933648,1
2024-10-04 00:00:00+00:00,2349.73291015625,2440.242431640625,2339.870849609375,2414.7939453125,14879264082,2514.0619506835938,2507.90298828125,43.732791683296746,-12.08860884042042,11.040701049603927,-23.129309890024345,2790.6942420782234,2514.0619506835938,2237.429659288964,0.027663174452933648,0.02095450356105899,-0.09195978769238256,0.9605148929030559,0.9628737461521345,1.002455821629115,0.027038189486456723,0.027656402556809262,0.9161098704739279,0.3205776974361192,-0.0902520713766568,0.0003469822452661919,1
2024-10-05 00:00:00+00:00,2414.84716796875,2427.517578125,2390.844482421875,2415.6318359375,8152969183,2518.798681640625,2504.35189453125,43.79452579261587,-17.695152290562874,5.293530381570567,-22.98868267213344,2784.534168532095,2518.798681640625,2253.063194749155,0.0003469822452661919,0.028019755328582807,-0.07200399169210325,0.9590412499200106,0.9645736452662712,1.0057686729811903,0.027542910908363492,0.025949979688044626,0.5050884925013911,0.30588432709918817,-0.06348668493548992,0.010070213255379601,1
2024-10-06 00:00:00+00:00,2415.53173828125,2456.630615234375,2407.099365234375,2439.957763671875,8458690205,2526.0323852539063,2500.8601123046874,45.65861746450255,-19.945559307840085,0.24571244368843637,-20.19127175152852,2773.390347834139,2526.0323852539063,2278.6744226736737,0.010070213255379601,0.010420689685851636,-0.0036601337423277647,0.9659249730587364,0.9756474389218487,1.0100654462140313,0.029004276115018233,0.025806817680206217,0.5379597882985876,0.326012025883112,-0.073034796393189,-0.0074432160600884645,0
2024-10-07 00:00:00+00:00,2439.94482421875,2520.40625,2405.13427734375,2421.796630859375,17414044416,2530.036828613281,2497.0289013671877,44.47273753509736,-22.930150223139208,-4.389460089677093,-18.540690133462114,2767.214147528333,2530.036828613281,2292.8595096982294,-0.0074432160600884645,0.002552042422260259,0.023915179920208418,0.957217935909165,0.9698712856440624,1.0132188807378324,0.02873282518004794,0.025596993972435034,1.1003085064575673,0.2718158754617809,-0.1016743719599591,0.007450745129958358,1
2024-10-08 00:00:00+00:00,2421.98095703125,2464.12744140625,2400.5107421875,2439.8408203125,14067361080,2533.5424194335938,2493.07958984375,45.97414556141358,-23.5677701551258,-8.225122102766836,-15.342648052358964,2762.6795058654743,2533.5424194335938,2304.405333001713,0.007450745129958358,-4.792843594103591e-05,0.03832236594320171,0.963015579134435,0.9786453790933378,1.016230059302832,0.019092748871121598,0.025524240389862823,0.9004882680294227,0.29553375540334015,-0.08877489240644831,-0.029328705566008972,0
2024-10-09 00:00:00+00:00,2439.840087890625,2470.9130859375,2350.946533203125,2368.283447265625,14954047093,2528.7189819335936,2488.9831201171874,41.21479880071895,-29.507031824607566,-12.481504047134983,-17.025527777472583,2767.798881825086,2528.7189819335936,2289.639082042101,-0.029328705566008972,-0.02209648114621454,-0.019260648775917044,0.9365546208122775,0.9515064317326991,1.0159646971870726,0.01770015820031444,0.024746463187698756,0.9680391503047013,0.16447297589470508,-0.10944923129604867,0.0065762664129611625,1
2024-10-10 00:00:00+00:00,2368.273193359375,2417.2880859375,2329.78466796875,2383.85791015625,15327769940,2519.8582763671875,2484.0323681640625,42.60741937644963,-32.58162974731886,-16.50152918717176,-16.0801005601471,2766.8928837502162,2519.8582763671875,2272.8236689841588,0.0065762664129611625,-0.022945312534397022,-0.013153463747474836,0.9460285653814604,0.9596726438464845,1.0144224804242803,0.017547647099779906,0.0229278820081072,1.004538441106605,0.2247341826886869,-0.08421035354518247,0.022088362462288513,1
2024-10-11 00:00:00+00:00,2383.940185546875,2470.395751953125,2380.504638671875,2436.513427734375,13489061564,2510.8910888671876,2480.3036083984375,47.164687397525704,-30.418761991104475,-19.284975747958303,-11.133786243146172,2756.2678464890905,2510.8910888671876,2265.5143312452847,0.022088362462288513,0.028809887831427794,-0.0014116375245433188,0.970377981959238,0.9823448304813223,1.012332151743512,0.01627959167732751,0.022967916515004152,0.8763067510252526,0.34844191875862196,-0.005066604484735504,0.016420909144015505,1
2024-10-12 00:00:00+00:00,2436.515625,2488.23779296875,2434.202880859375,2476.523193359375,9372169184,2505.57412109375,2474.5451318359374,50.388278300193164,-25.18589270784696,-20.465159139936034,-4.720733567910926,2748.985051902486,2505.57412109375,2262.163190285014,0.016420909144015505,0.03887198259943747,0.022597505423310515,0.9884054806082954,1.0007993636882953,1.0125392698878728,0.017214044953446913,0.02326335079637367,0.6164823078158906,0.4403253427488798,0.0470531087514654,-0.00357202041554483,0
2024-10-13 00:00:00+00:00,2476.520263671875,2484.12939453125,2436.9697265625,2467.677001953125,9189490605,2496.530651855469,2468.51087890625,49.66674505326081,-21.50472671254147,-20.673072654457123,-0.8316540580843466,2730.845609511104,2496.530651855469,2262.2156941998337,-0.00357202041554483,0.01279023290576653,0.011409015460713379,0.9884425012443171,0.9996621943373835,1.011350880884768,0.017143514287912786,0.02236041962191771,0.6265637402956541,0.4384297737732365,0.050168601869452045,0.06533387483978648,1
2024-10-14 00:00:00+00:00,2467.6474609375,2652.8818359375,2443.552978515625,2628.89990234375,21434687898,2495.2578979492187,2466.10572265625,60.70934181007095,-5.514468118534296,-17.64135174727256,12.126883628738263,2726.215776899153,2495.2578979492187,2264.3000189992845,0.06533387483978648,0.061528480489487336,0.11004445239822447,1.053558393504883,1.066012652333556,1.0118211376848714,0.028770209629693975,0.027124999853677452,1.4380597343033612,0.7893211632401195,0.08866427607492722,-0.00870247272142377,0
2024-10-15 00:00:00+00:00,2629.017578125,2685.166748046875,2537.94091796875,2606.02197265625,22003780898,2496.589562988281,2464.5993505859374,58.739983711676295,5.2513351708566915,-13.06281436364671,18.3141495345034,2729.885196656822,2496.589562988281,2263.2939293197405,-0.00870247272142377,0.056062835854784554,0.0931951780991167,1.0438327594131989,1.0573815870058922,1.0129798834827812,0.029836904862282736,0.026401466246529167,1.4382039345917592,0.7345359146829278,0.0788158749550758,0.0019493612019787498,1
2024-10-16 00:00:00+00:00,2606.01953125,2644.854248046875,2589.60693359375,2611.10205078125,17012396419,2495.53466796875,2467.6468603515623,59.05758407344214,14.03148545974318,-7.643954398968733,21.67543985871191,2726.426862762412,2495.53466796875,2264.642473175088,0.0019493612019787498,-0.006770075782129514,0.07165510399391417,1.0463096683431636,1.0581344084255435,1.0113013770589583,0.024934348551773036,0.02599842619829562,1.113136028158158,0.7502626451183797,0.07014231543574811,-0.0026152226716711358,0
2024-10-17 00:00:00+00:00,2611.192138671875,2646.8740234375,2577.305908203125,2604.2734375,15150712321,2490.9533081054688,2469.1640185546876,58.4067630968593,20.20588493475634,-2.073986532223718,22.279871466980058,2708.347468131518,2490.9533081054688,2273.5591480794196,-0.0026152226716711358,-0.0006709594833030907,0.051584513516036656,1.0454926750436437,1.054718689374227,1.0088245614252613,0.025640836690890494,0.02536396466423025,0.9974340239931465,0.7606328739027597,0.07534770026328474,0.014314475606500121,1
2024-10-18 00:00:00+00:00,2604.814453125,2674.371826171875,2595.958984375,2641.55224609375,17043738652,2489.1539672851563,2471.419208984375,60.937571644486766,27.786918998900546,3.898194574001135,23.88872442489941,2700.558838361969,2489.1539672851563,2277.749096208344,0.014314475606500121,0.011661817393689766,0.07046110329796229,1.0612249305633792,1.068840217997371,1.0071759409477397,0.02534756829257491,0.025566821593719452,1.097525181815873,0.8604417391906283,0.08267401057558099,0.002689606589697968,1
2024-10-19 00:00:00+00:00,2641.48828125,2661.872802734375,2631.656982421875,2648.656982421875,8557834553,2488.6194702148437,2473.875908203125,61.4193822707961,33.97657514941784,9.913870689084476,24.062704460333364,2698.2592355943466,2488.6194702148437,2278.9797048353407,0.002689606589697968,0.017042582504117387,0.0075153413260471424,1.0643077473765867,1.070650703876938,1.005959701520529,0.0254682196345449,0.025529244724428392,0.5556737003253899,0.8816964589645516,0.118386815345082,0.03688927328017333,1
2024-10-20 00:00:00+00:00,2648.665771484375,2756.436767578125,2635.94580078125,2746.364013671875,14559296242,2495.784533691406,2478.5353125,67.37851895223108,46.23311650495816,17.177719852259216,29.055396652698946,2730.22234830659,2495.784533691406,2261.346719076222,0.03688927328017333,0.03967809750237472,0.05385297686979129,1.1004010869519445,1.1080592638003317,1.006959441370237,0.026469179343513304,0.02627278632310874,0.9554930511068329,1.0344263262131594,0.152066992739456,-0.029366775513825272,0
2024-10-21 00:00:00+00:00,2746.3056640625,2765.549560546875,2655.29443359375,2665.712158203125,17328615363,2506.6240844726562,2483.2915087890624,59.24400170656633,48.875180475410616,23.5172119768895,25.357968498521117,2751.7425199923064,2506.6240844726562,2261.505648953006,-0.029366775513825272,0.006439178759061193,0.02091458179719008,1.0634670650122384,1.0734592168371795,1.0093958263059384,0.020367097576750214,0.023222701235365437,1.1685010417434922,0.8245126654655792,0.09406832232477114,-0.01707410468059689,0
2024-10-22 00:00:00+00:00,2665.65673828125,2669.7900390625,2605.61865234375,2620.197509765625,15541911074,2519.3723754882812,2484.9317138671877,55.19427366736293,46.75739333501906,28.16524824851541,18.59214508650365,2760.0080294887644,2519.3723754882812,2278.736721487798,-0.01707410468059689,-0.045939468795167526,0.006114593051684825,1.040019941179915,1.0544344116756148,1.0138598020335516,0.02133443577741364,0.02200671979031316,1.0645535081432727,0.7094974967365836,0.05801452487564118,-0.04240086191916037,0
2024-10-23 00:00:00+00:00,2620.088623046875,2624.450439453125,2457.169921875,2509.098876953125,17876984551,2527.337756347656,2486.7016162109376,46.787103494525525,35.7027416093847,29.67274692068927,6.029994688695432,2754.5080168664563,2527.337756347656,2300.167495828856,-0.04240086191916037,-0.05875100984480197,-0.05014224849669102,0.9927833629087675,1.0090068147284654,1.0163413816405673,0.026863813178686916,0.024362303913673226,1.2252279870436718,0.45985636642560956,0.016785776650353856,0.010123020035770258,1
2024-10-24 00:00:00+00:00,2523.60693359375,2559.1513671875,2506.722900390625,2534.49853515625,16128627601,2533.3229858398436,2488.4120458984376,48.71058238611892,28.661004397705256,29.47039841609247,-0.8093940183872128,2754.229616468308,2533.3229858398436,2312.416355211379,0.010123020035770258,-0.03270706665813172,-0.04310050264086707,1.0004640345202633,1.0185204413126738,1.018048031882594,0.02750501520915439,0.023757325933631168,1.1006890787120662,0.5026607379621474,-0.035909076303490384,-0.03888913398757343,0
2024-10-25 00:00:00+00:00,2534.454833984375,2563.734130859375,2381.45068359375,2435.93408203125,22560233078,2534.338098144531,2489.7759765625,42.318045353432986,14.954661268637665,26.567250986601508,-11.612589717963843,2753.1442104300213,2534.338098144531,2315.531985859041,-0.03888913398757343,-0.029159789434333172,-0.11303306120210255,0.961171709415833,0.9783748035814906,1.0178980446439827,0.029054172556344127,0.025515695756748235,1.4674684675391447,0.275134215663758,-0.06526725116274978,0.017927081761059283,1
2024-10-26 00:00:00+00:00,2436.050048828125,2503.23046875,2427.46142578125,2479.603271484375,13597102184,2536.3203735351562,2494.8905126953123,45.717058185697255,7.529231921399514,22.75964717356111,-15.230415252161595,2752.225426046155,2536.3203735351562,2320.4153210241575,0.017927081761059283,-0.021659220911126265,-0.06981582244205997,0.9776380371176342,0.993872580326412,1.0166058833560139,0.03078298079044919,0.025726747575134035,0.8699087085017425,0.3686526753516064,-0.05036140937407263,0.01062161945285034,1
2024-10-27 00:00:00+00:00,2479.93701171875,2523.17138671875,2462.27197265625,2505.940673828125,9801434566,2540.5275756835936,2499.5271826171875,47.71805794997259,3.726773993903862,18.953072537629662,-15.2262985437258,2750.2263260718614,2540.5275756835936,2330.8288252953257,0.01062161945285034,0.0287391158542758,-0.04360619209493111,0.9863859372413377,1.0025658817617746,1.0164032595250578,0.025389396840646516,0.025727451877591942,0.6427228055089377,0.41753193142203,-0.03775823316244031,0.02370665487957191,1
2024-10-28 00:00:00+00:00,2505.590576171875,2587.43017578125,2470.268310546875,2565.34814453125,18971841402,2546.802941894531,2504.8882861328125,52.01484082982744,5.4442274231078045,16.25130351472529,-10.807076091617486,2751.2611844991175,2546.802941894531,2342.344699289945,0.02370665487957191,0.03458007739905322,0.02241811516269543,1.0072817579765019,1.0241367484263255,1.016733143746873,0.02743296955859665,0.026161121936391942,1.2243778751668395,0.5453520542886219,-0.02884822803531084,0.02830390688093809,1
2024-10-29 00:00:00+00:00,2565.41796875,2680.054443359375,2560.15380859375,2637.95751953125,22185845095,2560.2866455078124,2510.47779296875,56.69894451220931,12.519968971080289,15.50503660599629,-2.9850676349160015,2750.227807256997,2560.2866455078124,2370.345483758628,0.02830390688093809,0.052681552712679824,0.0408202975617904,1.030336788327868,1.0507790695936607,1.019840387626039,0.029431805098124014,0.025599977126878674,1.3991484830907546,0.7044603531645268,-0.004039580421939637,0.007359875554762585,1
2024-10-30 00:00:00+00:00,2637.64013671875,2720.271484375,2600.609619140625,2657.37255859375,22382690746,2573.9623779296876,2515.833623046875,57.882828139148536,19.46974145985041,16.297977576767117,3.171763883083294,2749.2377258933543,2573.9623779296876,2398.687029966021,0.007359875554762585,0.035872095668058046,0.09090495436471313,1.032405361235758,1.056259259058419,1.0231051665540642,0.022235313951152448,0.02560196231790669,1.3808444113358935,0.737940422407128,-0.032403372107670414,-0.05327564692788833,0
2024-10-31 00:00:00+00:00,2657.213134765625,2667.5595703125,2501.572265625,2515.79931640625,19760409505,2577.9266723632813,2519.3527783203126,47.65183577047812,13.399250540541289,15.718232169521952,-2.318981628980664,2743.426420384611,2577.9266723632813,2412.4269243419517,-0.05327564692788833,-0.04630787350461463,0.014597514585551696,0.9759002625547619,0.9985895338101749,1.0232495800298442,0.03214438180090838,0.028458332293532413,1.1959342340081165,0.31230377477969223,-0.05623744534290853,-0.001555695771857435,0
2024-11-01 00:00:00+00:00,2515.870361328125,2583.777099609375,2467.8193359375,2511.885498046875,20215438328,2579.694787597656,2522.354853515625,47.40239212302385,8.178256469217558,14.210237029461075,-6.031980560243516,2741.3438798334982,2579.694787597656,2418.045695361814,-0.001555695771857435,-0.05474846200107708,0.0023722924811577784,0.9737142200399883,0.9958493724805778,1.0227326991688388,0.02749484159103112,0.02826167020643739,1.184603365212753,0.2902577471581187,-0.04133734625541208,-0.00828735806127956,0
2024-11-02 00:00:00+00:00,2512.208251953125,2522.360595703125,2471.95556640625,2491.068603515625,9639457439,2580.864367675781,2523.34408203125,46.02244495972035,2.333927573587971,11.834975138286454,-9.501047564698483,2739.4095933014155,2580.864367675781,2422.3191420501466,-0.00828735806127956,-0.009830161225241163,-0.02895495536306536,0.9652070967832291,0.9872092439768881,1.0227952604855333,0.027180720016171306,0.02832219800426711,0.5641183175903474,0.21681340826942752,-0.007185955724229864,-0.013907007819047301,0
2024-11-03 00:00:00+00:00,2491.094482421875,2495.4365234375,2411.3984375,2456.42529296875,15667779706,2572.2406372070313,2524.100673828125,43.74035564349145,-5.035128984545736,8.460954313720016,-13.496083298265752,2738.366202830652,2572.2406372070313,2406.1150715834106,-0.013907007819047301,-0.02207911352696934,-0.0688154472611664,0.9549749185348245,0.9731883194830195,1.0190721249267352,0.027311641330604514,0.024046930323965383,0.9326444349900471,0.15142227265405928,-0.030804216733424483,-0.024181043059307794,0
2024-11-04 00:00:00+00:00,2456.09521484375,2488.350341796875,2359.578125,2397.0263671875,17110200696,2561.7908569335937,2525.6232568359374,40.07140856923519,-15.489601803416917,3.67084309029263,-19.160444893709546,2744.4403605241305,2561.7908569335937,2379.141353343057,-0.024181043059307794,-0.037751764923456554,-0.09797128015200929,0.9356838637704746,0.9490831067933934,1.0143202672844274,0.025590051493093065,0.02448156395438068,1.033559995279493,0.04895993006512008,-0.01597240053856719,0.010690023242502233,1
2024-11-05 00:00:00+00:00,2397.036376953125,2478.618896484375,2380.601318359375,2422.650634765625,17894057485,2552.3682861328125,2528.170595703125,42.31915991956777,-21.459807289993023,-1.3552869857645007,-20.104520304228522,2743.551145029313,2552.3682861328125,2361.185427236312,0.010690023242502233,-0.013749515729137518,-0.03702548173583464,0.9491775336373077,0.9582623256844923,1.0095712253242775,0.021863596451002804,0.024668471333617478,1.0780390111243614,0.16074978657628505,-0.022968447159958827,0.12445812465100636,1
2024-11-06 00:00:00+00:00,2422.539306640625,2743.964111328125,2421.81298828125,2724.169189453125,41887574364,2558.363073730469,2535.81982421875,60.90211355606197,-1.8400003053739056,-1.4522296496863818,-0.3877706556875238,2763.4147295441303,2558.363073730469,2353.3114179168074,0.12445812465100636,0.13647860813874613,0.08451169114647628,1.0648094546959226,1.0742755315009034,1.008889925576106,0.05646097485992914,0.03777608693825426,2.3354491990943256,0.9043032841279046,0.08708447007711073,0.06292423408548897,1
2024-11-07 00:00:00+00:00,2724.005859375,2918.744384765625,2701.5908203125,2895.58544921875,35352318438,2571.064733886719,2546.336953125,67.34345173204373,27.22684355624824,4.283584991500543,22.943258564747698,2823.7518552083516,2571.064733886719,2318.377612565086,0.06292423408548897,0.1952137909058762,0.1623868749067101,1.126220359625659,1.1371572193794437,1.0097111188412717,0.0535295020231153,0.040044307872971883,1.8753567996499334,1.142139404720522,0.12873001482917323,0.023038926949513483,1
2024-11-08 00:00:00+00:00,2895.597900390625,2983.744873046875,2889.484375,2962.296630859375,32303261101,2586.746716308594,2556.287841796875,69.45269659509128,55.01142410798229,14.429152814796895,40.5822712931854,2892.968019088169,2586.746716308594,2280.525413529019,0.023038926949513483,0.08741286786745217,0.20593801054671879,1.1451823296742047,1.1588274929074915,1.011915275742308,0.05256639583864665,0.040231565189515636,1.6120796345083621,1.1132001776850746,0.12295084698170511,0.05699898471735465,1
2024-11-09 00:00:00+00:00,2962.791015625,3156.3662109375,2957.182373046875,3131.14453125,29210133088,2605.9857421875,2567.6892919921875,74.02552777071911,89.62240748756176,29.46780374934987,60.15460373821189,2992.3052327570567,2605.9857421875,2219.666251617943,0.05699898471735465,0.08135110711196791,0.30626203120321205,1.2015202080966394,1.2194405845812621,1.0149147524643058,0.051464013365219934,0.041272674119684404,1.4063078460075142,1.1796949181728449,0.1782858677922694,0.01922197042565066,1
2024-11-10 00:00:00+00:00,3130.729248046875,3249.9140625,3073.248779296875,3191.331298828125,47418730187,2632.26669921875,2579.1987744140624,75.43703503186678,120.51916045514463,47.67807509050883,72.8410853646358,3098.867274179573,2632.26669921875,2165.666124257927,0.01922197042565066,0.07731658794153451,0.31728911013075756,1.2123890408883355,1.2373343731729733,1.0205753528309363,0.04767711806571184,0.04041819152162681,2.1287581727914375,1.099082630423586,0.26851584624279723,0.05749377681988088,1
2024-11-11 00:00:00+00:00,3191.656982421875,3389.529296875,3109.76953125,3374.81298828125,55417771668,2669.9974731445313,2595.037783203125,79.15579476315378,157.98929643506517,69.7403193594201,88.24897707564507,3242.509676402395,2669.9974731445313,2097.4852698866675,0.05749377681988088,0.07782089092322231,0.23884118554278966,1.2639760981895753,1.3004870334163796,1.0288857797857887,0.03879932179360038,0.041240564498489576,2.2834709192712106,1.1155462810451784,0.3435377491949163,-0.0380926778784183,0
2024-11-12 00:00:00+00:00,3375.15478515625,3444.154052734375,3211.198486328125,3246.25732421875,56686078066,2706.8553955078123,2606.992001953125,71.04046293084798,175.29064006750968,90.85038350103801,84.44025656647167,3328.5551855674667,2706.8553955078123,2085.155605448158,-0.0380926778784183,0.017211007021049163,0.12110569042077968,1.199272532107222,1.2452118463680346,1.0383059838618112,0.0499577658920829,0.04094329135940606,2.1628024790923104,0.9338122171950389,0.30315853992833963,-0.016530228997185037,0
2024-11-13 00:00:00+00:00,3244.543212890625,3337.877197265625,3121.666015625,3192.595947265625,52010205682,2739.7602661132814,2617.7568212890624,67.91066132975517,182.56753005031533,109.19381281089348,73.37371723942185,3391.964282253778,2739.7602661132814,2087.556249972785,-0.016530228997185037,-0.05399322618715707,0.07774350279682807,1.165282958057769,1.2195922559733774,1.0466061032988316,0.03925679643626179,0.04149703392410336,1.8572666877218174,0.8471579980694219,0.2996918556424588,-0.041861613246530704,0
2024-11-14 00:00:00+00:00,3192.5205078125,3240.270751953125,3032.971923828125,3058.94873046875,35743352141,2770.910998535156,2627.3480224609375,60.73395199303608,175.5269390382291,122.4604380563606,53.0665009818685,3421.5255156150733,2770.910998535156,2120.296481455239,-0.041861613246530704,-0.05769986019055895,-0.02305731979495318,1.103950553477129,1.1642723781996527,1.0546417813121494,0.04165829310399312,0.04169525161289873,1.2470300171589306,0.7213582116384081,0.27614312981375444,0.014414035918883572,1
2024-11-15 00:00:00+00:00,3059.526123046875,3130.703857421875,3016.14404296875,3103.04052734375,32701369872,2802.082861328125,2636.764833984375,62.1549045088503,171.52779381892287,132.27390920887308,39.253884610049795,3453.6700034881596,2802.082861328125,2150.4957191680905,0.014414035918883572,-0.028050972124605056,-0.027665811918930472,1.1074049844025589,1.1768362833688104,1.0626972967831723,0.04128628529388739,0.04167748463959224,1.1041046882208099,0.7309419926688083,0.2808452373670247,0.00974315294018413,1
2024-11-16 00:00:00+00:00,3089.739990234375,3218.089599609375,3073.286376953125,3133.27392578125,26650658846,2833.4495239257812,2645.5122998046877,63.13989666788824,168.8516087638377,139.589449119866,29.2621596439717,3485.409733187914,2833.4495239257812,2181.4893146636487,0.00974315294018413,0.02429762701551086,-0.07157109544698437,1.1058160377743587,1.184373221781117,1.0710400114696002,0.03524120706480136,0.04167956206955264,0.8749263796327275,0.7299407215317636,0.15017596480865136,-0.01838725437104416,0
2024-11-17 00:00:00+00:00,3133.306640625,3160.152587890625,3039.246826171875,3075.66162109375,28348163224,2858.965197753906,2653.4747509765625,59.938482405794794,160.23479435798572,143.71851816748995,16.516276190495773,3506.676130980909,2858.965197753906,2211.254264526903,-0.01838725437104416,-0.008823251262347065,-0.052551503496740204,1.075795404403694,1.1591071744556112,1.077442020769829,0.03479787803346034,0.04211954470227238,0.9165479443702395,0.6672786518055412,0.062189900810416754,0.04298093890177013,1
2024-11-18 00:00:00+00:00,3075.722900390625,3225.130615234375,3052.4912109375,3207.8564453125,35445557613,2887.4601440429688,2664.44494140625,64.39898936798086,162.2031474607884,147.41544402614963,14.787703434638757,3544.31170483771,2887.4601440429688,2230.6085832482277,0.04298093890177013,0.023803383074032958,0.004779965363279182,1.1109612896062067,1.203949233651436,1.0837004357534274,0.030657627620558195,0.04258187436883387,1.121969658178077,0.743887904355343,0.08289507941069596,-0.030073793436219964,0
2024-11-19 00:00:00+00:00,3208.25048828125,3222.00439453125,3070.36279296875,3111.384033203125,29823634432,2910.1607177734377,2674.6113671875,59.21721857956386,154.20103057863798,148.7725613366473,5.428469241990683,3564.9088270840616,2910.1607177734377,2255.4126084628138,-0.030073793436219964,0.011614545587323555,0.017141608884154058,1.0691450867990697,1.1633032265449896,1.088068626894991,0.02941909438570383,0.043546443439883994,0.9330292653531943,0.6536646784986923,-0.006310950468641052,-0.012597623598885388,0
2024-11-20 00:00:00+00:00,3111.116943359375,3159.949462890625,3032.603271484375,3072.18798828125,29785491216,2937.9801513671873,2687.0767041015624,57.2032905293504,143.04753906092128,147.6275568815021,-4.580017820580821,3569.0285964769027,2937.9801513671873,2306.931706257472,-0.012597623598885388,-0.04229255870520532,-0.009942680023231953,1.0456803075581056,1.143319795669343,1.09337412917266,0.029214050740206336,0.04139162426385352,0.9174488188422736,0.6063371900795421,-0.037333419626669584,0.09402613638837987,1
2024-11-21 00:00:00+00:00,3072.05517578125,3388.54296875,3035.8466796875,3361.053955078125,51619069348,2980.43857421875,2706.9931494140624,66.29967568439538,155.72231611703774,149.24650872860923,6.475807388428507,3605.0117930078163,2980.43857421875,2355.865355429684,0.09402613638837987,0.08024400691481604,0.07269713235815489,1.1277044875716467,1.2416189364223682,1.1010144502448689,0.04274069729594099,0.04522721267619918,1.516613549416827,0.8047003693156415,-0.004076976487557116,-0.008763062239896535,0
2024-11-22 00:00:00+00:00,3360.654296875,3428.46044921875,3262.808837890625,3331.600830078125,36775716442,3022.465185546875,2726.6293408203123,64.78761187040674,161.52854667533848,151.70291631795507,9.825630357383403,3620.962046947483,3022.465185546875,2423.968324146267,-0.008763062239896535,0.08443911726313491,0.08321435857217585,1.1022793069741565,1.2218752216154931,1.1084987388265835,0.043619170873295914,0.04524056143815809,1.0390805415180016,0.7582600381627799,0.0262898154199509,0.019396849109391878,1
2024-11-23 00:00:00+00:00,3331.6455078125,3499.370849609375,3317.65478515625,3396.223388671875,38835184688,3069.4550903320314,2746.2579296875,66.58812784539853,169.3918824515681,155.24070954467769,14.151172906890423,3627.0015677214305,3069.4550903320314,2511.9086129426323,0.019396849109391878,0.010463811073491813,0.058720502793891294,1.1064580809046782,1.236673129627826,1.1176863823134444,0.043725666824593785,0.04470788242549955,1.062495221907276,0.7930413082958315,0.06378115012663965,-0.009588143309746888,0
2024-11-24 00:00:00+00:00,3396.99951171875,3451.80224609375,3288.430908203125,3363.659912109375,27901454185,3117.786767578125,2765.2184912109374,64.79032140219816,171.0245675367728,158.3974811430967,12.62708639367608,3591.129399143785,3117.786767578125,2644.4441360124647,-0.009588143309746888,0.009622726030626527,0.0810815624860477,1.0788614369295828,1.2164174088957325,1.1275010555179643,0.04281104609634879,0.04411131456288863,0.7522536062153278,0.7597200506934938,0.0996130398020536,0.01483028442427825,1
2024-11-25 00:00:00+00:00,3364.6015625,3545.27880859375,3304.093994140625,3413.5439453125,51544793988,3167.331433105469,2784.69021484375,66.2917272568161,174.3340919184584,161.58480329816905,12.749288620289349,3528.445938919345,3167.331433105469,2806.216927291593,0.01483028442427825,0.005099946222147267,0.11111167621686557,1.0777350010275455,1.2258253816229376,1.1374088996406335,0.04087223543450124,0.04408503603215976,1.3293982801803772,0.8409064275223728,0.10006424835016436,-0.0254945044570557,0
2024-11-26 00:00:00+00:00,3412.950927734375,3461.29296875,3255.54296875,3326.517333984375,39902959158,3197.448840332031,2802.78462890625,61.374720883073124,167.99801704695483,162.86744604792622,5.130570999028606,3498.403015003309,3197.448840332031,2896.494665660753,-0.0254945044570557,-0.011042310785131515,-0.01027553307841711,1.040366085619353,1.1868615589213163,1.1408114656243828,0.04016179016951345,0.037286194542661376,1.0317828644298788,0.7144321370409981,0.061674597491485406,0.09942287996365606,1
2024-11-27 00:00:00+00:00,3326.029052734375,3687.009033203125,3303.56787109375,3657.249267578125,43383987191,3235.53203125,2827.1327978515624,70.36947860920624,187.50252269588282,167.79446137751756,19.708061318365253,3566.880809122539,3235.53203125,2904.1832533774605,0.09942287996365606,0.07139363845023361,0.0977453344830519,1.1303393791979246,1.2936248592062591,1.1444570391984397,0.05051902359064859,0.04071330026313764,1.1102640265512411,1.1363645567607135,0.1890935083676577,-0.021173767078749073,0
2024-11-28 00:00:00+00:00,3656.609619140625,3664.878173828125,3531.87060546875,3579.8115234375,32362724276,3266.4077758789062,2851.363359375,66.46662117244209,194.46967975210555,173.12950505243518,21.34017469967037,3605.544951175954,3266.4077758789062,2927.2706005818586,-0.021173767078749073,0.0761439559822581,0.05405655451816993,1.0959475267824652,1.2554736356793794,1.1455599880454665,0.04296360364041948,0.04130744204801355,0.8281496740230931,0.9620604439547004,0.11595128537267363,0.003822229533186672,1
2024-11-29 00:00:00+00:00,3579.91064453125,3647.264404296875,3538.44677734375,3593.494384765625,27622629486,3289.5252685546875,2875.5560888671876,66.81682844675244,198.80361020407236,178.2643260827626,20.53928412130975,3652.065356338344,3289.5252685546875,2926.985180771031,0.003822229533186672,-0.01743246854341962,0.06832868918431156,1.0924051622635784,1.2496693765348412,1.1439614345518057,0.04231555467085422,0.03982817674036941,0.7082911374732238,0.9192213860668689,0.15495044855204654,0.03122613408711894,1
2024-11-30 00:00:00+00:00,3593.59814453125,3739.934814453125,3572.254150390625,3705.705322265625,30670867436,3315.2439697265627,2900.9399267578124,69.61898901814072,208.88487141055248,184.38843514832058,24.496436262231896,3719.0814818798317,3315.2439697265627,2911.4064575732937,0.03122613408711894,0.03516771707222066,0.08558887233730306,1.1177775621054118,1.2774153949500242,1.1428171742362794,0.04291073584868537,0.04010142455345773,0.8037105556134304,0.9834386860907438,0.20621047162507766,0.0014733272945559595,1
2024-12-01 00:00:00+00:00,3706.619873046875,3747.455322265625,3663.234130859375,3711.1650390625,28018113530,3332.061572265625,2925.632763671875,69.75282704448662,214.83837402152813,190.4784229229621,24.35995109856603,3772.683354732289,3332.061572265625,2891.4397897989606,0.0014733272945559595,0.03274546769732867,0.11563075326512995,1.1137744482131837,1.268499958417449,1.1389199675504225,0.04212419061065624,0.03840042800447627,0.761535598288991,0.9301914724626179,0.1041670525566547,-0.018044617264257212,0
2024-12-02 00:00:00+00:00,3710.495361328125,3761.343017578125,3557.252197265625,3644.198486328125,47284967570,3351.958630371094,2949.163193359375,65.91709824302434,211.7124373986494,194.72522581809955,16.987211580549854,3811.786999459295,3351.958630371094,2892.1302612828927,-0.018044617264257212,-0.016597875596836564,-0.003568469167714805,1.087184803926019,1.2356720355569877,1.1365795687124716,0.04392382926265621,0.03745429147226772,1.3018435077282682,0.8177705809414464,0.09382806410294653,-0.0064449882448404106,0
2024-12-03 00:00:00+00:00,3643.7421875,3670.2197265625,3504.226318359375,3620.711669921875,36839829742,3373.3644165039063,2968.9994287109375,64.5758562383644,204.97707221272003,196.77559509702365,8.201477115696377,3841.73621904834,3373.3644165039063,2904.9926139594727,-0.0064449882448404106,-0.024373308162946805,0.011425223427713016,1.0733236089785743,1.219505680906747,1.1361957108791139,0.04188844346159289,0.0371957407007677,1.035902555506108,0.7640501115505381,0.06609938615898536,0.06093260244895049,1
2024-12-04 00:00:00+00:00,3620.03759765625,3895.17431640625,3617.74462890625,3841.3310546875,56799745752,3412.483532714844,2993.7056103515624,70.62265838103278,214.96342280661156,200.41316063894124,14.550262167670326,3900.5618561326987,3412.483532714844,2924.405209296989,0.06093260244895049,0.05409490429759889,0.06896815282989222,1.1256702099398794,1.283135870609668,1.1398861400784503,0.029260105040493454,0.03719869460370312,1.5512340178487536,0.9393224421129538,0.14200934549253352,-0.007893814272854183,0
2024-12-05 00:00:00+00:00,3840.844482421875,3956.54150390625,3683.4208984375,3811.00830078125,60568296606,3447.8819213867187,3017.7037353515625,68.88228044534073,217.91885190267658,203.91429889168833,14.004553010988246,3944.0892709328973,3447.8819213867187,2951.67457184054,-0.007893814272854183,0.05255779752920264,0.028416446899572678,1.1053186819253034,1.2628835150834539,1.1425514973506967,0.02747484802141341,0.03745872335277415,1.5935170689556593,0.865901855067886,0.11643745088284296,0.051115670898385535,1
2024-12-06 00:00:00+00:00,3792.20849609375,4093.172119140625,3782.681396484375,4005.810546875,52853668566,3491.508752441406,3045.7344775390625,73.41488697962616,233.2907336247049,209.78958583829166,23.50114778641324,4023.395837364942,3491.508752441406,2959.6216675178703,0.051115670898385535,0.04281835901302733,0.0793943423995318,1.147300731832327,1.3152198842072649,1.146360189369668,0.031434103948649275,0.03851491694838718,1.3442154651232856,0.9834689626911414,0.20420552328130914,-0.0007783493216640958,0
2024-12-07 00:00:00+00:00,4006.02880859375,4029.452880859375,3974.17626953125,4002.692626953125,22574636761,3537.860302734375,3072.95728515625,73.23102537185599,242.42692388466685,216.3170534475667,26.10987043710014,4078.6597461288,3537.860302734375,2997.06085933995,-0.0007783493216640958,0.05029753572895124,0.09837393379366022,1.1313879815603476,1.3025539425126116,1.1512884737525684,0.03118573346611774,0.03795593656127935,0.578382047850581,0.9297640556923895,0.09445442027629602,0.0007524841828581152,1
2024-12-08 00:00:00+00:00,4007.690673828125,4018.0,3927.85400390625,4005.70458984375,20943378971,3577.7527099609374,3100.0982373046877,73.30058831591268,247.06247826326626,222.46613841070663,24.596339852559623,4133.55498990657,3577.7527099609374,3021.9504300153044,0.0007524841828581152,-2.6450834359259545e-05,0.10633073136425186,1.1196147175547762,1.2921218242833563,1.154077205331253,0.03122544812198184,0.03742500171948728,0.5467451815296839,0.8849857182347957,0.11897080715503372,-0.07165135464156769,0
2024-12-09 00:00:00+00:00,4006.101806640625,4008.77783203125,3525.23291015625,3718.6904296875,57029832059,3608.118029785156,3119.544765625,57.86844015293916,224.98307956436793,222.9695266414389,2.0135529229290228,4121.368655664432,3608.118029785156,3094.8674039058806,-0.07165135464156769,-0.07095278696975771,-0.03192659608193471,1.0306454497856123,1.1920618901400704,1.156616846645017,0.043718267645503836,0.04087005751089652,1.4377558306709948,0.6077177448277991,0.03483963839004045,-0.02335679484361486,0
2024-12-10 00:00:00+00:00,3719.00048828125,3780.75341796875,3520.365234375,3631.833740234375,58416417599,3636.1003173828126,3138.867197265625,54.15287345326966,198.1917568716558,218.0139726874823,-19.822215815826496,4083.0680498194224,3636.1003173828126,3189.1325849462028,-0.02335679484361486,-0.09333460349455236,-0.04701500138694126,0.9988266063155516,1.1570523733524598,1.1584116462621754,0.04482679906881696,0.04124845236014178,1.4214134755859749,0.4952271978055567,-0.019934553777763875,0.055340716460503314,1
2024-12-11 00:00:00+00:00,3631.276123046875,3850.765380859375,3567.56640625,3832.822021484375,35968053196,3659.688720703125,3163.1196875,60.47680899394145,190.97606201985354,212.60639055395657,-21.63032853410303,4095.1863556622684,3659.688720703125,3224.1910857439816,0.055340716460503314,0.030691339856021793,-0.04318440010239033,1.0473082040562145,1.2117220972165237,1.1569871147037096,0.043620654293587975,0.03782590850312868,0.8921784831766828,0.6987763961077454,0.03278134524909393,0.013118151777930187,1
2024-12-12 00:00:00+00:00,3833.172119140625,3987.005859375,3800.0908203125,3883.1015625,42971675764,3687.2637573242187,3190.5997412109373,61.89288522297119,187.1572780201741,207.51656804720008,-20.35929002702599,4104.760150948273,3687.2637573242187,3269.767363700165,0.013118151777930187,0.06918483615646176,-0.029877653769322388,1.0531119599965633,1.2170444046441988,1.1556647829240971,0.04366937763291746,0.03765424037256405,1.0577731577339433,0.7345383195718436,0.06555709769052465,0.007237451638409276,1
2024-12-13 00:00:00+00:00,3883.030029296875,3967.395263671875,3855.023681640625,3911.205322265625,34895127659,3713.0128540039063,3218.133876953125,62.69739548917313,184.27440212685542,202.86813486313116,-18.59373273627574,4118.274405025984,3713.0128540039063,3307.7513029818288,0.007237451638409276,0.020450545405417353,-0.023591172403906846,1.0533778028934102,1.2153643918532961,1.1537782441541322,0.03854492862960042,0.037564550029650916,0.8631498683597881,0.7445241446688848,0.08023109234489745,-0.010942930708463194,0
2024-12-14 00:00:00+00:00,3910.847900390625,3943.278076171875,3826.761962890625,3868.4052734375,28756190559,3738.2501220703125,3246.78330078125,60.599148691529095,176.50149658167675,197.5948072068403,-21.093310625163554,4113.675866222438,3738.2501220703125,3362.824377918187,-0.010942930708463194,-0.0037846780018389037,0.04026009870431224,1.0348171329143447,1.1914577953221188,1.1513703797758243,0.038649043431573556,0.03759865249142965,0.7105488025447703,0.6733434019837053,0.007048134712826171,0.02159439944037822,1
2024-12-15 00:00:00+00:00,3868.441162109375,3971.498046875,3832.0966796875,3951.941162109375,25069616984,3765.1699829101562,3276.23005859375,63.18857309661834,175.06403182829172,193.0886521311306,-18.024620302838883,4119.161509937334,3765.1699829101562,3411.1784558829786,0.02159439944037822,0.010415162715148085,0.08813933807838414,1.049604979336115,1.206246536852073,1.1492385807992596,0.03987871041795639,0.03769670155345694,0.6404028438188881,0.76380741478154,0.03698046558944368,0.00899299697642908,1
2024-12-16 00:00:00+00:00,3951.65283203125,4106.95556640625,3882.705322265625,3987.48095703125,46536359669,3798.2181640625,3305.8608642578124,64.26459916518156,174.7778646582583,189.42649463655616,-14.648629978297862,4099.2287017304325,3798.2181640625,3497.2076263945673,0.00899299697642908,0.03078159478568243,0.040351191545016984,1.0498293633471327,1.2061853540610112,1.1489346708834418,0.025030977669165542,0.036862861427226085,1.1787830943348487,0.8143790154907138,-0.004575750557661573,-0.02525776168846805,0
2024-12-17 00:00:00+00:00,3987.333984375,4040.337890625,3849.28662109375,3886.76611328125,35418700472,3809.6940063476563,3332.2892236328125,59.001223060154246,164.52765652323842,184.44672701389263,-19.919070490654207,4105.531619486192,3809.6940063476563,3513.856393209121,-0.02525776168846805,-0.016491907686534857,0.0009437174697255468,1.0202305242376888,1.1663951873432987,1.1432663105378302,0.025463354020419444,0.030968901155345317,0.9063117384764416,0.6302608314675359,-0.028962132363413273,-0.06894545380539963,0
2024-12-18 00:00:00+00:00,3886.886962890625,3902.715576171875,3617.840576171875,3618.791259765625,48946681636,3811.6429931640623,3351.9058984375,47.7866147548139,133.24499623360543,174.2063808578352,-40.961384624229765,4101.558198593826,3811.6429931640623,3521.727787734298,-0.06894545380539963,-0.09246180765214762,-0.07476315826104851,0.9494045654998895,1.0796219731146195,1.1371569216608586,0.0312599983210669,0.03460158301410987,1.2264498709617737,0.16739976071182974,-0.09659058010895838,-0.05550562793804503,0
2024-12-19 00:00:00+00:00,3619.58203125,3717.662353515625,3330.87255859375,3417.927978515625,58879190250,3802.8646728515623,3367.1170068359374,41.42995773217983,91.19404626328242,157.60391393892465,-66.40986767564223,4128.965381989201,3802.8646728515623,3476.763963713924,-0.05550562793804503,-0.1206242210365025,-0.11645038797126261,0.8987771778775147,1.015090349274032,1.1294126889950566,0.03424523737594955,0.036828649704744885,1.4197312491006022,-0.09021137266749397,-0.08087859338082881,0.015982047785855658,1
2024-12-20 00:00:00+00:00,3417.93017578125,3496.327392578125,3098.20361328125,3472.553466796875,66383827229,3791.207080078125,3386.25208984375,43.626195331943514,61.56648570767857,138.39642829267544,-76.82994258499687,4147.229110274345,3791.207080078125,3435.185049881905,0.015982047785855658,-0.04041067375027907,-0.12130436047702275,0.9159492988510974,1.0254858098757518,1.1195879631788017,0.03543871828921722,0.03626141486937984,1.5346124134770045,0.052480483994732964,-0.043856708437105096,-0.038971625917780583,0
2024-12-21 00:00:00+00:00,3472.589111328125,3552.921630859375,3293.505615234375,3337.222412109375,31579389836,3772.5099487304688,3402.758828125,39.65859492450904,26.856757425992328,116.08849411933882,-89.23173669334649,4181.558705169897,3772.5099487304688,3363.4611922910403,-0.038971625917780583,-0.0236124245196353,-0.16307502203245727,0.8846159340765748,0.9807402113032685,1.1086621589368442,0.03630572218516848,0.03713863607935608,0.7270363353193113,-0.03207292501028635,-0.12930410193767994,-0.01788530954448675,0
2024-12-22 00:00:00+00:00,3336.998779296875,3398.657470703125,3219.294921875,3277.53515625,24780768375,3754.1767822265624,3418.4881591796875,38.01641558951251,-5.4049105832100395,91.78981317882905,-97.19472376203909,4216.798218543128,3754.1767822265624,3291.5553459099965,-0.01788530954448675,-0.056159915869275934,-0.15674494921355853,0.8730369789102282,0.9587674444472813,1.0981979774145036,0.03145508577252818,0.037135625916973856,0.5856874236304789,-0.015152983151436447,-0.15594915469069703,0.042181162840310815,1
2024-12-23 00:00:00+00:00,3277.51416015625,3461.52783203125,3217.36865234375,3415.785400390625,34496081389,3743.93046875,3437.675361328125,43.81924505864878,-19.59104227625994,69.51364208781126,-89.1046843640712,4227.597246313632,3743.93046875,3260.263691186367,0.042181162840310815,0.023541430141478692,-0.05609769804411102,0.9123527877725427,0.9936323362049397,1.089087850140554,0.03915666021977674,0.03857436229400395,0.8175709028564448,0.160773611522033,-0.1266668152282071,0.022327047913535125,1
2024-12-24 00:00:00+00:00,3415.738037109375,3535.857666015625,3355.609130859375,3492.0498046875,23083678195,3726.46640625,3459.575830078125,46.77920050370959,-24.398503034582063,50.731213063332596,-75.12971609791467,4220.43881031019,3726.46640625,3232.49400218981,0.022327047913535125,0.0654499915976301,0.02168618725666227,0.9370941326159983,1.0093866925323738,1.0771454621261614,0.04233628109414784,0.036138042874893916,0.5698607272815595,0.2627229784136517,-0.09728956563425606,0.00033949884489303805,1
2024-12-25 00:00:00+00:00,3491.95751953125,3542.833740234375,3440.09716796875,3493.2353515625,17651873225,3710.5777587890625,3480.9875244140626,46.826101021811084,-27.792412960223828,35.02648785862131,-62.81890081884514,4213.462470165908,3710.5777587890625,3207.6930474122173,0.00033949884489303805,0.02267412676540448,0.005955814637089496,0.9414262626051282,1.0035184921125218,1.0659554889998193,0.03490651784188283,0.03613977378739514,0.46014245468157816,0.28390433999126563,-0.11607101212560511,-0.04637807223950974,0
2024-12-26 00:00:00+00:00,3493.30419921875,3512.6044921875,3302.306396484375,3331.225830078125,22247726776,3676.848522949219,3493.1286572265626,41.45043990893214,-43.05857301513288,19.409475683870475,-62.468048699003354,4186.798812806788,3676.848522949219,3166.898233091649,-0.04637807223950974,-0.046054318696570506,-0.0017968781491730645,0.9060002905439607,0.9536510552471367,1.0525946461612794,0.03279017276779719,0.03490885358200056,0.6040413976677963,0.1611211918639883,-0.16457887423786433,-0.000693089573747363,0
2024-12-27 00:00:00+00:00,3331.0537109375,3436.710693359375,3302.57568359375,3328.9169921875,24091627403,3643.1597412109377,3501.7952880859375,41.37753679086714,-54.71272453643542,4.585035639809297,-59.297760176244715,4151.49395696016,3643.1597412109377,3134.8255254617156,-0.000693089573747363,-0.047039017654937454,0.01567697476547858,0.9137444495038838,0.950631524210848,1.040369136827033,0.0317536305606545,0.03490986296820194,0.6527603201881983,0.1909093080029222,-0.1435252610615172,0.02072306150150305,1
2024-12-28 00:00:00+00:00,3328.774658203125,3419.920166015625,3318.033935546875,3397.90234375,14305648523,3612.76962890625,3510.50740234375,44.5174763649973,-57.7168582300601,-7.8753431341645825,-49.84151509589552,4102.164249787973,3612.76962890625,3123.3750080245272,0.02072306150150305,0.020015608989892852,-0.0052354157373527554,0.9405256057742879,0.9679234236855417,1.0291303264292295,0.029205853606523308,0.03547211568933032,0.39112735319714037,0.2804764539819295,-0.061039419010294416,-0.014240820106154684,0
2024-12-29 00:00:00+00:00,3397.862548828125,3406.6484375,3321.664794921875,3349.513427734375,13440907792,3594.3107788085936,3514.8747802734374,42.78632168319392,-63.27286672368973,-18.954847852069612,-44.31801887162012,4094.6114735452875,3594.3107788085936,3094.0100840718997,-0.014240820106154684,0.0061871280044567545,-0.040817395204900464,0.9318931038135323,0.9529538424904576,1.0225999512076434,0.028802329719390347,0.03218568502561186,0.3907697618982617,0.2553497789933568,-0.020016381623980783,0.0020537760301735375,1
2024-12-30 00:00:00+00:00,3349.5859375,3428.52734375,3298.804443359375,3356.392578125,26981583962,3580.538720703125,3518.176005859375,43.1249325228899,-66.35604238726819,-28.435086759109332,-37.92095562815886,4091.540303845124,3580.538720703125,3069.5371375611257,0.0020537760301735375,-0.012216291530965262,-0.03917364839912407,0.9373987659225458,0.9540149704094021,1.0177258655450687,0.023275556987277558,0.03191152828189695,0.8220019018403857,0.2806796006384991,-0.033451144750558215,-0.0071090729967826505,0
2024-12-31 00:00:00+00:00,3356.394775390625,3444.396728515625,3311.41259765625,3332.53173828125,20845452085,3555.524206542969,3517.330380859375,42.19217553509453,-69.91887046008878,-36.73184349930523,-33.187026960783555,4063.4982043189207,3555.524206542969,3047.550208767017,-0.0071090729967826505,-0.005069897410326707,0.00039202031616514255,0.9372828153296321,0.9474605389406229,1.0108587540969813,0.020596551404592257,0.028755817301637853,0.6500369083872631,0.2805079893478402,-0.0014055622457479489,0.006293237021109732,1
2025-01-01 00:00:00+00:00,3332.406494140625,3366.531494140625,3310.255859375,3353.504150390625,14195410493,3529.0443359375,3519.4753173828126,43.35194697903112,-70.24045079946973,-43.43356495933813,-26.8068858401316,4020.049754384319,3529.0443359375,3038.038917490681,0.006293237021109732,-0.0008605750570419568,0.007385933101013764,0.9502584357585743,0.9528420710404047,1.002718876449403,0.021042812326509293,0.028549649875390392,0.4634586537223777,0.32124414624368575,0.02317869695333652,0.029189893122086197,1
2025-01-02 00:00:00+00:00,3353.412109375,3493.4482421875,3348.35205078125,3451.392578125,22243574698,3506.0536987304686,3524.65125,48.54128951172257,-61.88317676405495,-47.1234873202815,-14.759689443773453,3963.6380682926124,3506.0536987304686,3048.4693291683247,0.029189893122086197,0.03566682905923413,0.01574213410617542,0.9844095027337256,0.9792153416951536,0.9947235769015357,0.015230215511049729,0.029527449517468954,0.741533700787379,0.44027208506075827,0.010424301752183451,0.04450875524089293,1
2025-01-03 00:00:00+00:00,3451.680908203125,3627.0556640625,3421.83154296875,3605.009765625,21877299255,3492.883923339844,3535.572470703125,55.43996908681794,-42.37587101819872,-46.17396405986494,3.7980930416662204,3920.7540935960997,3492.883923339844,3065.013753083588,0.04450875524089293,0.07499785417145799,0.07627864267540607,1.0321012220119652,1.0196396186182732,0.987925987172654,0.0208673726318492,0.03155422468776812,0.7377826530090326,0.631027879576184,0.03234775196673034,0.014617719482165947,1
2025-01-04 00:00:00+00:00,3605.20068359375,3669.19677734375,3574.326904296875,3657.706787109375,16060610759,3478.1722045898437,3546.6657958984374,57.54273086449498,-22.405702454821494,-41.420311738856256,19.014609284034762,3857.0071295928647,3478.1722045898437,3099.3372795868227,0.014617719482165947,0.05977709122167063,0.08977323181685137,1.0516175082655812,1.0313085578402543,0.980687892445969,0.020549195107566066,0.03130513651136136,0.549977227096543,0.7369562184876429,0.04708283839888083,-0.006452957745802013,0
2025-01-05 00:00:00+00:00,3657.7431640625,3673.81298828125,3594.616943359375,3634.103759765625,12830306908,3460.5033447265623,3556.682392578125,56.26209167226166,-8.387085933102753,-34.81366657770556,26.426580644602808,3764.9877231413243,3460.5033447265623,3156.0189663118003,-0.006452957745802013,0.00807043421020559,0.0904933681561606,1.0501662324076673,1.0217678607876426,0.9729582129536606,0.01913204779118238,0.031173849220970128,0.4662680887695278,0.7850727776953272,0.09092086371112118,0.01499890260780301,1
2025-01-06 00:00:00+00:00,3634.11376953125,3743.941650390625,3611.21435546875,3688.611328125,23973574043,3450.59560546875,3568.94138671875,58.55597852330601,7.039922047716118,-26.442948852621225,33.482870900337346,3705.5449451665536,3450.59560546875,3195.6462657709462,0.01499890260780301,0.008449157577239408,0.09992746771920369,1.0689781561997662,1.0335309349297757,0.9668400882988987,0.018644310316700392,0.031039348246899516,0.8897304511952953,0.9667902316169453,0.10805145841174535,-0.08323835401301194,0
2025-01-07 00:00:00+00:00,3688.34130859375,3701.10693359375,3358.08984375,3381.577392578125,32235312545,3438.734912109375,3572.4158056640626,44.42294020918045,-5.446353418888066,-22.243629765874594,16.79727634698653,3682.5667144717518,3438.734912109375,3194.903109746998,-0.08323835401301194,-0.06948793537028408,-0.020228120669136596,0.9833783292425444,0.946580010987701,0.9625796937347727,0.041281396861924315,0.032774270299904915,1.2346346188752833,0.38279314064556746,-0.004804420351250727,-0.016337951334858714,0
2025-01-08 00:00:00+00:00,3381.615478515625,3413.682861328125,3209.214599609375,3326.329345703125,34337730882,3434.15498046875,3576.7147119140627,42.438056734462585,-19.574232769715763,-21.70975036664283,2.135517596927066,3683.021387096667,3434.15498046875,3185.2885738408336,-0.016337951334858714,-0.09821636117081245,-0.07730365187334254,0.9686019893164789,0.9299957121609665,0.9601422693930703,0.041848665054953556,0.030558421268418307,1.3800163314169274,0.2833664329657062,-0.006921626836687067,-0.03213713091240178,0
2025-01-09 00:00:00+00:00,3326.359619140625,3355.8623046875,3159.384033203125,3219.4306640625,28815726276,3421.4988403320312,3579.6595654296875,38.823443209772684,-38.9475460926119,-25.157309511836644,-13.790236580775257,3687.311338669179,3421.4988403320312,3155.6863419948836,-0.03213713091240178,-0.04795002736637166,-0.1198226507907807,0.9409416207050586,0.8993678323921992,0.9558168249782515,0.04103610007922302,0.031049250958650475,1.2526553782487442,0.11990467428428674,-0.040806285580279655,0.014927896012281394,1
2025-01-10 00:00:00+00:00,3219.49658203125,3320.50048828125,3196.1103515625,3267.489990234375,26503845190,3418.0122192382814,3577.7882861328126,41.24632072678368,-49.84842884649606,-30.09553337876853,-19.752895467727534,3690.23133737061,3418.0122192382814,3145.7931011059527,0.014927896012281394,-0.017688974648513822,-0.10088148103809069,0.9559620564968457,0.9132709173706208,0.955342224269164,0.03577551340045129,0.030116210137945902,1.165007413489319,0.22352744723326906,-0.019517217885648752,0.004507369034684849,1
2025-01-11 00:00:00+00:00,3267.5224609375,3317.654296875,3219.69873046875,3282.2177734375,11772144561,3418.2463500976564,3576.800625,42.00435045070489,-56.64606734291965,-35.405640171598755,-21.240427171320896,3689.964338287761,3418.2463500976564,3146.5283619075517,0.004507369034684849,0.019502550583204936,-0.1101752173206274,0.9602051570518695,0.9176406843860636,0.9556714808775948,0.034643222560569356,0.029855499413527768,0.5326881377003364,0.24968794380115641,-0.02125728007368688,-0.004955978757455792,0
2025-01-12 00:00:00+00:00,3282.150390625,3298.018310546875,3224.510498046875,3265.951171875,11647743556,3410.754638671875,3574.1951806640627,41.36949404400877,-62.62393389817544,-40.849298916914094,-21.774634981261343,3690.8902860731923,3410.754638671875,3130.6189912705577,-0.004955978757455792,-0.00047094814795889395,-0.03419298371135937,0.9575450355897601,0.913758484579515,0.9542720714088643,0.034708032872489365,0.02820731532914084,0.5557901498552235,0.24154758928371559,-0.053729444579944774,-0.03994285558798849,0
2025-01-13 00:00:00+00:00,3266.095458984375,3335.193603515625,2920.5927734375,3135.499755859375,39911742769,3392.927136230469,3569.6319775390625,36.59293520403733,-77.0001652814808,-48.079472189827435,-28.92069309165337,3695.7422992788856,3392.927136230469,3090.111973182052,-0.03994285558798849,-0.044700878401638056,-0.057369421368409945,0.9241282320441768,0.8783817983446623,0.9504977425066615,0.03307130970861423,0.028827717548666202,1.8309405353947654,0.07494304812943892,-0.13023820746411374,0.028124644018336253,1
2025-01-14 00:00:00+00:00,3135.670166015625,3254.75146484375,3126.805908203125,3223.6845703125,22847737224,3379.449597167969,3565.8347900390627,41.50937657041998,-80.35141361366232,-54.53386047459441,-25.817553139067904,3687.4172256749325,3379.449597167969,3071.4819686610053,0.028124644018336253,-0.012941590164140315,0.0013213225237260762,0.9539081668843346,0.904047652268597,0.9477302780847421,0.02467801027743916,0.029751574506556536,1.035789361176539,0.24710811715727637,-0.11865965263439704,0.07037072715887938,1
2025-01-15 00:00:00+00:00,3223.6845703125,3473.1015625,3186.139892578125,3450.53759765625,25991614661,3385.415185546875,3568.3151953125,51.851925724325646,-63.964812107309626,-56.420050801137464,-7.544761306172163,3694.0711831936915,3385.415185546875,3076.7591879000584,0.07037072715887938,0.1004745228278705,0.05602086248739968,1.0192361670696692,0.9669934993940648,0.9487433144902977,0.03741673273329509,0.03225947433380595,1.1683998293479954,0.6054935147961911,-0.05051208612745106,-0.041208762051769265,0
2025-01-16 00:00:00+00:00,3450.30517578125,3458.1806640625,3265.67578125,3308.34521484375,26395516475,3384.3865966796875,3561.3371142578126,46.32284416745854,-61.74034503059647,-57.48410964702927,-4.256235383567201,3693.971061075049,3384.3865966796875,3074.802132284326,-0.041208762051769265,0.02626207455620988,0.007960300994557912,0.9775317093175646,0.9289615413263717,0.9503134603939336,0.03907189215310078,0.03369489109606383,1.1804436806412033,0.3771879881239337,-0.10309194421808254,0.05010419171097702,1
2025-01-17 00:00:00+00:00,3308.191162109375,3525.54345703125,3307.31103515625,3474.107177734375,28200207229,3388.1968383789062,3559.22302734375,52.66019567619262,-46.070758742403086,-55.201439466104034,9.130680723700948,3700.3468752575523,3388.1968383789062,3076.0468015002602,0.05010419171097702,0.006830697945193975,0.06373518613870499,1.025355769883952,0.9760858341959827,0.9519484483970423,0.04272131349035639,0.03524023144116816,1.223149661222231,0.6376106506578244,0.02736290624586446,-0.0484491750950794,0
2025-01-18 00:00:00+00:00,3473.563720703125,3493.06005859375,3228.333740234375,3305.78955078125,32420094038,3386.01064453125,3553.4689306640626,46.63882573994945,-46.69604162121959,-53.50035989712715,6.804318275907555,3699.9089794491806,3386.01064453125,3072.112309613319,-0.0484491750950794,-0.0007724901413048713,0.05431025615730034,0.9763080798698713,0.9302992696107443,0.952874700918936,0.04811578312963489,0.03684831944231568,1.3505918163856703,0.37221803235914924,-0.006174913181224206,-0.02928958236001966,0
2025-01-19 00:00:00+00:00,3305.39794921875,3444.20654296875,3127.623046875,3208.96435546875,57242875399,3378.6392333984377,3543.534111328125,43.55364365813384,-54.3777341965465,-53.675834757011025,-0.7018994395354738,3702.2404131264816,3378.6392333984377,3055.0380536703938,-0.02928958236001966,-0.07631970135087685,-0.004566270217412405,0.9497801137652041,0.9055830294423277,0.9534659826181595,0.04955995050716582,0.03741818588829264,2.243285647463217,0.23783334462457256,-0.0032509812093740598,0.02152440391061483,1
2025-01-20 00:00:00+00:00,3208.933837890625,3444.28271484375,3147.52294921875,3278.035400390625,52383187336,3375.914416503906,3534.8715185546876,46.283460733401796,-54.26652412137901,-53.79397262988463,-0.4725514914943787,3702.0580478574525,3375.914416503906,3049.7707851503596,0.02152440391061483,-0.008395619250495256,-0.0499928467328673,0.971006665443064,0.9273421631264619,0.9550317172161961,0.04698578178459274,0.03774163773654731,1.9333646838470842,0.34994492195498644,0.0032273733623569,0.015061109347230373,1
2025-01-21 00:00:00+00:00,3278.43603515625,3365.778076171875,3202.49267578125,3327.40625,32804001146,3374.609521484375,3528.535673828125,48.2113902126453,-49.62255643984281,-52.95968939187627,3.337132952033457,3701.338989961644,3374.609521484375,3047.8800530071057,0.015061109347230373,0.036909694658776804,0.005761501269797353,0.9860122271380269,0.9429991808443533,0.9563767617582977,0.046275366150812076,0.03787102491363281,1.170537122386071,0.42776398207304817,0.013767665548643171,-0.026201080984625813,0
2025-01-22 00:00:00+00:00,3327.2373046875,3364.74609375,3223.385986328125,3240.224609375,22171220981,3364.051123046875,3520.9259326171873,45.13105669815727,-52.37328179402539,-52.8424078723061,0.4691260782807092,3693.965549823721,3364.051123046875,3034.136696270029,-0.026201080984625813,-0.011534588983120542,-0.06732163298194516,0.9631912509225712,0.9202762771457861,0.9554450128822496,0.03719816719448731,0.03767165773621777,0.7912323765672046,0.31233540636337304,-0.007877203652505993,0.029161404946970837,1
2025-01-23 00:00:00+00:00,3240.475341796875,3346.732421875,3184.06689453125,3334.714111328125,32419520084,3350.536340332031,3510.79359375,48.93891950227435,-46.393937892421036,-51.552713876329086,5.1587759839080505,3660.4271083592957,3350.536340332031,3040.6455723047666,0.029161404946970837,0.002196263629704154,0.008749667848650278,0.995277702613326,0.9498462448104793,0.9543529834100009,0.036337274365268825,0.036810741339201695,1.1356050347461621,0.47447128046984266,0.06353512070810208,-0.007544628669076459,0
2025-01-24 00:00:00+00:00,3334.808349609375,3424.89990234375,3277.3232421875,3309.554931640625,25578325671,3333.1287475585937,3500.7645263671875,47.98403884399554,-43.18756098854328,-49.87968329877193,6.692122310228648,3607.43885838291,3333.1287475585937,3058.8186367342773,-0.007544628669076459,0.021396764306101046,0.03134674151192973,0.9929274211399017,0.9453806180660245,0.9521145231145972,0.02941172835391404,0.03657769079617977,0.8812782086905677,0.45703071999947775,0.026637333602338442,0.0023310081774501334,1
2025-01-25 00:00:00+00:00,3309.711669921875,3349.29833984375,3270.273193359375,3317.26953125,13744316078,3317.2870361328123,3486.9937060546877,48.31703844198858,-39.56786673901888,-47.817319986821325,8.249453247802442,3552.173362784698,3317.2870361328123,3082.4007094809267,0.0023310081774501334,-0.0052312070827497115,0.011968794130380545,0.9999947231329029,0.9513265038276425,0.9513315238776592,0.022889674611567025,0.03660382339754273,0.4728035888612091,0.4999627375440243,-0.03862240669302408,-0.02445844485711024,0
2025-01-26 00:00:00+00:00,3317.29150390625,3359.3125,3233.922119140625,3236.13427734375,14471528757,3294.66318359375,3471.6625390625,45.050501295186464,-42.753336037593726,-46.80452319697581,4.051187159382081,3453.9592019729535,3294.66318359375,3135.3671652145467,-0.02445844485711024,-0.02218444951462961,-0.027430366417160568,0.9822352383268028,0.9321569250845583,0.9490159675725431,0.02188479064219643,0.036594384116413976,0.5060909492498675,0.3162888600558982,-0.02182690523830666,-0.017679695057172262,0
2025-01-27 00:00:00+00:00,3235.855224609375,3250.396484375,3024.091552734375,3178.92041015625,39412486482,3284.5303344726562,3455.12685546875,42.85051619295522,-49.32592576468096,-47.30880371051684,-2.017122054164119,3446.3106398532163,3284.5303344726562,3122.750029092096,-0.017679695057172262,-0.04170572206763612,-0.018919737551951643,0.9678462630690357,0.9200589567716385,0.9506251063615582,0.020872501526934477,0.03194088833483524,1.361230247800291,0.17360080057959704,-0.08496766290630964,-0.0320259233300908,0
2025-01-28 00:00:00+00:00,3179.0869140625,3222.7373046875,3040.09228515625,3077.112548828125,20718206194,3272.0694946289063,3442.2952978515623,39.18369144268479,-62.03469667373474,-50.25398230316043,-11.780714370574316,3457.0250506630287,3272.0694946289063,3087.113938594784,-0.0320259233300908,-0.04913940982886267,-0.0772484698538084,0.940417846833387,0.8939130093657687,0.9505487506173863,0.021218921197550568,0.032483914623046554,0.7328015366282705,-0.02703727852547961,-0.06917470045819529,0.011662386097330613,1
2025-01-29 00:00:00+00:00,3076.380126953125,3177.98046875,3055.181640625,3112.9990234375,22727786058,3266.747912597656,3431.918603515625,41.09708816681912,-68.42202409320043,-53.88759066116843,-14.534433432032003,3463.8088610790496,3266.747912597656,3069.6869641162625,0.011662386097330613,-0.02073703591575915,-0.05939043534947086,0.9529351840810092,0.9070725104752115,0.9518722003637354,0.021497509474369448,0.03191523393725009,0.8126294148126451,0.10989508488366735,-0.029905390462722004,0.0432961927853559,1
2025-01-30 00:00:00+00:00,3113.289794921875,3282.986328125,3093.123779296875,3247.780029296875,19958405782,3265.762414550781,3420.217763671875,47.746495976496725,-61.89484113000344,-55.48904075493544,-6.405800375068004,3463.0047920394254,3265.762414550781,3068.520037062137,0.0432961927853559,0.055463515799494045,-0.020947800984667087,0.9944936639683938,0.9495828200746275,0.9548404926839296,0.02557403898005874,0.03327127034664369,0.7220597714496274,0.4544155128252258,-0.009229726771756264,0.015544497153892722,1
2025-01-31 00:00:00+00:00,3247.8671875,3437.569091796875,3214.935546875,3298.26513671875,30128115902,3266.5647827148437,3408.52103515625,50.022334505479286,-52.04829501259064,-54.80089160646648,2.752596593875836,3464.2191385118917,3266.5647827148437,3068.9104269177956,0.015544497153892722,0.059513707484775136,0.01919909807512621,1.0097044926742766,0.9676528625464547,0.9583525373681906,0.02643807470718695,0.03343725699737885,1.054952871625051,0.5801913873237793,-0.008757906637114066,-0.05455489961504678,0
2025-02-01 00:00:00+00:00,3298.822265625,3329.6552734375,3103.9189453125,3118.32861328125,19917507079,3259.1836547851562,3392.6635009765623,42.85767779671245,-58.09453231718044,-55.45961974860928,-2.63491256857116,3467.6635541853716,3259.1836547851562,3050.703755384941,-0.05455489961504678,-0.03985843094295105,-0.01906049509179808,0.9567821097479113,0.9191387864972915,0.9606563261717572,0.03336847636731707,0.03565044415789046,0.6874691424753935,0.1621855586338585,-0.037619613079002634,-0.08005434100956466,0
2025-02-02 00:00:00+00:00,3118.611572265625,3161.894287109375,2755.474609375,2868.69287109375,42060930305,3245.843310546875,3372.6692529296874,35.30301116240763,-82.08352921388587,-60.7844016416646,-21.299127572221266,3513.4169796010033,3245.843310546875,2978.2696414927464,-0.08005434100956466,-0.13024188408708592,-0.0677322244237536,0.8838050998248647,0.8505704698442768,0.9623959739684985,0.04305988645266418,0.03889518270699406,1.4464028332859409,-0.20476000270570285,-0.1397484835810322,0.005533453740142802,1
2025-02-03 00:00:00+00:00,2868.07861328125,2919.477294921875,2159.280517578125,2884.566650390625,92453553253,3228.887414550781,3351.3217626953124,36.07465695269186,-98.67661812962888,-68.36284493925746,-30.31377319037142,3541.553098456112,3228.887414550781,2916.2217306454504,0.005533453740142802,-0.07496386426209578,-0.07338016212887555,0.8933624125113512,0.8607250674941764,0.9634668477651448,0.04381938100648531,0.038244472659074685,2.839485214751486,-0.050621289582277865,-0.1284125177034977,-0.05183287439003281,0
2025-02-04 00:00:00+00:00,2883.818359375,2888.25,2636.165771484375,2735.05126953125,48795275985,3193.1130981445312,3326.2731689453126,32.181271997266435,-122.479534492516,-79.18618284990916,-43.29335164260684,3558.311960239179,3193.1130981445312,2827.9142360498836,-0.05183287439003281,-0.04658623546254581,-0.15787053160636244,0.8565469450864569,0.8222569616549185,0.9599671872881674,0.045849503127376755,0.035239184189119976,1.4479244639648752,-0.12714027363886818,-0.17551129211359584,0.01927853557646908,1
2025-02-05 00:00:00+00:00,2735.225830078125,2824.400146484375,2701.10498046875,2787.779052734375,31960764447,3167.0847900390627,3304.293427734375,34.85161538956672,-135.52655994019824,-90.45425826796698,-45.07230167223126,3569.9629310380346,3167.0847900390627,2764.2066490400907,0.01927853557646908,-0.03355360072652269,-0.1547741199763666,0.8802350544899654,0.8436838657654705,0.9584756497278176,0.04669167135242917,0.0351013018653043,0.9406196275212887,0.029255004547819867,-0.1385465454101581,-0.035647794157377954,0
2025-02-06 00:00:00+00:00,2787.65869140625,2857.14208984375,2662.44580078125,2688.40087890625,29500645692,3127.7994750976563,3285.6856201171877,32.272414806455274,-152.13172981352955,-102.7897525770795,-49.34197723645005,3556.9933594364397,3127.7994750976563,2698.605590758873,-0.035647794157377954,-0.01705649584879454,-0.13787120848774503,0.8595182972278977,0.8182161015180647,0.9519472757670894,0.03930248292821725,0.032801332672584484,0.8665589612190424,-0.011888230733231836,-0.15430381008686223,-0.024620471517087794,0
2025-02-07 00:00:00+00:00,2688.8974609375,2798.02880859375,2564.96826171875,2622.211181640625,29526663418,3093.620556640625,3269.7712841796874,30.645684356793637,-168.6878731734996,-115.96937669636353,-52.718496477136085,3569.4710838756314,3093.620556640625,2617.770029405619,-0.024620471517087794,-0.05939060017376696,-0.08592125421887653,0.8476188768567321,0.8019555356448973,0.9461275079418118,0.03492054631805456,0.03183453875412895,0.8710247325838036,0.004666541256990871,-0.1478338409691068,0.0038506311160004802,1
2025-02-08 00:00:00+00:00,2623.001953125,2665.484619140625,2591.778564453125,2632.308349609375,17059263074,3064.7877563476563,3252.9663818359377,31.215284315356087,-178.93136955006048,-128.56177526710292,-50.369594282957564,3579.5055314960164,3064.7877563476563,2550.0699811992963,0.0038506311160004802,-0.020864644754801542,-0.08745102171485253,0.8588876486332377,0.8092024449769228,0.9421516845243032,0.03552188592471038,0.03169604867587173,0.5349477885771395,0.07988685487534859,-0.1544140136919564,-0.0013627424019899692,0
2025-02-09 00:00:00+00:00,2632.578125,2695.222412109375,2530.435791015625,2628.72119140625,17517088276,3032.3220458984374,3238.796357421875,31.117507274129082,-185.20395204305578,-139.8902106222935,-45.313741420762284,3571.7247150418525,3032.3220458984374,2492.9193767550223,-0.0013627424019899692,0.002482641295714405,-0.03887681350237482,0.8669003989737489,0.8116352191709721,0.9362496777389876,0.02567496568832415,0.030925772895061803,0.5810696424399481,0.12588166727732766,-0.1906098418939559,0.0123427150611084,1
2025-02-10 00:00:00+00:00,2628.650146484375,2692.80859375,2564.0185546875,2661.166748046875,19414208113,2999.0100708007812,3226.4689892578126,33.15696696638125,-185.4195326455174,-148.99607502693829,-36.42345761857911,3543.9437126209937,2999.0100708007812,2454.076428980569,0.0123427150611084,0.01096315271794901,-0.04541690797314557,0.8873483867082523,0.8247922905525974,0.9295022145837039,0.02656847785435622,0.030813226238342987,0.6586269308827558,0.19001425418934823,-0.19316166598592088,-0.02193953673434812,0
2025-02-11 00:00:00+00:00,2661.315673828125,2724.90234375,2565.397216796875,2602.781982421875,21156550492,2967.137939453125,3210.2089208984376,31.35776323477657,-188.13286590077405,-156.82343320170546,-31.309432699068594,3527.02905494055,2967.137939453125,2407.2468239657,-0.02193953673434812,-0.00986761512372436,-0.03184751840998068,0.8772028923271411,0.8107827392409829,0.9242818808885235,0.02069004492060295,0.030714598924381442,0.7189733388658434,0.17461891522063866,-0.16532787104720592,0.051529524214203315,1
2025-02-12 00:00:00+00:00,2602.828125,2794.867431640625,2551.174560546875,2736.902099609375,26919387954,2937.2473388671874,3195.105966796875,39.48177913958798,-177.4156918276758,-160.94188492689952,-16.47380690077628,3478.0164072871157,2937.2473388671874,2396.478270447259,0.051529524214203315,0.02845945359045432,0.04373824609236543,0.9317914985889204,0.8565919653529195,0.9192957508735796,0.029287985671059998,0.03258277023556098,0.9234448686375188,0.3147589692553971,-0.045941053088101036,-0.022287794557012575,0
2025-02-13 00:00:00+00:00,2737.028564453125,2756.443359375,2615.667724609375,2675.902587890625,19481004625,2905.5647216796874,3178.7593115234376,37.318461992293045,-171.8632721430945,-163.1261623701385,-8.73710977295599,3428.4434941948566,2905.5647216796874,2382.685949164518,-0.022287794557012575,0.02809325020788389,0.016561220226239515,0.9209578323706049,0.8418072353544076,0.9140562203456605,0.02710378666220224,0.032707085406102065,0.6753407783855143,0.2803868259134581,-0.07233809711824235,0.018755901306300338,1
2025-02-14 00:00:00+00:00,2675.939453125,2790.023681640625,2666.26806640625,2726.091552734375,17732289901,2876.005822753906,3166.6566259765623,40.22074997276371,-161.55085186543965,-162.81110026919876,1.2602484037591068,3366.740116618876,2876.005822753906,2385.2715288889362,0.018755901306300338,-0.003949920925758743,0.037040961835909325,0.9478741423840438,0.8608737462634358,0.9082152447984402,0.025545224590631996,0.03323637353478503,0.6104986719113503,0.34725515223439685,-0.0032758862317087134,-0.011933472391497446,0
2025-02-15 00:00:00+00:00,2726.07470703125,2738.68115234375,2668.53173828125,2693.559814453125,10803019357,2848.877099609375,3153.949482421875,38.961476708611585,-154.22540938127395,-161.0939620916138,6.868552710339856,3315.166006851844,2848.877099609375,2382.588192366906,-0.011933472391497446,0.006598605884386544,0.012172505323097216,0.945481226558511,0.8540275706587339,0.9032729013217298,0.026431476886619332,0.033051890621774056,0.3742970120057803,0.33345380648795353,-0.03379724020411001,-0.011228225310643603,0
2025-02-16 00:00:00+00:00,2693.5625,2724.096435546875,2655.297607421875,2663.31591796875,10593602117,2823.096875,3139.25775390625,37.77730165146427,-149.14116659179217,-158.70340299164948,9.562236399857312,3269.1278756949523,2823.096875,2377.065874305048,-0.011228225310643603,-0.023027705985390945,0.02325739764440371,0.9434022408348102,0.8483903287822496,0.8992880152918812,0.026996334291454458,0.0329901114656506,0.3863287142696758,0.3208858164765469,-0.009330811165225272,0.029994109419593684,1
2025-02-17 00:00:00+00:00,2663.2294921875,2848.7841796875,2640.18212890625,2743.19970703125,24170425078,2806.401232910156,3127.1314794921873,42.72865036981945,-137.0856750612379,-154.37985740556718,17.294182344329272,3237.1330606082565,2806.401232910156,2375.6694052120556,0.029994109419593684,0.018429103490394727,0.002300998425472933,0.9774795117897779,0.8772255739872876,0.8974362770848016,0.028863908824956173,0.03355113964367429,0.8759360346522357,0.4266347158315824,0.04613988615322984,-0.026925068435387,0
2025-02-18 00:00:00+00:00,2743.02294921875,2754.6767578125,2606.900390625,2669.3388671875,23004152928,2784.218225097656,3113.3904052734374,39.591623403138136,-131.97029228197198,-149.89794438084814,17.927652098876166,3193.636099477148,2784.218225097656,2374.8003507181643,-0.026925068435387,0.0022614475354254537,-0.002452899717959922,0.9587390970741431,0.8573736408598785,0.8942721158200295,0.02968070955713539,0.033640785525955404,0.8332530664506574,0.3597040272310219,0.014067697495857567,0.017394617624989728,1
2025-02-19 00:00:00+00:00,2669.21337890625,2735.917724609375,2656.375732421875,2715.77099609375,15272401903,2757.6177734375,3101.0551904296876,42.45196946773947,-122.7545913053309,-144.4692737657447,21.714682460413798,3104.590554598743,2757.6177734375,2410.644992276257,0.017394617624989728,-0.009998802080357416,-0.003785843740381045,0.9848250262430003,0.87575706632859,0.8892514334952548,0.022504238415035488,0.032059430248912946,0.5579297415292833,0.4396973197671328,0.033114886802024124,0.009063900656951951,1
2025-02-20 00:00:00+00:00,2715.6826171875,2770.030517578125,2708.216064453125,2740.386474609375,15917259320,2729.723840332031,3088.7928369140627,43.966722434087174,-112.17177212517345,-138.00977343763046,25.83800131245701,2965.6046946326887,2729.723840332031,2493.8429860313736,0.009063900656951951,0.02661618136806032,0.017384674327626692,1.0039061219746122,0.8872030658252976,0.8837510265205197,0.0205727975784315,0.03183657072848987,0.5969837946308015,0.5226017374512156,0.029768794691517275,-0.029459697666460616,0
2025-02-21 00:00:00+00:00,2740.022216796875,2842.8271484375,2616.91943359375,2659.655517578125,31441524621,2706.790185546875,3072.958095703125,40.22695175343301,-109.04215512754081,-132.21624977561254,23.17409464807173,2857.3441049876687,2706.790185546875,2556.236266106081,-0.029459697666460616,-0.020662816782541338,-0.001374377093580681,0.98258650847028,0.8655033471810386,0.8808418797938515,0.022618201363076833,0.03039753968456748,1.154283343525161,0.3434625011961715,0.021851056116244383,0.039243345090012705,1
2025-02-22 00:00:00+00:00,2660.035888671875,2797.057861328125,2653.867431640625,2764.029296875,16403164397,2701.5570068359375,3056.138486328125,46.55622700732307,-97.02141690767894,-125.17728320202583,28.155866294346893,2834.682911405227,2701.5570068359375,2568.431102266648,0.039243345090012705,0.008627550341779866,0.007593172961618766,1.0231245499839479,0.9044188636215609,0.8839772866712567,0.02717429869352477,0.026911183580807727,0.6319576768877742,0.7346361147410903,0.009911643266120818,0.020723733255699095,1
2025-02-23 00:00:00+00:00,2764.031005859375,2850.6103515625,2746.773681640625,2821.310302734375,20493767269,2698.394189453125,3039.410556640625,49.70388084549373,-81.92837747133899,-116.52750205588848,34.599124584549486,2815.220790325119,2698.394189453125,2581.5675885811306,0.020723733255699095,0.06078034696141876,0.05693223794661817,1.0455515779576152,0.9282425819605923,0.8878018086623953,0.02686954629592064,0.027331582889798124,0.9166139445758981,1.0260621826014096,0.054339689158256155,-0.10898801644535905,0
2025-02-24 00:00:00+00:00,2820.456298828125,2839.010009765625,2478.8994140625,2513.8212890625,29127380459,2687.3326904296873,3017.0049072265624,37.079125116168655,-93.69872797827293,-111.96174724036537,18.263019262092442,2828.8332491152423,2687.3326904296873,2545.8321317441323,-0.10898801644535905,-0.09052292177054133,-0.07436183217278847,0.9354335985324378,0.8332175009199361,0.8907286441572505,0.0498916849436305,0.03489504485224041,1.362701795529148,-0.11311207170837877,-0.07786615363631488,-0.008047015853369976,0
2025-02-25 00:00:00+00:00,2514.2109375,2529.669189453125,2326.632080078125,2493.592529296875,40044790246,2672.6233642578127,2993.10453125,36.423673311926706,-103.46641102935837,-110.26267999816397,6.796268968805606,2830.38729938105,2672.6233642578127,2514.8594291345753,-0.008047015853369976,-0.11615800400256593,-0.09005808034710827,0.9330130697219828,0.8331124099616676,0.8929268377879386,0.04941286052367749,0.034484201965524874,1.8386941523397822,-0.06740101855689529,-0.07423903641688745,-0.06502260921668868,0
2025-02-26 00:00:00+00:00,2493.381591796875,2503.422119140625,2255.054931640625,2331.45263671875,28815111323,2654.7759521484377,2972.1020361328124,31.601678460598762,-122.874286206335,-112.78500123979818,-10.089284966536823,2873.8663513243173,2654.7759521484377,2435.685552972558,-0.06502260921668868,-0.07254638710286454,-0.12340052262040146,0.8782106960220011,0.7844456914246284,0.8932317665657039,0.05194594255834596,0.036429942221127894,1.325158495876522,-0.2378765035936897,-0.12460530086235677,-0.01113823258073876,0
2025-02-27 00:00:00+00:00,2331.51025390625,2378.08740234375,2230.4482421875,2305.484375,24286213447,2638.9396118164063,2951.68513671875,30.89619683741566,-138.75115189570306,-117.97823137097916,-20.7729205247239,2908.0243029997428,2638.9396118164063,2369.85492063307,-0.01113823258073876,-0.07543660485296544,-0.16589727264954424,0.8736404443196463,0.7810739520689185,0.8940450927465765,0.05058236053439697,0.0361999455130779,1.1305046528300473,-0.11961019660760283,-0.15956378637301438,-0.029312322518993406,0
2025-02-28 00:00:00+00:00,2305.56005859375,2310.94921875,2076.169921875,2237.9052734375,35737904667,2619.2194580078126,2932.05462890625,29.077001272421825,-155.00000745337638,-125.3825865874586,-29.61742086591778,2942.6673599332057,2619.2194580078126,2295.7715560824195,-0.029312322518993406,-0.04012406763403398,-0.2067851341029191,0.8544168632359117,0.7632549719144592,0.893305135649831,0.05057937145378605,0.0364943166772219,1.5942633910330402,-0.08945224609660163,-0.16162563661487162,-0.009500832382402846,0
2025-03-01 00:00:00+00:00,2237.942138671875,2279.873046875,2144.090087890625,2216.643310546875,16135258239,2598.6155639648437,2911.0376953125,28.508252352082934,-167.66032144051087,-133.83813355806905,-33.822187882441824,2968.6582222616375,2598.6155639648437,2228.5729056680498,-0.009500832382402846,-0.03853466343840439,-0.11821762342797804,0.8530093259215404,0.7614615620114524,0.892676713925507,0.04339112730403053,0.03646846921048989,0.722017196797859,-0.016119216060228658,-0.18378857652754932,0.13671629895947635,1
2025-03-02 00:00:00+00:00,2216.521728515625,2548.811767578125,2175.321533203125,2519.694580078125,34854193845,2591.541955566406,2895.7872314453125,45.01649448356907,-151.4936818787587,-137.369243222207,-14.124438656551717,2961.9585361061363,2591.541955566406,2221.125375026676,0.13671629895947635,0.12591654793671703,0.010467648773639038,0.9722762059344788,0.8701242110320804,0.8949352105102505,0.07598105368045789,0.04865775707024189,1.5075688880442313,0.403018143270486,-0.0805331279277709,-0.14847855308604507,0
2025-03-03 00:00:00+00:00,2519.531005859375,2522.316650390625,2097.076171875,2145.573974609375,31473561910,2568.6815551757813,2873.3796875,34.44285937181023,-166.94546634066228,-143.28448784589807,-23.66097849476421,2989.219869000445,2568.6815551757813,2148.1432413511175,-0.14847855308604507,-0.03206169237935097,-0.07972654437920634,0.8352821977041635,0.7467074344345156,0.8939582771988888,0.08515499708218663,0.05864182204819657,1.3316325314863682,-0.0030547356296454814,-0.19328876975649512,0.011391432967872817,1
2025-03-04 00:00:00+00:00,2145.65283203125,2220.358642578125,1996.767578125,2170.01513671875,33935738380,2540.33720703125,2854.0699951171873,35.50859477462187,-175.19933050760892,-149.66745637824025,-25.531874129368674,2988.6364418768326,2540.33720703125,2092.037972185667,0.011391432967872817,-0.13877850360281874,-0.05875955601791927,0.8542232624521237,0.7603230265660145,0.8900752999671769,0.0858951273792997,0.05716758660895491,1.4148062557955374,0.08696999511937854,-0.21490877858199253,0.03316205356610458,1
2025-03-05 00:00:00+00:00,2169.98681640625,2272.79736328125,2156.099365234375,2241.977294921875,22105432727,2518.6409423828127,2834.435849609375,38.66992523309919,-173.92888861072106,-154.51974282473643,-19.409145785984634,2981.0930054455944,2518.6409423828127,2056.188879320031,0.03316205356610458,0.044931249844252674,0.0018195682957216075,0.8901535972018328,0.7909783159251429,0.8885863275861109,0.08465438036247286,0.05787801755636119,0.916577647283533,0.2008731611784611,-0.2053418254812377,-0.017618594251921915,0
2025-03-06 00:00:00+00:00,2241.906494140625,2319.396240234375,2177.677001953125,2202.476806640625,18509069102,2492.460205078125,2809.4746337890624,37.58094811100448,-174.10246865570116,-158.43628799092937,-15.666180664771787,2964.646488651482,2492.460205078125,2020.2739215047682,-0.017618594251921915,0.014959190547841006,-0.006390971356936559,0.8836557559287449,0.7839461442904021,0.8871623808600155,0.08480051832868758,0.05759094078972082,0.7662244144439582,0.19293538532822563,-0.1238530693397013,-0.02882630029114286,0
2025-03-07 00:00:00+00:00,2202.498291015625,2254.232421875,2103.47265625,2138.987548828125,22425792863,2464.731591796875,2786.08748046875,35.83421793285129,-177.31906083945205,-162.21284256063393,-15.106218278818119,2952.0840107669715,2464.731591796875,1977.3791728267784,-0.02882630029114286,-0.045937015654451074,-0.151092530920234,0.867837924400007,0.7677388322595841,0.8846569280668071,0.084775939834835,0.05775988571278961,0.9065564593136282,0.16580237391954217,-0.1422064656925881,0.029230046295678047,1
2025-03-08 00:00:00+00:00,2139.7978515625,2232.3271484375,2107.72802734375,2201.51025390625,10533204814,2441.64130859375,2760.6355419921874,38.848523208000714,-172.8308866656239,-164.33645138163195,-8.494435283991947,2933.120348327321,2441.64130859375,1950.1622688601792,0.029230046295678047,-0.00043884808750804805,0.026070543341232932,0.9016517889657583,0.7974650113783401,0.8844489870009288,0.08556461417454823,0.058413592409616084,0.4258538715055554,0.2557057012872061,-0.055734515368658255,-0.08448795471326176,0
2025-03-09 00:00:00+00:00,2201.708740234375,2210.313720703125,1991.1934814453125,2015.5091552734373,16103964994,2405.2567810058595,2734.8299340820313,33.766544978545426,-182.1826226122148,-167.90568562774854,-14.27693698446626,2910.293473436721,2405.2567810058595,1900.2200885749978,-0.08448795471326176,-0.057727495245279536,-0.07120041645374842,0.8379600761090328,0.7369778757193397,0.8794904396178492,0.06629346983706425,0.06009798810842121,0.6618704006634871,0.11413929762560993,-0.12577626761255445,-0.07658500963990711,0
2025-03-10 00:00:00+00:00,2015.430419921875,2150.706298828125,1812.766845703125,1861.1513671875,35005066442,2364.8474060058593,2707.8736743164063,30.232077435009288,-199.74676780101845,-174.27390206240253,-25.472865738615923,2908.7509945365628,2364.8474060058593,1820.9438174751558,-0.07658500963990711,-0.15460245352699775,-0.16986163445854408,0.7870069597136995,0.6873110015582028,0.8733226473730747,0.04773843554416291,0.06168485563600633,1.4040756572546806,0.036962019152107936,-0.16835114100754267,0.031536179458804936,1
2025-03-11 00:00:00+00:00,1859.7777099609373,1961.7977294921875,1760.9417724609375,1919.844970703125,30898385863,2325.051104736328,2680.709865722656,33.09963896029444,-206.54942294996226,-180.7290062399145,-25.820416710047766,2877.2529517240755,2325.051104736328,1772.8492577485804,0.031536179458804936,-0.04746402878896072,-0.1283245458410026,0.8257216225450859,0.7161703678758911,0.867326648984279,0.050415389764261506,0.062167286539959704,1.2016948581341582,0.13309962086907526,-0.13389539870107747,-0.005657907202539225,0
2025-03-12 00:00:00+00:00,1919.664794921875,1954.5711669921875,1832.01904296875,1908.982666015625,22898872951,2283.4809143066404,2652.3413940429687,32.83070045189888,-210.39180758075918,-186.66156650808344,-23.73024107267574,2829.1722750619047,2283.4809143066404,1737.7895535513762,-0.005657907202539225,0.025699843479364937,-0.10752979040879007,0.8359967688169934,0.7197348992490591,0.8609302405170122,0.04602065775124791,0.06195015244432625,0.878650242937904,0.1568589176740025,-0.24237537314683766,-0.024103446480985946,0
2025-03-13 00:00:00+00:00,1909.015380859375,1919.688232421875,1823.525390625,1862.9696044921875,17977225564,2243.646618652344,2624.7962939453123,31.65729690209146,-214.67515306737596,-192.26428381994194,-22.41086924743402,2790.029470360569,2243.646618652344,1697.2637669441187,-0.024103446480985946,-0.029624978620074405,-0.15377654899102688,0.8303311176566603,0.7097577853144449,0.8547888549781267,0.04598835472487849,0.0619007159887983,0.7080936041611264,0.15163894422198815,-0.13171504383512977,0.024959035666801466,1
2025-03-14 00:00:00+00:00,1862.9979248046875,1945.0914306640625,1861.10595703125,1909.467529296875,12122715282,2200.9185302734377,2596.2913623046875,34.216026966991265,-211.8753738708483,-196.18650183012323,-15.688872040725073,2708.2129613968273,2200.9185302734377,1693.6240991500479,0.024959035666801466,0.00025399040540374784,-0.05261282276942869,0.867577560474102,0.7354596471799183,0.8477163088197145,0.04917667557653659,0.06131194558828085,0.48155348332292186,0.2127397985316414,-0.12006718433118646,0.01462560823630299,1
2025-03-15 00:00:00+00:00,1909.528076171875,1955.2384033203125,1904.9656982421875,1937.3946533203125,6456484591,2156.7227478027344,2568.8481567382814,35.771412368299494,-205.03947573072037,-197.95709661024267,-7.082379120477697,2584.1741492644555,2156.7227478027344,1729.2713463410134,0.01462560823630299,0.039949684980723044,0.04096565571022226,0.8983049190231461,0.7541880777337426,0.8395680150052812,0.04725908587776663,0.06113197427606441,0.2638280725719349,0.24344674770932623,-0.1358544719839262,-0.025786999381329778,0
2025-03-16 00:00:00+00:00,1937.384765625,1940.474365234375,1863.489013671875,1887.43505859375,9292997638,2125.403436279297,2540.251467285156,34.21298604314441,-201.33246365347213,-198.6321700188886,-2.700293634583545,2534.0657814749034,2125.403436279297,1716.7410910836902,-0.025786999381329778,-0.011538541695567894,-0.016881525646055273,0.8880361376934014,0.7430111085068712,0.8366901716824043,0.03751182832010438,0.0572356525410656,0.39577344433474504,0.20884474617836027,-0.14303975737542463,0.020963831795744126,1
2025-03-17 00:00:00+00:00,1887.44921875,1951.6259765625,1880.484375,1927.0029296875,10436892087,2097.0739562988283,2514.0688403320314,36.56995398336335,-192.97731104241166,-197.5011982235932,4.52388718118155,2475.7202147368184,2097.0739562988283,1718.4276978608382,0.020963831795744126,-0.005363761903132702,0.009439720953300368,0.9189007969411387,0.7664877344540024,0.8341354551062607,0.023657739831400296,0.05772390732966597,0.47439977953787127,0.27542228026639753,-0.09910512067111554,0.002875204421535882,1
2025-03-18 00:00:00+00:00,1927.0057373046875,1935.1820068359373,1872.5089111328125,1932.54345703125,10170844746,2077.128497314453,2489.141301269531,36.91080265415423,-183.7901002793451,-194.7589786347436,10.968878355398516,2445.682482665191,2077.128497314453,1708.574511963715,0.002875204421535882,0.023899311519151478,0.037345672399216046,0.9303918652745178,0.7763896151839991,0.8344759280057985,0.020630512168877076,0.056372457941381085,0.48276291471412736,0.3038482203012848,-0.12217376521311163,0.06478796942480636,1
2025-03-19 00:00:00+00:00,1932.5445556640625,2068.764404296875,1928.24951171875,2057.7490234375,20065206266,2064.741729736328,2468.7540307617187,44.20710308360209,-164.50976062026893,-188.7091350318487,24.199374411579754,2417.285182070812,2064.741729736328,1712.198277401844,0.06478796942480636,0.06784945250249463,0.0776559390853988,0.9966132779717097,0.8335172308772268,0.8363497148799651,0.031229584061143286,0.05864663727487039,0.9620397643215693,0.49008249018309163,0.020957418155876484,-0.03676306928602102,0
2025-03-20 00:00:00+00:00,2057.951171875,2067.483642578125,1952.2432861328125,1982.099853515625,13217865782,2051.9514587402346,2446.1360473632812,41.1132828519107,-153.56401791111102,-181.68011160770118,28.116093696590156,2396.5137145674967,2051.9514587402346,1707.3892029129727,-0.03676306928602102,0.0256430955299205,0.02307490635359022,0.9659584514404186,0.8102982888675198,0.8388541843173675,0.033869022342720385,0.05883920122468268,0.6699055721621296,0.3986371779797784,0.06498584073303926,-0.008704061657306195,0
2025-03-21 00:00:00+00:00,1981.85302734375,1994.8914794921875,1937.2115478515625,1964.8475341796875,9708125480,2039.361669921875,2420.4773974609375,40.418559566518105,-144.6145296625166,-174.26699521866425,29.65246555614766,2376.9159028015542,2039.361669921875,1701.807437042196,-0.008704061657306195,-0.045147142921549865,0.041014643250091076,0.9634620298884787,0.8117603313465342,0.8425452235419137,0.03367768767371641,0.05883581980492275,0.5001717938497389,0.38962642372085426,0.02344072785214557,0.007731036303297412,1
2025-03-22 00:00:00+00:00,1964.9404296875,2005.0411376953125,1964.27099609375,1980.037841796875,6117036512,2012.3788330078125,2394.1128515625,41.35815540822567,-134.74303108617823,-166.36220239216703,31.6191713059888,2263.4677155246204,2012.3788330078125,1761.2899504910047,0.007731036303297412,-0.0010403167706675154,0.027521967555065308,0.9839289746639807,0.8270444897802616,0.8405530389657482,0.03343456982333349,0.04876843889110975,0.34035110337375035,0.4355985201599425,0.037221488202171304,0.012758015026691494,1
2025-03-23 00:00:00+00:00,1979.983642578125,2019.889404296875,1977.7093505859373,2005.2991943359373,7522339707,2005.3650939941406,2371.8522631835935,42.96886345550674,-123.45826725731354,-157.78141536519635,34.323148107882815,2248.499041363092,2005.3650939941406,1762.231146625189,0.012758015026691494,0.020587684007318252,0.03764765911989043,0.999967138323889,0.8454570402476694,0.8454848242961223,0.03086613306481545,0.03662365322998527,0.4484212562848943,0.49986447869802547,0.07639930866319555,0.03599453377041595,1
2025-03-24 00:00:00+00:00,2005.7183837890625,2101.9833984375,1978.7637939453125,2077.47900390625,14044912402,2000.7382873535157,2356.027985839844,47.41341540189137,-107.45206272758196,-147.71554483767346,40.2634821100915,2234.001042006781,2000.7382873535157,1767.4755327002504,0.03599453377041595,0.04921176759982915,0.009588137447292144,1.0383561993279207,0.8817717855612396,0.8491997121334365,0.0323182591034732,0.03752489863983821,0.8900100761759333,0.6644941488125825,0.08798865235024023,-0.004676265671871183,0
2025-03-25 00:00:00+00:00,2078.568115234375,2096.518310546875,2038.64453125,2067.76416015625,11735658914,1992.0276306152343,2339.6919360351562,46.88382058426511,-94.462037452407,-137.06484336062016,42.602805908213156,2198.875341390297,1992.0276306152343,1785.179919840172,-0.004676265671871183,0.031149948095898994,0.04321896623355448,1.0380198187901764,0.8837762477654578,0.8514059479090764,0.03276692882654069,0.03662874002378867,0.7689396257460237,0.683073163481552,0.06729114618568288,-0.028327615997143618,0
2025-03-26 00:00:00+00:00,2067.5087890625,2078.369140625,1982.412353515625,2009.1893310546875,13178523590,1982.3632568359376,2325.174697265625,43.71339940438728,-87.88081270699627,-127.22803722989539,39.347224522899126,2164.38179219197,1982.3632568359376,1800.3447214799053,-0.028327615997143618,-0.03287141421076145,0.022567550969552652,1.0135323705815489,0.8641025267552875,0.8525652972084939,0.024835068350406577,0.03692480302267577,0.8788256869593527,0.5736905012620762,0.06450779427168829,-0.003400331205273277,0
2025-03-27 00:00:00+00:00,2008.9405517578125,2037.3961181640625,1987.7177734375,2002.357421875,11593274543,1975.5317504882812,2309.4662646484376,43.3452272094003,-82.26808735433383,-118.23604725478307,35.967959900449245,2142.4267742080347,1975.5317504882812,1808.6367267685278,-0.003400331205273277,-0.0316316239257709,0.011272299754569337,1.0135789624135823,0.8670217238179975,0.855406195244428,0.020047032935435687,0.03645700287457314,0.8020818222019607,0.580366900069363,0.03910450317775083,-0.05336434495667708,0
2025-03-28 00:00:00+00:00,2002.4105224609373,2015.454345703125,1863.0106201171875,1895.5029296875,18160526498,1960.2313842773438,2293.6083056640623,37.96006557184184,-85.45712997499004,-111.68026379882447,26.22313382383443,2092.389631927607,1960.2313842773438,1828.0731366270804,-0.05336434495667708,-0.05658321971454516,-0.05475305877475145,0.9669791764844605,0.8264283509117744,0.8546495839924172,0.028992841843871207,0.037323201596739984,1.2241390599894757,0.2551100451893941,-0.019166724147384073,-0.03597072635426679,0
2025-03-29 00:00:00+00:00,1895.5496826171875,1911.90087890625,1799.2008056640625,1827.3203125,12194771785,1950.8219421386718,2277.71048828125,34.974196428926746,-92.4208663910315,-107.82838431726589,15.40751792623439,2092.8386427962687,1950.8219421386718,1808.8052414810747,-0.03597072635426679,-0.08741551706143247,-0.1204145461570878,0.9366925156156087,0.8022618861797873,0.8564837156326892,0.030521017930890144,0.03337459366509497,0.8329826822643839,0.06518624546688065,-0.11198095992900314,-0.01154788485957492,0
2025-03-30 00:00:00+00:00,1827.31103515625,1847.570556640625,1769.4127197265625,1806.2186279296875,9854857162,1948.0753051757813,2261.1886938476564,34.080724769576264,-98.50688125375495,-105.9640837045637,7.457202450808751,2099.225252814375,1948.0753051757813,1796.9253575371877,-0.01154788485957492,-0.04710322540758738,-0.12648711940475788,0.9271811121114265,0.7987916412478658,0.8615270854998488,0.02869595659199072,0.028824818307930863,0.7364056471806715,0.03074189087620614,-0.08873479571373721,0.009556624138489678,1
2025-03-31 00:00:00+00:00,1806.3165283203125,1852.5513916015625,1778.6922607421875,1823.47998046875,15765030938,1943.2570556640626,2245.083869628906,35.53157464953216,-100.7755669834994,-104.92638036035086,4.15081337685146,2104.0332579324263,1943.2570556640626,1782.480853395699,0.009556624138489678,-0.002101619516282849,-0.0924299904023742,0.938362722087541,0.8122101829408076,0.8655610072978107,0.021876491471562606,0.027919682422541545,1.248645286726902,0.12750371788424375,-0.07194835795234245,0.044975253629213396,1
2025-04-01 00:00:00+00:00,1823.5623779296875,1926.302978515625,1820.350341796875,1905.491455078125,15001220420,1943.0824951171876,2229.970363769531,42.056820221345866,-94.86236190852287,-102.91357666998528,8.051214761462404,2104.022880712785,1943.0824951171876,1782.1421095215903,0.044975253629213396,0.05496168936217072,-0.04837596212277129,0.9806539145231734,0.8544918291456983,0.8713490218016218,0.03248644282571467,0.029820765845246285,1.2265092348593534,0.38321439674713,-0.03764897071416551,-0.05782142048584138,0
2025-04-02 00:00:00+00:00,1905.484619140625,1951.1802978515625,1782.76025390625,1795.313232421875,22593742104,1939.6996765136719,2213.820988769531,36.68475533414437,-97.93760233907096,-101.91838180380242,3.980779464731455,2110.2852914859723,1939.6996765136719,1769.1140615413715,-0.05782142048584138,-0.01544669990818015,-0.052856524617528655,0.9255624745211535,0.8109568214997058,0.8761772909162726,0.03672158991628471,0.032137839059602984,1.8130616496609941,0.07679185283225003,-0.10471552699326747,0.011320573057860273,1
2025-04-03 00:00:00+00:00,1794.97607421875,1844.071044921875,1751.380859375,1815.63720703125,16450974373,1935.0081604003906,2195.3956909179688,38.251607550304215,-97.60959498859211,-101.05662444076037,3.447029452168266,2114.0463535080335,1935.0081604003906,1755.9699672927477,0.011320573057860273,-0.04715541904290044,-0.006393572811964288,0.9383098449856457,0.8270204840714026,0.8813938044996793,0.03792302431349785,0.03169166088394461,1.2975935453312388,0.16663271311788946,-0.12603823980057716,-0.00016633386447217902,0
2025-04-04 00:00:00+00:00,1815.60986328125,1833.956787109375,1760.588623046875,1815.335205078125,18061720814,1928.9051879882813,2178.184343261719,38.23646554901393,-96.26434043973586,-100.09816764055549,3.833827200819627,2115.7519868990944,1928.9051879882813,1742.0583890774683,-0.00016633386447217902,0.011152356198723234,0.0050473276088880414,0.9411220501570623,0.8334166989556788,0.8855564470268137,0.03363583340297654,0.03145400353302239,1.3622926977395282,0.1960879619768966,-0.12207821372581018,-0.0051571403729591125,0
2025-04-05 00:00:00+00:00,1815.344970703125,1826.298583984375,1767.5135498046875,1805.9732666015625,6374712479,1924.832098388672,2159.7819775390626,37.73775295112449,-94.86015786038911,-99.05056568452223,4.190407824133118,2118.897407111704,1924.832098388672,1730.76678966564,-0.0051571403729591125,-0.005322616430343485,-0.009600716242953888,0.9382497663632016,0.8361831357901027,0.8912159275363055,0.030914903273073252,0.030994661282299895,0.48615865346500364,0.1937658962098587,-0.10114331253513598,-0.12693722742042624,0
2025-04-06 00:00:00+00:00,1805.9630126953125,1815.5748291015625,1539.43798828125,1576.72802734375,22154445576,1907.3183532714843,2137.445341796875,28.079787604967024,-110.96635688733159,-101.43372392508411,-9.532632962247476,2156.0746240288627,1907.3183532714843,1658.562082514106,-0.12693722742042624,-0.13143973469302395,-0.17253471636318396,0.8266727075945677,0.737669402118255,0.8923354978836882,0.057038791074482585,0.041241167106847186,1.6173147434678774,-0.16448641660609997,-0.21256414558230674,-0.013627626435405826,0
2025-04-07 00:00:00+00:00,1576.9498291015625,1634.0411376953125,1415.37353515625,1555.240966796875,46073959047,1888.4532287597656,2115.2838427734373,27.37267558215214,-124.03466742913338,-105.95391262589396,-18.080754803239415,2182.296299084748,1888.4532287597656,1594.6101584347832,-0.013627626435405826,-0.13883500073980026,-0.1337216599808284,0.8235528119583208,0.7352398459951991,0.892765874051085,0.055849846249012125,0.04115307655817249,2.9737710621465965,-0.06699016518301242,-0.17951012238568365,-0.05316723773116572,0
2025-04-08 00:00:00+00:00,1554.93212890625,1617.33984375,1447.610107421875,1472.5531005859375,21315312919,1859.1934326171875,2089.8709106445312,24.785954989715975,-139.45605484561543,-112.65434106983827,-26.80171377577716,2195.5272109132807,1859.1934326171875,1522.8596543210942,-0.05316723773116572,-0.0660703209121688,-0.18896071589449837,0.7920386737344612,0.7046143822021005,0.8896211833695502,0.04832119915199924,0.03822387069390134,1.3702353223228116,-0.07478665091269705,-0.1941461546107902,0.1327537447707503,1
2025-04-09 00:00:00+00:00,1472.6014404296875,1687.18798828125,1386.79931640625,1668.0400390625,39252195855,1843.4904418945312,2069.844934082031,39.37277445928458,-134.35469599321164,-116.99441205451295,-17.360283938698686,2184.949818449,1843.4904418945312,1502.0310653400625,0.1327537447707503,0.07252835713165551,-0.08113937613482569,0.9048270612937255,0.8058768130870971,0.8906418116350888,0.07796582021542262,0.050248930596861904,2.328447686434889,0.24308744336964522,-0.07650158553927089,-0.08724085563087758,0
2025-04-10 00:00:00+00:00,1668.2017822265625,1669.3941650390625,1474.9141845703125,1522.518798828125,21379604307,1821.374005126953,2045.9798901367187,34.07502758307251,-140.43532920739585,-121.68259548508954,-18.752733722306317,2186.2348781138307,1821.374005126953,1456.5131321400754,-0.08724085563087758,0.03393133885786925,-0.15695385586013433,0.8359177162638832,0.744151399614385,0.8902208735811392,0.08268289507624262,0.05333131095591906,1.2258075162410158,0.09045319952740384,-0.16504770266973745,0.02931391157840868,1
2025-04-11 00:00:00+00:00,1522.4730224609375,1587.53857421875,1505.001953125,1567.1497802734375,14871838813,1800.7296020507813,2022.51515625,36.88017509211003,-140.03864925469588,-125.35380623901082,-14.684843015685061,2174.407857940487,1800.7296020507813,1427.0513461610756,0.02931391157840868,-0.06048431478045724,-0.006074761724410127,0.8702860098976943,0.7748519339549139,0.8903417096708253,0.08470258594148065,0.053951754588573514,0.8318057231331147,0.18745863841982982,-0.17756137079649903,0.04873738626716384,1
2025-04-12 00:00:00+00:00,1567.15576171875,1666.017578125,1546.819580078125,1643.528564453125,12110995013,1782.6410705566407,2002.1926171875,41.47008956855984,-132.03908361070035,-126.69086171334874,-5.348221897351607,2149.588043233518,1782.6410705566407,1415.6940978797634,0.04873738626716384,0.07947998127717093,0.056767793249482335,0.9219626943408877,0.8208643615726673,0.8903444430140465,0.08840373939112499,0.055340809580803826,0.6688048492188059,0.31044603653670955,-0.08454495027811537,-0.028501344272703122,0
2025-04-13 00:00:00+00:00,1643.5010986328125,1648.2867431640625,1564.8388671875,1596.685791015625,13909890792,1758.6014099121094,1978.8457470703124,39.56964375462305,-128.00364420816027,-126.95341821231105,-1.0502259958492175,2106.7331868265624,1758.6014099121094,1410.4696329976564,-0.028501344272703122,0.018846960969508553,0.08429759876251275,0.9079293249829837,0.8068773391657856,0.8887006036300326,0.07323455671371373,0.05448797354501512,0.7684316600035469,0.26745067581654264,-0.12059205174233711,0.016336405441875312,1
2025-04-14 00:00:00+00:00,1596.8818359375,1689.8575439453125,1596.0865478515625,1622.7698974609375,16518325094,1736.3516967773437,1954.8749389648438,41.185935511523255,-121.30246075232003,-125.82322672031285,4.520765967992816,2057.0901000737417,1736.3516967773437,1415.6132934809457,0.016336405441875312,-0.012630548346505233,-0.027139721194585964,0.9345859484992509,0.8301144309109797,0.8882162547425086,0.07290484431498832,0.05483127142073165,0.9006329386381511,0.3229370132340467,-0.10607699728320985,-0.021036532181973544,0
2025-04-15 00:00:00+00:00,1622.7718505859375,1659.836181640625,1585.2291259765625,1588.6324462890625,13175452875,1715.3238525390625,1936.371162109375,39.68975885253637,-117.39309704704124,-124.13720078565854,6.744103738617298,2015.2131421212114,1715.3238525390625,1415.4345629569136,-0.021036532181973544,-0.005043788058914145,0.04342386281983823,0.9261414070220801,0.820417323587124,0.8858445560976461,0.06931139119270495,0.05473143291765198,0.7183746602368125,0.28876970493590215,-0.1203455357462111,-0.00662651680945181,0
2025-04-16 00:00:00+00:00,1589.031005859375,1610.7821044921875,1540.0338134765625,1578.1053466796875,15339621551,1694.1112487792968,1918.0614184570313,39.21664388424461,-113.83216081320256,-122.07619279116734,8.24403197796478,1967.3474838688476,1694.1112487792968,1420.875013689746,-0.00662651680945181,-0.027523650057308946,0.006990758984338097,0.9315240352820996,0.8227605912375743,0.883241398047676,0.04484791080285792,0.05471494272897403,0.8279174618583189,0.2877186712414087,0.0008735300648252675,0.002815397066748826,1
2025-04-17 00:00:00+00:00,1578.01416015625,1615.306884765625,1564.1956787109375,1582.54833984375,11312160796,1678.4635192871094,1903.0833325195313,39.544194061930085,-109.39059410051823,-119.53907305303753,10.148478952519298,1938.6724780446516,1678.4635192871094,1418.2545605295672,0.002815397066748826,-0.0038297760186911667,-0.03710323381551073,0.9428553684121194,0.8315707004530283,0.8819705845802123,0.027591119873120348,0.05382849965499547,0.6220414559346542,0.3156958547827491,0.017558290727845538,0.004029161456178265,1
2025-04-18 00:00:00+00:00,1582.397216796875,1599.4168701171875,1573.9039306640625,1588.9246826171875,7123507323,1666.5437377929688,1888.752138671875,40.043549486025476,-104.15546355907532,-116.46235115424508,12.30688759516977,1919.7894350508386,1666.5437377929688,1413.298040535099,0.004029161456178265,0.00685590221227228,-0.00486076123562218,0.9534251316568664,0.8412563247893824,0.8823517409567792,0.02559195607226257,0.0534607313140762,0.3972516115686651,0.34675148281641877,0.07902708702656969,0.015103402450633574,1
2025-04-19 00:00:00+00:00,1588.9697265625,1629.051513671875,1585.4730224609375,1612.9228515625,7168138700,1656.8789489746093,1876.252490234375,41.98576518108084,-96.95252485935475,-112.56038589526703,15.60786103591228,1902.3137004069388,1656.8789489746093,1411.4441975422799,0.015103402450633574,0.019193417953823122,-0.006068048164958317,0.9734705438563799,0.8596512782568082,0.8830788806935241,0.017186495579964566,0.053636526646325344,0.40275776436396526,0.4104525802568982,-0.03304308422415203,-0.01575312130479345,0
2025-04-20 00:00:00+00:00,1612.966064453125,1618.436767578125,1566.6915283203125,1587.5142822265625,7642784469,1645.0806640625,1863.6699096679688,40.4902235436598,-92.23121916005448,-108.49455254822452,16.26333338817004,1879.2210153641543,1645.0806640625,1410.940312760846,-0.01575312130479345,-0.0008876445850799497,-0.0007038532198634373,0.9650069549211172,0.8518215988739088,0.8827103209256555,0.014433736820159044,0.05359176640931805,0.43945440085205667,0.37706864383710587,0.042689445574310314,-0.004900607977736393,0
2025-04-21 00:00:00+00:00,1587.4609375,1656.11962890625,1566.1474609375,1579.7344970703125,15403785611,1628.7928161621094,1844.8707080078125,40.02016988312244,-88.10173209574486,-104.41598845772859,16.314256361983723,1829.6088126889415,1628.7928161621094,1427.9768196352773,-0.004900607977736393,-0.020576529410589406,0.001032345777202126,0.969880565161509,0.8562846654854162,0.8828764038001149,0.01232589362809998,0.05226171817245104,0.884682276353203,0.37785256169758885,0.008030321642057192,0.11242216226721125,1
2025-04-22 00:00:00+00:00,1579.815185546875,1773.63916015625,1542.0003662109375,1757.3316650390625,23747917555,1626.8937377929688,1837.1058618164063,53.337529050807525,-69.6950751892116,-97.4718058040252,27.7767306148136,1821.7078801826083,1626.8937377929688,1432.0795954033292,0.11242216226721125,0.10697061734419377,0.11044422517454944,1.080176058347268,0.9565761568587733,0.8855743001028835,0.04391048317530691,0.05734181463435062,1.359403422327906,0.8347753033894489,0.06924315344881449,0.022063326905880754,1
2025-04-23 00:00:00+00:00,1757.196533203125,1829.7099609375,1746.924072265625,1796.104248046875,22904644756,1625.91708984375,1829.6276440429688,55.65254995174766,-51.386689792424704,-88.2547826017051,36.8680928092804,1816.9054530231538,1625.91708984375,1434.9287266643464,0.022063326905880754,0.13696589609065946,0.13038979612830537,1.1046714861822873,0.9816774762311656,0.8886601025829086,0.04284905656755685,0.057498748594423284,1.2873527127366586,0.9455432660137013,0.12489524122614215,-0.014627537926254486,0
2025-04-24 00:00:00+00:00,1795.9794921875,1801.69140625,1724.74072265625,1769.8316650390625,15207402759,1623.641912841797,1820.1847314453125,53.7081305689411,-38.55272848454047,-78.31437177827219,39.76164329373172,1806.0193638944231,1623.641912841797,1441.2644617891708,-0.014627537926254486,0.007113056828531139,0.09728228062771804,1.0900381734673228,0.9723362878853141,0.8920204003428535,0.0444512991374409,0.057605319894124235,0.8616416946493755,0.9007889992800743,0.09062391889831378,0.009494042160750782,1
2025-04-25 00:00:00+00:00,1770.003662109375,1826.696044921875,1740.3319091796875,1786.634521484375,17459399281,1622.6749755859375,1811.8678857421876,54.79592660634337,-26.717884455836383,-67.99507431378503,41.27718985794864,1801.145352402083,1622.6749755859375,1444.204598769792,0.009494042160750782,-0.0052723702272836626,0.12542894352958966,1.1010427524706436,0.9860732868790395,0.8955812884344204,0.04423492933978493,0.0576254252820698,0.9591195623627496,0.9593466681233697,0.12463680674395894,0.019727919508667258,1
2025-04-26 00:00:00+00:00,1786.532958984375,1839.363037109375,1781.473876953125,1821.881103515625,11926379867,1634.9326293945312,1805.5257568359375,57.0745680991339,-14.329400288907664,-57.261939508809554,42.93253921990189,1832.7429670353088,1634.9326293945312,1437.1222917537536,0.019727919508667258,0.029409259368977203,0.1532831035179545,1.1143462860548126,1.0090584953539234,0.9055160931404495,0.044224462955984443,0.04919928998686924,0.6741051353015033,0.9725447525917253,0.15447369045978987,-0.015926458222360718,0
2025-04-27 00:00:00+00:00,1822.175537109375,1856.44384765625,1785.902099609375,1792.864990234375,11321944113,1646.8138305664063,1797.3528515625,54.633045471986435,-6.774700644503355,-47.16449173594832,40.38979109144496,1852.844501076017,1646.8138305664063,1440.7831600567956,-0.015926458222360718,0.0034872654004376447,0.020220044913674684,1.088687110198568,0.9975030716287993,0.9162440358523787,0.04424678138250783,0.04925602887020755,0.7096366479502884,0.854440334797522,0.13289745728170943,0.0033392455309573243,1
2025-04-28 00:00:00+00:00,1792.4461669921875,1827.4822998046875,1747.726806640625,1798.851806640625,17043640437,1663.1287658691406,1793.0197045898437,55.06020548151013,-0.3009910599896557,-37.79179160075658,37.49080054076693,1862.6314256758706,1663.1287658691406,1463.6261060624106,0.0033392455309573243,-0.012640395045846353,0.0015297322506406807,1.0816070550620032,1.0032526703615425,0.9275574393364429,0.04363133963354879,0.04712205117767039,1.0827558903354626,0.8401534618710531,0.13211898985523796,0.00018003291759050022,1
2025-04-29 00:00:00+00:00,1798.9122314453125,1842.0330810546875,1782.28125,1799.1756591796875,14734257744,1669.685546875,1791.7801904296875,55.0848420344268,4.800268116862071,-29.273379657232855,34.07364777409492,1878.2803631623128,1669.685546875,1461.0907305876872,0.00018003291759050022,0.0035198796226634244,0.016580104605585344,1.0775535923797404,1.0041274419649804,0.9318584700250493,0.015060461838528105,0.03743328593289606,1.015099681286647,0.8103866975446105,0.11547533562238099,-0.0030015237962643937,0
2025-04-30 00:00:00+00:00,1799.2091064453125,1816.68994140625,1736.1429443359375,1793.775390625,14810431362,1683.2483764648437,1789.258798828125,54.54783605513135,8.311486583060287,-21.75640640917423,30.067892992234516,1886.7660044227955,1683.2483764648437,1479.7307485068918,-0.0030015237962643937,-0.002822031251760171,0.003996827025760208,1.0656629263426263,1.002524280892084,0.9407517669144828,0.012695418976857956,0.030708898125164707,1.0439713726748165,0.7715416233698242,0.12992708834666145,0.025335483600515296,1
2025-05-01 00:00:00+00:00,1794.041015625,1872.9395751953125,1793.151123046875,1839.2215576171875,15861442721,1696.8519653320313,1787.8635766601562,58.23760362642658,14.593058684637299,-14.486513390411925,29.079572075049224,1904.0334849435549,1696.8519653320313,1489.6704457205078,0.025335483600515296,0.022257914747334073,0.00951788460185532,1.0839021878124164,1.0287258947648406,0.9490947673434119,0.014000668321875256,0.030580681790984145,1.1141700240190495,0.8435866107945023,0.16425991901050785,0.0018955454880142941,1
2025-05-02 00:00:00+00:00,1839.1748046875,1869.530029296875,1814.73046875,1842.7078857421875,13570171872,1706.8109313964844,1787.4583422851563,58.51581996977929,19.62632729060624,-7.663945254208292,27.290272544814535,1922.1866418783784,1706.8109313964844,1491.4352209145904,0.0018955454880142941,0.02727905365015526,0.02780069652723638,1.0796203913660867,1.030909555848109,0.9548815158480454,0.013942215590245081,0.02909109879109626,0.9483618871861038,0.8154881161892384,0.04858287277332329,-0.004812571830357215,0
2025-05-03 00:00:00+00:00,1842.7181396484373,1848.246826171875,1812.815673828125,1833.8397216796875,8344452620,1718.6686279296875,1785.9457861328126,57.46708312936945,22.63867761462052,-1.6034206804425297,24.242098295063048,1934.628408218785,1718.6686279296875,1502.7088476405902,-0.004812571830357215,-0.002926148791161709,0.019450137532119882,1.0670118089539664,1.026817127327578,0.9623296749960125,0.012486428217603604,0.028071758575341398,0.5947242308554667,0.7666494048008029,0.021009623285422885,-0.013766461212495806,0
2025-05-04 00:00:00+00:00,1833.647216796875,1849.99853515625,1804.4951171875,1808.59423828125,8918979887,1727.9598449707032,1783.3697778320313,54.47401063566141,22.72690580119911,3.2626446158857982,19.464261185313312,1942.5326109114587,1727.9598449707032,1513.3870790299477,-0.013766461212495806,-0.018512780959418107,0.00523494137635061,1.046664506438177,1.01414426820661,0.9689296445694578,0.01201621262250884,0.028367375024282843,0.653365591789486,0.6878952181023996,0.021901841857559834,0.006139172208646793,1
2025-05-05 00:00:00+00:00,1808.7049560546875,1832.05078125,1783.3148193359375,1819.697509765625,11389336489,1739.5130981445313,1782.0150268554687,55.57004927412148,23.422765429879973,7.294668778684633,16.128096651195342,1947.2736452260342,1739.5130981445313,1531.7525510630285,0.006139172208646793,-0.00771180367993618,0.014451151061668277,1.0460958941364817,1.021145996157311,0.9761495116088129,0.012140974148349812,0.027656316434661883,0.8398274303067245,0.692973143235029,0.018505736838545284,-0.0025333800408158247,0
2025-05-06 00:00:00+00:00,1819.7340087890625,1820.796630859375,1753.3154296875,1815.0875244140625,13206516310,1751.36220703125,1779.77671875,54.97822812501468,23.33328037667161,10.502391098282029,12.83088927838958,1947.042998349512,1751.36220703125,1555.681415712988,-0.0025333800408158247,0.003590239311490384,-0.013121873818395247,1.0363861439552438,1.019840019982317,0.9840347885106022,0.012240866955905438,0.027563944252649367,0.9815421092283585,0.6628297722875812,-0.0037288816973034544,-0.0019177229274721652,0
2025-05-07 00:00:00+00:00,1815.0189208984373,1849.658447265625,1788.6873779296875,1811.606689453125,50540755039,1762.8151245117188,1777.3579833984375,54.50620398844138,22.719591231243612,12.945831124874346,9.773760106369267,1943.101450561882,1762.8151245117188,1582.5287984615554,-0.0019177229274721652,-0.004446244647299702,-0.016877985127054407,1.027678208714553,1.019269447333959,0.9918177097565276,0.012183782834535369,0.027625277357823868,3.2783983996188653,0.6353168762444866,0.010453491657673508,0.2179876908621854,1
2025-05-08 00:00:00+00:00,1811.54638671875,2222.20556640625,1809.4569091796875,2206.5146484375,37777245241,1793.6946228027343,1780.3332958984374,77.796945884148,53.48249713336554,21.053164326572585,32.42933280679296,2045.8226272260326,1793.6946228027343,1541.566618379436,0.2179876908621854,0.21565192794204013,0.20322110070582644,1.23015067357994,1.2393829029209904,1.0075049581643387,0.08356248765328264,0.05461094560607493,2.228879982784992,1.3186715049346147,0.22662391659610348,0.0629919569669184,1
2025-05-09 00:00:00+00:00,2206.128173828125,2486.0068359375,2186.054443359375,2345.50732421875,43766026875,1830.3238464355468,1787.6014453125,81.40524352350579,88.06273661036016,34.4550787833301,53.60765782703006,2169.6530125409863,1830.3238464355468,1490.9946803301073,0.0629919569669184,0.2947111190712124,0.29686763043530506,1.2814712154827104,1.3120974646609327,1.023899287637675,0.0834504039948224,0.055527603096673636,2.3305988844442806,1.259120537288446,0.30365665645352036,0.10100811912068441,1
2025-05-10 00:00:00+00:00,2345.760498046875,2597.54345703125,2320.235107421875,2582.422607421875,30265913403,1880.0692626953125,1799.9529467773436,85.67778032866738,133.0511777483075,54.17429857632558,78.87687917198193,2339.8493650864393,1880.0692626953125,1420.2891603041858,0.10100811912068441,0.1703627751805621,0.41914938805103286,1.37357844131745,1.434716730815366,1.0445102279264633,0.08404264496147221,0.05764442188705894,1.520133825168218,1.2637926707505525,0.4396577302368325,-0.027952363120453683,0
2025-05-11 00:00:00+00:00,2582.71044921875,2603.264404296875,2441.730712890625,2510.23779296875,26496368543,1926.5944274902345,1810.5569458007812,79.6711120705918,161.02394640145508,75.54422814135148,85.4797182601036,2443.214793666882,1926.5944274902345,1409.9740613135868,-0.027952363120453683,0.07023234037645532,0.3829844341964128,1.3029404409929832,1.3864450929260945,1.064089385290299,0.0860633030696083,0.05851975867109903,1.29473769919759,1.0648667800283262,0.3648370869580828,-0.005513456904119418,0
2025-05-12 00:00:00+00:00,2510.289306640625,2620.897216796875,2411.594482421875,2496.397705078125,32121858921,1963.5477294921875,1820.378916015625,78.53426431917785,180.00084991448148,96.43555249597748,83.565297418504,2532.2903546382554,1963.5477294921875,1394.8051043461196,-0.005513456904119418,-0.033311705875140096,0.3780020352164408,1.2713710329433872,1.3713615792376588,1.0786478091000553,0.0871770058577414,0.05507728560770459,1.5381558026865128,0.9684456132060506,0.3547441373610072,0.0735988233044782,1
2025-05-13 00:00:00+00:00,2496.33740234375,2736.89013671875,2418.32568359375,2680.129638671875,33528741590,2007.7489990234376,1832.4319287109374,82.17132799196393,207.4741809886964,118.64327819452126,88.83090279417513,2653.8467744816576,2007.7489990234376,1361.6512235652176,0.0735988233044782,0.06767958245987571,0.2146439365674533,1.3348927779196906,1.462608021983806,1.095674533697866,0.08435745949659641,0.05641711210347458,1.5656981276144828,1.0203396956223671,0.4614852143223491,-0.02614291683469505,0
2025-05-14 00:00:00+00:00,2680.26220703125,2721.949951171875,2549.68505859375,2610.063232421875,26602676588,2049.760577392578,1843.27791015625,76.82543759940415,221.04514949711302,139.12365245503963,81.92149704207338,2738.5779341333787,2049.760577392578,1360.9432206517772,-0.02614291683469505,0.04553181855300292,0.11279261653605976,1.2733502933020775,1.4159900783494044,1.112019281573675,0.08775102258429983,0.05686310182100972,1.2100746433753733,0.9067135137828247,0.44314472377302283,-0.02421638604114429,0
2025-05-15 00:00:00+00:00,2610.02783203125,2645.07421875,2482.212890625,2546.85693359375,26637688883,2087.771697998047,1854.0312622070312,72.25851177753347,224.1165437268528,156.12223070940226,67.99431301745054,2798.990367052801,2087.771697998047,1376.5530289432927,-0.02421638604114429,-0.04972621590952875,-0.013772212853895183,1.2198924509015605,1.3736860782821871,1.126071464141749,0.05521319037837309,0.05771554186393862,1.1868913397255976,0.8227454899390161,0.39960456060731886,-0.004146022508211833,0
2025-05-16 00:00:00+00:00,2547.058349609375,2645.60791015625,2532.027099609375,2536.297607421875,21298907763,2123.4925231933594,1864.7100659179687,71.49388702462463,223.12653263129278,169.52309109378035,53.603441537512424,2850.0793692931147,2123.4925231933594,1396.905677093604,-0.004146022508211833,-0.028262006867761924,0.010381412679754565,1.1943991230106756,1.3601565486124483,1.1387789244050635,0.05267191387811057,0.05795308028415292,0.9296015466867127,0.7840713993409126,0.39734176633748275,-0.023870705359441913,0
2025-05-17 00:00:00+00:00,2536.297607421875,2537.78173828125,2449.0693359375,2475.75439453125,18830706230,2157.636993408203,1876.3150952148437,67.10904130283228,214.97847239556177,178.61416735413664,36.364305041425126,2882.9851242598697,2157.636993408203,1432.2888625565365,-0.023870705359441913,-0.02791775938594654,-0.008269239514554383,1.1474378693426779,1.319476883624266,1.149933184948953,0.03623182854368997,0.05822535614531942,0.8086253639609123,0.7192860142546516,0.36660700633569276,0.009079756900171487,1
2025-05-18 00:00:00+00:00,2475.76953125,2585.697021484375,2344.668212890625,2498.233642578125,25005164865,2192.606085205078,1889.7333618164062,67.89634251445976,207.93798376565928,184.4789306364412,23.45905312921809,2912.53877160196,2192.606085205078,1472.6733988081965,0.009079756900171487,-0.015007688660969798,-0.06786835736195496,1.1393900890065536,1.3220032482131925,1.1602727292159098,0.03508632935048089,0.05816479927325132,1.0557214027408228,0.7122612038235485,0.13220804781296147,0.01238199059589462,1
2025-05-19 00:00:00+00:00,2498.800048828125,2545.461181640625,2353.427001953125,2529.166748046875,27351331811,2229.1056396484373,1904.19232421875,68.99612497980932,202.51986594468826,188.08711769809062,14.43274824659764,2939.0027154553477,2229.1056396484373,1519.208563841527,0.01238199059589462,0.021574172960617144,-0.03099407070683735,1.1346105375453457,1.3282097169909237,1.1706305142065903,0.03528375523783345,0.05803169796993956,1.1248176723976324,0.7113412765205229,0.07830264349709459,-0.001974425904344268,0
2025-05-20 00:00:00+00:00,2529.135009765625,2585.619873046875,2446.44677734375,2524.173095703125,23453322578,2265.625524902344,1918.2061865234375,68.58763858788197,195.56862910659447,189.5834199797914,5.985209126803085,2956.111115157845,2265.625524902344,1575.139934646843,-0.001974425904344268,0.01038311736857045,-0.008906600756178662,1.1141175220525137,1.3159029062865988,1.1811167854737088,0.016335687551659987,0.058012001417547344,0.9476710066711745,0.6872215542580046,-0.022556150008655074,0.011161703733228778,1
2025-05-21 00:00:00+00:00,2524.1591796875,2614.060791015625,2454.537841796875,2552.34716796875,31952904125,2301.281805419922,1931.14330078125,69.67837877687083,190.14130539302005,189.69499706243712,0.44630833058292296,2972.434892458079,2301.281805419922,1630.1287183817649,0.011161703733228778,0.00916523987189688,0.0063279484631100225,1.109098052206177,1.3216767326050791,1.1916680675581823,0.015658425983486726,0.058012974441954544,1.2504583530019693,0.6870403097278417,0.016775054187276428,0.04380666386466037,1
2025-05-22 00:00:00+00:00,2552.766845703125,2691.102294921875,2546.434814453125,2664.156982421875,26596978352,2342.3542602539064,1948.52017578125,73.59665199357089,192.64157764909578,190.28431317976887,2.357264469326907,2995.6487675495837,2342.3542602539064,1689.0597529582294,0.04380666386466037,0.055457324601487556,0.07609906229260543,1.1373843092944813,1.3672719510608577,1.2021195825261346,0.0206647005517405,0.05815855090231694,1.0149855038743816,0.7462922300541572,0.06720054140512044,-0.051691806751355096,0
2025-05-23 00:00:00+00:00,2664.08203125,2731.220703125,2504.87353515625,2526.44189453125,30536501878,2376.9843688964843,1962.73626953125,62.827566683999144,181.41931582256257,188.51131370832763,-7.091997885765068,2988.898788550663,2376.9843688964843,1765.0699492423057,-0.051691806751355096,-0.010149588489608341,0.011291278554721007,1.0628769492935923,1.2872039579391004,1.2110564245415238,0.030345070754988025,0.060125408759013295,1.117984105151655,0.6221228989171648,-0.057343399335259115,0.001664137106111907,1
2025-05-24 00:00:00+00:00,2526.387939453125,2575.13134765625,2516.01806640625,2530.646240234375,11380899856,2413.0869689941405,1977.042490234375,63.00554168755057,170.89487825589777,184.98802661784168,-14.093148361943918,2966.176501311307,2413.0869689941405,1859.9974366769738,0.001664137106111907,-0.050113691898940216,0.0005849721805184505,1.0487173785075958,1.2800161113049073,1.2205539238097372,0.028498031580742152,0.05979820120031023,0.4148012925486895,0.6062750823973474,-0.030427229195443273,0.008344775909608915,1
2025-05-25 00:00:00+00:00,2530.89013671875,2553.869140625,2467.880126953125,2551.763916015625,14556431364,2449.690289306641,1991.9583032226562,63.93944687076193,162.3863172246115,180.46768473919565,-18.081367514584144,2929.4681612120958,2449.690289306641,1969.9124174011858,0.008344775909608915,0.01002279986695398,0.01093063718944931,1.041667972132867,1.2810327966641153,1.229789943566314,0.028475348121660044,0.05977624877873417,0.5274958621947903,0.6063759217401953,0.00192668161181353,0.004849395212889407,1
2025-05-26 00:00:00+00:00,2551.380859375,2598.566650390625,2530.321533203125,2564.138427734375,14936610009,2487.1428344726564,2011.7065112304688,64.50490582120791,154.85664991869362,175.34547777509528,-20.488827856401656,2864.3098851768077,2487.1428344726564,2109.975783768505,0.004849395212889407,0.013234638238846852,0.004619771132078787,1.0309574473144578,1.2746086038991886,1.2363348334302429,0.028219855252329423,0.05966153813030057,0.5395813175070293,0.6020709432570684,0.010976953268823975,0.03858270497969518,1
2025-05-27 00:00:00+00:00,2564.140869140625,2712.28515625,2512.588623046875,2663.06982421875,26264200536,2529.7159912109373,2033.8630883789062,68.72700923865705,155.0845530319707,171.29329282647035,-16.20873979449965,2742.0032462763065,2529.7159912109373,2317.428736145568,0.03858270497969518,0.043619202977413396,-0.00040806837220852543,1.052714942495967,1.3093653350783576,1.2437985652354069,0.031200005249359085,0.05960246869335996,0.9922992575956261,0.8140881749277631,0.07565994029992051,0.007188345657390238,1
2025-05-28 00:00:00+00:00,2663.01025390625,2688.7421875,2611.160888671875,2682.212890625,19087366068,2553.5009033203123,2058.0562841796873,69.48342126697042,155.02284648894602,168.03920355896548,-13.016357070019467,2713.464503870387,2553.5009033203123,2393.5373027702376,0.007188345657390238,0.04604839645687675,0.0616562749497358,1.0504060864585258,1.3032747992575398,1.240734241793636,0.03117120367780722,0.03745900409776976,0.7475412157701758,0.9023164859445506,0.07364373167956062,-0.01847657419064974,0
2025-05-29 00:00:00+00:00,2681.84326171875,2784.75244140625,2620.982666015625,2632.65478515625,27567479811,2567.8582763671875,2077.3485791015623,65.09389983210617,149.25450563876802,164.282263974926,-15.027758336157973,2697.9804893465407,2567.8582763671875,2437.7360633878343,-0.01847657419064974,-0.011421044535106284,0.04030928673477008,1.025233677958556,1.26731488958625,1.2361229608743693,0.02779882010494856,0.03584015723058711,1.1150268102735128,0.748983272361591,0.040917838726644895,-0.039014299261621144,0
2025-05-30 00:00:00+00:00,2632.8359375,2648.2607421875,2510.163818359375,2529.943603515625,24599403943,2565.234326171875,2097.4970751953124,57.049794033567245,134.8407596493339,158.3939631098076,-23.553203460473696,2696.2334859613707,2565.234326171875,2434.2351663823797,-0.039014299261621144,-0.05677002285746746,-0.00855107024715307,0.9862426904644945,1.206172649027434,1.2229978084393793,0.024146465900643545,0.02949827197140459,1.006510840940589,0.3653017213508874,0.002286098295843031,-0.00033842697943353706,0
2025-05-31 00:00:00+00:00,2529.833984375,2550.483642578125,2484.215576171875,2529.08740234375,13992843765,2566.176806640625,2116.7358276367186,56.986574278531656,121.94299093564632,151.10376867497536,-29.160777739329035,2695.773688028196,2566.176806640625,2436.5799252530537,-0.00033842697943353706,-0.03933952274960095,-0.013669708706637751,0.9855468242870496,1.194805402414061,1.2123273831036798,0.024141523350972926,0.02878920101875641,0.5875618077898678,0.35690471908056326,-0.009113088500225852,0.002838555548326349,1
2025-06-01 00:00:00+00:00,2529.0966796875,2547.77294921875,2472.540771484375,2536.266357421875,13287852482,2568.1702392578127,2134.5905834960936,57.41271086758166,111.02091795040633,143.08719853006156,-32.06628057965523,2694.431419603773,2568.1702392578127,2441.9090589118523,0.002838555548326349,0.002499167925112511,-0.04761552462638663,0.987577193541049,1.1881746209467041,1.2031207572609028,0.023919158429808223,0.028753909515476433,0.5809303434996842,0.3736591811175856,-0.048004162608969,0.027927293393387842,1
2025-06-02 00:00:00+00:00,2536.184814453125,2615.515625,2477.292724609375,2607.097412109375,16744168824,2564.5186279296877,2154.7988159179686,61.46877459670609,106.84888315982926,135.8395354560151,-28.990652296185857,2680.9910680937487,2564.5186279296877,2448.0461877656267,0.027927293393387842,0.030845122115325863,-0.028005039711117674,1.016603031740916,1.2099029351836368,1.1901429539430919,0.026273897377902474,0.024143988831867424,0.7599182231227432,0.6827848035110777,0.03192454881021112,-0.005299816803046031,0
2025-06-03 00:00:00+00:00,2607.197509765625,2652.418701171875,2582.25048828125,2593.2802734375,18291179016,2563.679479980469,2174.2090234375,60.26303134853207,101.26032195509833,128.92369275583175,-27.663370800733418,2679.0064998005532,2563.679479980469,2448.3524601603845,-0.005299816803046031,0.022479467051552016,-0.01495620008394416,1.0115462146060694,1.1927465324090292,1.1791320210451535,0.02097945751610275,0.02344599298570479,0.8460853830923941,0.6283341644621087,0.02475021289317958,0.005924077364914293,1
2025-06-04 00:00:00+00:00,2593.482666015625,2677.970458984375,2585.73779296875,2608.64306640625,18621211035,2566.7687866210936,2194.6092358398437,61.17493554389074,96.95337774998097,122.52962975466161,-25.57625200468064,2683.500036083225,2566.7687866210936,2450.037537158962,0.005924077364914293,0.0005928640371073435,0.03110720048512694,1.0163140053764952,1.1886594769605814,1.1695789595266284,0.020876327075161443,0.022770528551829892,0.8776232475400839,0.6793619102772509,0.02229013038143335,-0.07373849813037003,0
2025-06-05 00:00:00+00:00,2608.607177734375,2640.60400390625,2395.753662109375,2416.28564453125,26194462737,2560.7681884765625,2211.372841796875,46.71835766069203,77.12935786420485,113.44957537657027,-36.32021751236542,2695.105483203641,2560.7681884765625,2426.430893749484,-0.07373849813037003,-0.06825125333315263,-0.04460176335067134,0.9435784368942558,1.0926631632899457,1.157999293504836,0.033806282237198906,0.028312955377454936,1.220472942877662,-0.03776035999103999,-0.05766177894450297,0.02520777285804554,1
2025-06-06 00:00:00+00:00,2416.455078125,2530.391845703125,2387.608642578125,2477.19482421875,19407449565,2560.8402099609375,2229.265771484375,50.691822859027056,65.57760325225263,103.87518095170674,-38.29757769945411,2694.9870069251206,2560.8402099609375,2426.6934129967544,0.02520777285804554,-0.050389508584088194,-0.02329074508687312,0.9673367415050612,1.1112155651900084,1.1487370607479346,0.033863552284557584,0.028447144980658024,0.9030337848212769,0.18823189358550002,-0.06979726866700875,0.019905800865118284,1
2025-06-07 00:00:00+00:00,2477.183349609375,2543.048828125,2459.13720703125,2526.50537109375,11664303387,2562.253796386719,2248.0173852539065,53.702024338249224,59.71336502206486,95.04281776577838,-35.32945274371352,2694.200603247606,2562.253796386719,2430.306989525832,0.019905800865118284,0.04561535462992916,-0.030912554567885886,0.9860480545122496,1.1238815979211785,1.1397837993576372,0.03492639968679075,0.028722245849359368,0.5601282227612288,0.3645347085562333,-0.058051886960757804,-0.006221345063654238,0
2025-06-08 00:00:00+00:00,2526.193359375,2547.467041015625,2493.920166015625,2510.787109375,12097170203,2561.334814453125,2265.9746704101562,52.59970032758853,53.184503764187866,86.67115496546029,-33.48665120127242,2694.502287794786,2561.334814453125,2428.1673411114643,-0.006221345063654238,0.013560614945513638,-0.03181035420947842,0.9802650927192751,1.1080384711098872,1.1303457394735603,0.034988569411076746,0.028634059781456455,0.6030001548253466,0.3102100167191822,-0.04629079227112454,0.06799858890117094,1
2025-06-09 00:00:00+00:00,2510.838134765625,2693.806640625,2479.867919921875,2681.51708984375,20605172560,2569.202014160156,2287.8547265625,61.77731398018682,61.082693485418986,81.55346266945205,-20.47076918403306,2711.4097311355767,2569.202014160156,2426.9942971847354,0.06799858890117094,0.06135420115212109,0.027935605440223554,1.0437159378922207,1.1720661538124526,1.1229742799362004,0.042879200829207056,0.032402774666859264,1.0344362258105093,0.8948979635999873,0.05991180440445287,0.049226047740363876,1
2025-06-10 00:00:00+00:00,2681.285400390625,2824.80810546875,2658.67724609375,2813.517578125,35555755055,2582.260534667969,2312.530388183594,67.08381875591505,77.10458827536695,80.66368779063504,-3.5590995152680875,2761.1782899242407,2582.260534667969,2403.342779411697,0.049226047740363876,0.1205719384250612,0.16439775425260672,1.089556046089194,1.2166402623296608,1.1166385306167752,0.04559961151372326,0.03395525304164322,1.768998305795392,1.1462663337291241,0.1124635611713789,-0.01421291324458307,0
2025-06-11 00:00:00+00:00,2813.73974609375,2877.62939453125,2746.4599609375,2773.529296875,30705408054,2587.729150390625,2332.8543408203127,64.17705956050686,85.58872172019392,81.64869457654682,3.9400271436471,2783.1146107268482,2587.729150390625,2392.3436900544016,-0.01421291324458307,0.034313488949873294,0.11962501687759142,1.07180046120991,1.188899473209172,1.1092544892797247,0.04671361839325893,0.03296846256685287,1.5122245908489311,0.9754707596067956,0.0935481160166094,-0.04389141697422694,0
2025-06-12 00:00:00+00:00,2773.597900390625,2784.2626953125,2619.966552734375,2651.795166015625,25924959613,2593.9968139648436,2349.9681591796875,56.19438369233033,81.54947997200043,81.62885165563753,-0.07937168363710612,2789.1465138688636,2593.9968139648436,2398.8471140608235,-0.04389141697422694,-0.057480505317173414,0.04959015577617221,1.0222815817427464,1.1284387644389604,1.1038433877633218,0.03845669015439464,0.03233323408427556,1.2914556216777167,0.6480872173495738,0.017144642811825594,-0.02726797414745119,0
2025-06-13 00:00:00+00:00,2651.91552734375,2651.91552734375,2443.962646484375,2579.486083984375,37986747138,2596.4388061523437,2366.161247558594,52.052698355528825,71.68724721554372,79.64053076761877,-7.95328355207505,2789.461398282847,2596.4388061523437,2403.4162140218405,-0.02726797414745119,-0.06996256109832988,0.02736152912083245,0.9934707792350821,1.090156508414585,1.0973211605216466,0.040942511064996745,0.03303219442123456,1.774707729433812,0.4560861711034663,-0.005319205021692586,-0.017849288846087386,0
2025-06-14 00:00:00+00:00,2579.721435546875,2580.158203125,2491.49072265625,2533.444091796875,14285000473,2595.522814941406,2381.0974389648436,49.5485443737327,59.47061251999503,75.60654711809403,-16.135934598099,2789.6090044366524,2595.522814941406,2401.4366254461597,-0.017849288846087386,-0.044630549046733026,-0.05521985990978828,0.9760823820206209,1.0639816961452289,1.0900531714778465,0.04136759848497971,0.033264018359164385,0.6678061989659366,0.3400743419560733,-0.028826854688468906,0.005286505610925474,1
2025-06-15 00:00:00+00:00,2533.183349609375,2558.677734375,2493.20458984375,2546.837158203125,13961893828,2594.657751464844,2395.5965600585937,50.297585848014066,50.289840064208875,70.543205707317,-20.253365643108125,2789.485734563044,2594.657751464844,2399.8297683666437,0.005286505610925474,-0.012657143600797838,-0.09478541097283555,0.9815695949746277,1.0631327497568424,1.083094622327134,0.04125612415228945,0.033267400256132666,0.6541918316335449,0.37727483367310843,0.054029834579926606,-0.0024470263889081467,0
2025-06-16 00:00:00+00:00,2547.226806640625,2680.087646484375,2517.145263671875,2540.60498046875,22792449577,2588.5345092773437,2410.551359863281,49.92613224225246,42.02666980164304,64.83989852618221,-22.813228724539172,2782.0024925919615,2588.5345092773437,2395.066525962726,-0.0024470263889081467,0.0028265430032821115,-0.08398119921382885,0.9814839135283638,1.0539518148299671,1.073835037235696,0.029647632712886784,0.032016737927682566,1.076709591440067,0.37613059280550154,0.02559756529040791,-0.011746613932036243,0
2025-06-17 00:00:00+00:00,2540.314453125,2617.9013671875,2456.64892578125,2510.761474609375,25653232897,2579.9619384765624,2424.789553222656,48.09446235574082,32.69306106809745,58.41053103456527,-25.717469966467817,2771.132881040668,2579.9619384765624,2388.7909959124568,-0.011746613932036243,-0.014164896046672482,-0.05318423278452378,0.9731777190836972,1.0354554156142985,1.0639941660288312,0.016157553812006096,0.032014964604843744,1.1933452873261547,0.31900893791957347,-0.006231491396972322,0.005392801825034654,1
2025-06-18 00:00:00+00:00,2510.81689453125,2546.62744140625,2469.05029296875,2524.301513671875,19873957905,2574.5442749023437,2439.2920703125,49.0085160203207,26.087951232634623,51.946015074179144,-25.85806384154452,2765.5689849656683,2574.5442749023437,2383.519564839019,0.005392801825034654,-0.006417159268052308,-0.021393629783518664,0.980484794252616,1.0348500470255226,1.0554473186035964,0.018104634026897274,0.031844633795806154,0.9413480654025789,0.36849146057121823,0.005382536912991842,-0.0010489829382142046,0
2025-06-19 00:00:00+00:00,2524.404052734375,2546.76953125,2486.101806640625,2521.653564453125,12782730709,2574.129772949219,2453.8496337890624,48.827425280662005,20.40447662349561,45.637707384042436,-25.233230760546824,2765.597434331108,2574.129772949219,2382.6621115673297,-0.0010489829382142046,0.0043381619297166996,-0.0046539520575673565,0.979614000409944,1.0276316566958361,1.0490169150969648,0.012326434660623232,0.030605429906623113,0.6228976728148036,0.3629632593897196,-0.05961682138670987,-0.04534697662134013,0
2025-06-20 00:00:00+00:00,2521.5263671875,2569.0146484375,2371.474365234375,2407.30419921875,22592586688,2568.0406127929687,2465.2112866210937,41.66718437892271,6.597195567741437,37.82960502078223,-31.232409453040795,2772.8227871349327,2568.0406127929687,2363.2584384510046,-0.04534697662134013,-0.04634839135477897,-0.054786761114644644,0.9374089285140224,0.9765102943846597,1.0417121756378198,0.017893841596646594,0.032263314423177626,1.0783338253308012,0.10754295609293056,-0.14437918641935799,-0.04436854876282892,0
2025-06-21 00:00:00+00:00,2407.34765625,2448.41162109375,2222.8125,2300.49560546875,16108791762,2556.2520751953125,2474.367041015625,36.310961057443585,-12.816000151926346,27.70048398624052,-40.51648413816687,2793.333493666272,2556.2520751953125,2319.170656724353,-0.04436854876282892,-0.08770354584069828,-0.09450873978673335,0.8999486505230431,0.9297309442517032,1.0330933256151347,0.022200718469681906,0.033592581907684556,0.763723789873205,-0.039385311965920156,-0.17055298169708466,-0.031420390689421374,0
2025-06-22 00:00:00+00:00,2298.8427734375,2313.85302734375,2116.681396484375,2228.213134765625,28458151601,2537.307861328125,2482.254509277344,33.20052715932532,-33.645840613431574,15.431219066306102,-49.07705967973767,2814.4484217307654,2537.307861328125,2260.1673009254846,-0.031420390689421374,-0.0743948623157995,-0.11253491926695625,0.8781800461530482,0.8976569994888728,1.0221787700838174,0.021351320333556516,0.03321238951797218,1.3127585587409836,-0.05764974660048923,-0.1597340687087987,0.0868910668308287,1
2025-06-23 00:00:00+00:00,2228.484619140625,2434.23974609375,2191.418212890625,2421.824951171875,26247439429,2528.7350952148436,2494.5191235351563,46.43600798272306,-34.13727054244919,5.517521144555045,-39.654791687004234,2809.1732012637935,2528.7350952148436,2248.2969891658936,0.0868910668308287,0.05274052487416192,-0.04059600723010959,0.9577218886053838,0.970858442544124,1.0137164599609072,0.0456117510477813,0.039336896951316695,1.1889611503294069,0.30938727345365186,-0.061121141064258255,0.01081161455453472,1
2025-06-24 00:00:00+00:00,2421.83056640625,2481.222900390625,2379.5693359375,2448.0087890625,19539047009,2520.7033813476564,2507.0853491210937,47.938356488830784,-32.04452606202949,-1.9948882967618617,-30.04963776526763,2800.7062226425332,2520.7033813476564,2240.7005400527796,0.01081161455453472,0.09864211410817036,-0.02920495361804243,0.9711609891020612,0.9764361591920657,1.005431818358851,0.04592971182377539,0.0394083207307093,0.8832470976745647,0.37018954531143444,-0.03372298722162803,-0.011723195789307361,0
2025-06-25 00:00:00+00:00,2448.7373046875,2468.677978515625,2394.607421875,2419.310302734375,17158118625,2520.8546142578125,2519.1698046875,46.40216153142373,-32.32906959714046,-8.061724556837582,-24.267345040302878,2800.6231626137615,2520.8546142578125,2241.0860659018635,-0.011723195789307361,-0.0010383279089940523,0.004987364504877023,0.9597182991239921,0.960360154457507,1.000668795556051,0.04588096526053103,0.03577558178655617,0.7917906844551218,0.31852085925998574,-0.05007263815748797,-0.0013076347482894324,0
2025-06-26 00:00:00+00:00,2419.15478515625,2519.619873046875,2399.533935546875,2416.146728515625,18300413888,2517.802209472656,2531.26060546875,46.22630597131185,-32.43594501563621,-12.936568648597309,-19.4993763670389,2800.888885302765,2517.802209472656,2234.715533642547,-0.0013076347482894324,-0.013015500879421715,0.05027226427729259,0.959625311084971,0.9545231033484174,0.9946831250930793,0.04587719518241382,0.03530618925089481,0.8466664924496679,0.32045166792301016,-0.04898764385251342,0.0031952591093227234,1
2025-06-27 00:00:00+00:00,2416.023193359375,2463.15478515625,2386.324951171875,2423.866943359375,15309834970,2512.6702880859375,2535.6076513671874,46.75660360115053,-31.534181324464498,-16.656091183770748,-14.87809014069375,2798.797668813566,2512.6702880859375,2226.542907358309,0.0031952591093227234,0.0018834461291923343,0.0878074927129131,0.9646577805501853,0.9559313886958961,0.990953898853838,0.04233058423275487,0.03499001961926243,0.7023844995292898,0.3448185131728156,-0.034608835657524595,0.00546334924732772,1
2025-06-28 00:00:00+00:00,2423.92529296875,2448.191650390625,2407.76171875,2437.109375,8273074809,2508.9864013671877,2537.4396923828126,47.70917673897232,-29.411931107063992,-19.2072591684294,-10.204671938634593,2797.1061335352915,2508.9864013671877,2220.866669199084,0.00546334924732772,0.008676065173100378,0.006311118324521914,0.9713521658275944,0.9604600189379885,0.9887866138844444,0.03716144868177705,0.035004629343506434,0.3829109972004116,0.37526535266031186,-0.03454109511072012,0.02619931078698512,1
2025-06-29 00:00:00+00:00,2437.11474609375,2523.320556640625,2417.625244140625,2500.9599609375,12500580479,2499.958544921875,2535.810439453125,52.15405196278766,-22.32052671827978,-19.829912678399477,-2.4906140398803025,2776.3942028955184,2499.958544921875,2223.522886948231,0.02619931078698512,0.03180579601918132,0.021630303008543628,1.0004005730485648,0.9862566704618737,0.9858617608108822,0.03289250474514156,0.031771906509851566,0.589635873406838,0.5018113003636467,-0.008206362605607476,-0.005796016607685361,0
2025-06-30 00:00:00+00:00,2500.60546875,2521.720458984375,2438.054931640625,2486.46435546875,16859727663,2483.6058837890623,2535.334970703125,51.092245794400206,-17.666562727784367,-19.397242688276457,1.7306799604920897,2717.3370978700877,2483.6058837890623,2249.874669708037,-0.005796016607685361,0.020251442538868458,0.027757519429597588,1.001150936103971,0.9807241978676997,0.9795967446069991,0.012336645720532145,0.029296672332613852,0.8319338361576206,0.5061148693616436,0.03288332080162126,-0.032444314225516746,0
2025-07-01 00:00:00+00:00,2486.428466796875,2500.591796875,2389.81591796875,2405.792724609375,15025451796,2465.2190551757812,2533.52287109375,45.53600253861088,-20.2543100661469,-19.568656163850545,-0.6856539022963553,2657.0147935769555,2465.2190551757812,2273.423316774607,-0.032444314225516746,-0.03805228304912611,-0.004285337386198851,0.97589409734537,0.9495839773377565,0.9730399844827605,0.01785752587487146,0.02985192441990384,0.7712594093898386,0.3450791162989615,0.0457714932774973,0.06881005288444131,1
2025-07-02 00:00:00+00:00,2405.857421875,2616.78369140625,2378.3935546875,2571.33544921875,22792512025,2461.1960693359374,2531.3469873046874,56.0889548957206,-8.845241657948463,-17.42397326267013,8.578731604721668,2639.4082318804467,2461.1960693359374,2282.983906791428,0.06881005288444131,0.034133243681267356,0.06084018195115526,1.044750347709002,1.0157973055905074,0.9722871189447462,0.03152216959025489,0.03293417842848847,1.1794260916965011,0.8090119616704186,0.15398989849739686,0.007650450666005781,1
2025-07-03 00:00:00+00:00,2570.796630859375,2635.192138671875,2558.58251953125,2591.00732421875,20873559425,2461.7721313476563,2530.965869140625,57.15143566832208,1.7635540083938395,-13.586467808457337,15.350021816851177,2641.660856048673,2461.7721313476563,2281.8834066466397,0.007650450666005781,0.07698693146536462,0.06314774002243939,1.052496813667456,1.0237227438782144,0.9726611335867351,0.031206640586967267,0.03239144196492482,1.1301681717490304,0.8592087082886616,0.06985739120616907,-0.03183665785149692,0
2025-07-04 00:00:00+00:00,2590.845703125,2601.11962890625,2475.7548828125,2508.518310546875,17222740209,2460.525842285156,2530.1990966796875,51.52188084659888,3.4748708442857605,-10.174200077908718,13.649070922194479,2638.660651484727,2460.525842285156,2282.391033085585,-0.03183665785149692,-0.024429771965754465,0.0030221793740918823,1.0195049641165919,0.9914311936316539,0.9724633312509037,0.03512505661902187,0.0329592748211422,0.9251422973174864,0.6347082821077129,0.024717853038243476,0.003492786444157847,1
2025-07-05 00:00:00+00:00,2508.095947265625,2529.84228515625,2489.00244140625,2517.280029296875,9289382302,2459.047985839844,2529.8187451171875,52.062018597460735,5.474987002386115,-7.044362661849752,12.519349664235868,2634.640074125289,2459.047985839844,2283.4558975543987,0.003492786444157847,-0.028455070054310028,0.012393370433945172,1.0236807267659491,0.9950436307563483,0.972025363708788,0.035132688802914716,0.0329466011961728,0.505333153751077,0.6658162506797235,0.04049489908416115,0.021434461935417204,1
2025-07-06 00:00:00+00:00,2517.280029296875,2603.064697265625,2505.370849609375,2571.236572265625,13190436110,2460.5795654296876,2531.728388671875,55.36052505817208,11.283862212053009,-3.3787176870692,14.662579899122209,2639.6664792339084,2460.5795654296876,2281.492651625467,0.021434461935417204,0.02500211437766109,0.06876895335324984,1.0449719279110625,1.0156052220177045,0.971897134163151,0.03470047218984966,0.033287263647245574,0.7367893251253204,0.8089477742547636,0.06418891780023661,-0.010976581842489175,0
2025-07-07 00:00:00+00:00,2571.395263671875,2589.324951171875,2517.903564453125,2543.01318359375,18440266947,2462.1921508789064,2532.6239794921876,53.2948016525188,13.454945833128477,-0.011984983029664775,13.466930816158142,2643.745478734708,2462.1921508789064,2280.638823023105,-0.010976581842489175,0.01022260296724431,-0.011014613295050713,1.032824827536711,1.0041021502543166,0.9721901754134843,0.03500985363956297,0.033272046076359564,1.0512102263665943,0.7225820745600312,0.049155437579112116,0.028506606355380493,1
2025-07-08 00:00:00+00:00,2542.97265625,2626.66455078125,2525.437744140625,2615.505859375,17537487206,2466.7523681640623,2534.35076171875,57.66445314806466,20.785496073408012,4.147511228257871,16.637984845150143,2659.133163899046,2466.7523681640623,2274.3715724290787,0.028506606355380493,0.017217119415179782,0.009455216481735196,1.0603033742384327,1.032022046388406,0.9733271358583199,0.03195927146703938,0.03382389066574196,1.0064487673423852,0.8866121112625367,0.07320003205641923,0.05936584999764771,1
2025-07-09 00:00:00+00:00,2615.505859375,2794.5185546875,2591.947021484375,2770.777587890625,27229452849,2479.2085693359377,2539.2828515625,65.1790421752137,38.67828162959313,11.053665308524923,27.624616321068206,2714.1165307610795,2479.2085693359377,2244.300607910796,0.05936584999764771,0.08956477526986384,0.10454748376406142,1.117605683588285,1.0911653997843047,0.976342028147988,0.029269107427967272,0.03612750250573117,1.5004559132731148,1.1206026751622076,0.10788562438719818,0.06643175827521208,1
2025-07-10 00:00:00+00:00,2770.7373046875,2995.152099609375,2757.2666015625,2954.84521484375,33929201261,2506.5856201171873,2547.3328125,71.61192587203365,66.93952509432302,22.230837265684542,44.708687828638475,2820.5360808548953,2506.5856201171873,2192.6351593794793,0.06643175827521208,0.1297413860697061,0.1738245965702494,1.1788327480732956,1.1599761131894697,0.9840039777359039,0.03581722454001135,0.036519116435205196,1.8130109671531134,1.2139017946864301,0.18837223962002092,0.0010291624108509367,1
2025-07-11 00:00:00+00:00,2954.832763671875,3038.14111328125,2916.95654296875,2957.88623046875,36226558863,2539.4551513671877,2553.2073974609375,71.70492988384237,88.56126951005854,35.496923714559344,53.06434579549919,2897.159604824962,2539.4551513671877,2181.7506979094132,0.0010291624108509367,0.06752928975456651,0.15037498391773085,1.1647719901161822,1.1584982220442606,0.9946137371733194,0.029578764537162544,0.03424165144542895,1.8370305845076695,1.0848837987013717,0.2294850675255149,-0.005062604917237423,0
2025-07-12 00:00:00+00:00,2958.333740234375,2979.780029296875,2907.193603515625,2942.91162109375,16317198254,2575.190075683594,2561.5367919921873,70.48043808444966,103.29758168609033,49.05705530886554,54.24052637722478,2944.5822064691147,2575.190075683594,2205.797944898073,-0.005062604917237423,-0.004038652749068339,0.1572537807039085,1.1427939432053547,1.1488851654576298,1.0053301142244333,0.030730526056362114,0.0329159359523433,0.8537169579487368,0.9977387371899178,0.14450707782521954,0.010345966697322684,1
2025-07-13 00:00:00+00:00,2942.853515625,3016.3935546875,2938.736572265625,2973.35888671875,17361753131,2602.7667724609373,2570.391044921875,71.5444614195566,116.09478669795499,62.464601586683436,53.63018511127155,3004.852951079515,2602.7667724609373,2200.6805938423595,0.010345966697322684,0.00523098423820989,0.13681981482131422,1.1423839116815737,1.15677297140954,1.0125956428314766,0.031105841923103002,0.028163601942663635,0.9299856462598607,0.9608366737835067,0.14756869227117608,0.013450089573111779,1
2025-07-14 00:00:00+00:00,2973.22509765625,3079.985595703125,2965.32373046875,3013.350830078125,36349290556,2631.0338745117188,2579.622783203125,72.92490944024654,127.98830990460283,75.56934325026732,52.418966654335506,3065.4958661139854,2631.0338745117188,2196.571882909452,0.013450089573111779,0.023935210449233857,0.0875469915909668,1.1453105409512672,1.1681362289475667,1.0199296934588074,0.028095896849561076,0.028170432191709942,1.8631726173457217,0.9399889552552653,0.2012472930369773,0.04199272686615596,1
2025-07-15 00:00:00+00:00,3013.29345703125,3142.42724609375,2934.371337890625,3139.8896484375,39013656112,2667.062841796875,2591.1378076171877,76.7656860731424,145.94230579141777,89.64393575849742,56.298370032920346,3144.94025469182,2667.062841796875,2189.18542890193,0.04199272686615596,0.056007622377036714,0.06262407000683967,1.177283714215773,1.2117802608595893,1.0293018124919833,0.028839632643047536,0.02846797678216342,1.8936710968275496,0.9947155838317155,0.24733427028161503,0.07376602792880305,1
2025-07-16 00:00:00+00:00,3139.8896484375,3422.60302734375,3102.477783203125,3371.5068359375,46771354461,2714.830847167969,2605.3065478515623,81.84291688428078,176.82225136323723,107.07959887944538,69.74265248379184,3271.586335703958,2714.830847167969,2158.0753586319797,0.07376602792880305,0.11885639145777449,0.13983654990111027,1.241884679281052,1.2940921822492544,1.0420389298935762,0.03190138360138514,0.031228726593050208,2.123492351459809,1.0897346342254182,0.3112394527613316,0.03122567831346279,1
2025-07-17 00:00:00+00:00,3371.5068359375,3521.685302734375,3315.9990234375,3476.784423828125,47532846793,2767.4767211914063,2621.197978515625,83.59743788375052,207.39908466162706,127.14349603588172,80.25558862574533,3402.0707812765395,2767.4767211914063,2132.882661106273,0.03122567831346279,0.10729510050083246,0.1814097300468569,1.2563012354197363,1.3264104628209028,1.0558060642022236,0.02745423322649487,0.031193692836161063,2.0109656711832318,1.0588672722067098,0.36719087665710903,0.020775499653849394,1
2025-07-18 00:00:00+00:00,3476.1240234375,3674.855224609375,3463.38623046875,3549.016357421875,59198465810,2823.0720703125,2639.5252099609374,84.69051562586911,234.7538623226974,148.66556929324486,86.08829302945253,3526.853654686606,2823.0720703125,2119.2904859383934,0.020775499653849394,0.05264990703630468,0.19360510877931447,1.2571469197486753,1.3445661909303745,1.0695378319020785,0.02567915474908121,0.03104047969959513,2.260942157314701,1.015745440934618,0.35691393873227506,0.013033843623181607,1
2025-07-19 00:00:00+00:00,3548.926025390625,3608.275634765625,3512.97314453125,3595.273681640625,26031719746,2877.7877563476563,2660.8318115234374,85.36321496980246,257.2004534498442,170.37254612456474,86.82790732527945,3643.5523834341543,2877.7877563476563,2112.0231292611584,0.013033843623181607,0.034080127890712575,0.19311486925251686,1.249318568998141,1.3511841169631014,1.0815368877824723,0.022692634630740116,0.031028697543394965,0.9691755761845141,0.9684768007780569,0.2975684866780244,0.04567044638207407,1
2025-07-20 00:00:00+00:00,3595.240478515625,3819.398681640625,3582.349609375,3759.471435546875,44600451066,2941.4381103515625,2685.4394921875,87.46818452967166,284.9541510439781,193.28886710844742,91.66528393553065,3778.548831727838,2941.4381103515625,2104.327388975287,0.04567044638207407,0.059299551461600375,0.19732597526721896,1.278106590893915,1.399946432039879,1.0953283881125662,0.021700073992342663,0.031019164296529234,1.5789620750742657,0.9886052133285317,0.2723074009633608,0.0010373538968471152,1
2025-07-21 00:00:00+00:00,3758.920654296875,3856.76708984375,3705.353759765625,3763.371337890625,42611467663,3009.317041015625,2709.981591796875,87.5141139217365,303.7622635791231,215.38354640258257,88.37871717654053,3882.917030889192,3009.317041015625,2135.7170511420577,0.0010373538968471152,0.04675517669444629,0.11622829821258862,1.250573231931891,1.388707343726011,1.1104566356187953,0.02406371656647828,0.02878727876706124,1.4383137105716475,0.9315787005584395,0.27231781233662455,-0.0037800761075303946,0
2025-07-22 00:00:00+00:00,3762.882080078125,3798.100341796875,3624.140380859375,3749.1455078125,45248868820,3068.2075439453124,2732.8225537109374,86.2720177326876,313.90146201405423,235.08712952487693,78.8143324891773,3975.632696408393,3068.2075439453124,2160.782391482232,-0.0037800761075303946,-0.0027466434873637535,0.07833706401747254,1.2219334755274054,1.3718949672460379,1.122724759344126,0.02708388308630576,0.027243177403376347,1.4715649789665033,0.875203377390893,0.2739578997004024,-0.03185843128317001,0
2025-07-23 00:00:00+00:00,3749.238525390625,3765.0263671875,3532.8564453125,3629.70361328125,41283228953,3120.1423583984374,2753.5510205078126,76.45966263134916,308.7399254746665,249.81768871483487,58.922236759831634,4031.458378680682,3120.1423583984374,2208.826338116193,-0.03185843128317001,-0.0355180800957835,0.02273510396497258,1.163313463410166,1.3181900702939786,1.1331340277192385,0.02538126054331423,0.029478970187145268,1.2994696196055684,0.7795743976524169,0.22074184502053473,0.021572560819185016,1
2025-07-24 00:00:00+00:00,3629.731689453125,3771.381591796875,3514.999267578125,3708.005615234375,40377960354,3180.1167236328124,2775.538271484375,78.20940182223181,307.4238964275364,261.3389302573752,46.08496617016124,4079.7565305066137,3180.1167236328124,2280.476916759011,0.021572560819185016,-0.010973138410445116,0.031355591695124474,1.1659967031016798,1.3359591014579348,1.1457657623766313,0.024331629476377764,0.02710747036059295,1.2262853020987843,0.7933890250121031,0.2305256919381804,0.005194498732584263,1
2025-07-25 00:00:00+00:00,3708.005615234375,3744.820068359375,3579.962890625,3727.266845703125,42264509577,3240.616064453125,2801.7578955078125,78.63018393137997,304.42592172512605,269.9563285509254,34.46959317420067,4114.9565175901325,3240.616064453125,2366.2756113161176,0.005194498732584263,0.026879118191603046,-0.008566254697201958,1.150172304145547,1.3303315221058978,1.1566367206991561,0.02383509759869428,0.02705531053499287,1.2223722635440455,0.7782959312382076,0.18706937600750417,0.0037907536475187964,1
2025-07-26 00:00:00+00:00,3727.2373046875,3789.789794921875,3702.774169921875,3741.39599609375,24635287361,3299.1240356445314,2827.0419189453123,78.9512767374384,299.7349515851665,275.9120531577736,23.822898427392943,4140.862376595194,3299.1240356445314,2457.385694693868,0.0037907536475187964,0.009004943445120484,-0.005839270118157436,1.1340573908924931,1.3234313828248987,1.1669880144102496,0.02371812692269907,0.027298052756693655,0.7009005181634286,0.7627134460512485,0.10971033966579413,0.03577557309550983,1
2025-07-27 00:00:00+00:00,3741.25732421875,3876.93359375,3733.681640625,3875.24658203125,28897450394,3365.735705566406,2854.0167431640625,81.74900343378009,303.3214467743983,281.3939318810985,21.927514893299758,4165.335288376889,3365.735705566406,2566.1361227559228,0.03577557309550983,0.03970194312723252,0.03363461726304817,1.1513817248401863,1.3578219508744074,1.1792978137314758,0.021107252163765126,0.026562994124392638,0.8101124983952773,0.8186037658211269,0.11460651844625924,-0.022661990384936437,0
2025-07-28 00:00:00+00:00,3875.255859375,3940.652099609375,3756.515869140625,3787.42578125,35831336149,3424.3317016601563,2879.5495166015626,74.73057830501635,295.6690763130482,284.2489607674885,11.420115545559725,4161.790421089336,3424.3317016601563,2686.8729822309774,-0.022661990384936437,0.01230283701706747,0.0434531809681753,1.1060335596034143,1.3152841301787757,1.1891900736270526,0.023523803132485796,0.028273214945885698,0.9793835088208518,0.7461792572409286,0.0671761975200682,0.0015918602984175134,1
2025-07-29 00:00:00+00:00,3788.319580078125,3883.997802734375,3716.88330078125,3793.454833984375,35540435995,3475.4655639648436,2901.788271484375,74.88996092653585,286.78513128296026,284.7561948705829,2.0289364123773908,4162.195564275693,3475.4655639648436,2788.7355636539946,0.0015918602984175134,-0.021106204809295814,0.023044522478318452,1.0914954454783221,1.307281744592578,1.1976978465720418,0.023423667545462573,0.026853592542680185,0.9605224164818855,0.7315242306842522,0.05512268881108229,0.0038874395023140718,1
2025-07-30 00:00:00+00:00,3793.58251953125,3832.884033203125,3683.14453125,3808.20166015625,34392494235,3518.1333862304687,2921.681953125,75.30032660923864,277.7329538596168,283.3515466683897,-5.61859280877286,4174.013324530293,3518.1333862304687,2862.253447930644,0.0038874395023140718,0.005485488061337751,0.021714252776515952,1.0824494816089327,1.3034278615038979,1.2041465986629758,0.01813246935789517,0.024202788640428,0.9289163794720721,0.7211290946615152,0.012961988259470925,-0.029277308933214563,0
2025-07-31 00:00:00+00:00,3808.24609375,3877.47021484375,3685.004150390625,3696.707763671875,32839839444,3555.074462890625,2940.1455224609376,66.45725285169576,258.5816441490174,278.39756616451524,-19.815922015497847,4159.281975831618,3555.074462890625,2950.866949949632,-0.029277308933214563,-0.02550368319816898,-0.011944266917624402,1.0398397564550836,1.257321358902564,1.209149151200851,0.021249331896251073,0.02588458523126968,0.8910556668684098,0.6172058421549964,-0.017713791234886478,-0.05635874139752328,0
2025-08-01 00:00:00+00:00,3696.144287109375,3722.585693359375,3432.3798828125,3488.365966796875,46261558200,3582.3471801757814,2956.8769384765624,53.75371071134729,224.01039896522525,267.52013272465723,-43.50973375943198,4115.2434513521675,3582.3471801757814,3049.4509089993953,-0.05635874139752328,-0.0839860180477554,-0.09983380593850821,0.9737654647492053,1.1797467528676204,1.211530697662877,0.029685544883477008,0.029851878160306416,1.2062296222548665,0.41182034997970635,-0.06955706052811517,-0.027412478154400954,0
2025-08-02 00:00:00+00:00,3487.956787109375,3535.558837890625,3370.943115234375,3392.7412109375,30165065282,3603.316296386719,2973.142041015625,49.113263288593984,186.74365484708824,251.36483714914345,-64.62118230205522,4063.3362445857147,3603.316296386719,3143.296348187723,-0.027412478154400954,-0.08222628678455512,-0.10420918933023648,0.941560754558134,1.1411298767880393,1.2119556505130265,0.029781043831406062,0.030933894017702836,0.7736146752311966,0.27112396291331237,-0.06528422912457477,0.030841709681774132,1
2025-08-03 00:00:00+00:00,3392.744384765625,3520.831298828125,3357.93896484375,3497.379150390625,19363593865,3627.517712402344,2992.4207421875,53.81202922706072,163.76511653600937,233.84489302651667,-70.0797764905073,3999.3231035587596,3627.517712402344,3255.7123212459283,0.030841709681774132,0.0025837838344771047,-0.0780490862686174,0.9641246239634392,1.1687457920218778,1.2122351851332842,0.028449234014047097,0.03136411689552062,0.5076568046345813,0.3249910233859807,-0.05680316771322813,0.06336371438852972,1
2025-08-04 00:00:00+00:00,3497.613037109375,3734.9775390625,3491.554931640625,3718.986083984375,30905749658,3656.4725341796875,3015.863720703125,61.847037455224985,161.57376507998242,219.39066743720986,-57.816902357227434,3950.4306881627053,3656.4725341796875,3362.5143801966697,0.06336371438852972,0.09615966935383358,-0.023427219494519758,1.0170966824501835,1.2331412916487228,1.2124130507220696,0.04029726424138492,0.03291120258291796,0.8189625389128932,0.6063306953007654,-0.0022216712839586705,-0.028794587423448093,0
2025-08-05 00:00:00+00:00,3719.81787109375,3720.656494140625,3547.62109375,3611.8994140625,32778742296,3668.4921630859376,3037.289609375,56.712807209361294,149.47307143741818,205.40714823725153,-55.93407679983335,3931.4094070895594,3668.4921630859376,3405.574919082316,-0.028794587423448093,0.03274459495164672,-0.022941588849083483,0.9845732942834389,1.189185055950506,1.2078177042329603,0.04147666746219562,0.03016575369729893,0.885001751576945,0.3923753570483608,-0.03461183530598,0.01993999056395901,1
2025-08-06 00:00:00+00:00,3612.038818359375,3698.124755859375,3567.095947265625,3683.920654296875,26924415763,3678.848974609375,3060.75279296875,59.16790058960548,144.0343583009726,193.13259024999576,-49.09823194902316,3925.8038721854086,3678.848974609375,3431.8940770333415,0.01993999056395901,-0.009428760661005842,0.05605910886682697,1.0013786050263285,1.2035995402045159,1.2019425361827762,0.04256019401879867,0.0297297207383615,0.7477419159196234,0.5102684330970566,-0.049371291267377715,0.06254349511267532,1
2025-08-07 00:00:00+00:00,3684.06201171875,3926.204345703125,3650.365966796875,3914.325927734375,38627826066,3697.114453125,3088.55328125,65.84231958012134,156.51174892924473,185.80842198584557,-29.296673056600838,3957.319740374138,3697.114453125,3436.9091658758625,0.06254349511267532,0.08373060237901786,0.15373548536958648,1.0587516230193459,1.2673655175377672,1.1970376148501163,0.047337348315082434,0.0323704338837919,1.1043116037011753,0.917384821241934,0.03350564573769499,0.02440342244929994,1
2025-08-08 00:00:00+00:00,3914.110595703125,4068.84765625,3882.443115234375,4009.848876953125,45460293892,3717.843212890625,3118.3171875,68.16563382285702,172.12393697819925,183.07152498431634,-10.947588006117087,4008.195052875037,3717.843212890625,3427.491372906213,0.02440342244929994,0.0884731928946656,0.14652964535036528,1.078541683266806,1.2859015410705794,1.1922594750123139,0.03753385703487242,0.03261040572241392,1.2645236515447227,1.0028479655547846,0.057044054150887424,0.06328174749903215,1
2025-08-09 00:00:00+00:00,4009.150634765625,4323.76123046875,4007.709228515625,4263.59912109375,45279715746,3743.049597167969,3155.4430859375,73.35104497412283,202.636366612066,186.98449330986628,15.651873302199732,4122.482490733156,3743.049597167969,3363.6167036027823,0.06328174749903215,0.08922946116588082,0.14644126781079492,1.1390709661767866,1.3511887253155797,1.1862199682349484,0.033606685263284905,0.03394904374246197,1.2583119351540872,1.185957296736518,0.11958333659221587,-0.0022003353011864624,0
2025-08-10 00:00:00+00:00,4263.552734375,4332.21044921875,4163.9404296875,4254.2177734375,36173931367,3767.5919189453125,3194.517529296875,72.87840624971551,223.4845003684477,194.28449472158258,29.200005646865122,4210.711884533034,3767.5919189453125,3324.471953357591,-0.0022003353011864624,0.060942171134902745,0.17783395541808567,1.1291609773460847,1.3317246608985955,1.179393095950415,0.036281598026295644,0.0339859394282883,1.0143375967718695,1.049090418264908,0.1508125730803942,-0.006405637420032861,0
2025-08-11 00:00:00+00:00,4254.2314453125,4362.0927734375,4168.875,4226.966796875,49989853803,3791.4829833984377,3234.4926025390623,71.43842645150583,235.09780930799525,202.44715763886512,32.65065166913013,4279.649702700437,3791.4829833984377,3303.3162640964383,-0.006405637420032861,-0.008591878171077316,0.1474098368391088,1.114858438079082,1.3068407680255165,1.1722033250044042,0.03479991671059213,0.03403355719115312,1.3924880527615806,0.9460400476493306,0.21173260979734043,0.08610382463415012,1
2025-08-12 00:00:00+00:00,4227.20703125,4634.05517578125,4222.3623046875,4590.9248046875,57237189036,3839.54404296875,3277.874599609375,77.7591047833082,270.5510655470084,216.0679392204938,54.48312632651462,4437.557314217703,3839.54404296875,3241.5307717197975,0.08610382463415012,0.07914663733303273,0.17285195189270874,1.1956953099925323,1.4005797553190722,1.1713517177949118,0.035605405960710504,0.03710771179674333,1.5597085254915497,1.1282308418920945,0.35316091598360133,0.036016942392504525,1
2025-08-13 00:00:00+00:00,4590.65771484375,4784.6689453125,4566.23876953125,4756.27587890625,62550014642,3891.957556152344,3324.03994140625,79.93194263064535,308.4350293124371,234.54135723888248,73.89367207355463,4612.607229209482,3891.957556152344,3171.3078830952054,0.036016942392504525,0.1252219635182772,0.18614841228637413,1.2220780443475303,1.4308720601275586,1.1708516217485143,0.034955990091989866,0.03743355627871495,1.6545011987597422,1.0996799520405642,0.3599543184715954,-0.04375468965602913,0
2025-08-14 00:00:00+00:00,4756.04345703125,4788.5517578125,4461.28173828125,4548.16650390625,75681632806,3933.0025390625,3366.6170654296875,70.58524321101146,317.99995073193304,251.2330759374926,66.76687479444044,4705.781408383721,3933.0025390625,3160.223669741279,-0.04375468965602913,-0.009313657400267683,0.06674346596156999,1.1564107723638504,1.350960449469996,1.1682357876245495,0.04421586083834806,0.0395249807986365,1.917115672279318,0.8980206947066799,0.22295873154586365,-0.023784910750758614,0
2025-08-15 00:00:00+00:00,4549.07568359375,4667.72998046875,4375.54541015625,4439.98876953125,55445715824,3967.932177734375,3407.09390625,66.24867647008307,313.24034111636,263.6345289732661,49.60581214309394,4766.95256302878,3967.932177734375,3168.9117924399693,-0.023784910750758614,-0.0664988990183919,0.04366748624239869,1.118967908384566,1.3031600806148897,1.1646089855215227,0.047498139963897006,0.04025417212717801,1.3517627457789139,0.7953970890385622,0.2292670034621349,-0.0031100515039045318,0
2025-08-16 00:00:00+00:00,4439.998046875,4493.1494140625,4379.16455078125,4426.18017578125,26816931514,3995.478857421875,3447.1401708984376,65.6938551739315,304.8400715045427,271.8756374795214,32.96443402502132,4818.666973465462,3995.478857421875,3172.290741378288,-0.0031100515039045318,-0.026820989957212493,0.04712915631452996,1.1077971711849552,1.2840151419278207,1.159070609066797,0.04278695489590369,0.039847929090524016,0.6554572844523395,0.7616056463675731,0.20148629439632848,0.010639266076744924,1
2025-08-17 00:00:00+00:00,4426.259765625,4575.87646484375,4400.71337890625,4473.271484375,31348101438,4029.771142578125,3487.8634130859373,66.7175424210879,298.54127438590194,277.2087648607975,21.332509525104456,4873.355500050769,4029.771142578125,3186.186785105481,0.010639266076744924,0.007496125907377804,-0.025627368192215116,1.1100559625113442,1.2825248453227727,1.1553695386863578,0.04264562080273649,0.03921593513197301,0.770428911694266,0.762866622566112,0.14279484308659618,-0.03593937951766457,0
2025-08-18 00:00:00+00:00,4473.33056640625,4484.009765625,4229.3798828125,4312.5048828125,53518423360,4055.7236450195314,3524.0943115234377,60.12175320159406,277.3794534488079,277.2429025783996,0.13655087040831404,4900.632425062448,4055.7236450195314,3210.8148649766144,-0.03593937951766457,-0.02568248206224133,-0.09330219848302812,1.0633132975192474,1.2237200544579747,1.1508555919623713,0.045658046208157436,0.040470797885794434,1.2868700908679822,0.6519579650834765,0.07547815769290223,-0.055429681352263005,0
2025-08-19 00:00:00+00:00,4312.5302734375,4355.0751953125,4070.535400390625,4073.464111328125,50440367102,4068.986767578125,3555.834306640625,51.9050569306633,238.5698803061914,269.50829812395796,-30.93841781776655,4905.824915052389,4068.986767578125,3232.1486201038615,-0.055429681352263005,-0.08937695251526534,-0.10437225465919531,1.0011003583952829,1.1455719699089497,1.1443128156953695,0.03256571464121969,0.0428309429228139,1.189899362146811,0.502675155144106,-0.044594954723803704,0.06408215951312646,1
2025-08-20 00:00:00+00:00,4073.168212890625,4376.78955078125,4064.965087890625,4334.50048828125,49577862965,4100.876403808594,3594.4084619140626,58.56468501889866,226.26818919292418,260.8602763377512,-34.59208714482702,4926.515907813975,4100.876403808594,3275.236899803212,0.06408215951312646,0.005100424478686083,-0.023758681998003572,1.056969306428178,1.2059009247861274,1.1409043928259703,0.04079416817388685,0.044056438928948574,1.146909626583327,0.641480684571952,0.018871322325109796,-0.025675513855549226,0
2025-08-21 00:00:00+00:00,4334.5673828125,4338.826171875,4205.77685546875,4223.2099609375,33618359942,4137.618603515625,3627.4459521484373,55.06394594360995,205.17368042213957,249.7229571546289,-44.54927673248932,4912.3211928590235,4137.618603515625,3362.9160141722264,-0.025675513855549226,0.03676130328310445,-0.04585674481900737,1.0206861399330402,1.1642378733268812,1.14064238533038,0.03901705305265011,0.04215762222210775,0.7892525066796033,0.5552414298075461,-0.0008887781991279153,0.14399915644733907,1
2025-08-22 00:00:00+00:00,4223.73095703125,4884.22802734375,4209.47216796875,4831.3486328125,75965521535,4209.548974609375,3672.2527783203127,66.75750367575532,234.8209686809596,246.74255945989506,-11.921590778935467,4959.807728858243,4209.548974609375,3459.290220360508,0.14399915644733907,0.11462639025523891,0.08004815931433007,1.1477117054472146,1.3156361842341249,1.146312421481732,0.06904174424998077,0.0506306218872493,1.692439846631233,0.9143901385233743,0.052369367470257444,-0.011437448418844975,0
2025-08-23 00:00:00+00:00,4831.08837890625,4831.61083984375,4669.72509765625,4776.09033203125,36503623278,4273.484533691406,3717.60421875,65.09978484016187,250.96480906436864,247.5870093807898,3.377799683578843,4985.153747048663,4273.484533691406,3561.8153203341485,-0.011437448418844975,0.1309147251042706,0.10749795346699109,1.117610300067167,1.2847226468978865,1.1495264913187326,0.06945781053074299,0.05099178647111891,0.7980292251681333,0.8531175642464787,0.004165959593066537,0.0007447783980119027,1
2025-08-24 00:00:00+00:00,4776.70458984375,4953.73291015625,4714.47265625,4779.6474609375,52405003873,4326.517602539063,3762.8515673828124,65.15976100209905,261.0368788038422,250.2769832654003,10.759895538441924,5022.10207154872,4326.517602539063,3630.9331335294055,0.0007447783980119027,-0.01070118838534384,0.17336186850045143,1.1047331595582814,1.270219506495682,1.1497975737449295,0.06961178494809377,0.0498989234799589,1.1193542199835749,0.8257187865649038,0.05089544475393315,-0.08508151935728459,0
2025-08-25 00:00:00+00:00,4779.76953125,4796.35009765625,4343.947265625,4372.98779296875,63936163545,4364.572021484375,3798.886591796875,53.780986054185284,233.51323481528016,246.9242335753763,-13.410998760096135,4973.40989231131,4364.572021484375,3755.7341506574403,-0.08508151935728459,-0.08440010783696006,0.00887929411740851,1.00192820085061,1.1511235429906121,1.1489082171889555,0.07724972124524747,0.05385585915571618,1.3216765050289163,0.5069113403482478,-0.015090348205897275,0.05200997021062914,1
2025-08-26 00:00:00+00:00,4372.88037109375,4632.0732421875,4316.30078125,4600.4267578125,53829747706,4410.397326660156,3840.03486328125,58.17966243228633,227.43128603895366,243.0256440680918,-15.594358029138135,4935.772155787388,4410.397326660156,3885.022497532924,0.05200997021062914,-0.037496636433902775,0.08931992497746011,1.043086691986603,1.1980169247425807,1.1485305429991695,0.07397168057717052,0.05460986091104207,1.0826510012851935,0.6808512899904495,0.03936725915150863,-0.021092323933093016,0
2025-08-27 00:00:00+00:00,4600.51025390625,4659.9873046875,4489.2978515625,4503.39306640625,43509902322,4439.85068359375,3877.792607421875,55.74225443833429,212.33383755741397,236.88728276595626,-24.553445208542286,4911.421462501369,4439.85068359375,3968.27990468613,-0.021092323933093016,0.02982063513810318,-0.06788074952383127,1.0143118287845363,1.1613290142920514,1.1449427891259907,0.07246465454831556,0.053775976322668555,0.8708177589379702,0.5673731130666053,0.00673368073823899,0.0008404036496352241,1
2025-08-28 00:00:00+00:00,4503.63134765625,4629.03125,4435.109375,4507.177734375,36045274078,4464.717126464844,3912.5206103515625,55.81999947368913,198.38750428240382,229.18732706924578,-30.799822786841958,4891.100898781035,4464.717126464844,4038.3333541486536,0.0008404036496352241,-0.02026964634947037,-0.05630391784107702,1.0095102571355459,1.151988240637026,1.1411357462634972,0.07111343491310106,0.053664184438295195,0.7282805339105903,0.5497915383593313,0.045141479685824715,-0.032620169651272346,0
2025-08-29 00:00:00+00:00,4507.63134765625,4513.859375,4272.45947265625,4360.15283203125,46899991962,4469.544812011719,3940.6267626953127,51.99859682320029,173.47158139527528,218.04417793445168,-44.5725965391764,4888.461694806646,4469.544812011719,4050.6279292167924,-0.032620169651272346,-0.03180718011126371,-0.08776685568018205,0.9755250289276701,1.1064617622017543,1.1342218081457267,0.04133371790351463,0.05266368994297906,0.9460472844148665,0.3694347441303529,0.07037958672714373,0.0032110086092389523,1
2025-08-30 00:00:00+00:00,4360.0888671875,4413.27490234375,4264.1953125,4374.1533203125,25883112278,4475.541589355469,3968.9521044921876,52.33324275258192,153.09052313981556,205.05344697552445,-51.96292383570889,4884.802414993128,4475.541589355469,4066.2807637178107,0.0032110086092389523,-0.029513904687618497,0.00026652883541644634,0.9773461452611436,1.102092745176162,1.1276380947731537,0.0418412640080969,0.05265273649196372,0.5275792621548845,0.37613245308172494,0.009148189540745255,0.0036271528440883216,1
2025-08-31 00:00:00+00:00,4374.8935546875,4497.1767578125,4373.5966796875,4390.01904296875,26683044984,4483.694201660156,3997.8942529296874,52.73537526486445,136.6434779021065,191.37145316084087,-54.727975258734375,4878.340982543794,4483.694201660156,4089.0474207765187,0.0036271528440883216,0.0068498082723367215,-0.04573656443642604,0.9791075942117726,1.0980828319187559,1.1215139565971437,0.04199818017503392,0.052609536225325326,0.5571177961783246,0.38131772102427636,0.03949817403684586,-0.017209225605980594,0
2025-09-01 00:00:00+00:00,4389.6259765625,4490.3466796875,4221.24755859375,4314.47021484375,37530746508,4469.871472167969,4024.7164794921873,50.548546351875515,116.17373847339331,176.33191022335137,-60.15817174995806,4868.054420432175,4469.871472167969,4071.688523903763,-0.017209225605980594,-0.013644493253493484,-0.041951224060764125,0.9652336183955539,1.07199357689616,1.110605304732409,0.02743569083896047,0.04898473974416284,0.8000674669963682,0.3048619886892976,-0.10698429305190849,0.002525340834435452,1
2025-09-02 00:00:00+00:00,4314.39111328125,4414.93408203125,4260.45947265625,4325.36572265625,39884692334,4448.325964355468,4050.95677734375,50.86499858663305,99.6814334077535,161.0018148602318,-61.3203814524783,4827.433263615926,4448.325964355468,4069.2186650950107,0.002525340834435452,-0.014727343931696946,-0.040338327537456586,0.9723580864611763,1.0677392923190931,1.0980926751018747,0.014770493047988697,0.04818266590325223,0.8712973723872189,0.3378292347060019,-0.09437103949901815,0.028904708992612438,1
2025-09-03 00:00:00+00:00,4324.6962890625,4489.19873046875,4286.2060546875,4450.38916015625,35260873497,4443.437097167969,4077.166767578125,54.46577147461615,95.59752065367411,147.92095601892026,-52.323435365246155,4819.633920979019,4443.437097167969,4067.2402733569184,0.028904708992612438,0.031503044068974306,0.020695680083067547,1.0015645687867871,1.0915396435451235,1.0898345224685062,0.01919134462132488,0.04773864209573721,0.8058675369695555,0.5092399278094023,-0.06888757036416826,-0.03407455260068215,0
2025-09-04 00:00:00+00:00,4450.2158203125,4483.451171875,4268.5888671875,4298.744140625,34919798552,4436.374865722656,4095.711513671875,49.70751138819597,79.21140487913908,134.17904579096404,-54.96764091182496,4818.106625254108,4436.374865722656,4054.6431061912044,-0.03407455260068215,-0.006154758635045887,-0.017239720276223114,0.9689767593444255,1.0495720038570546,1.0831756218458293,0.022690369483272604,0.04806236136021249,0.8172411935537063,0.31972848517164526,-0.016977786323374877,0.00191791570666755,1
2025-09-05 00:00:00+00:00,4298.8369140625,4484.361328125,4258.0498046875,4306.98876953125,44163736676,4430.415295410156,4112.315600585937,49.963452175032316,66.12827710666443,120.56889205410413,-54.4406149474397,4816.513836890957,4430.415295410156,4044.3167539293568,0.00191791570666755,-0.03222198901364515,-0.018913419879233784,0.9721410934079308,1.0473390634020343,1.0773529382761613,0.01961565430764587,0.04806143926092362,1.0130176266001534,0.34016188534987707,-0.0637849494686401,-0.007603126867408605,0
2025-09-06 00:00:00+00:00,4306.97314453125,4327.43994140625,4244.7548828125,4274.2421875,18108246446,4420.463830566407,4126.8201171875,48.899024597048786,52.51210177124449,106.95753399753221,-54.44543222628772,4812.131023174354,4420.463830566407,4028.79663795846,-0.007603126867408605,-0.0056997933171797355,-0.00932397845866384,0.966921651511925,1.0357229213113779,1.0711549583069857,0.019600785785997447,0.04801592942224952,0.42176717047578116,0.3133343233412294,-0.05088405020997078,0.007277423081211376,1
2025-09-07 00:00:00+00:00,4274.1669921875,4334.2744140625,4271.5341796875,4305.34765625,17426783536,4420.105969238281,4141.021596679688,49.98892135053411,43.72707755664214,94.31144270935421,-50.58436515271207,4812.201336069555,4420.105969238281,4028.0106024070083,0.007277423081211376,-0.0003810349571514715,-0.004628063310668784,0.9740372032283973,1.039682492769917,1.0673950536221222,0.019857402181958805,0.04733865433906172,0.4237037428643685,0.3536602027260573,-0.044779702514435527,0.0006328430576436617,1
2025-09-08 00:00:00+00:00,4305.38134765625,4381.27490234375,4279.97216796875,4308.072265625,32277142378,4431.836376953125,4151.99361328125,50.08933706600368,36.563257309513574,82.76180562938609,-46.198548319872515,4793.0909491163275,4431.836376953125,4070.5818047899224,0.0006328430576436617,0.007914871605529505,-0.03197852803646806,0.97207385363509,1.0375912554018607,1.0673996132307921,0.018787215800882835,0.045446768080419336,0.8024851705773054,0.3287023599631944,-0.011944665339170601,0.00022498189944109015,1
2025-09-09 00:00:00+00:00,4308.283203125,4381.2265625,4277.85302734375,4309.04150390625,30703320925,4430.563427734375,4162.907016601563,50.12769947426438,30.61122048523066,72.33168860055501,-41.72046811532435,4793.437919795422,4430.563427734375,4067.6889356733286,0.00022498189944109015,0.0008579673353179551,0.002395435258389922,0.9725719029170367,1.0351039518110559,1.0642955535796033,0.018754548361684747,0.04317114103898587,0.7816974635722712,0.33255653609336416,-0.014885581651627677,0.009307056372314992,1
2025-09-10 00:00:00+00:00,4309.091796875,4450.41796875,4286.0625,4349.14599609375,39521365146,4436.8602294921875,4174.907026367187,51.7792564969483,28.7983167035527,63.62501422115455,-34.82669751760185,4788.790352469792,4436.8602294921875,4084.9301065145833,0.009307056372314992,0.009534132190976985,0.009788097628842474,0.9802305619601461,1.0417348143626033,1.0627446794552786,0.014671069336410006,0.04275911371130063,0.9986976080603718,0.3753811798542469,-0.009310448650664549,0.025772278613875654,1
2025-09-11 00:00:00+00:00,4349.2001953125,4471.69873046875,4339.716796875,4461.2333984375,35959212991,4418.354467773437,4191.537622070313,56.149971759989604,35.99120974870766,58.09825332666517,-22.107043577957512,4717.980213664894,4418.354467773437,4118.72872188198,0.025772278613875654,0.03531919903609282,0.04374838924297619,1.0097047285311336,1.06434292154438,1.054113040643804,0.01052395598191211,0.02763783207352996,0.9570597556299153,0.5715541492212025,0.03401650174540949,0.05693777317310178,1
2025-09-12 00:00:00+00:00,4461.4794921875,4734.27392578125,4453.28466796875,4715.24609375,43839753626,4415.312255859375,4211.682431640625,64.09292405620032,61.47963201985567,58.77452906530328,2.7051029545523946,4700.533731775135,4415.312255859375,4130.090779943615,0.05693777317310178,0.08417746794084824,0.0952068149258416,1.067930379667394,1.119563540291241,1.0483488077564833,0.021910189233844315,0.03067968720622285,1.1555206100133886,1.0257911188623305,0.09013812844808888,-0.009981749693273922,0
2025-09-13 00:00:00+00:00,4714.70361328125,4763.361328125,4609.12548828125,4668.1796875,34843845977,4409.7388671875,4230.500688476563,61.85707859837771,76.99398592722355,62.41842043768733,14.575565489536217,4668.07327801615,4409.7388671875,4151.4044563588495,-0.009981749693273922,0.0463876848799214,0.08358899286541033,1.058606830947641,1.1034579666221611,1.0423680769510717,0.022301924200954778,0.030756196733782774,0.9401669791330483,1.0002059529806906,0.04893741187705558,-0.012549223717087221,0
2025-09-14 00:00:00+00:00,4668.17138671875,4690.64208984375,4581.84716796875,4609.59765625,28394160275,4421.569360351563,4247.864721679687,59.09387895031211,83.59847169878321,66.65443068990652,16.944041008876695,4694.098588093848,4421.569360351563,4149.040132609278,-0.012549223717087221,-0.022405710200372297,0.06975011776314721,1.0425252394736801,1.085156415816198,1.0408922246947614,0.02430162893000022,0.023768048398332877,0.8047264784055712,0.8449690469094282,0.07231263491290374,-0.0179576071325368,0
2025-09-15 00:00:00+00:00,4609.72314453125,4670.5302734375,4469.861328125,4526.8203125,40224062009,4417.8890380859375,4260.896196289063,55.332598887507515,81.21691635799561,69.56692782352434,11.649988534471277,4682.109740783972,4417.8890380859375,4153.668335387903,-0.0179576071325368,-0.030281476820294362,0.04085269075028308,1.0246568606578805,1.0624103718937201,1.036845028502127,0.02642522160487888,0.021166469363614774,1.1624123299212663,0.7061369024110029,0.051040658504590386,-0.005137349788500112,0
2025-09-16 00:00:00+00:00,4526.078125,4537.599609375,4428.330078125,4503.564453125,32761501436,4417.897607421875,4275.218969726562,54.28716652936364,76.57030824788671,70.96760390839681,5.602704339489904,4682.129997225803,4417.897607421875,4153.665217617948,-0.005137349788500112,-0.023002702411832665,0.009488643813687414,1.019390862649059,1.053411412378029,1.0333734105096466,0.026743470381223926,0.020647604909056476,0.9616916745256451,0.6621051184654033,0.05365214593961287,0.019799637873646025,1
2025-09-17 00:00:00+00:00,4503.6357421875,4617.23486328125,4429.64453125,4592.7333984375,44120899417,4422.175390625,4291.204541015625,57.59538310888919,79.17039943158488,72.60816301303443,6.562236418550455,4695.120233451196,4422.175390625,4149.230547798803,0.019799637873646025,0.014560570419703378,-0.025982248407965147,1.0385688021723614,1.070266717547449,1.03052076598949,0.027208701590196605,0.021108521916662557,1.2799679955345207,0.8124404294407327,0.06675087940234214,-0.0006128056825500661,0
2025-09-18 00:00:00+00:00,4592.44287109375,4643.97265625,4556.27001953125,4589.9189453125,33497259158,4433.6636962890625,4306.83888671875,57.4540507786254,80.0807663554906,74.10268368152566,5.978082673964934,4714.8346288830035,4433.6636962890625,4152.4927636951215,-0.0006128056825500661,0.01917469886049461,-0.016764723602448073,1.0352429186621037,1.0657280353501732,1.0294473076207726,0.026164276705110037,0.019570745401495955,0.99103795399304,0.7778652252242177,0.06542292290136653,-0.025926809284188335,0
2025-09-19 00:00:00+00:00,4589.505859375,4620.79296875,4443.2646484375,4470.9169921875,30352619653,4438.501879882812,4322.323071289063,51.679515553414014,70.38838217073953,73.35982337936844,-2.971441208628903,4718.689544866004,4438.501879882812,4158.31421489962,-0.025926809284188335,-0.02652372687067861,-0.030085199274272334,1.0073031651629138,1.0343782541118847,1.0268787887156017,0.014599348215768684,0.02059253830108038,0.8921034847904491,0.5578453592998682,0.03756647229656673,0.002538323308692858,1
2025-09-20 00:00:00+00:00,4470.978515625,4509.81201171875,4459.1591796875,4482.265625,18056494322,4443.114208984375,4342.201064453125,52.173191447423456,62.89779111450025,71.2674169263948,-8.36962581189455,4722.9782979757465,4443.114208984375,4163.250119993004,0.002538323308692858,-0.023454296599821678,-0.009842380396007822,1.0088117059733592,1.0322565810444606,1.0232400902292074,0.015003231967040237,0.02058748331997377,0.5375184338258829,0.5699471950058443,0.03060822263171059,-0.006901983511407805,0
2025-09-21 00:00:00+00:00,4482.583984375,4499.38916015625,4447.119140625,4451.3291015625,19330306133,4449.9571533203125,4363.372822265625,50.65391669924764,53.844439658165356,67.78282147274892,-13.938381814583565,4723.191293880355,4449.9571533203125,4176.72301276027,-0.006901983511407805,-0.004381179668338286,-0.01159866858933356,1.000308305944286,1.0201578647710432,1.019843440975949,0.014722270071979585,0.02022721659228913,0.5914609415552896,0.5025105725063775,-0.0022200804106032868,-0.055815163176552995,0
2025-09-22 00:00:00+00:00,4451.58056640625,4457.08251953125,4092.396728515625,4202.87744140625,58221334533,4443.832739257812,4377.4827880859375,40.463209514176356,26.318240531385527,59.48990528447625,-33.171664753090724,4733.803861028119,4443.832739257812,4153.861617487505,-0.055815163176552995,-0.062331911352029645,-0.0848853881141639,0.9457775951549866,0.960112842212674,1.0151571015544498,0.024216657232908927,0.023970568214720177,1.7328223803174185,0.08451845759587655,-0.10866212328194036,-0.008892368544476281,0
2025-09-23 00:00:00+00:00,4203.021484375,4227.7314453125,4120.8154296875,4165.50390625,32460075911,4429.5884765625,4386.41314453125,39.18609386799069,1.4708425075541527,47.886092729091835,-46.41525022153768,4745.0702023398135,4429.5884765625,4114.106750785186,-0.008892368544476281,-0.06421120271969327,-0.09246678299100208,0.9403816919540486,0.9496378405311257,1.0098429697816036,0.02412481478221842,0.022943256369617682,0.9701420491054628,0.08145821336905808,-0.10768132653419848,-0.0028891265593804505,0
2025-09-24 00:00:00+00:00,4165.41259765625,4206.90185546875,4081.34765625,4153.46923828125,33538388785,4422.324731445313,4397.244541015625,38.76183701571224,-18.973284357713965,34.514217311730675,-53.48750166944464,4756.619832819075,4422.324731445313,4088.0296300715504,-0.0028891265593804505,-0.011755803925719177,-0.07100282882928932,0.9392049409550721,0.9445618044526424,1.005703615115273,0.020588731957599297,0.021752776612873607,1.0044433424735835,0.09787700738177156,-0.09895189384919545,-0.0686499014554498,0
2025-09-25 00:00:00+00:00,4153.52099609375,4162.0625,3829.0107421875,3868.333984375,68963092031,4400.3919921875,4400.932807617188,30.37172382156612,-57.52037512663901,16.10729882405674,-73.62767395069575,4814.564657176316,4400.3919921875,3986.2193271986844,-0.0686499014554498,-0.07134068976123653,-0.1369690446725812,0.8790884973981588,0.8789804692495283,0.9998771134545041,0.027927762246754136,0.026397680549329075,1.9914266677503973,-0.14231424812507562,-0.14546332362844372,0.043314242191835106,1
2025-09-26 00:00:00+00:00,3868.69091796875,4069.168701171875,3868.43359375,4035.887939453125,47873508328,4388.474279785156,4403.364047851563,38.76024430085198,-73.69945694646867,-1.8540523300483418,-71.84540461642032,4830.698092344195,4388.474279785156,3946.2504672261166,0.043314242191835106,-0.028309177721701717,-0.09332968931988139,0.9196562819209932,0.916546507532637,0.9966185471142974,0.037624036057350096,0.0285066452892183,1.3254656562759988,0.10134853628561817,-0.10384585777324817,-0.004269131498844225,0
2025-09-27 00:00:00+00:00,4035.91455078125,4038.45166015625,3975.758056640625,4018.658203125,20382555776,4374.139807128906,4403.540234375,38.249928535964195,-86.90994780075653,-18.865231424189982,-68.04471637656654,4845.345065736414,4374.139807128906,3902.934548521398,-0.004269131498844225,0.03886019649730099,-0.043831694083283024,0.9187310832121672,0.9125971353127361,0.9933234566550367,0.03721409076262607,0.02841550696948688,0.5620286361372105,0.12279537684446176,-0.12499641183348609,0.03056203169493088,1
2025-09-28 00:00:00+00:00,4018.65966796875,4143.00390625,3969.79296875,4141.4765625,24631307054,4365.810021972657,4401.097783203125,43.91811851915094,-86.47214475581677,-32.38661409051534,-54.085530665301434,4847.701675815891,4365.810021972657,3883.9183681294226,0.03056203169493088,0.026162426863909127,-0.005768172180549147,0.9486158448618675,0.9410098949189508,0.9919820547125436,0.04104783351215832,0.02939115967062696,0.6864194760887213,0.2672366208425397,-0.09770159084627761,0.018318402441761972,1
2025-09-29 00:00:00+00:00,4141.3564453125,4234.78271484375,4087.92724609375,4217.341796875,38560429932,4361.225036621094,4400.360263671875,47.14551957789282,-79.09177159660976,-41.72764559173422,-37.36412600487554,4847.119252120421,4361.225036621094,3875.3308211217663,0.018318402441761972,0.049440281732718416,0.015378122463278743,0.9670085266094022,0.9584082993595266,0.9911063584102714,0.03641464396466675,0.029725435614273987,1.0629557556214926,0.35193974824516827,-0.056716596562986665,-0.016926367551390986,0
2025-09-30 00:00:00+00:00,4217.05517578125,4238.67138671875,4095.443603515625,4145.95751953125,37679153330,4351.065612792969,4398.740078125,44.54775024916265,-78.10256948964798,-49.002630371316975,-29.099939118331,4846.427802234229,4351.065612792969,3855.703423351709,-0.016926367551390986,0.001081970877687466,0.0717682434550968,0.9528602619416583,0.9425329630521154,0.9891617907661521,0.03690430647010077,0.02984143062615118,1.0413065090678273,0.2929715896432579,-0.07503082896135815,0.04948308905476795,1
2025-10-01 00:00:00+00:00,4146.03369140625,4351.1123046875,4125.5419921875,4351.1123046875,46161664723,4345.559558105469,4393.943828125,52.62674223140881,-60.07187193481059,-51.2164786840157,-8.85539325079489,4838.206393791635,4345.559558105469,3852.9127224193026,0.04948308905476795,0.031719152550457874,0.0781053314570197,1.0012777978319671,0.990252145882398,0.988988418625238,0.04128768692691186,0.03143001355021664,1.257995421194626,0.5056356259492639,-0.022513904181971633,0.03144288491246505,1
2025-10-02 00:00:00+00:00,4352.24072265625,4517.6650390625,4336.5263671875,4487.923828125,48074066058,4334.193444824219,4388.576787109375,57.11398354523578,-34.346937542874,-47.84257045578737,13.495632912913365,4800.7248737872715,4334.193444824219,3867.6620158611668,0.03144288491246505,0.08248186504149557,0.11677171863859637,1.0354692021151852,1.0226376444653853,0.9876079775008388,0.02446208660978577,0.029418625269981787,1.3025965444715646,0.6647588712752681,0.0678217223063673,0.006004285806920251,1
2025-10-03 00:00:00+00:00,4486.9345703125,4591.44384765625,4431.47900390625,4514.87060546875,49603450230,4326.527990722656,4387.910869140625,57.95866223854352,-11.651055851766614,-40.604267534983215,28.9532116832166,4774.62742044291,4326.527990722656,3878.4285610024017,0.006004285806920251,0.03763596278699399,0.0901596416963304,1.043532045822876,1.0289339825065749,0.986010910374305,0.02298894061366581,0.029409018875750922,1.3176876325989677,0.7101571685369866,0.08387141317874014,-0.005686395488865736,0
2025-10-04 00:00:00+00:00,4514.9091796875,4519.52685546875,4444.0126953125,4489.197265625,21832270764,4320.507971191406,4388.8950390625,56.810600015070996,4.215377689079105,-31.640338490170755,35.85571617924986,4755.642618132724,4320.507971191406,3885.3733242500875,-0.005686395488865736,0.0002837475743282525,0.06446133176861357,1.039043856777581,1.0228536398500716,0.984418158269353,0.023206257885221026,0.029310152928224045,0.585061123717147,0.6938357421310366,0.08083074848597605,0.005841932173111797,1
2025-10-05 00:00:00+00:00,4489.05322265625,4616.533203125,4472.138671875,4515.4228515625,44880806324,4319.938098144531,4390.679892578125,57.73166387098347,18.690375179751754,-21.574195756186253,40.26457093593801,4753.9635152779165,4319.938098144531,3885.9126810111457,0.005841932173111797,0.00012231714749066924,0.08911459663798538,1.0452517487465693,1.0284108525413653,0.9838881913133377,0.02252213443325325,0.029063694146873757,1.1952578116816257,0.7251996607814931,0.1672784381600001,0.0381688799649984,1
2025-10-06 00:00:00+00:00,4515.30078125,4736.208984375,4492.8701171875,4687.771484375,44992456374,4329.148449707031,4394.969892578125,63.274672701705896,43.566798336350985,-8.545996937678805,52.11279527402979,4786.758246292876,4329.148449707031,3871.5386531211866,0.0381688799649984,0.04423379214598944,0.07737313038893845,1.0828391631366296,1.066621978979045,0.9850234598916713,0.024517610532558614,0.03022871347119614,1.1790288462292928,0.8918437032419316,0.1615217158408535,-0.05047593076900958,0
2025-10-07 00:00:00+00:00,4687.7099609375,4755.22021484375,4443.5712890625,4451.15185546875,54879425294,4322.069372558593,4397.74283203125,52.998693998553414,43.68474581596365,1.9001516130496876,41.784594202913965,4766.707010316897,4322.069372558593,3877.4317348002896,-0.05047593076900958,-0.014233660546655091,-0.008193537605475143,1.0298658979723276,1.0121446445318476,0.9827926592429452,0.033530065003032405,0.03212988576169908,1.418126753275594,0.6451546967109466,0.1076214075652,0.017185685016793073,1
2025-10-08 00:00:00+00:00,4451.10791015625,4556.2216796875,4417.76806640625,4527.64794921875,40456628235,4318.955822753906,4406.826508789062,55.513994472689966,49.381575441689165,11.396436378777583,37.985139062911585,4756.511897004136,4318.955822753906,3881.399748503677,0.017185685016793073,-0.034157709199342245,0.002830057573415923,1.048320041933602,1.0274168815560856,0.9800603255290616,0.029250046385104395,0.032388621560273105,1.0361140303096397,0.7384747221512651,0.09324485624654555,-0.03500810935589638,0
2025-10-09 00:00:00+00:00,4526.9609375,4531.716796875,4273.5595703125,4369.1435546875,47903074596,4313.867150878907,4407.5193701171875,49.59187447089162,40.637925294773595,17.244734161976787,23.393191132796808,4746.319516574593,4313.867150878907,3881.414785183221,-0.03500810935589638,-0.01842406267952723,-0.02674280140389107,1.0128136546340634,0.9912931033973726,0.9787517169242093,0.03040294787906435,0.03282924961411917,1.1998558580187944,0.5639103959110849,0.03599465377100408,-0.12042057191289324,0
2025-10-10 00:00:00+00:00,4369.0654296875,4395.57080078125,3460.222412109375,3843.0087890625,97736621123,4281.904309082031,4399.915346679688,35.90121775084039,-8.646487608590178,12.066489807863395,-20.712977416453572,4754.576125021458,4281.904309082031,3809.2324931426047,-0.12042057191289324,-0.15121298471856348,-0.14891497089078165,0.897499923319486,0.8734278926440149,0.97317879361322,0.05301251478698465,0.04233982726116973,2.2259395239119764,0.035729119846891616,-0.0730708718170856,-0.02404293663335999,0
2025-10-11 00:00:00+00:00,3840.96044921875,3882.241455078125,3652.7900390625,3750.611572265625,62475475938,4246.868432617188,4378.30060546875,34.119795979108616,-54.53181429891265,-1.253171013491814,-53.278643285420834,4768.052413793475,4246.868432617188,3725.6844514409,-0.02404293663335999,-0.14156824436639848,-0.199915869455894,0.8831475784509438,0.856636377954701,0.9699810075426534,0.05255278700640656,0.0425155319142305,1.3562375691586865,0.02391393608113755,-0.13801085570118454,0.11033298280456205,1
2025-10-12 00:00:00+00:00,3750.946044921875,4195.3974609375,3701.478271484375,4164.427734375,61216174681,4244.945947265625,4366.067353515625,46.84193133996225,-56.8494355056946,-12.372423911932373,-44.47701159376223,4767.095929355977,4244.945947265625,3722.7959651752735,0.11033298280456205,0.08363731725706258,-0.06441571314658168,0.9810319815868348,0.9538166494435177,0.972258465927588,0.07324415300331936,0.04842770075772579,1.3245944661942888,0.4228974282750309,-0.0720814581840068,0.01946006611990403,1
2025-10-13 00:00:00+00:00,4164.04931640625,4292.845703125,4061.224609375,4245.4677734375,50253782420,4248.944140625,4355.383759765625,48.922175652846846,-51.55264632077251,-20.2084683937004,-31.34417792707211,4769.7557322686935,4248.944140625,3728.1325489813057,0.01946006611990403,0.1319401360650494,-0.06232378907241243,0.9991818279853901,0.974763191399226,0.975561368409393,0.07155018032498396,0.04854788991605767,1.066852452312883,0.4966625481812645,-0.05967011141026479,-0.028278547964407763,0
2025-10-14 00:00:00+00:00,4245.37255859375,4265.10546875,3895.9736328125,4125.412109375,67094148347,4247.541284179688,4350.43224609375,46.04731276659902,-56.392335729927254,-27.445241860945774,-28.94709386898148,4769.585391430499,4247.541284179688,3725.4971769288763,-0.028278547964407763,-0.009368784257665963,-0.055784718964202784,0.9712470894021518,0.9482763725556707,0.976349255408713,0.07002884488787457,0.04901457542828354,1.375373177895334,0.38302791554544663,-0.08103568070746225,-0.03343972264134598,0
2025-10-15 00:00:00+00:00,4125.361328125,4213.85595703125,3935.161376953125,3987.45947265625,50462889453,4253.49755859375,4338.172900390625,42.925822173370925,-70.54623622201598,-36.06544073315982,-34.48079548885616,4759.805674781782,4253.49755859375,3747.1894424057186,-0.03343972264134598,-0.06077264380512404,0.03758791392954075,0.9374542756231287,0.9191564200443013,0.9804813354052232,0.06952451176533918,0.046978141549511535,1.0544406896766498,0.2372764948540746,-0.11692446006990365,-0.023249158708877005,0
2025-10-16 00:00:00+00:00,3987.14892578125,4079.648193359375,3829.654052734375,3894.75439453125,49147390731,4246.440881347657,4326.000126953125,40.918418204412106,-88.2268056748253,-46.497713721492914,-41.729091953332386,4769.1865361165455,4246.440881347657,3723.6952265787677,-0.023249158708877005,-0.055911435931353504,0.03843181824839115,0.917180882380542,0.9003130559948438,0.9816090514862044,0.06912718807321662,0.04629316268721112,1.025587891253586,0.16361605915988844,-0.16916718156740085,-0.015969057439913503,0
2025-10-17 00:00:00+00:00,3894.377685546875,3950.56689453125,3678.620361328125,3832.558837890625,57404271888,4237.135913085937,4312.507749023437,39.58107087577908,-106.03513890206386,-58.4051987576071,-47.62994014445676,4783.064593933091,4237.135913085937,3691.2072322387844,-0.015969057439913503,-0.038846948997938724,-0.07969135680876016,0.9045163800514825,0.8887076988461073,0.9825225042309622,0.05138131863795456,0.04641374358024317,1.153338331613831,0.1294597725040715,-0.13897369437488694,0.015078008181977465,1
2025-10-18 00:00:00+00:00,3833.009521484375,3927.24560546875,3822.266357421875,3890.34619140625,23815676385,4224.57939453125,4303.111616210937,41.49436272758917,-114.16934170390141,-69.55802734686597,-44.61131435703544,4790.941779592553,4224.57939453125,3658.2170094699472,0.015078008181977465,-0.001131830836673453,-0.08364722122097579,0.9208836734000864,0.9040774533363967,0.9817498989838338,0.05036050635860904,0.04598080838544989,0.4788852098407559,0.2049299071222546,-0.1407577985215187,0.024240379173758653,1
2025-10-19 00:00:00+00:00,3890.58349609375,4029.35546875,3843.77294921875,3984.649658203125,32870655221,4212.944787597657,4295.32154296875,44.578717367125385,-111.71843382178486,-77.99010864184976,-33.7283251799351,4789.403446770554,4212.944787597657,3636.486128424759,0.024240379173758653,0.03968388399125233,-0.03412082173608599,0.9458110322103908,0.9276720306832021,0.9808217488383517,0.024675095477608728,0.04613807533820639,0.6647653546552803,0.3019848208004289,-0.08800212024891352,-0.0009760969295927735,0
2025-10-20 00:00:00+00:00,3984.6962890625,4084.15966796875,3911.726318359375,3980.76025390625,40224612563,4204.684924316406,4287.1363671875,44.474577136491874,-108.83532817347532,-84.15915254817487,-24.676175625300445,4789.853301167705,4204.684924316406,3619.5165474651076,-0.0009760969295927735,0.02324062128448201,-0.0016800719345085868,0.946744007115691,0.9285359533636103,0.9807677116356379,0.022247102885514337,0.046000733214450105,0.8114008905931513,0.3086664631340295,0.035844691595762423,-0.02612468149719649,0
2025-10-21 00:00:00+00:00,3980.740478515625,4109.533203125,3843.227783203125,3876.76416015625,49960290350,4180.967517089844,4278.38224609375,41.671417319974935,-113.63218076327848,-90.0537581911956,-23.578422572082886,4779.447236792191,4180.967517089844,3582.4877973874964,-0.02612468149719649,-0.02707527820539335,-0.00461909341453226,0.9272409183543875,0.906128517080449,0.9772309430526345,0.021947973951562335,0.04472126011021954,1.0039402214514466,0.2458532453824095,0.03363520467527925,-0.017705963754152787,0
2025-10-22 00:00:00+00:00,3877.363037109375,3890.63232421875,3718.0771484375,3808.122314453125,46173305673,4146.97744140625,4268.037377929688,39.88453018801316,-121.57114776849357,-96.3572361066552,-25.21391166183838,4749.259110796496,4146.97744140625,3544.6957720160044,-0.017705963754152787,-0.04336808258767111,-0.006376033472965448,0.9182886495668472,0.8922420253733448,0.9716356897084719,0.019671909053935063,0.04396917584890245,0.9296170112504637,0.21869048638307007,-0.08555927552320697,0.01257944172448533,1
2025-10-23 00:00:00+00:00,3808.0849609375,3930.974853515625,3801.241455078125,3856.0263671875,36361652714,4114.035229492188,4256.150122070312,41.76141513189492,-122.58430406136404,-101.60264969759697,-20.981654363767063,4703.528072180035,4114.035229492188,3524.54238680434,0.01257944172448533,-0.005349253168888679,-0.008821791822682057,0.9372856944794479,0.9059892758932618,0.9666095206930821,0.019208889426538395,0.044097912477779465,0.74196733160534,0.2811603096584921,-0.09173109467150053,0.0203683813713873,1
2025-10-24 00:00:00+00:00,3856.033203125,4002.561767578125,3849.724853515625,3934.5673828125,34090708715,4086.3037353515624,4248.866586914062,44.80416765538422,-115.71573519183084,-104.42526679644375,-11.290468395387094,4653.237323645836,4086.3037353515624,3519.3701470572887,0.0203683813713873,0.03320404596235593,-0.012568802702019655,0.9628670890941473,0.9260275187106224,0.9617397138184636,0.019482004699362256,0.04451925496344064,0.6870356126482772,0.3661780183146409,-0.046260766561673994,0.004804483597282472,1
2025-10-25 00:00:00+00:00,3934.489990234375,3967.6455078125,3914.640625,3953.470947265625,15245229017,4058.2061401367187,4241.79623046875,45.54165090746279,-107.50770332694083,-105.04175410254317,-2.4659492243976615,4590.218581790392,4058.2061401367187,3526.1936984830454,0.004804483597282472,0.0252707245228716,-0.006855300219059002,0.9741917514156723,0.9320275497601489,0.9567187860149182,0.01887922778831316,0.044505797202748866,0.31669695956821975,0.40156697036488326,-0.008523854756066873,0.051731330083082616,1
2025-10-26 00:00:00+00:00,3953.437255859375,4177.310546875,3923.192626953125,4157.9892578125,29120786315,4031.7170288085936,4239.471171875,52.877455963775844,-83.53689913473272,-100.74078310898109,17.20388397424837,4477.5155597454905,4031.7170288085936,3585.9184978716967,0.051731330083082616,0.056784356007214765,0.07254119312868279,1.031319715173865,0.9807801702714579,0.9509952693051282,0.025768628775410182,0.0453051178072554,0.6150809537359907,0.6416247702056475,0.06758702516668746,-0.009107091228975794,0
2025-10-27 00:00:00+00:00,4158.0107421875,4250.669921875,4099.56982421875,4120.1220703125,40271333201,4015.1655395507814,4235.76666015625,51.49434077723004,-66.82511138716518,-93.95764876461791,27.132537377452735,4417.89528045611,4015.1655395507814,3612.4357986454525,-0.009107091228975794,0.042153116911643806,0.08193007737047453,1.026140025791679,0.9726980735432004,0.9479194350622395,0.026332697453213746,0.044046259729563414,0.863927786741027,0.6303064066311297,0.07503165498175224,-0.03346008122768285,0
2025-10-28 00:00:00+00:00,4120.27490234375,4173.50537109375,3940.834228515625,3982.262451171875,39684155177,3987.8962646484374,4229.250463867187,46.70465849315469,-63.967639192885144,-87.95964685027137,23.992007657386225,4310.380221304545,3987.8962646484374,3665.41230799233,-0.03346008122768285,-0.0422624484443892,0.03273734979059517,0.998587271808822,0.941600050693269,0.9429321575345865,0.02788802267616008,0.04428429697908206,0.8520372295047764,0.49126497092292526,0.023626755883234152,-0.01981522433432381,0
2025-10-29 00:00:00+00:00,3980.759033203125,4036.35302734375,3849.538818359375,3903.35302734375,35255876156,3964.60673828125,4221.136694335937,44.17203245647327,-67.29467183387987,-83.82665184699307,16.5319800131132,4234.082079589004,3964.60673828125,3695.1313969734956,-0.01981522433432381,-0.0526122865462354,-0.007933364060583759,0.9845498645941224,0.9247160918956735,0.9392272805571761,0.028173749114181166,0.04387920074278406,0.7673787721179742,0.3863463524338855,-0.020402453874962645,-0.025357117972616416,0
2025-10-30 00:00:00+00:00,3903.322509765625,3948.22265625,3681.909423828125,3804.375244140625,39981939289,3962.6750610351564,4210.241279296875,41.15728382915702,-77.03009410916638,-82.46734029942775,5.437246190261362,4236.341781467179,3962.6750610351564,3689.0083406031335,-0.025357117972616416,-0.04466988532584093,-0.03771260877182381,0.9600522842634542,0.9036002907595758,0.9411990425634078,0.029820169925489675,0.03491784130595612,0.9286135996951494,0.21077992851189203,-0.04430937773570798,0.01122525392067275,1
2025-10-31 00:00:00+00:00,3805.082763671875,3900.580322265625,3797.669189453125,3847.080322265625,37800100395,3967.498498535156,4197.958217773437,42.96597422462539,-80.37305297459943,-82.04848283446209,1.6754298598626605,4228.536874527271,3967.498498535156,3706.460122543042,0.01122525392067275,-0.014416504139882713,-0.07477386695088362,0.9696488413759978,0.916417011007338,0.9451019502141412,0.028885817828319896,0.03452522868069706,0.9038383462670635,0.2693477523910717,-0.007656859345663292,0.007046295825625215,1
2025-11-01 00:00:00+00:00,3847.17138671875,3906.7802734375,3832.634765625,3874.18798828125,17490279524,3952.9865112304688,4181.137055664062,44.13971437751236,-79.91381316735806,-81.62154890104128,1.7077357336832222,4199.812118599681,3952.9865112304688,3706.1609038612564,0.007046295825625215,0.018350646206140686,-0.05969096979027044,0.9800660784636246,0.9265871787276149,0.9454333734110618,0.02899709365382047,0.023357667463700195,0.44127864527617283,0.3403761186104398,0.0173486218069685,0.009518186585722344,1
2025-11-02 00:00:00+00:00,3873.894287109375,3914.87548828125,3839.997314453125,3911.063232421875,20479611654,3936.2662841796873,4165.9947265625,45.77452978600786,-75.70169625682183,-80.4375783721974,4.73588211537556,4141.464332217937,3936.2662841796873,3731.0682361414374,0.009518186585722344,0.016631550369754056,-0.017879087484313883,0.993597218801201,0.9388065730100007,0.9448562810418224,0.018216156046265166,0.022948949774405532,0.5368639266932491,0.43858847099482556,0.014272948365370741,-0.0789440386423853,0
2025-11-03 00:00:00+00:00,3911.747802734375,3912.63330078125,3560.263671875,3602.30810546875,53091469560,3910.111083984375,4145.848935546875,36.21706372351117,-96.1689458843507,-83.58385187462807,-12.585094009722638,4145.001726785094,3910.111083984375,3675.220441183655,-0.0789440386423853,-0.07017725614629178,-0.07712469760386043,0.9212802470558008,0.8688951675451179,0.9431388226567392,0.032267751460145044,0.02802348173707643,1.4177910136886136,-0.15520485372583287,-0.0844462033602904,-0.08598199640611282,0
2025-11-04 00:00:00+00:00,3602.040771484375,3652.687255859375,3063.0869140625,3292.574462890625,76827517773,3875.366833496094,4121.164018554688,29.551244474646893,-135.8166947624718,-94.03042045219681,-41.78627431027499,4234.693722694496,3875.366833496094,3516.0399442976923,-0.08598199640611282,-0.1581382690016645,-0.13452952151296294,0.8496162052148976,0.7989428346133496,0.9403573398311879,0.04118834996105877,0.03275703094993746,1.981886462044589,-0.31095012386295595,-0.16716867107170774,0.040271429297028094,1
2025-11-05 00:00:00+00:00,3292.148193359375,3479.8095703125,3170.513916015625,3425.171142578125,46955882330,3851.8876708984376,4099.59615234375,35.061497221148386,-154.75446436698257,-106.17522923515396,-48.57923513182861,4263.450794982377,3851.8876708984376,3440.3245468144974,0.040271429297028094,-0.049173184998170805,-0.10966996900107062,0.8892188545517002,0.8354898910274237,0.9395773456115435,0.04834262832236363,0.03434420021023588,1.214734372052316,-0.018409574801072012,-0.17624338828136066,-0.03296574838976807,0
2025-11-06 00:00:00+00:00,3425.361083984375,3454.3359375,3245.28173828125,3312.2578125,36731850433,3825.8726196289062,4073.986640625,32.71488745028957,-176.83549577997474,-120.30728254411812,-56.52821323585661,4303.116041284825,3825.8726196289062,3348.6291979729876,-0.03296574838976807,0.005978103101757837,-0.1450446332188814,0.8657522457768798,0.8130261840995774,0.9390979787410324,0.048634431458264286,0.03481537680136987,0.9763488239049122,-0.038105695985067516,-0.1960777481894428,0.037147836870148554,1
2025-11-07 00:00:00+00:00,3312.029296875,3471.804931640625,3195.896728515625,3435.301025390625,42609994022,3803.120361328125,4050.8942822265626,37.61480826245501,-182.30481684696997,-132.7067894046885,-49.59802744228148,4309.895951714241,3803.120361328125,3296.344770942009,0.037147836870148554,0.0029574822368949594,-0.12164523526167603,0.9032848553315178,0.8480352203865517,0.9388347600218663,0.05213986012900313,0.03587489795922558,1.1049919207981702,0.13709840912300486,-0.13734941694269642,-0.01016651774327515,0
2025-11-08 00:00:00+00:00,3435.1474609375,3482.268310546875,3357.713134765625,3400.3759765625,23613870398,3773.9066772460938,4029.4834619140624,36.7957186650263,-187.29839346584004,-143.6251102169188,-43.67328324892122,4303.47124264251,3773.9066772460938,3244.3421118496767,-0.01016651774327515,0.026603654984208802,-0.05605631805888345,0.9010228040519095,0.843873913046729,0.9365733134076282,0.05133510470913233,0.03518827104331314,0.6198106481718673,0.14732279584834082,-0.12885768908366668,0.053595650182295396,1
2025-11-09 00:00:00+00:00,3400.0986328125,3616.43701171875,3359.717529296875,3582.621337890625,28821543888,3753.9997314453126,4011.490576171875,43.686793403561346,-174.53819369130497,-149.80772691179604,-24.73046677950893,4280.749334685399,3753.9997314453126,3227.2501282052262,0.053595650182295396,0.04288425131047968,0.08809121198898007,0.954347787476078,0.8930898053634428,0.9358116790162615,0.057505727798911825,0.037728237344303146,0.7679934944995823,0.3373246106873902,-0.058289178122357455,-0.003952797579624412,0
2025-11-10 00:00:00+00:00,3583.44482421875,3656.14892578125,3508.98583984375,3568.4599609375,35638045619,3738.584521484375,3993.833193359375,43.291809060865695,-163.6815294232856,-152.58248741409395,-11.099042009191663,4268.243948099374,3738.584521484375,3208.925094869375,-0.003952797579624412,0.04943099984635202,0.04183406095484088,0.9544949272728149,0.8934924890881394,0.9360893008001919,0.04911257284951258,0.03738564482531429,0.968102690504794,0.33940193263988183,-0.07242384821433612,-0.04292544572498369,0
2025-11-11 00:00:00+00:00,3568.47265625,3644.5283203125,3404.86181640625,3415.2822265625,39734688531,3718.942517089844,3978.0812890625,39.16681944667824,-165.5295857512101,-155.1719070815172,-10.357678669692916,4266.5754072785785,3718.942517089844,3171.3096269011094,-0.04292544572498369,-0.04670856770664211,0.031103984017699426,0.9183476783704189,0.8585249969508207,0.9348583517674355,0.038040255400899656,0.03830548615854129,1.0889101875947096,0.22275196032994718,-0.11845211515467513,-0.0006406464052173266,0
2025-11-12 00:00:00+00:00,3415.7958984375,3586.013916015625,3373.711669921875,3413.09423828125,34898956623,3696.7959106445314,3963.033095703125,39.109495857335034,-165.26565646075323,-157.1906569573644,-8.074999503388824,4256.772453504739,3696.7959106445314,3136.8193677843237,-0.0006406464052173266,-0.04353859209770494,-0.006464291468270877,0.9232574155510201,0.8612328375409884,0.9328198431279168,0.03488357269036024,0.03810480229488214,0.9583099292532874,0.2466843245663376,-0.12732317647348912,-0.05283685290035778,0
2025-11-13 00:00:00+00:00,3412.994873046875,3561.86083984375,3156.03076171875,3232.757080078125,50283416669,3661.7053955078127,3944.6188525390626,34.61295392411738,-177.56137511878387,-161.2648005896483,-16.29657452913557,4246.359155190054,3661.7053955078127,3077.0516358255722,-0.05283685290035778,-0.05344364956570147,-0.049294224415096566,0.8828555907430667,0.8195359807696685,0.9282786328394834,0.03862272612736862,0.039006550802282415,1.350730649835261,0.1331603890969406,-0.1025872897517014,-0.039895183075048135,0
2025-11-14 00:00:00+00:00,3232.295166015625,3252.660888671875,3071.970703125,3103.78564453125,47003809463,3619.2211303710938,3929.3278857421874,31.797297641048104,-195.45960111820204,-168.10376069535906,-27.355840422842988,4237.145354055916,3619.2211303710938,3001.2969066862715,-0.039895183075048135,-0.09062410005583676,-0.13365512238067112,0.8575838647949665,0.7899024298261111,0.9210789314639953,0.03623679268516234,0.03944958152613068,1.2109778311616022,0.08292985929068687,-0.05733775211073988,0.02024808099609965,1
2025-11-15 00:00:00+00:00,3104.230224609375,3227.690185546875,3104.230224609375,3166.63134765625,19932940649,3569.6532348632813,3911.94275390625,34.589551128795776,-202.24163547109947,-174.93133565050715,-27.31029982059232,4164.211192818605,3569.6532348632813,2975.0952769079577,0.02024808099609965,-0.020454902977206313,-0.11260561073401598,0.8870977485233332,0.809477936376811,0.9125013987740037,0.038502117172664156,0.03737676400089221,0.5196910818997029,0.16107434791301267,-0.07548229976247911,-0.023300450051277788,0
2025-11-16 00:00:00+00:00,3166.79345703125,3244.837646484375,3007.07275390625,3092.847412109375,30987886524,3518.289501953125,3893.4265380859374,32.88719282289412,-211.13634515906278,-182.1723375522183,-28.96400760684449,4089.6561421266156,3518.289501953125,2946.922861779635,-0.023300450051277788,-0.003524158455062043,-0.09440942008990494,0.8790770089819009,0.7943767223690477,0.9036486158238304,0.02664955512108499,0.03743665730334825,0.817812401933958,0.12769782138963479,-0.06624194516580217,-0.02208598894421776,0
2025-11-17 00:00:00+00:00,3092.941650390625,3218.13037109375,2957.3095703125,3024.538818359375,41026793235,3470.4033203125,3871.087783203125,31.348942027206164,-221.14814119482753,-189.96749828074016,-31.18064291408737,4038.565887900725,3470.4033203125,2902.240752724275,-0.02208598894421776,-0.04487182551326774,-0.11384257005383536,0.8715237219422162,0.7813149656494551,0.896493056905292,0.0256383308796984,0.03720410387128024,1.08083785858444,0.10762594423831827,-0.11957094996778128,0.03254717213392322,1
2025-11-18 00:00:00+00:00,3024.4140625,3167.9326171875,2948.329345703125,3122.97900390625,41581494270,3431.384619140625,3849.20052734375,35.995113538372365,-218.61915586646137,-195.6978297978844,-22.921326068576974,3981.2459157618205,3431.384619140625,2881.5233225194297,0.03254717213392322,0.009742346705789995,-0.03395803441229239,0.9101221082842023,0.8113318549453048,0.8914538473028188,0.031166462628752258,0.038517802352924096,1.0863990566873751,0.21956053542095488,-0.08157832385837394,-0.031991314382848524,0
2025-11-19 00:00:00+00:00,3122.64599609375,3122.64599609375,2871.22802734375,3023.07080078125,40229739844,3392.3193969726562,3826.74279296875,33.515908706131555,-222.11625586285345,-200.98151501087824,-21.13474085197521,3941.6207144361565,3392.3193969726562,2843.018079509156,-0.031991314382848524,-0.00048536906493445997,-0.026005289344712468,0.8911515830375737,0.7899853646646527,0.8864769806859498,0.03146614019503056,0.03868185531797664,1.0507416498894406,0.1638924899211243,-0.15618467159547123,-0.0632777812683677,0
2025-11-20 00:00:00+00:00,3022.885498046875,3057.78857421875,2790.597900390625,2831.777587890625,43917885207,3341.5542602539062,3796.3560986328125,29.347896875666663,-237.5847670779358,-208.30216542428977,-29.282601653646026,3901.4573234669824,3341.5542602539062,2781.65119704083,-0.0632777812683677,-0.09324475625721074,-0.10574447196496795,0.8474432456695926,0.7459199069630053,0.8802004273143147,0.0336340986378727,0.04002299021287441,1.1379788414440755,0.044763454732805116,-0.20644266185162263,-0.023334590055091975,0
2025-11-21 00:00:00+00:00,2829.2646484375,2880.60302734375,2626.87158203125,2765.69921875,51476486049,3286.1298217773438,3761.9116064453124,28.050242595565848,-252.26766124253209,-217.09526458793823,-35.172396654593854,3843.4839686482464,3286.1298217773438,2728.775674906441,-0.023334590055091975,-0.08513581023796657,-0.10577573018264563,0.8416281062365751,0.735184530654975,0.8735265911477537,0.032418362786562356,0.039740537267693755,1.277579619365173,0.03312395184538868,-0.19019892492642076,0.0006899532357182991,1
2025-11-22 00:00:00+00:00,2766.090576171875,2795.4267578125,2704.502197265625,2767.607421875,15408928941,3228.95703125,3726.9663427734376,28.1490443231625,-260.7442867775576,-225.82506902586212,-34.91921775169547,3749.7876362686484,3228.95703125,2708.1264262313516,0.0006899532357182991,-0.022660736595286446,-0.08494894987783441,0.85712116794679,0.7425898619238599,0.8663767617625326,0.02949628778563163,0.039491027615568476,0.38485126476413567,0.05710205493926251,-0.18912071315420265,0.012309767363083646,1
2025-11-23 00:00:00+00:00,2767.594970703125,2856.446533203125,2767.472900390625,2801.676025390625,20358404499,3188.925427246094,3693.21591796875,29.997309783169698,-261.6963493889084,-232.9993250984714,-28.697024290437014,3712.000125102777,3188.925427246094,2665.850729389411,0.012309767363083646,0.013008213762625065,-0.10288348980692352,0.8785642967543799,0.7586006579684441,0.8634549124872143,0.03156468618811065,0.03708140616778852,0.5301390792520168,0.12983355585518003,-0.13334780313189576,0.05390964270915899,1
2025-11-24 00:00:00+00:00,2801.204345703125,2982.822021484375,2763.3779296875,2952.71337890625,32491657389,3171.932373046875,3661.961728515625,37.65422039638337,-247.4114089961122,-235.88174187799956,-11.529667118112627,3702.8524570669315,3171.932373046875,2641.0122890268185,0.05390964270915899,0.06688302523261935,-0.02327349457274297,0.9308878726408505,0.8063201086765949,0.8661839222259203,0.04007747903034618,0.0355183555312941,0.8979263638513608,0.2935480303544671,-0.04867354995702855,0.0017688477411781367,1
2025-11-25 00:00:00+00:00,2952.58447265625,2978.704345703125,2857.8359375,2957.936279296875,23336017779,3148.5706298828127,3627.3650244140626,37.90714584509526,-232.98335926693562,-235.3020653557868,2.3187060888511724,3673.659229333799,3148.5706298828127,2623.4820304318264,0.0017688477411781367,0.055773848400070936,0.04455105935781667,0.9394536845460466,0.8154504052910081,0.8680049040257285,0.037142362821468586,0.033953989270000456,0.6666629750527752,0.3184741100975549,-0.0659044408544236,0.023623136478952533,1
2025-11-26 00:00:00+00:00,2958.32958984375,3043.927001953125,2889.890625,3027.81201171875,21433162961,3134.34833984375,3598.8982275390626,41.33605550840467,-213.4501181831647,-230.9316759212624,17.481557738097706,3656.1679006070635,3134.34833984375,2612.528779080437,0.023623136478952533,0.025433769951731078,0.09477270383986869,0.9660100548587044,0.8413163752588738,0.8709188595163545,0.03688584775325383,0.03401286604455243,0.6259815955529667,0.39791842225197566,-0.021027678292822594,-0.0043826285579375845,0
2025-11-27 00:00:00+00:00,3027.799072265625,3070.73193359375,2987.19775390625,3014.542236328125,16972780500,3113.310400390625,3568.63611328125,40.874431878161154,-196.77237442295882,-224.0998156216017,27.327441198642873,3617.677318219374,3113.310400390625,2608.9434825618764,-0.0043826285579375845,0.019136976488454138,0.0892232086463447,0.9682755166172613,0.8447323124677868,0.872409038513045,0.024451568099655124,0.03261202421355646,0.5149910913026586,0.40208699205760007,-0.0033051591107277067,0.0058921738820569836,1
2025-11-28 00:00:00+00:00,3014.543701171875,3095.033203125,2995.76513671875,3032.304443359375,20659958964,3094.9068237304687,3541.8993310546875,41.81116675147982,-180.0464176462533,-215.28913602653202,35.24271838027872,3581.725698386023,3094.9068237304687,2608.0879490749144,0.0058921738820569836,0.001483722114595576,0.08231801817149598,0.9797724506950954,0.8561238363757876,0.8737986414788599,0.020067181271950667,0.03270173460852616,0.629690004746667,0.435702595328306,-0.029034636618900933,-0.013395469150188521,0
2025-11-29 00:00:00+00:00,3032.29541015625,3051.962890625,2966.850830078125,2991.685302734375,12775481230,3065.3600219726563,3524.872861328125,40.24105972390382,-168.13049785514522,-205.85740839225468,37.72691053710946,3496.037308560151,3065.3600219726563,2634.682735385162,-0.013395469150188521,-0.007582223701596225,0.013198681628408204,0.9759653943712395,0.8487356623714218,0.869637045807567,0.022152138981486772,0.029650818080534908,0.3991411534223907,0.41446644444376346,-0.010381992389580819,0.0001428111751458072,1
2025-11-30 00:00:00+00:00,2991.375244140625,3051.597900390625,2978.826171875,2992.112548828125,11530446514,3036.5426513671873,3509.702880859375,40.266468702873446,-156.84456388192484,-196.05483949018873,39.210275608263885,3396.8614346044815,3036.5426513671873,2676.223868129893,0.0001428111751458072,-0.013254570997733639,0.011554092551099071,0.9853681941470317,0.8525258833578202,0.865185103823851,0.022541788140599008,0.02969835515501396,0.3743402700425741,0.43834611931706857,0.056619898971985494,-0.06414317003534598,0
2025-12-01 00:00:00+00:00,2991.923095703125,2996.8818359375,2720.4365234375,2800.18896484375,36679598313,3005.78798828125,3482.41810546875,33.39695327725072,-161.52504893434434,-189.14888137901988,27.623832444675543,3333.521234964755,3005.78798828125,2678.054741597745,-0.06414317003534598,-0.06400951922169051,-0.07517740401121831,0.9315989603261858,0.8040932708356773,0.8631324261612913,0.02752172665462035,0.031332595166819466,1.1967518850527838,0.18633175682043523,0.012470533982845033,0.07062049558248629,1
2025-12-02 00:00:00+00:00,2800.22314453125,3032.76123046875,2784.390625,2997.939697265625,26593645111,2985.0302612304686,3457.4675439453126,43.99824191089095,-147.57636712769363,-180.83437852875466,33.258011401061026,3250.8908041748123,2985.0302612304686,2719.169718286125,0.07062049558248629,0.001947503091012548,-0.005507482649413031,1.004324725347955,0.8670912045192126,0.8633574207971462,0.04050698626326722,0.036074944981307526,0.8795932268631045,0.5242785858559292,0.08322433072338686,0.06458838390069488,1
2025-12-03 00:00:00+00:00,2997.801513671875,3212.559814453125,2988.14208984375,3191.57177734375,29949301036,2982.97099609375,3438.7907373046874,52.04692643026721,-119.51969702077895,-168.57144222715954,49.05174520638059,3241.283207856985,2982.97099609375,2724.6587843305147,0.06458838390069488,0.1397701431631202,0.05252353019274314,1.0699305429128096,0.9281087513470777,0.8674476651730755,0.04655445823045797,0.03754977248713266,1.0250529510904347,0.9037764607141383,0.13916518127707622,-0.01793955301277983,0
2025-12-04 00:00:00+00:00,3188.343505859375,3238.555419921875,3071.31005859375,3134.31640625,27434991113,2984.4975341796876,3421.7278759765627,49.769170166846976,-100.74330762801628,-155.00581530733092,54.26250767931464,3246.1551415384156,2984.4975341796876,2722.8399268209596,-0.01793955301277983,0.04549014415091879,0.047675837891526074,1.0501990269231338,0.9160039955998736,0.8722194290005925,0.047451818430176616,0.03663091167994985,0.9715325503979687,0.7862880112346846,0.06150377772563198,-0.03505821706537382,0
2025-12-05 00:00:00+00:00,3134.357421875,3192.45703125,2989.83154296875,3024.432861328125,28000268228,2977.3876098632813,3404.3214453125,45.64090556626421,-93.6500282670213,-142.734657899269,49.0846296322477,3225.5888972082344,2977.3876098632813,2729.1863225183283,-0.03505821706537382,-0.052368841334575866,0.010801837154373883,1.0158008488075236,0.8884098960433205,0.8745906218588508,0.05000052117897808,0.03719450001595376,0.9775863195675057,0.5947723760180575,0.0224807351316767,0.005215821632364781,1
2025-12-06 00:00:00+00:00,3024.487548828125,3067.661376953125,3013.98193359375,3040.207763671875,10962819760,2974.7556274414064,3388.474423828125,46.32918378667016,-85.7669821047225,-131.3411227403597,45.57414063563721,3218.8847065860195,2974.7556274414064,2730.6265482967933,0.005215821632364781,-0.030025252839970817,0.08571521488069211,1.0220025253929057,0.8972202187193149,0.8779041112196679,0.0496202087827131,0.036865617949455524,0.3966145406317213,0.6340523145784225,0.0040939635304797495,0.0069383396729270075,1
2025-12-07 00:00:00+00:00,3040.17919921875,3148.7734375,2930.645263671875,3061.3017578125,20383496376,2976.5937744140624,3371.89353515625,47.29026366065894,-76.9306930477751,-120.45903680184279,43.52834375406769,3222.845496501488,2976.5937744140624,2730.342052326637,0.0069383396729270075,0.012190350447450315,0.02113520182032569,1.0284580261258902,0.9078880237156249,0.8827662390224696,0.049613555433672206,0.036529089308230206,0.7660426163667974,0.6719947025758547,0.015511317413595238,0.02087224497595197,1
2025-12-08 00:00:00+00:00,3061.013671875,3177.86767578125,3043.703857421875,3125.197998046875,25262165670,2976.704724121094,3354.704501953125,50.19935537727079,-64.03383552807645,-109.17399654708953,45.14016101901308,3223.2359900654656,2976.704724121094,2730.1734581767223,0.02087224497595197,0.027955403374258614,-0.020796580471116988,1.049885120523543,0.9315866706672286,0.8873224817232165,0.039420210510502304,0.036093077649735045,0.9794246908758747,0.8011651957348236,0.03063463989934556,0.0626894655346446,1
2025-12-09 00:00:00+00:00,3124.942626953125,3395.838623046875,3092.87646484375,3321.114990234375,32012553374,2991.60693359375,3341.5115966796875,57.87609302225471,-37.57102372955933,-94.8534019835835,57.28237825402417,3282.058853906929,2991.60693359375,2701.155013280571,0.0626894655346446,0.08487018039264727,0.05959787072290723,1.1101441679855963,0.9938959941166807,0.8952855158624551,0.03767973810427208,0.037757013475557634,1.2612304106493828,1.067233393198664,0.11011508703769879,0.0012872624094455443,1
2025-12-10 00:00:00+00:00,3321.2041015625,3446.622802734375,3290.14697265625,3325.39013671875,30694387989,3016.287561035156,3330.4841162109374,58.02813502449653,-16.06885438177369,-79.09649246322154,63.02763808144785,3332.316923457509,3016.287561035156,2700.2581986128034,0.0012872624094455443,0.06405742573654116,0.09950866466199715,1.102477820641714,0.9984704987880312,0.9056603952421067,0.030867699879242535,0.034166649904925406,1.24164079367896,0.9890409127087665,0.11138537820749916,-0.026563274780229462,0
2025-12-11 00:00:00+00:00,3324.38671875,3327.344482421875,3149.034423828125,3237.056884765625,29066243707,3039.8554443359376,3319.0628076171874,53.714123224280534,-6.085831779264481,-64.49436032643013,58.408528547165645,3347.3888655861097,3039.8554443359376,2732.3220230857655,-0.026563274780229462,-0.02531020627588021,0.06474857522763555,1.0648719796190067,0.9752924462100083,0.9158776499677939,0.0321415385868171,0.03433277637224463,1.2316040326080722,0.8206179016707067,0.15601372814718317,-0.0472294070775402,0
2025-12-12 00:00:00+00:00,3237.025634765625,3265.37255859375,3050.267333984375,3084.172607421875,24391003174,3055.683703613281,3303.625732421875,47.1768723713793,-10.390917884158625,-53.67367183797583,43.282753953817206,3335.561185834114,3055.683703613281,2775.806221392448,-0.0472294070775402,-0.07253811413986166,0.007470955632194132,1.0093232502352605,0.9335720378836255,0.9249485114565842,0.03488525435406291,0.036506331358887804,1.014203419510118,0.5508953124462425,0.028764057607596927,0.01054503402301843,1
2025-12-13 00:00:00+00:00,3084.129638671875,3134.849365234375,3080.07861328125,3116.6953125,9916869400,3071.43466796875,3287.268291015625,48.60970765357142,-11.051029750602993,-45.14914342050126,34.09811366989827,3325.378230811126,3071.43466796875,2817.4911051263744,0.01054503402301843,-0.03718240875904155,-0.002720686993972543,1.014735994551101,0.9481110261119194,0.9343425592499505,0.03499161942588105,0.03649255379677052,0.42150401940882964,0.5891155578520088,-0.023460686479082504,-0.018000022559953033,0
2025-12-14 00:00:00+00:00,3116.743896484375,3128.622802734375,3034.692626953125,3060.5947265625,15619543350,3076.8287353515625,3269.4107666015625,46.27780546040906,-15.917534168037946,-39.3028215700086,23.38528740197065,3324.6638557813185,3076.8287353515625,2828.9936149218065,-0.018000022559953033,-0.007644799387244494,-0.07844361439996084,0.9947237853694813,0.9361303748760454,0.9410957982957332,0.035909253658733466,0.035033890315028106,0.6885789381913654,0.4672483690751495,-0.023520816067099992,-0.03150094334836495,0
2025-12-15 00:00:00+00:00,3060.4814453125,3175.1181640625,2899.685791015625,2964.18310546875,28765976892,3077.141076660156,3245.5346435546876,42.50412539808243,-27.239881657346814,-36.890233587476246,9.650351930129432,3324.3602819887446,3077.141076660156,2829.9218713315677,-0.03150094334836495,-0.048933948217387724,-0.10862094864045413,0.9632912601738729,0.9133111893768646,0.9481153075260051,0.03641324105575196,0.035844600171371366,1.2531336442043854,0.2715428883422115,-0.019921009531987943,-7.412718940891239e-07,0
2025-12-16 00:00:00+00:00,2964.379638671875,2978.92138671875,2890.01171875,2964.180908203125,22709189818,3073.959521484375,3222.4158203125,42.50404033122372,-35.8004160059736,-36.67227007117572,0.8718540652021147,3325.4525540084696,3073.959521484375,2822.46648896028,-7.412718940891239e-07,-0.03150166126949516,-0.08429755369660652,0.9642875540442253,0.9198629455324819,0.9539301235140634,0.020778840171605233,0.035436723952131904,0.9865395663136934,0.2817462134448352,-0.025007124966001326,-0.04479394067431908,0
2025-12-17 00:00:00+00:00,2964.01953125,3025.8154296875,2791.333984375,2831.403564453125,26159825528,3064.802587890625,3199.398642578125,37.606097842579004,-52.69133027049975,-39.876082111040525,-12.815248159459223,3337.8198537984554,3064.802587890625,2791.785321982795,-0.04479394067431908,-0.0447946487417239,-0.08195684066464914,0.9238453320420423,0.8849799230306405,0.9579308270947317,0.021696892997102857,0.03679747529655049,1.1142087446111806,0.07255629481636003,-0.0750981809528154,-0.001530856537254932,0
2025-12-18 00:00:00+00:00,2831.48828125,2994.552734375,2777.11962890625,2827.069091796875,29194181349,3054.5408203125,3177.8729638671875,37.454363856732115,-65.67025145579191,-45.03491597999081,-20.635335475801106,3347.4077880778814,3054.5408203125,2761.6738525471183,-0.001530856537254932,-0.04625622411466335,-0.09292734504445566,0.9255299758959015,0.8896104796953823,0.9611903480859715,0.02294383723585586,0.03674586217024995,1.2212532926406598,0.11164666290079098,-0.09539520581938132,0.05337740480626607,1
2025-12-19 00:00:00+00:00,2827.410400390625,3014.6123046875,2811.3916015625,2977.970703125,27870687989,3053.855090332031,3161.344873046875,45.672718223301985,-63.052807589537224,-48.638494301900096,-14.414313287637128,3347.405158179299,3053.855090332031,2760.305022484763,0.05337740480626607,0.051764835119921804,-0.026996068025739173,0.9751512809342959,0.941994885947024,0.9659987166755248,0.031989805823140836,0.03871896058693144,1.1302046438630562,0.37074711349323697,-0.10332201327517387,-0.00013035171680586544,0
2025-12-20 00:00:00+00:00,2977.869140625,2992.31005859375,2967.838623046875,2977.58251953125,7612418215,3053.1285888671873,3143.9549169921875,45.65609885042191,-60.314519404485964,-50.973699322417275,-9.340820082068689,3347.393098814857,3053.1285888671873,2758.864078919518,-0.00013035171680586544,0.053240095253105135,0.004520440737206366,0.9752561783308421,0.9470818119681864,0.9711108045366333,0.03139881590376883,0.03871913243117254,0.31116870440794914,0.37163577872613307,-0.10459152246439596,0.008070725107488519,1
2025-12-21 00:00:00+00:00,2977.508544921875,3009.80712890625,2945.394775390625,3001.61376953125,11178096676,3063.1998291015625,3126.5034326171876,46.94322898043369,-55.564769180818985,-51.89191329409762,-3.672855886721365,3333.8547207344895,3063.1998291015625,2792.5449374686355,0.008070725107488519,0.00793932135780917,0.012628399712221627,0.9798948606012505,0.9600545255178585,0.9797525878733375,0.0312956789217905,0.03562047517118736,0.4820454940151142,0.38622769904739435,-0.07273369718722811,0.0014858543703297755,1
2025-12-22 00:00:00+00:00,3001.61279296875,3073.353759765625,2965.175048828125,3006.07373046875,20342034264,3063.6065307617187,3108.403642578125,47.19320642258619,-50.85445780052896,-51.684422195383895,0.8299643948549331,3333.8726890287144,3063.6065307617187,2793.340372494723,0.0014858543703297755,0.009568571399991121,0.06169031084389487,0.9812205648097166,0.9670795932974451,0.9855883865265157,0.028538160682573335,0.03199233154169022,0.8892186178359323,0.39356270007706246,-0.02532247279714006,-0.014204477620910372,0
2025-12-23 00:00:00+00:00,3006.073974609375,3033.1962890625,2902.3330078125,2963.3740234375,21453213168,3052.196643066406,3095.6249609375,45.00686832430666,-49.99074935635008,-51.345687627577135,1.3549382712270557,3318.9611845802615,3052.196643066406,2785.4321015525506,-0.014204477620910372,-0.01273972903573195,0.04821422017457322,0.9708987886377891,0.9572781137350862,0.9859710661274866,0.029230057509810583,0.02834325930541762,0.9555359236799322,0.3335186919429981,-0.0491935443440944,-0.006001080904730394,0
2025-12-24 00:00:00+00:00,2962.922607421875,2975.171142578125,2888.988037109375,2945.590576171875,13984770325,3042.7603515625,3088.685283203125,44.090730382098506,-50.16298213088794,-51.1091465282393,0.9461643973513603,3310.6433185225133,3042.7603515625,2774.877384602487,-0.006001080904730394,-0.020120316306228347,-0.010873218772483595,0.9680652551750495,0.9536713216430864,0.9851312362931978,0.022044279201143956,0.02814425271147576,0.6421221591426048,0.31863390477318104,-0.03757575264458213,-0.014262330504439258,0
2025-12-25 00:00:00+00:00,2945.423095703125,2968.705078125,2891.10888671875,2903.57958984375,11828871179,3036.7176879882813,3078.2534521484376,41.91986182891085,-53.077568175508986,-51.50283085769324,-1.574737317815746,3311.6994905680426,3036.7176879882813,2761.73588540852,-0.014262330504439258,-0.020177822009922575,-0.024853359798454933,0.9561572355997535,0.9432555294682523,0.9865067107677028,0.023248659024525487,0.027257055754480293,0.5640741883027396,0.25791471127273363,-0.02044526720133788,0.007634030664264602,1
2025-12-26 00:00:00+00:00,2903.625,2991.219970703125,2894.15380859375,2925.74560546875,18562196049,3030.994580078125,3070.5232080078126,43.50052766491217,-52.98797402185846,-51.79985949052629,-1.1881145313321753,3310.3994943249245,3030.994580078125,2751.589665831326,0.007634030664264602,-0.006737178908589492,-0.025275791586719665,0.9652757628465761,0.9528492075352214,0.9871264194237,0.009341169080591653,0.02729462431778418,0.8694079748127724,0.3116551119132994,-0.012966584673698045,0.0076058169600530245,1
2025-12-27 00:00:00+00:00,2925.7451171875,2957.300537109375,2917.271240234375,2947.998291015625,7378783299,3025.3294067382812,3060.7771533203127,45.11541522132272,-50.538784609739196,-51.54764451436887,1.0088599046296736,3306.734426405666,3025.3294067382812,2743.9243870708965,0.0076058169600530245,0.015297910664217484,-0.01931936627651143,0.9744387782862859,0.9631535206075535,0.9884187104103356,0.010093752333498606,0.027305975610934986,0.3564603684297092,0.3625981942076582,0.04117912685647829,0.0001932919094582708,1
2025-12-28 00:00:00+00:00,2947.898193359375,2957.138671875,2925.745361328125,2948.568115234375,9227601389,3016.497912597656,3051.74099609375,45.15864164000597,-47.998507387811514,-50.8378170890574,2.839309701245888,3295.7847426204175,3016.497912597656,2737.2110825748946,0.0001932919094582708,0.007800579012394504,-0.00499630086719538,0.977480575378624,0.9661921241050807,0.9884514827630506,0.009269766371989074,0.026799779490637023,0.46373532652918953,0.3783870378747453,0.042977026557308395,-0.004758168917232131,0
2025-12-29 00:00:00+00:00,2948.55908203125,3051.94189453125,2908.748046875,2934.538330078125,25957694515,2997.169079589844,3038.7793359375,44.23488291174759,-46.580455304601855,-49.986344732166295,3.405889427564439,3238.6378820793893,2997.169079589844,2755.7002771002985,-0.004758168917232131,-0.004565796723329463,-0.0037521324868283745,0.9791033645922005,0.9656964213799304,0.9863069174337337,0.009120734478553785,0.02196330489762949,1.3246641755521815,0.3703129578935345,-0.01458455350191934,0.01256702548089339,1
2025-12-30 00:00:00+00:00,2934.416259765625,3002.8046875,2916.330078125,2971.416748046875,18816704381,2979.47041015625,3026.8384716796877,47.28726688470205,-41.996746338146295,-48.3884250533623,6.391678715216003,3165.0723495049174,2979.47041015625,2793.868470807583,0.01256702548089339,0.0077490605336358875,0.02336328524983733,0.9972969484503278,0.9816898971810486,0.984350647724802,0.009441876209027436,0.02230085745658467,0.990259296551878,0.4783039386936422,-0.0020707306830057837,-0.0014737583994245407,0
2025-12-31 00:00:00+00:00,2971.407470703125,3021.849609375,2959.143798828125,2967.03759765625,16451891101,2965.969445800781,3017.8735791015624,46.958571441039645,-38.27625989885746,-46.365992022461334,8.089732123603874,3106.4847692819694,2965.969445800781,2825.454122319593,-0.0014737583994245407,0.011074746322110585,0.01411332280917299,1.0003601358257352,0.9831550328027834,0.9828010909203714,0.009076271225494504,0.021744969325411007,0.895532175982351,0.5038008376204316,-0.011519194183467363,0.01124242223269234,1
2026-01-01 00:00:00+00:00,2966.997314453125,3006.01025390625,2966.84521484375,3000.394287109375,10268796662,2961.7805297851564,3009.619580078125,49.819844080554425,-32.26421968493378,-43.54563755495583,11.281417870022054,3092.0828370443187,2961.7805297851564,2831.478222525994,0.01124242223269234,0.00975209521907261,0.01777341467714999,1.0130373459261748,0.9969347312099456,0.9841046188662399,0.006703563818502471,0.019454002089734187,0.5813085583865478,0.6481698909882635,-0.0018893227074937569,0.04133734051066695,1
2026-01-02 00:00:00+00:00,3000.453125,3146.984375,2989.9013671875,3124.422607421875,25242778003,2962.16689453125,3007.452890625,58.73364184480594,-17.292251290862623,-38.29496030213719,21.00270901127457,3094.4342899854278,2962.16689453125,2829.899499077072,0.04133734051066695,0.05304449457935689,0.05964064091954069,1.0547760199434344,1.0388932831372022,0.9849420763214886,0.01549179293499351,0.021538920721908324,1.3695631386443927,1.1133624705222092,0.05434635746639893,0.00047844777570227315,1
2026-01-03 00:00:00+00:00,3124.310302734375,3135.025634765625,3077.4658203125,3125.91748046875,11460707919,2965.4330322265623,3007.89552734375,58.82856995930159,-5.2457647984256255,-31.685121201394878,26.439356402969253,3110.537362528451,2965.4330322265623,2820.3287019246736,0.00047844777570227315,0.04183556604499006,0.065216101772823,1.0541183855774647,1.0392373844277845,0.9858829887104869,0.015869010867275567,0.021102583139982336,0.628903368338755,1.0529967572583834,0.06121926983186854,0.004732360608502573,1
2026-01-04 00:00:00+00:00,3125.960205078125,3160.551025390625,3119.427490234375,3140.71044921875,13890479323,2974.2593994140625,3007.377109375,59.813741808464215,5.432212322981741,-24.261654496519554,29.693866819501295,3139.1676878845033,2974.2593994140625,2809.3511109436217,0.004732360608502573,0.005213072571611965,0.056974068441645764,1.055963864428731,1.0443354241901042,0.9889878426427804,0.015562193108303658,0.0196464873381982,0.7946704838459181,1.004677634303758,0.08166845510432896,0.027197643098951785,1
2026-01-05 00:00:00+00:00,3141.486328125,3261.245849609375,3134.0927734375,3226.13037109375,27211995956,2987.3568725585938,3010.0427685546874,65.01894261053695,20.55036808251134,-15.299249980713377,35.84961806322472,3186.8729009156536,2987.3568725585938,2787.840844201534,0.027197643098951785,0.03205871276229999,0.08732372439168445,1.079928012862639,1.0717888811403236,0.9924632645645143,0.015485469091194075,0.020350832445610038,1.5369939571797941,1.0983817453198297,0.10266947511209668,0.021640912864389295,1
2026-01-06 00:00:00+00:00,3226.116455078125,3303.5634765625,3184.0146484375,3295.94677734375,27853981622,3010.584033203125,3015.470927734375,68.59897344746526,37.73028471083262,-4.693343042404178,42.4236277532368,3239.63141587095,3010.584033203125,2781.5366505352995,0.021640912864389295,0.0494271377877622,0.09850455038664752,1.0947865068682412,1.0930122877424344,0.9983793925896272,0.015749816304131928,0.017045448278699648,1.5657633619825857,1.1229338681299643,0.1180287272854057,-0.03917016624496916,0
2026-01-07 00:00:00+00:00,3295.91259765625,3296.394287109375,3126.552001953125,3166.843994140625,22665982583,3027.5727783203124,3016.3482275390625,56.98508093731594,40.46156107623892,4.337637781324442,36.123923294914476,3249.6040393330813,3027.5727783203124,2805.5415173075435,-0.03917016624496916,-0.018376931535170837,0.013577352377998064,1.0460009472993015,1.0498933661662622,1.0037212383765146,0.02565811477360108,0.019954806723158254,1.297944399611466,0.8136297456156482,0.07402775529535277,-0.01972355629036915,0
2026-01-08 00:00:00+00:00,3166.924072265625,3179.866455078125,3052.509765625,3104.382568359375,22760237888,3033.8933715820312,3017.974462890625,52.36585352317114,37.157671715289325,10.901644568117419,26.256027147171906,3257.172905664986,3033.8933715820312,2810.6138374990765,-0.01972355629036915,-0.05812114755650255,-0.006889149263833327,1.0232339071101193,1.0286311585903838,1.0052746995997306,0.027906131687552318,0.01731712283837225,1.322695831065445,0.6578496593224594,0.057877669049471336,-0.006872686838344633,0
2026-01-09 00:00:00+00:00,3104.334716796875,3140.709228515625,3058.096923828125,3083.047119140625,18879517395,3039.1666015625,3022.999853515625,50.84960517418182,32.44373200233349,15.210062054960634,17.233669947372857,3261.8272373046707,3039.1666015625,2816.5059658203295,-0.006872686838344633,-0.026460689302991613,-0.018359963775861243,1.0144383389694942,1.0198634695781303,1.0053479155905594,0.023027544140453004,0.017430604906684938,1.0623888440138596,0.5985367652253905,0.03756806283303238,-0.00021119464663144072,0
2026-01-10 00:00:00+00:00,3083.16650390625,3099.16748046875,3075.135498046875,3082.39599609375,6960662969,3043.205712890625,3029.3337890625,50.80126117118806,28.32880381320365,17.83381040660924,10.49499340659441,3265.928873986146,3043.205712890625,2820.482551795104,-0.00021119464663144072,-0.007082430010307839,-0.04455318244044493,1.0128779605785834,1.0175161308479221,1.0045791995184585,0.02301827443314116,0.0173742267658957,0.39639434913937355,0.5879798109239238,0.038879992127037744,0.01183795263773435,1
2026-01-11 00:00:00+00:00,3082.407470703125,3141.9580078125,3080.747802734375,3118.88525390625,10497219711,3048.8462890625,3036.359345703125,53.47098028824363,27.692845840230802,19.80561749333355,7.887228346897253,3273.3170901825674,3048.8462890625,2824.3754879424328,0.01183795263773435,0.011624257878878774,-0.05372098986992635,1.0229722846622373,1.0271792297311286,1.0041124721871426,0.023504476631264315,0.017528185118942306,0.6150340751048288,0.6560090766689222,0.03949179856325857,-0.008515881935856728,0
2026-01-12 00:00:00+00:00,3118.828857421875,3166.219970703125,3068.07275390625,3092.3251953125,21152711365,3055.29384765625,3042.1723291015624,51.28931952690497,24.76024906942348,20.796543808551537,3.9637052608719436,3276.8160478029813,3055.29384765625,2833.7716475095185,-0.008515881935856728,0.003221260094852463,-0.023530934572717044,1.0121203882515777,1.0164858728518344,1.0043132068585223,0.02004690892840141,0.017296194333478808,1.2404333148834423,0.5835838295929738,-0.010273069985196503,0.07430339604003233,1
2026-01-13 00:00:00+00:00,3092.008544921875,3352.580078125,3088.512939453125,3322.095458984375,27237310134,3074.119091796875,3049.559970703125,64.70542599591045,40.509714239117784,24.739177894664785,15.770536344453,3319.1337638360055,3074.119091796875,2829.104419757745,0.07430339604003233,0.06515475515606561,0.07013081855438275,1.0806658297166207,1.0893687912024934,1.0080533327200276,0.03578842745845602,0.0234872166761615,1.5375015181402518,1.0060439138679345,0.0627585276135334,0.009821270239958713,1
2026-01-14 00:00:00+00:00,3322.192138671875,3397.897705078125,3280.378662109375,3354.72265625,33926411912,3096.6762451171876,3057.4956982421877,66.1318996877146,54.990129020163295,30.78936811976449,24.200760900398805,3358.101905490479,3096.6762451171876,2835.250584743896,0.009821270239958713,0.08485442001224675,0.08811916477783255,1.0833301225918266,1.0972125514939215,1.0128145877351604,0.030933000083076024,0.022990214595661845,1.802661086536957,0.9935368830365507,0.06814133632869135,-0.011214440579919382,0
2026-01-15 00:00:00+00:00,3354.765869140625,3382.44873046875,3276.820068359375,3317.101318359375,27598686935,3116.244030761719,3063.281484375,62.971520782551906,62.70738283147239,37.17297106210607,25.534411769366315,3382.343735136738,3116.244030761719,2850.1443263867,-0.011214440579919382,-0.0015033103914861012,0.07614379286861972,1.064454928951299,1.0828588020000915,1.0172894807926947,0.02977717130944246,0.02336737133966954,1.4320608049029357,0.8774098285253717,0.028198162132791804,-0.006517479736100618,0
2026-01-16 00:00:00+00:00,3317.341796875,3325.25048828125,3251.814453125,3295.482177734375,22732887284,3133.6182250976562,3068.900283203125,61.16266707217211,66.31444644766634,43.00126613921813,23.31318030844821,3398.8392578375847,3133.6182250976562,2868.397192357728,-0.006517479736100618,-0.01765883042678873,0.056621808579506494,1.051654011755588,1.0738316248890165,1.0210883169612088,0.02974415226478357,0.023546530847715276,1.134391861702499,0.8051491636325842,-0.0001409608955365016,0.004060735078022848,1
2026-01-17 00:00:00+00:00,3295.482666015625,3328.283447265625,3282.661865234375,3308.8642578125,11206492253,3151.6330322265626,3074.4314794921875,61.89236174960382,69.45228961248131,48.29147083387077,21.16081877861054,3412.845748645598,3151.6330322265626,2890.420315807527,0.004060735078022848,-0.0024832104166625513,0.07002467361073172,1.0498888112855123,1.0762523997962168,1.0251108386214958,0.029544578564784273,0.02351353380014393,0.5564666987099948,0.800963957156106,0.04484599302480463,-0.0083734299173297,0
2026-01-18 00:00:00+00:00,3308.90576171875,3367.167724609375,3278.4267578125,3281.15771484375,13557863288,3168.964001464844,3080.220927734375,59.40379457705403,68.90902610464445,52.41498188802551,16.494044216618946,3415.0883513377444,3168.964001464844,2922.8396515919435,-0.0083734299173297,-0.004346697119895548,-0.012322868095169137,1.0354039090778706,1.0652345373346879,1.0288106196966018,0.030372528864280674,0.023614579007798932,0.6946101405549614,0.7279207917397107,0.056943737632761726,-0.028811971050971552,0
2026-01-19 00:00:00+00:00,3282.19921875,3282.65478515625,3166.0166015625,3186.62109375,27956112545,3179.72421875,3084.1110986328126,51.75693245769966,60.15672137615775,53.963329785651965,6.193391590505783,3407.6267321451637,3179.72421875,2951.8217053548365,-0.028811971050971552,-0.03694414594792572,-0.05010892992504734,1.0021690167214286,1.0332381006516367,1.0310018404199424,0.03302604401134814,0.024779712773652374,1.3995104869656019,0.5151311955652751,0.033594677799879236,-0.07877164352915944,0
2026-01-20 00:00:00+00:00,3186.62109375,3197.391845703125,2925.54345703125,2935.605712890625,32985301273,3178.152624511719,3086.81943359375,37.83152617960999,32.589936903505986,49.688651209222776,-17.09871430571679,3412.5709357678993,3178.152624511719,2943.7343132555384,-0.07877164352915944,-0.10531404826713131,-0.11500872866236,0.9236830510434162,0.9510130981237609,1.0295881222996048,0.0298213411216396,0.03091275567788383,1.5856559327416297,-0.01733781017650572,-0.04762213660709036,0.014748373722715646,1
2026-01-21 00:00:00+00:00,2935.882080078125,3064.390625,2867.264404296875,2978.901123046875,35797876195,3177.0779663085937,3086.438662109375,40.79060269144031,14.074398461288638,42.56580065963595,-28.49140219834731,3415.096883563339,3177.0779663085937,2939.0590490538484,0.014748373722715646,-0.06518502344396437,-0.09606516971217471,0.9376229210100318,0.9651580508037684,1.029366954643211,0.030610785019231698,0.030990164053652364,1.6213716192880296,0.08369518366975993,-0.044882744783268924,-0.009825039857546347,0
2026-01-22 00:00:00+00:00,2979.307861328125,3034.338134765625,2905.562744140625,2949.63330078125,21993593333,3168.3385009765625,3081.599892578125,39.42449370662,-2.9272245839893003,33.4671956109109,-36.3944201949002,3426.4827681012553,3168.3385009765625,2910.1942338518697,-0.009825039857546347,0.004778430505509634,-0.1085662417801142,0.9309716432988767,0.9571759487288698,1.0281472648695709,0.030654572675679604,0.029481841794314755,1.0035266780080554,0.07638958511197501,-0.046143883815178754,0.0012283041671792283,1
2026-01-23 00:00:00+00:00,2949.44580078125,3013.9541015625,2892.52099609375,2953.25634765625,22417700837,3159.7054443359375,3077.97869140625,39.69374377445843,-15.92520785070019,23.588714918588686,-39.513922769288875,3434.8141860674336,3159.7054443359375,2884.5967026044414,0.0012283041671792283,-0.008608803827766853,-0.09993465590029238,0.9346619169676824,0.9594791399634357,1.0265520853532448,0.031197865054918544,0.029486250938960124,0.9979322431302374,0.1247863746889219,-0.11102604241266623,-0.0015290325215363554,0
2026-01-24 00:00:00+00:00,2953.23828125,2965.46875,2942.444580078125,2948.74072265625,8198666763,3150.1069580078124,3076.4648486328124,39.45833312640004,-26.287549921761638,13.61346195051862,-39.90101187228026,3440.951672987157,3150.1069580078124,2859.2622430284678,-0.0015290325215363554,-0.0003026064713751442,-0.07464971959179922,0.9360763815210547,0.9584834762427651,1.0239372503826027,0.030692950077456548,0.029439496672577517,0.36964964754737845,0.1538251771811237,-0.12101803194889671,-0.04504918926428636,0
2026-01-25 00:00:00+00:00,2948.534423828125,2955.016845703125,2785.896728515625,2815.90234375,22414089670,3129.595556640625,3071.978740234375,33.21727261555094,-44.70341453495212,1.9500866534244725,-46.65350118837659,3453.812635392141,3129.595556640625,2805.378477889109,-0.04504918926428636,-0.04650934011036878,-0.04077637831776659,0.8997655744286172,0.9166412211352616,1.0187556038886696,0.03228221761517444,0.030000489022367936,1.0216240478517533,0.016229659926330693,-0.15109546755034486,0.03926083862438623,1
2026-01-26 00:00:00+00:00,2815.768798828125,2945.99755859375,2811.074951171875,2926.45703125,29668620102,3111.1210693359376,3069.281845703125,41.50903289989584,-49.803180519247235,-8.40056678110987,-41.40261373813736,3437.527593547479,3111.1210693359376,2784.7145451243964,0.03926083862438623,-0.007557019589764624,-0.01760518044426873,0.9406438920342776,0.9534663736883355,1.013631600399092,0.03911702991550334,0.031104065125185612,1.3467128986993024,0.2171256938996439,-0.11197910550925139,0.032720079340819774,1
2026-01-27 00:00:00+00:00,2926.201171875,3031.03857421875,2898.3115234375,3022.2109375,27976005223,3103.8894165039064,3067.2221044921876,47.57982142581033,-45.592677808718236,-15.838988986631543,-29.753688822086694,3431.504345030151,3103.8894165039064,2776.274487977662,0.032720079340819774,0.07326553571998318,0.024605647318779234,0.9736851195246815,0.9853251034783999,1.0119545669542538,0.028334606851357667,0.031158022326030675,1.2547601706434335,0.3753437772641619,-0.08663193711730177,-0.005162947242162819,0
2026-01-28 00:00:00+00:00,3022.237548828125,3040.718505859375,2981.589599609375,3006.607421875,21751566455,3099.0006591796873,3060.931953125,46.72870169034304,-43.01900111603891,-21.274991412513018,-21.74400970352589,3429.490046200843,3099.0006591796873,2768.5112721585315,-0.005162947242162819,0.02738820005526099,0.018065168728441217,0.9701861188602832,0.9822522904520833,1.0124369658122658,0.028133950188629808,0.030887886049045504,0.9777977969020716,0.36021754263054007,-0.08367482359250877,-0.06265359238084345,0
2026-01-29 00:00:00+00:00,3006.26171875,3008.03759765625,2751.64501953125,2818.232666015625,37487198041,3085.7599365234373,3050.7888037109374,37.91161576834926,-55.53938877732526,-28.127870885475467,-27.41151789184979,3439.3520838972745,3085.7599365234373,2732.1677891496,-0.06265359238084345,-0.06749306243101205,-0.04425891216473665,0.9133026301426348,0.9237718004561856,1.0114629805806163,0.03731644095634025,0.03381236052203101,1.617511330057859,0.12170077518015737,-0.11560471637400016,-0.041109956346790044,0
2026-01-30 00:00:00+00:00,2818.135498046875,2823.91455078125,2633.8388671875,2702.375244140625,41877689970,3066.758898925781,3040.0951708984376,33.69992795888702,-73.95806930223807,-37.29391056882799,-36.66415873341008,3459.7586711002427,3066.758898925781,2673.7591267513194,-0.041109956346790044,-0.10118786227988741,-0.040316419303869866,0.8811828165191624,0.888911396593546,1.0087706885898127,0.039347465014623474,0.03479783603210289,1.6803705081781366,0.03640729513782294,-0.0794488400556842,-0.09520641066538593,0
2026-01-31 00:00:00+00:00,2702.301513671875,2709.53369140625,2248.69873046875,2445.091796875,47569532203,3033.069226074219,3027.3135546875,26.625976295555134,-108.06986813579806,-51.449102082222005,-56.620766053576055,3513.1316884937332,3033.069226074219,2553.0067636547046,-0.09520641066538593,-0.13240243562578735,-0.16448737474521902,0.8061444083951049,0.8076770881856666,1.001901247189214,0.04976965814982365,0.0397878206030263,1.7766189044333878,-0.11239679752902706,-0.17919672527629416,-0.0724418417956253,0
2026-02-01 00:00:00+00:00,2445.0693359375,2472.646240234375,2224.117919921875,2267.96484375,40358630560,2991.851208496094,3010.3389453125,23.04024531384549,-147.69385643832175,-70.69805295344196,-76.99580348487979,3579.9041587910424,2991.851208496094,2403.7982582011455,-0.0724418417956253,-0.1607513247216601,-0.2495676540612083,0.7580473378186584,0.7533918555189688,0.9938585863079658,0.0525776413554338,0.04205307855287908,1.4551195382141209,-0.11549420369629622,-0.2311027804204343,0.03368299377022699,1
2026-02-02 00:00:00+00:00,2267.5625,2393.0634765625,2158.937255859375,2344.356689453125,48844346396,2942.9642700195313,2996.0141845703124,27.57061845548118,-170.96123443761917,-90.7506892502774,-80.21054518734176,3576.246285156086,2942.9642700195313,2309.682254882977,0.03368299377022699,-0.04119890613130417,-0.2202651159587965,0.7965970614510948,0.782491852517498,0.9822931697640178,0.05139565672258973,0.038355467165174344,1.6950447029500413,0.027376771913119394,-0.20617907371514066,-0.04982085366444211,0
2026-02-03 00:00:00+00:00,2344.44580078125,2357.2060546875,2109.05517578125,2227.558837890625,47906083919,2886.6060791015625,2981.28169921875,25.134424919154583,-196.55959300116956,-111.91247000045584,-84.64712300071372,3564.6379174815884,2886.6060791015625,2208.5742407215366,-0.04982085366444211,-0.01781597539782187,-0.2095901574230512,0.7716878496230211,0.7471816026222415,0.9682433162414684,0.04345649914857663,0.0385148508044993,1.6231126437614805,0.013999782970698652,-0.2445728372198076,-0.037733992059035826,0
2026-02-04 00:00:00+00:00,2227.967041015625,2291.13134765625,2074.102783203125,2143.504150390625,45219604814,2827.926220703125,2964.8681640625,23.523487205233593,-221.08050890707182,-133.74607778177904,-87.33443112529278,3550.7440816681574,2827.926220703125,2105.108359738093,-0.037733992059035826,-0.08567490602692951,-0.20680736139874056,0.7579773951307938,0.7229677785920735,0.9538117933811481,0.04052254821025818,0.03866935328451231,1.4876830880436185,0.026559796544920664,-0.2387860484053319,-0.15013782215594373,0
2026-02-05 00:00:00+00:00,2143.618896484375,2167.139892578125,1818.664306640625,1821.68310546875,60381662655,2754.2362670898438,2944.6737548828123,18.606387241205056,-263.4449507768927,-159.68585238080178,-103.75909839609093,3570.778957416558,2754.2362670898438,1937.6935767631296,-0.15013782215594373,-0.18220651482598627,-0.25496330739116235,0.6614113419519961,0.6186366494583868,0.9353281539331181,0.056633872420240206,0.04805985461746168,1.8706504387459555,-0.07103760321947258,-0.3775124370472508,0.1326816155325108,1
2026-02-06 00:00:00+00:00,1821.12939453125,2090.328125,1748.627685546875,2063.386962890625,64998454203,2691.96240234375,2929.4001123046874,30.377343557071626,-274.3530240056134,-182.61928670576413,-91.73373729984928,3520.292898647789,2691.96240234375,1863.6319060397109,0.1326816155325108,-0.03737673541961639,-0.09020328574455005,0.7664991758778438,0.7043718453561703,0.9189466440710502,0.09250211545587096,0.05976298915960301,1.8587965735422165,0.12057690604306444,-0.31725911739387813,0.013163964881106383,1
2026-02-07 00:00:00+00:00,2063.333740234375,2115.824951171875,1995.9185791015625,2090.54931640625,41145430304,2632.431982421875,2911.6516845703127,31.574925394995233,-277.60590760515197,-201.6166108856417,-75.98929671951026,3453.572827895968,2632.431982421875,1811.291136947782,0.013163964881106383,0.14759219654085554,-0.10826312147324368,0.7941513134492898,0.7179943011331601,0.9041026426244239,0.08960148668900547,0.06020654743488396,1.1320045158352465,0.17004280142539724,-0.3046816484266749,-0.0008545012256375717,0
2026-02-08 00:00:00+00:00,2090.633544921875,2148.12060546875,2066.3837890625,2088.762939453125,19541713443,2577.5390747070314,2893.87529296875,31.536505288003795,-277.1333660499954,-216.71996191851247,-60.413404131482935,3389.42177291348,2577.5390747070314,1765.656376500583,-0.0008545012256375717,0.01229821503134354,-0.06230852181167612,0.8103710085134357,0.7217874745771503,0.8906876813142844,0.0864703353283153,0.0603287755186817,0.5439330580669303,0.1989859887803529,-0.2588394263394205,0.007087777756089597,1
2026-02-09 00:00:00+00:00,2087.92138671875,2144.97607421875,2008.3623046875,2103.567626953125,26750982266,2535.9371704101563,2875.9143701171874,32.27202639442477,-272.42392547487316,-227.86075462978462,-44.563170845088536,3355.7962143165155,2535.9371704101563,1716.0781265037972,0.007087777756089597,0.00622722001567233,-0.018631418758961682,0.8295030537420212,0.7314430668766432,0.8817846583891238,0.08488119302718927,0.058900060237728064,0.7511161875935124,0.23631470758867743,-0.22158566560504633,-0.03996552777885143,0
2026-02-10 00:00:00+00:00,2104.181884765625,2122.021484375,1990.1405029296875,2019.4974365234373,23267337087,2487.9669860839845,2856.182844238281,30.28247607189543,-272.3361006086998,-236.75582382556766,-35.58027678313212,3310.9618009454653,2487.9669860839845,1664.9721712225037,-0.03996552777885143,-0.03316101680156325,0.10858877181263993,0.8117058818783163,0.7070616787007624,0.8710811323241819,0.08423303407943637,0.05872345407612325,0.6650005969938577,0.21538730189971134,-0.1740606879854173,-0.03905729079240494,0
2026-02-11 00:00:00+00:00,2019.580078125,2030.409423828125,1903.6851806640625,1940.621337890625,23922680362,2437.516387939453,2835.7277905273436,28.50679425604956,-275.4558570790309,-244.49583047626032,-30.960026602770597,3265.045166326543,2437.516387939453,1609.9876095523632,-0.03905729079240494,-0.07746187333112586,-0.059497140966722095,0.796146991049001,0.6843468348313289,0.8595734739003854,0.08430495107568853,0.05888376378136355,0.6818511816523782,0.19977174025457428,-0.14433358910366711,0.0032563467246882194,1
2026-02-12 00:00:00+00:00,1940.8411865234373,1999.5028076171875,1897.3348388671875,1946.940673828125,20106364835,2387.200604248047,2815.754792480469,28.86667415043121,-274.25690606699345,-250.44804559440698,-23.808860472586474,3205.0104765014685,2387.200604248047,1569.3907319946256,0.0032563467246882194,-0.03592812814866386,-0.06869421421973188,0.8155748077323393,0.691445391135432,0.847801310903604,0.057922429433985075,0.05892224677247204,0.5749713572162701,0.23082989985996702,-0.1695202856343957,0.05217758881277712,1
2026-02-13 00:00:00+00:00,1946.6107177734373,2069.456787109375,1924.136962890625,2048.52734375,20412430639,2342.1899353027343,2798.6537475585938,34.5686896699718,-262.08834221972666,-252.77610491947092,-9.312237300255731,3128.348450911306,2342.1899353027343,1556.0314196941627,0.05217758881277712,0.05560384385789785,-0.019262882801654557,0.8746205048845547,0.7319688423539472,0.836898790122195,0.0318265264109452,0.06094670412458811,0.5737048482553606,0.31322940239004615,-0.08037116286012802,0.01829725240883784,1
2026-02-14 00:00:00+00:00,2048.330322265625,2105.067626953125,2042.6414794921875,2086.009765625,16925555543,2305.6953063964843,2781.8590307617187,36.58844736366425,-246.57775464315318,-251.5364348642074,4.958680221054209,3066.6230545458643,2305.6953063964843,1544.7675582471043,0.01829725240883784,0.07142954773420684,-0.0083467063778484,0.9047204805587146,0.7498617803986337,0.8288325471924244,0.03225277632382131,0.06101769616710728,0.4794015171303991,0.3556462546504763,-0.02682261415502618,-0.05751017989077156,0
2026-02-15 00:00:00+00:00,2085.95361328125,2100.47900390625,1929.3944091796875,1966.04296875,31030538835,2257.6746032714846,2762.2199243164064,33.06989094987033,-241.1855828778248,-249.46626446693088,8.28068158910608,2973.540110030627,2257.6746032714846,1541.8090965123417,-0.05751017989077156,-0.04026520575947279,-0.026469193179793793,0.8708265424526211,0.7117619243285113,0.8173406409086754,0.03895473990558863,0.06048235006337221,0.8772208524173004,0.2963083625569868,0.07924532145458074,0.016212644568821766,1
2026-02-16 00:00:00+00:00,1965.9232177734373,2021.0836181640625,1938.5450439453125,1997.917724609375,19219250473,2206.4599426269533,2743.206916503906,34.86224503988589,-231.66967766118887,-245.90694710578248,14.237269444593608,2833.0127947268197,2206.4599426269533,1579.907090527087,0.016212644568821766,-0.042229927427607894,0.029524763847556645,0.9054856088756846,0.7283146278865582,0.8043359505082421,0.03968795240677629,0.059864260735668695,0.5501297095984139,0.33357970734738696,-0.031729016155812695,-0.0028646768590002702,0
2026-02-17 00:00:00+00:00,1997.9217529296875,2013.8560791015625,1941.7789306640625,1992.1943359375,20929890501,2155.739288330078,2724.360036621094,34.6826453635299,-222.03065269706622,-241.13168822403924,19.10103552697302,2662.311323935076,2155.739288330078,1649.1672527250803,-0.0028646768590002702,0.013301523722101916,0.023243472550396715,0.9241350968190284,0.7312522240666591,0.7912828184793623,0.03687587699806597,0.05989392277110746,0.5998002333673716,0.33857680556995534,-0.04704743375192255,-0.019184983188783145,0
2026-02-18 00:00:00+00:00,1992.195068359375,2037.1585693359373,1923.8134765625,1953.97412109375,20187307041,2112.5263610839843,2704.0111840820314,33.44359840469953,-214.99735224037977,-235.90482102730735,20.90746878692758,2518.634175412796,2112.5263610839843,1706.4185467551727,-0.019184983188783145,-0.02199470127040226,-0.046156680771056946,0.9249466217742828,0.7226205766442098,0.7812565175469691,0.03415413762684818,0.05899463268343904,0.5932248289859096,0.30479045908993513,-0.06453045284050529,-0.002954528018943803,0
2026-02-19 00:00:00+00:00,1953.994140625,1985.8076171875,1906.822021484375,1948.2010498046875,17380103826,2074.8176513671874,2683.634453125,33.25037020138521,-207.49734928181329,-230.22332667820854,22.72597739639525,2377.099869586017,2074.8176513671874,1772.5354331483577,-0.002954528018943803,-0.02208282863735267,-0.0660633128814826,0.9389745882106475,0.72595619255673,0.7731372091124905,0.03418106737082082,0.0587722815253796,0.529802147774488,0.2905655808856759,-0.0738586081843613,0.010687443713567113,1
2026-02-20 00:00:00+00:00,1948.268798828125,1980.2437744140625,1923.622802734375,1969.0223388671875,21682976627,2051.0141784667967,2663.0070141601564,34.71542369477859,-197.59567889867094,-223.69779712230104,26.1021182236301,2300.976980443285,2051.0141784667967,1801.0513764903085,0.010687443713567113,0.00770133934272077,0.0015154145481783843,0.9600237577777737,0.7393981046227797,0.7701872986292654,0.026474338220842088,0.05582022971471227,0.6881176234644378,0.33599191769477477,-0.0249938904320387,0.0023945100352251725,1
2026-02-21 00:00:00+00:00,1968.86181640625,1994.8277587890625,1955.794189453125,1973.7371826171875,11561261802,2036.3027954101562,2639.9933056640625,35.062992878671835,-187.2100444372502,-216.4002465852909,29.190202148040697,2266.3427499986606,2036.3027954101562,1806.2628408216517,0.0023945100352251725,0.013107544940015314,-0.012102871752096345,0.9692748971646102,0.7476296164776504,0.7713287723273017,0.024733932162578024,0.05383527963786358,0.38446934296873964,0.36401142161394084,0.017064557665102287,-0.008071629067117003,0
2026-02-22 00:00:00+00:00,1973.57080078125,1982.2142333984373,1934.8607177734373,1957.805908203125,9488829492,2016.9752563476563,2616.63107421875,34.39662447544234,-178.21057443427003,-208.76231215508673,30.551737720816703,2197.708146023668,2016.9752563476563,1836.2423666716445,-0.008071629067117003,-0.005696446628693619,-0.017261582925940933,0.970664316303178,0.7482162569622731,0.7708290542830408,0.011767985128395964,0.05303861390122401,0.3376456432842976,0.3363071927566687,0.005580670495540341,-0.05225395436661606,0
2026-02-23 00:00:00+00:00,1958.1396484375,1958.1396484375,1838.0416259765625,1855.5028076171875,23731172668,1998.3724548339844,2590.9269213867187,30.401068476814686,-177.28974898654815,-202.46779952137902,25.178050534830874,2163.782576780337,1998.3724548339844,1832.9623328876319,-0.05225395436661606,-0.059903808896795696,-0.05039540309850288,0.9285069973461649,0.7161540498502688,0.7712963412200038,0.020635338202279033,0.053143216624588145,0.882390724981453,0.06813511308838215,-0.09422599933641351,-0.001365303886856295,0
2026-02-24 00:00:00+00:00,1855.4727783203125,1868.3206787109373,1804.1136474609373,1852.969482421875,18475122228,1983.845721435547,2563.4637036132813,30.307183995400635,-174.74999716717207,-196.92423905053764,22.174241883365568,2146.598818757522,1983.845721435547,1821.0926241135717,-0.001365303886856295,-0.053547915726471995,-0.048881796564250735,0.9340290237292407,0.7228381973226526,0.7738926510405648,0.020733186058586192,0.052682800861428715,0.7229000285526855,0.09793011264554057,-0.11171581602510028,0.10882988045871778,1
2026-02-25 00:00:00+00:00,1852.87548828125,2145.506103515625,1847.05419921875,2054.6279296875,27717195805,1995.4929626464843,2538.6373266601563,44.895421060410946,-154.6819964194956,-188.47579052432923,33.79379410483364,2141.9033111438484,1995.4929626464843,1849.0826141491202,0.10882988045871778,0.10731599071306519,0.04347619076255005,1.0296342648899093,0.8093428344845849,0.7860488545135215,0.048822171238751565,0.046873862545678595,1.1585649863969818,0.7019494101609911,0.0450574897627094,-0.013547624241957545,0
2026-02-26 00:00:00+00:00,2053.78271484375,2082.78662109375,1976.3575439453125,2026.7926025390625,23327720766,1993.6632446289063,2515.836298828125,43.54062461476082,-139.41692795472932,-178.66401801040925,39.247090055679934,2137.391107383192,1993.6632446289063,1849.9353818746208,-0.013547624241957545,0.09380786989000844,0.02688069130436266,1.0166173289292508,0.8056138642578379,0.7924455361255235,0.04938577269540162,0.03650056814404346,1.0681096327023711,0.6152502975946754,0.014452485992801911,-0.04738065532627633,0
2026-02-27 00:00:00+00:00,2026.735107421875,2062.627197265625,1888.6287841796875,1930.7618408203125,21136821039,1985.6738708496093,2492.363884277344,39.15112538710169,-133.5288931641178,-169.63699304115096,36.10809987703317,2124.402793842798,1985.6738708496093,1846.9449478564209,-0.04738065532627633,-0.06028638425353583,-0.013813456824039116,0.9723458968587819,0.7746709270665479,0.796703034968488,0.05331835749222093,0.03781426525297939,1.0142543981169778,0.3020887467280595,-0.030836597619517958,0.017759153699916874,1
2026-02-28 00:00:00+00:00,1930.7469482421875,1983.9927978515625,1837.303466796875,1965.050537109375,21675923669,1979.4882507324219,2470.0039526367186,41.42193450712581,-124.6587830895644,-160.64135105083363,35.98256796126924,2109.629768651531,1979.4882507324219,1849.3467328133129,0.017759153699916874,-0.030462941966701518,0.05903937684301708,0.9927063403292721,0.7955657459623463,0.8014109647959577,0.05382538842312599,0.038105645412390546,1.0348244969077276,0.4445307160470465,0.005668660549825955,-0.013223011941958851,0
2026-03-01 00:00:00+00:00,1965.3902587890625,2053.28564453125,1909.098388671875,1939.066650390625,23649071468,1971.263201904297,2447.1373657226563,40.19769318281537,-118.36144242080195,-152.1853693248273,33.82392690402534,2088.5438418162535,1971.263201904297,1853.9825619923404,-0.013223011941958851,0.0043013122565049855,0.04646442846766097,0.9836670458401653,0.7923816118994225,0.8055384342195149,0.053998122596105924,0.038110895493965645,1.1374460975641913,0.3627371425588993,-0.004688632836420181,0.045486972038864204,1
2026-03-02 00:00:00+00:00,1939.0587158203125,2085.427978515625,1922.4390869140625,2027.2689208984373,26235436166,1971.6517761230468,2425.3050390625,46.028897772246424,-105.04270160082615,-142.75683578002707,37.714134179200926,2089.654572466842,1971.6517761230468,1853.6489797792517,0.045486972038864204,0.03166248532243188,-0.013315797178530486,1.0282084014271289,0.8358820388556472,0.8129500183965261,0.050829144844735594,0.03858152438698198,1.2528991611488245,0.7356602830552954,0.029581473445730477,-0.021950713860043103,0
2026-03-03 00:00:00+00:00,2027.407958984375,2040.7916259765625,1930.4029541015625,1982.7689208984373,24100196312,1973.7591552734375,2403.1139135742187,43.71301772676971,-96.96058042733102,-133.59758470948788,36.63700428215685,2090.9311086374687,1973.7591552734375,1856.5872019094065,-0.021950713860043103,0.022537786671236182,-0.021720861614293763,1.0045647745830224,0.8250832012991883,0.821333996746667,0.05242290077079679,0.03783177343711997,1.1504410331212065,0.5384467671926917,0.004575957914150219,0.0724927895935461,1
2026-03-04 00:00:00+00:00,1982.711181640625,2198.65673828125,1946.0396728515625,2126.50537109375,33610946768,1982.7373901367187,2379.202111816406,52.0968264115435,-78.05731475813127,-122.48953071921656,44.43221596108529,2117.460512121355,1982.7373901367187,1848.0142681520824,0.0724927895935461,0.048950807252218675,0.10138149933099627,1.07250984506179,0.8937892920203679,0.8333623193630213,0.041833723542071405,0.04101195594814395,1.5543433916943823,1.033568324572476,0.08616761354319213,-0.025816959171616194,0
2026-03-05 00:00:00+00:00,2126.560546875,2163.0361328125,2056.01904296875,2071.60546875,22383576284,1983.8912963867188,2353.5397680664064,49.08929919400813,-66.7370012184233,-111.33902481905791,44.60202360063461,2121.354482267553,1983.8912963867188,1846.4281105058844,-0.025816959171616194,0.04480428703275674,0.05422503372222143,1.0442131948071127,0.8802083979451791,0.842939355988287,0.04301314282608109,0.04000583648117788,1.0304354055189917,0.819046047860843,0.11646582276549,-0.04482236094062009,0
2026-03-06 00:00:00+00:00,2072.025634765625,2092.51513671875,1957.0150146484373,1978.751220703125,19733648079,1978.528369140625,2326.7727661132812,44.41863741973532,-64.51445055466002,-101.97410996617835,37.45965941151833,2107.3118466195588,1978.528369140625,1849.7448916616916,-0.04482236094062009,-0.06948214304985689,0.02046581034463446,1.0001126350099274,0.8504273599559518,0.8503315828496758,0.04251266714122976,0.04107007063181327,0.9026109833402417,0.5008652179878288,0.06788117099308644,-0.004697799435284589,0
2026-03-07 00:00:00+00:00,1978.6905517578125,1994.9705810546875,1950.0224609375,1969.4554443359373,10236899078,1978.698992919922,2300.2522314453126,43.96762020391674,-62.7794719322319,-94.13518235938906,31.355710427157163,2107.421848889072,1978.698992919922,1849.976136950772,-0.004697799435284589,-0.0493095939139897,-0.028517911938825802,0.9953284715780119,0.8561910808791927,0.8602095743546568,0.042171496195982955,0.03894618393611828,0.4916110421595845,0.4640951542195429,-0.04145397038602361,-0.016680097080789213,0
2026-03-08 00:00:00+00:00,1969.4522705078125,1978.7071533203125,1915.301025390625,1936.604736328125,16314032554,1975.6333435058593,2272.807041015625,42.33178982531562,-63.32529191890467,-87.97320427129219,24.64791235238752,2105.3456385005297,1975.6333435058593,1845.9210485111892,-0.016680097080789213,-0.021299536765427063,-0.02328268518017429,0.9802450149436757,0.8520761777747463,0.8692481622298341,0.042386432835309275,0.03895497834774692,0.7889595819711991,0.34955702472407074,-0.04449782681166037,0.02908879392733521,1
2026-03-09 00:00:00+00:00,1936.637451171875,2052.327392578125,1930.59912109375,1992.938232421875,24015826480,1975.6705383300782,2247.0426513671873,46.03935740912769,-58.5374327680056,-82.08604997063489,23.548617202629288,2105.403253464495,1975.6705383300782,1845.9378231956616,0.02908879392733521,0.011923492939874825,-0.06281062840823015,1.008740168847379,0.8869160677521162,0.8792314365408258,0.03986881263033009,0.03951952233073502,1.152822196006331,0.5665510394733728,0.03220303524081758,0.022169403074209004,1
2026-03-10 00:00:00+00:00,1992.986083984375,2087.9853515625,1992.01416015625,2037.1204833984373,23552353781,1979.8278564453126,2224.052639160156,48.81862504125439,-50.594657768253455,-75.78777153015861,25.193113761905153,2111.9401992978915,1979.8278564453126,1847.715513592734,0.022169403074209004,0.051903078199061925,-0.016646502373046324,1.0289381860986595,0.9159497610486828,0.8901892974947448,0.03963339827000239,0.039504035124132954,1.1215163169521305,0.7168329836412641,0.036675874196639535,0.007094700046877955,1
2026-03-11 00:00:00+00:00,2037.1212158203125,2085.286376953125,2008.0386962890625,2051.5732421875,19031715359,1984.9964660644532,2206.3719897460937,49.73072714933968,-42.64218197879836,-69.15865361988656,26.516471641088202,2119.9567275495497,1984.9964660644532,1850.0362045793568,0.007094700046877955,0.029421388386116742,0.03680200963236735,1.0335399973054082,0.9298401410650577,0.899665367077509,0.026463595919424873,0.03949080007293649,0.90270277340544,0.7466532570048362,0.05802100292643919,0.010510464768130001,1
2026-03-12 00:00:00+00:00,2051.7666015625,2094.32568359375,2019.27783203125,2073.13623046875,20624954899,1990.2021606445312,2188.2566918945313,51.13004484717994,-34.205534566005554,-62.168029809110365,27.96249524310481,2130.494526842602,1990.2021606445312,1849.90979444646,0.010510464768130001,0.01767973340989104,0.05264439286047007,1.0416711786692867,0.947391701415928,0.9094920938738087,0.025188525300788304,0.0394890796725322,0.9807333461565879,0.7955758466113859,0.022625172761976398,0.009370945241431228,1
2026-03-13 00:00:00+00:00,2073.289306640625,2206.813232421875,2071.582275390625,2092.5634765625,29345212033,1996.1434753417968,2171.1152954101562,52.41523857702115,-25.656067137495256,-54.865637274787346,29.20957013729209,2143.3919314339855,1996.1434753417968,1848.8950192496084,0.009370945241431228,0.019979902999365473,0.08053204523814106,1.0483031417389441,0.9638196004543294,0.9194092453596276,0.015409668125426577,0.03951145885364338,1.3387821779301021,0.8274058138862146,0.05537435780177158,0.0021615561057222177,1
2026-03-14 00:00:00+00:00,2092.558349609375,2105.5712890625,2062.659423828125,2097.086669921875,10073411269,2003.1075134277344,2153.9919018554688,52.72695439130186,-18.30456507067811,-47.553422833965506,29.248857763287397,2155.795578725619,2003.1075134277344,1850.4194481298496,0.0021615561057222177,0.011552757171056527,0.05225873828183625,1.0469166811387587,0.9735815014510616,0.9299512740517913,0.01465833439340139,0.03941783084185898,0.4589554133256158,0.8077488614149154,-0.013834294317697227,0.03833396568225522,1
2026-03-15 00:00:00+00:00,2096.880859375,2201.95556640625,2084.20947265625,2177.476318359375,15333885132,2019.2061889648437,2138.566613769531,57.99372895274107,-5.923392749004961,-39.227416816973395,33.304024067968435,2174.243569160947,2019.2061889648437,1864.1688087687403,0.03833396568225522,0.04057838280555437,0.0688991329205959,1.0783823515693904,1.0181942916060305,0.944186716450091,0.013207322838735618,0.03776403353657666,0.7122532685311836,1.0104257089301265,0.051105700967886136,0.07977111189072517,1
2026-03-16 00:00:00+00:00,2177.782958984375,2384.466552734375,2166.00244140625,2351.176025390625,38938369545,2044.1165161132812,2129.272087402344,66.6417706738659,17.70084587302108,-27.8417642789745,45.54261015199558,2241.1111143279195,2044.1165161132812,1847.1219178986432,0.07977111189072517,0.12116302063863471,0.1460356262414848,1.1502162459218284,1.1042158676202805,0.9600071912871642,0.0273179711946202,0.040858206281936336,1.726614560766437,1.2793602262707295,0.1882120403974601,-0.014087655809712052,0
2026-03-17 00:00:00+00:00,2351.134765625,2375.455078125,2297.668701171875,2318.053466796875,26737564550,2057.28779296875,2117.1040161132814,63.93858342373771,33.36589030874802,-15.600233361429998,48.96612367017802,2289.346747888093,2057.28779296875,1825.2288380494072,-0.014087655809712052,0.06455966811313862,0.11813851532214437,1.1267521611314426,1.0949171364062262,0.9717462048679376,0.030961750769115802,0.03437512827309015,1.1881842064481896,1.0618522110443005,0.17700223859518616,-0.04934391616753975,0
2026-03-18 00:00:00+00:00,2318.556884765625,2348.904296875,2154.584228515625,2203.671630859375,25617966362,2066.1317443847656,2100.733229980469,55.55766762664114,36.13435826413206,-5.253315036317586,41.38767330044965,2306.6259351341655,2066.1317443847656,1825.6375536353657,-0.04934391616753975,-0.06273643186998035,0.05309667092125436,1.066568788194852,1.0490011770223024,0.9835288531157167,0.0404730162652588,0.03635438419211208,1.132666755484645,0.7859526170799046,0.13790469966402075,-0.03006246566260873,0
2026-03-19 00:00:00+00:00,2203.478759765625,2232.203857421875,2099.88916015625,2137.423828125,24090913749,2076.46484375,2083.3495581054685,51.35870838489571,32.60687330148767,2.318722631243465,30.288150670244203,2310.1312756062857,2076.46484375,1842.7984118937145,-0.03006246566260873,-0.07792298204470327,0.01923485508809586,1.02935709918638,1.0259554474711892,0.9966953628455278,0.04335093978647203,0.035234812770907585,1.0582390963820014,0.6304401832362728,0.07249878262787002,0.00424494293930433,1
2026-03-20 00:00:00+00:00,2137.394287109375,2175.699462890625,2117.276123046875,2146.4970703125,17970488517,2085.5371704101562,2069.9148461914065,51.89495429608376,30.195377356520567,7.8940535762988855,22.30132378022168,2315.042464168914,2085.5371704101562,1856.031876651398,0.00424494293930433,-0.02594513617465699,-0.014227134314010126,1.0292298314157378,1.0369977655177474,1.0075473270059851,0.043311295543192976,0.03512032650873899,0.7958648827022979,0.6328071760436629,0.05369176138840581,-0.03252141820817256,0
2026-03-21 00:00:00+00:00,2146.7099609375,2166.7158203125,2072.38330078125,2076.68994140625,8654913047,2092.4183349609375,2057.401140136719,47.551410039229914,22.393261961458393,10.793895253330788,11.599366708127604,2311.4462740897893,2092.4183349609375,1873.390395832086,-0.03252141820817256,-0.028414526833467235,-0.11674416590683456,0.9924831505765882,1.0093753235055802,1.0170201105370689,0.0455406448599231,0.03590377861719035,0.396466663115623,0.46409500628722355,0.01224265295640592,-0.01138427123429453,0
2026-03-22 00:00:00+00:00,2077.201171875,2125.9765625,2027.0478515625,2053.04833984375,16438149794,2093.707305908203,2049.5602709960935,46.14281862223162,14.139359895253165,11.462988181715264,2.6763717135379004,2311.420396927788,2093.707305908203,1875.9942148886187,-0.01138427123429453,-0.043535456796661376,-0.11432226682817348,0.9805803963382473,1.0017018620515907,1.021539759301957,0.0422267952445156,0.03467940114883466,0.7702884870312063,0.4066225970288674,-0.009689614377371591,0.04826854503462008,1
2026-03-23 00:00:00+00:00,2052.953125,2195.99169921875,2023.2718505859373,2152.14599609375,28509077302,2102.176159667969,2047.2438940429688,52.495119248846315,15.416721340303411,12.253734813432896,3.1629865268705153,2314.8377529976055,2102.176159667969,1889.5145663383323,0.04826854503462008,0.03633477159156673,-0.023381720780936588,1.023770527601109,1.0512406471725344,1.0268323016055103,0.031735285995710995,0.03575090525056182,1.3222707801890323,0.6174867441821645,0.028473458606439683,0.0016533960130185044,1
2026-03-24 00:00:00+00:00,2152.114501953125,2174.325927734375,2103.3828125,2155.704345703125,18389631713,2103.6361083984375,2043.4708471679687,52.710803914295546,16.525670916058516,13.108122033958022,3.417548882100494,2317.399014556701,2103.6361083984375,1889.8732022401744,0.0016533960130185044,0.050001748067552976,0.008552593705367872,1.0247515419120319,1.0549229751384512,1.029442681462205,0.032128429116216294,0.03199306280811861,0.8841326588971087,0.6217896927031337,0.027951956694013846,0.005713742098458985,1
2026-03-25 00:00:00+00:00,2155.719482421875,2198.369873046875,2146.6162109375,2168.021484375,17086301657,2108.4569091796875,2042.2801000976563,53.49784965266627,18.188743088368938,14.124246244840206,4.064496843528731,2323.5231009947606,2108.4569091796875,1893.3907173646141,0.005713742098458985,0.007376585189882379,0.010027693193807252,1.0282503165874453,1.0615691179047042,1.0324033951458798,0.0272210012442254,0.03136430743986179,0.8320670354450153,0.6384796343223713,-0.004342106458130712,-0.050019391420208725,0
2026-03-26 00:00:00+00:00,2168.02880859375,2171.156982421875,2033.7310791015625,2059.578369140625,18628112246,2112.4982666015626,2040.6015844726562,46.20635461059794,10.633707898823104,13.426138575636786,-2.792430676813682,2320.2140958900018,2112.4982666015626,1904.7824373131236,-0.050019391420208725,-0.04459144722424657,-0.008239830089434408,0.9749491404099132,1.0092996030250916,1.0352330815951445,0.03137637474663253,0.03179762571342666,0.9095984908819146,0.3726146735127926,-0.12402204390526395,-0.03316523299517671,0
2026-03-27 00:00:00+00:00,2059.44873046875,2075.17041015625,1971.5067138671875,1991.27197265625,19453998121,2113.5890930175783,2043.9933618164061,42.295938299147224,-0.8556043811850031,10.569789984272429,-11.425394365457432,2318.3501242337,2113.5890930175783,1908.8280618014562,-0.03316523299517671,-0.08152571964465727,-0.030090069477955672,0.942128240174302,0.9742066730034264,1.0340489027514872,0.03272347420813516,0.03275843734949451,0.9290199916864971,0.20131738535682495,-0.1409723713543921,0.0007144214559386963,1
2026-03-28 00:00:00+00:00,1991.283447265625,2038.7030029296875,1982.1300048828125,1992.694580078125,8641221084,2116.393585205078,2042.5795141601564,42.40526153512202,-9.7339674913419,6.509038489149563,-16.243005980491464,2312.292778811741,2116.393585205078,1920.4943915984154,0.0007144214559386963,-0.032474505493281014,-0.07408949778734208,0.9415519844741135,0.9755774824254309,1.0361376732377892,0.03132770136178402,0.032492600954676695,0.4203602564302454,0.18427893231831557,-0.09573887861821517,-0.005086021609450597,0
2026-03-29 00:00:00+00:00,1992.69384765625,2016.545166015625,1939.5286865234373,1982.5596923828125,9451184647,2115.874658203125,2040.4197216796874,41.79771825323,-17.387502650306487,1.7297302612583532,-19.11723291156484,2313.200596315807,2115.874658203125,1918.5487200904427,-0.005086021609450597,-0.00437523371647508,-0.08031929502087543,0.9369929757873615,0.9716430748624385,1.036980105476202,0.031219446612076613,0.03188180458663904,0.4766471672191897,0.16219604200187968,-0.07245363961252271,0.020657738756954647,1
2026-03-30 00:00:00+00:00,1982.5506591796875,2082.064697265625,1979.076904296875,2023.514892578125,17840662425,2115.1943786621096,2039.1147607421874,45.21361635576958,-19.91863242992258,-2.599942276977834,-17.318690152944747,2313.7534503176103,2115.1943786621096,1916.635307006609,0.020657738756954647,0.01546665144178383,-0.06665367148727008,0.9566567087125235,0.992349686018464,1.037310120737016,0.024440710225306923,0.031828769569235194,0.9128980136828533,0.2691380068419933,-0.05729436086137796,0.040124913175980215,1
2026-03-31 00:00:00+00:00,2023.5206298828125,2118.796875,2011.7952880859373,2104.708251953125,21278561395,2117.8511291503905,2039.1375732421875,51.314099658426535,-15.197755213896016,-5.1195048643614705,-10.078250349534546,2314.2359510707015,2117.8511291503905,1921.4663072300796,0.040124913175980215,0.0616115419069696,0.021912194985486577,0.9937942393512154,1.0321560838127668,1.0386013954826256,0.03064389116281139,0.03304234401304776,1.082590359174571,0.4665379506706515,0.013491812132485181,0.016167945634351977,1
2026-04-01 00:00:00+00:00,2104.717529296875,2165.666259765625,2082.291748046875,2138.737060546875,19542997434,2121.131170654297,2041.5223657226563,53.64385255634138,-8.61131961307592,-5.8178678141043605,-2.79345179897156,2316.560451633395,2121.131170654297,1925.7018896751986,0.016167945634351977,0.056941596225144275,0.07405572413793093,1.0083002362777722,1.0476187263272068,1.0389948237982987,0.03138559922054424,0.033144961190882456,0.9970341677324562,0.5450441453920642,0.041737312775424584,-0.038286390129433245,0
2026-04-02 00:00:00+00:00,2138.7236328125,2158.15771484375,2016.989990234375,2056.8525390625,18847170816,2119.345623779297,2043.8469897460936,47.72554771788661,-9.884970703915315,-6.631288392066551,-3.253682311848763,2316.5186624693456,2119.345623779297,1922.1725850892483,-0.038286390129433245,-0.022737456769229558,0.03219658427628169,0.9705130281651008,1.0063632695508298,1.0369394746338534,0.02854858457968566,0.03428632668549621,0.9879924788192311,0.3415273073540379,-0.044278342270557935,-0.001685723740716183,0
2026-04-03 00:00:00+00:00,2056.704833984375,2075.764404296875,2042.176025390625,2053.38525390625,9609678843,2117.1605529785156,2045.9758813476562,47.486644892924765,-11.046788799471415,-7.514388473547525,-3.5324003259238896,2316.3307012456876,2117.1605529785156,1917.9904047113437,-0.001685723740716183,-0.039907573593361945,0.03572430217135758,0.9698769661174049,1.0036214369026253,1.0347925272628196,0.024635116068543426,0.034282538950231735,0.5043645330596803,0.3398974454075422,-0.04746434361503393,0.005827600335098326,1
2026-04-04 00:00:00+00:00,2053.58447265625,2082.00244140625,2044.87158203125,2065.3515625,6926913517,2111.554315185547,2046.3123657226563,48.44580193818774,-10.876578487378083,-8.186826476313637,-2.6897520110644457,2309.8863784217388,2111.554315185547,1913.2222519493546,0.005827600335098326,0.0041320528701458414,0.02067524685650901,0.9781190792236444,1.0093041497946575,1.031882693256291,0.024574422957250236,0.03309453149124589,0.3717612481131805,0.38352172631178605,-0.047356505742653154,0.021131532161972943,1
2026-04-05 00:00:00+00:00,2065.37060546875,2120.49951171875,2022.6453857421875,2108.99560546875,9928800793,2099.4452941894533,2046.7720825195313,51.89679011707861,-7.137697140083674,-7.977000609067645,0.8393034689839709,2262.636850933685,2099.4452941894533,1936.253737445222,0.021131532161972943,0.027082278620979672,0.0020370298409038146,1.0045489688660756,1.0304008069489705,1.02573477140898,0.024709453400673598,0.02759832791980852,0.5778533536864687,0.5292610459445053,0.023993860621455587,-0.0005851746946151648,0
2026-04-06 00:00:00+00:00,2108.935791015625,2172.985107421875,2089.10009765625,2107.761474609375,19097527675,2088.930694580078,2049.6064526367186,51.79121624104206,-4.225482054602708,-7.226696898174658,3.00121484357195,2215.8936311875696,2088.930694580078,1961.967757972587,-0.0005851746946151648,0.020533991829478238,-0.014483120206267741,1.0090145547088543,1.0283737504328418,1.0191862403110465,0.02436028217618774,0.027530855331021377,1.136743149744862,0.5741585715188383,0.05850004597701153,0.06359598447469827,1
2026-04-07 00:00:00+00:00,2107.784912109375,2270.594970703125,2061.467529296875,2241.806640625,22588914083,2090.8374450683596,2054.4842309570313,61.05765220703897,8.797383259252456,-4.021880866689235,12.819264125941691,2225.9404451631244,2090.8374450683596,1955.734444973595,0.06359598447469827,0.06297359501928934,0.08992093407279489,1.0722051328823914,1.0911773411766266,1.0176945695486765,0.030632146466004574,0.02934604736928223,1.3567925060893633,1.0587188865189767,0.1250126652811534,-0.022959692630716844,0
2026-04-08 00:00:00+00:00,2242.276611328125,2269.8798828125,2181.231201171875,2190.33544921875,21469476310,2093.483026123047,2058.4470532226565,56.561843181607216,14.79426379742381,-0.25865193386662666,15.052915731290437,2234.375278926872,2093.483026123047,1952.5907733192216,-0.022959692630716844,0.03917614758789445,0.0666948372459446,1.0462637728069215,1.0640717942147757,1.0170205849334522,0.03270243062347205,0.02898776444974772,1.2997869264750121,0.8437109605684214,0.10480176593634583,-0.0005439378020498653,0
2026-04-09 00:00:00+00:00,2190.33251953125,2243.972900390625,2158.017578125,2189.14404296875,17218638798,2095.615374755859,2063.1504516601562,56.45821562968973,19.229037922231328,3.6388860373529646,15.590151884878363,2241.101912982413,2095.615374755859,1950.1288365293053,-0.0005439378020498653,-0.023491141788021475,0.059937728141017166,1.0446306461288426,1.0610685426296518,1.0157356062276406,0.027252142890933893,0.028984722351472997,1.0448141920279892,0.8214340974532177,0.08185220232286006,0.025582893392399164,1
2026-04-10 00:00:00+00:00,2189.380859375,2257.18408203125,2176.851318359375,2245.148681640625,17131968712,2104.0383117675783,2069.089404296875,60.15383335206426,26.95204822264668,8.301518474411708,18.650529748234973,2263.7243203210746,2104.0383117675783,1944.352303214082,0.025582893392399164,0.025025040087547135,0.06455825503800106,1.0670664450755658,1.0850902222872187,1.0168909605346803,0.027376344528461185,0.028311917648695492,1.0134891165835056,0.9418369873205685,0.06672679197089404,0.017923737259448957,1
2026-04-11 00:00:00+00:00,2245.1044921875,2327.457763671875,2230.751953125,2285.39013671875,12620960384,2115.655401611328,2075.4167602539064,62.60953734800632,35.9058384845016,13.822382476429688,22.083456008071913,2292.595815580712,2115.655401611328,1938.7149876419444,0.017923737259448957,0.04396517171135006,0.084273606975521,1.0802279685898508,1.1011716684985986,1.0193882222250623,0.027218427748296012,0.02821645937829937,0.7551542211054042,0.9796381202566621,0.06856994198921096,-0.04077595476873197,0
2026-04-12 00:00:00+00:00,2285.43017578125,2288.448486328125,2177.485595703125,2192.201171875,15307071617,2117.6581604003904,2079.7860400390623,54.268621242721665,35.07785544303988,18.07347706975173,17.00437837328815,2297.224915944251,2117.6581604003904,1938.0914048565303,-0.04077595476873197,-0.023583075009060872,-0.022127451962659195,1.0352006819932238,1.0540512964659703,1.0182096233132794,0.03404848493645792,0.02817975166769992,0.953534013634899,0.7075635082029476,0.06580376096100249,0.08143124552858283,1
2026-04-13 00:00:00+00:00,2192.33154296875,2393.759033203125,2176.32470703125,2370.71484375,23709131572,2128.4086853027343,2088.04421875,64.12748318778267,48.269810013769074,24.112743658555196,24.15706635521388,2340.386211726695,2128.4086853027343,1916.4311588787737,0.08143124552858283,0.037334853975415694,0.08235240615568173,1.1138438121026562,1.1353757848908104,1.0193312316809549,0.04403743547905378,0.033396063944225146,1.4528575889323927,1.0715373760014706,0.15453972372699143,-0.01999660571788242,0
2026-04-14 00:00:00+00:00,2370.314453125,2415.52734375,2304.412353515625,2323.30859375,25185167270,2136.1730407714845,2097.400334472656,60.40337331258115,54.27360849495244,30.144916625834647,24.128691869117795,2364.968438573197,2136.1730407714845,1907.3776429697718,-0.01999660571788242,0.059806291300749104,0.061286305582389344,1.0876031807380786,1.10770869803172,1.018486078056518,0.04074428902510298,0.033870290094094146,1.5059379326901579,0.9089582980613493,0.12489739564617097,0.015550417222206292,1
2026-04-15 00:00:00+00:00,2323.34326171875,2384.999267578125,2310.70703125,2359.43701171875,17004367348,2151.1659729003904,2107.5296850585937,62.204785633269,61.24097559315942,36.364128419299604,24.876847173859815,2397.458111581638,2151.1659729003904,1904.873834219143,0.015550417222206292,-0.004757144057617069,0.05090457082539834,1.0968177450936296,1.119527297027445,1.0207049457718949,0.03876423030261673,0.031453163705479535,1.021730023208044,0.9228130055906997,0.11874913612934557,-0.004573969185826421,0
2026-04-16 00:00:00+00:00,2359.70458984375,2369.17236328125,2285.7099609375,2348.64501953125,20602833116,2169.0346252441404,2113.410026855469,61.3075505118483,65.14093647174741,42.11949002978916,23.021446441958247,2418.3200213158084,2169.0346252441404,1919.7492291724727,-0.004573969185826421,0.010905320907178773,0.027677936382152435,1.082806605388742,1.1113058941173786,1.026319832726182,0.03899884580270963,0.030140449811386225,1.2336905853042008,0.8602505343623753,0.11428406289023618,0.030837677558848364,1
2026-04-17 00:00:00+00:00,2348.85498046875,2464.783447265625,2318.141845703125,2421.07177734375,26467618336,2190.453485107422,2121.2956103515626,64.96033856887317,73.2317476240969,48.34194154865071,24.889806075446188,2449.3709906252,2190.453485107422,1931.5359795896434,0.030837677558848364,0.02612265778610534,0.1044021910055799,1.1052833551610517,1.1413174880150274,1.0326017149228899,0.03938099738412988,0.030470673416001934,1.5045701068853483,0.9453509077633473,0.07996458457664857,-0.02890091572709097,0
2026-04-18 00:00:00+00:00,2421.102294921875,2427.278076171875,2341.125732421875,2351.1005859375,14400085617,2208.8805297851563,2129.7023852539064,59.150530302596195,73.1544049375575,53.30443422643207,19.84997071112543,2457.763654794059,2208.8805297851563,1959.9974047762537,-0.02890091572709097,0.0010455247114100619,-0.008273562661578526,1.064385580946823,1.1039573426862637,1.0371780325173512,0.04199512298843094,0.031546493658689535,0.8072282246779465,0.7857165509860425,0.07339749570144227,-0.036656702084753356,0
2026-04-19 00:00:00+00:00,2350.86181640625,2355.783203125,2254.697509765625,2264.9169921875,17083701612,2220.950634765625,2135.6997143554686,52.87753792131249,65.38509586761893,55.720566554669446,9.664529312949483,2454.952103078177,2220.950634765625,1986.949166453073,-0.036656702084753356,-0.06449820555405972,-0.02513295122291581,1.0197961885030886,1.0605034860301172,1.0399170912638738,0.041272754666527495,0.033003849602034334,0.9597003282876635,0.5939446186789515,0.03461304863063863,0.022206292914811687,1
2026-04-20 00:00:00+00:00,2264.87353515625,2346.2734375,2262.052978515625,2315.21240234375,19084768822,2231.4758422851564,2143.2226293945314,55.82202949774724,62.565070530499725,57.0894673498355,5.475603180664223,2462.3787170444407,2231.4758422851564,2000.5729675258722,0.022206292914811687,-0.015264418633726629,-0.018743712654903266,1.0375251922838844,1.080248206877979,1.041177809379307,0.026518596974652073,0.03226833051997206,1.0787603018810823,0.6813242042696279,0.031206717522122673,0.005510533991485822,1
2026-04-21 00:00:00+00:00,2315.178466796875,2338.012451171875,2287.3798828125,2327.970458984375,16107716719,2240.9375122070314,2149.23666015625,56.56347338247189,60.66039342539398,57.8036525649472,2.856740860446777,2471.347635763359,2240.9375122070314,2010.527388650704,0.005510533991485822,0.027839195438229547,-0.0088027609004111,1.0388377392512063,1.0831615252715499,1.0426667075575171,0.025540509827146063,0.03216663406826185,0.9194098714551765,0.688865283855609,0.018631533225552444,0.020669366999717997,1
2026-04-22 00:00:00+00:00,2327.96484375,2422.8603515625,2314.590087890625,2376.088134765625,22465555335,2256.8992919921875,2157.103044433594,59.33547231110255,62.3152855743092,58.7059791668196,3.6093064074895977,2477.641944770463,2256.8992919921875,2036.156639213912,0.020669366999717997,0.02629380024063832,-0.018580053263632768,1.0528108822561721,1.1015181406827654,1.0462640149788476,0.026107976121200388,0.03068415112417952,1.269201347102188,0.7699723892807352,0.08388233947222345,-0.018759497216376042,0
2026-04-23 00:00:00+00:00,2376.087890625,2380.135986328125,2287.55322265625,2331.513916015625,19909161913,2270.8057250976562,2161.203215332031,55.78397717155042,59.34592965879483,58.83396926521465,0.511960393580182,2471.717522909442,2270.8057250976562,2069.8939272858706,-0.018759497216376042,0.0015221228506463458,-0.008330851533544625,1.0267342072670518,1.0788036495019875,1.0507136529263337,0.02716879373157922,0.031191733523750972,1.0929780226216257,0.651081697489065,-0.016535488372936058,-0.006786890852357175,0
2026-04-24 00:00:00+00:00,2331.56884765625,2337.2666015625,2301.52734375,2315.690185546875,13371168064,2283.32265625,2166.0849096679685,54.53604696782072,55.080912426525174,58.08335789747676,-3.002445470951585,2460.080650442172,2283.32265625,2106.5646620578277,-0.006786890852357175,-0.02541906940868066,0.02241724245723331,1.0141756265625785,1.0690671336156619,1.054124261730812,0.02333444582404995,0.03134016405008085,0.72129472348215,0.5915588837857171,-0.0032791202269123465,0.0013554991229898228,1
2026-04-25 00:00:00+00:00,2315.741455078125,2323.410400390625,2302.201171875,2318.8291015625,6545621782,2293.8143310546875,2172.8864672851564,54.752285443957106,51.36206986201614,56.73910029038464,-5.377030428368499,2450.80938806503,2293.8143310546875,2136.819274044345,0.0013554991229898228,-0.005440591353965574,0.0015621457517629445,1.01090531616668,1.067165328918306,1.055653098120962,0.021103144303130813,0.031155533973769012,0.35634895914738485,0.5796673824774132,-0.01721084731423661,0.021950691540593592,1
2026-04-26 00:00:00+00:00,2318.906494140625,2379.32421875,2307.565185546875,2369.72900390625,10622966933,2306.912707519531,2180.8919384765627,58.222306969383084,51.92351510685057,55.77598325367783,-3.852468146827256,2440.519672740885,2306.912707519531,2173.305742298177,0.021950691540593592,0.023335944806715636,0.017937746916296016,1.027229593985921,1.0865870803124695,1.0577840501033713,0.01595906979253314,0.03134202044485978,0.5919787604986942,0.7350786737901264,0.008977084318688489,-0.028131925191703266,0
2026-04-27 00:00:00+00:00,2369.841796875,2403.7265625,2267.409423828125,2303.06396484375,17879618684,2309.9755737304686,2188.221123046875,52.53921159559285,46.4536640759452,53.911519418131306,-7.457855342186107,2440.0603965634527,2309.9755737304686,2179.8907508974844,-0.028131925191703266,-0.0067987488634357884,-0.030732938249817043,0.9970079298823248,1.0524822837085896,1.055640835106309,0.01883318931079542,0.029156750115751404,1.0096129134564598,0.4734342226241397,-0.048741971883820345,-0.0059244064939814045,0
2026-04-28 00:00:00+00:00,2303.079833984375,2310.442138671875,2259.057373046875,2289.419677734375,12761522276,2314.92978515625,2194.150751953125,51.4326593846669,40.55034860909245,51.23928525632354,-10.688936647231088,2432.8036621109422,2314.92978515625,2197.055908201558,-0.0059244064939814045,-0.03388966672539073,-0.018054465809573927,0.9889801809171705,1.0434194987269887,1.0550459138213788,0.018710471732424506,0.028641282696016155,0.7387712974710549,0.39179066608761604,-0.02623490826894148,-0.01572621507544203,0
2026-04-29 00:00:00+00:00,2289.412109375,2345.939697265625,2221.223876953125,2253.415771484375,21884731493,2318.1433715820312,2198.476657714844,48.52819564643972,32.591025182252,47.509633241509235,-14.918608059257238,2424.5221088823128,2318.1433715820312,2211.7646342817497,-0.01572621507544203,-0.021557453078704825,-0.0268923772494174,0.9720778270700822,1.0249896279665922,1.0544316508648184,0.016170161855608604,0.028928705363514617,1.250035579052983,0.19576815000658515,-0.005077987733235645,0.0012582894176169646,1
2026-04-30 00:00:00+00:00,2253.484375,2277.71826171875,2232.130859375,2256.251220703125,12309496389,2318.6984985351564,2202.570217285156,48.773541231675196,26.20987001135427,43.24968059547824,-17.03981058412397,2423.578700944436,2318.6984985351564,2213.8182961258767,0.0012582894176169646,-0.014487713787833645,-0.02698684470416901,0.9730679612414108,1.0243719827847917,1.052723985977227,0.015592744150049402,0.028384134881532432,0.7129259813379643,0.20229234689908385,-0.02546685633721424,0.017215516135995923,1
2026-05-01 00:00:00+00:00,2256.344970703125,2324.7880859375,2256.078125,2295.09375,13243880777,2319.1836791992187,2207.009367675781,52.13912062825002,24.01025083263721,39.40179464291003,-15.391543810272822,2423.50337936597,2319.1836791992187,2214.8639790324673,0.017215516135995923,0.018495467655385678,-0.03149526962079696,0.9896127549468025,1.0399111954912006,1.050826386677991,0.017541838012209685,0.028361848166552947,0.7656613268424354,0.3845379676096089,-0.014122476880019441,0.009210161281538065,1
2026-05-02 00:00:00+00:00,2295.04443359375,2339.74365234375,2292.72265625,2316.23193359375,6905015549,2325.385217285156,2211.482736816406,53.913647931912834,23.699518249010907,36.26133936413021,-12.5618211151193,2410.9881235280372,2325.385217285156,2239.782311042275,0.009210161281538065,0.026584235097691256,0.00571758707140102,0.9960637559646601,1.047366047689858,1.0515050280847869,0.017974202539107222,0.026677376840900165,0.40913261072200874,0.4465363730441841,-0.025191069428819435,0.002333017050397679,1
2026-05-03 00:00:00+00:00,2316.2109375,2354.710205078125,2297.55322265625,2321.6357421875,9861070993,2322.931262207031,2215.9737182617187,54.37932058697965,23.617059864771363,33.73248346425844,-10.11542359948708,2405.834082950595,2322.931262207031,2240.028441463467,0.002333017050397679,0.011564665795242624,0.01407171641199767,0.999442290850096,1.047681984246937,1.0482666121280597,0.015309223295143615,0.01929258939453115,0.6092796259535057,0.49218651423491133,-0.0042368067204188176,0.01066542438971041,1
2026-05-04 00:00:00+00:00,2321.81640625,2397.6083984375,2309.260986328125,2346.39697265625,25497505008,2324.0856811523436,2219.3521313476563,56.54600215954507,25.258570286423492,32.037700828691456,-6.779130542267964,2407.650988156922,2324.0856811523436,2240.5203741477653,0.01066542438971041,0.013023324057059193,0.04126233709220295,1.009600029673968,1.057244111700043,1.0471910465785752,0.011050240634465788,0.018906951371337712,1.5738792250791436,0.6334961379528233,0.013260317507509445,0.006301424994813232,1
2026-05-05 00:00:00+00:00,2346.4150390625,2398.83349609375,2344.934326171875,2361.1826171875,17739612383,2324.172961425781,2219.552263183594,57.83380815634263,27.436288610308566,31.11741838501488,-3.6811297747063136,2407.8972285154846,2324.172961425781,2240.4486943360776,0.006301424994813232,0.017034056756353166,0.04650696496982931,1.0159237958516716,1.063810326232535,1.047135947180683,0.010403712846833637,0.018634859847398363,1.0925302024915748,0.7210210793608154,0.018265044024357246,-0.004396362720448854,0
2026-05-06 00:00:00+00:00,2361.290771484375,2423.040283203125,2338.483154296875,2350.802001953125,22745786496,2324.280810546875,2220.2072338867188,56.566313613989855,28.001730656077143,30.494280839227333,-2.4925501831501897,2408.1432515678007,2324.280810546875,2240.418369525949,-0.004396362720448854,0.001877358924431416,0.024272756593548772,1.0114104936399704,1.0588209812458749,1.046875613713754,0.007093607654505834,0.018632505937106924,1.3916621932798658,0.6581231781676403,-0.007986990040601993,-0.025393178961011564,0
2026-05-07 00:00:00+00:00,2350.8525390625,2351.738037109375,2280.814697265625,2291.107666015625,23409823896,2317.782604980469,2221.9559545898437,49.806358489369366,23.363691435883084,29.068162958558485,-5.7044715226754015,2389.2981543671835,2317.782604980469,2246.2670555937543,-0.025393178961011564,-0.029677904056122584,-0.010847043084818986,0.9884911816546018,1.0311219991930696,1.0431271601908572,0.013952092796071573,0.01799968151010794,1.4458147712325264,0.3135025236218117,-0.005191474926722783,0.00692438080865676,1
2026-05-08 00:00:00+00:00,2291.07568359375,2320.692138671875,2265.833251953125,2306.97216796875,20013463010,2315.5761840820314,2225.346921386719,51.466353782241065,20.72919144554271,27.400368655955333,-6.671177210412623,2385.4680741305124,2315.5761840820314,2245.6842940335505,0.00692438080865676,-0.018644630193423217,-0.006316052924363436,0.9962842871798268,1.036679784979848,1.0405461556704545,0.012591437512189186,0.01699935723312814,1.2149908986070455,0.43844767892731756,0.007666785782039387,0.008563227258402195,1
2026-05-09 00:00:00+00:00,2307.069580078125,2336.927001953125,2300.544921875,2326.727294921875,12217205123,2318.66669921875,2228.951525878906,53.52742480113649,20.004801962812962,25.92125531732686,-5.916453354513898,2384.4736421774523,2318.66669921875,2252.859756260048,0.008563227258402195,0.015546903113547117,-0.008382928363612652,1.003476392577614,1.0438662608440596,1.040249943661053,0.012521655777392412,0.014852076001528729,0.7528108504417756,0.5612442649720359,0.03253350951263112,0.018187198165845242,1
2026-05-10 00:00:00+00:00,2326.744384765625,2381.263916015625,2313.127197265625,2369.0439453125,19587186882,2321.3582763671875,2234.798605957031,57.673859652252645,22.58497260479453,25.253998774820396,-2.669026170025866,2390.8696132367586,2321.3582763671875,2251.8469394976164,0.018187198165845242,0.026906166535334952,0.003329402845750229,1.020542140965822,1.0600704416933264,1.0387326491879065,0.01418646689123712,0.014581205903937612,1.2050757216334786,0.843006415160655,0.04999120823709724,-0.012529571487047475,0
2026-05-11 00:00:00+00:00,2369.193359375,2374.303466796875,2305.080810546875,2339.36083984375,15525623296,2321.9277954101562,2240.5248559570314,54.03208892696752,21.981212157503705,24.59944145135706,-2.6182292938533536,2391.8526536849836,2321.9277954101562,2252.002937135329,-0.012529571487047475,0.0054297488792296456,-0.004866918651536545,1.0075080045417666,1.044112870974824,1.0363320849740603,0.014787977057815389,0.014859197542434619,0.9569068658462428,0.6246555578638161,0.019287704410222872,-0.027664515902802167,0
2026-05-12 00:00:00+00:00,2339.287109375,2339.6904296875,2256.41943359375,2274.6435546875,16145394773,2316.85556640625,2242.9748071289064,47.05554922803158,16.095049889668644,22.89856313901938,-6.803513249350736,2384.9313206384486,2316.85556640625,2248.7798121740516,-0.027664515902802167,-0.03984746286019092,-0.007186092374592334,0.9817804733575919,1.0141190830400502,1.0329387378951054,0.01756025003313396,0.015304248719029785,1.0148724035935783,0.18996295234005184,-0.017955187605812717,-0.007503214574742345,0
2026-05-13 00:00:00+00:00,2274.591796875,2322.233154296875,2233.55322265625,2257.576416015625,15193768365,2313.15869140625,2245.0122485351562,45.391049805062195,9.938483775635177,20.30654726634254,-10.368063490707364,2385.762558572059,2313.15869140625,2240.554824240441,-0.007503214574742345,-0.034960157678619375,-0.02141150753310439,0.9759712657859912,1.0055964805932203,1.03035459735935,0.01757619248980453,0.014858573679818556,0.9694216782378744,0.11722234943980922,-0.027592324242698307,0.010346670115700896,1
2026-05-14 00:00:00+00:00,2257.57177734375,2317.948486328125,2238.471923828125,2280.934814453125,17563432027,2311.4209228515624,2247.2705151367186,48.0970739808562,6.865052265060058,17.618248266086045,-10.753196001025987,2385.4199985891864,2311.4209228515624,2237.4218471139384,0.010346670115700896,0.0027658222549462597,-0.01968106901427291,0.986810663476721,1.014980083211904,1.0285459215002164,0.01599889193566793,0.015030912261480626,1.105825990584175,0.2940102082725266,-0.027899012386219613,-0.02525541574718848,0
2026-05-15 00:00:00+00:00,2280.933349609375,2298.686279296875,2204.765380859375,2223.328857421875,18146855938,2306.6459106445313,2250.545524902344,42.503361488113605,-0.21648810913757188,14.051300991041321,-14.267789100178893,2390.3240739230523,2306.6459106445313,2222.9677473660104,-0.02525541574718848,-0.015170055086858647,-0.061507971677327355,0.9638795651997686,0.9879066354449106,1.0249274609739885,0.017999748470858872,0.015991358885204265,1.1023014527729,0.0021577317290215935,-0.0583833536475159,-0.01959984648757984,0
2026-05-16 00:00:00+00:00,2223.33837890625,2229.845947265625,2162.048828125,2179.751953125,11451672017,2297.1470581054687,2254.3151245117188,38.82490558382667,-9.238456686859081,9.393349455461241,-18.631806142320322,2392.929379410486,2297.1470581054687,2201.3647368004513,-0.01959984648757984,-0.04436025996314341,-0.06822756199056945,0.948895259201521,0.9669242464924379,1.0189999761470914,0.017573402354878604,0.015407339108957281,0.6938669138526251,-0.11282240491241434,-0.07276242264810517,-0.023904871092521485,0
2026-05-17 00:00:00+00:00,2179.8544921875,2196.7822265625,2097.02099609375,2127.645263671875,10143205921,2288.376123046875,2257.014138183594,34.93188993970249,-20.358328016812266,3.44301396100654,-23.801341977818804,2410.407149816871,2288.376123046875,2166.345096276879,-0.023904871092521485,-0.04303618577638246,-0.0646247587727301,0.9297620449032681,0.9426814071196592,1.0138953426709683,0.013357900719226927,0.015085318241911555,0.6293360533158807,-0.15856554529343284,-0.07134645166109588,0.000409302069402262,1
2026-05-18 00:00:00+00:00,2127.681396484375,2155.964111328125,2078.6162109375,2128.51611328125,19890789125,2280.330944824219,2259.9332666015625,35.04910818675377,-28.769004696605407,-2.999389770515849,-25.76961492608956,2421.74828200468,2280.330944824219,2138.913607643758,0.000409302069402262,-0.023505353336326085,-0.05716763420223547,0.9334242111270951,0.9418491000320842,1.0090257878513953,0.014618108593908725,0.015105827004463336,1.2074213682121213,-0.03676173858810511,-0.07735509650496886,-0.008716046816836354,0
2026-05-19 00:00:00+00:00,2128.531982421875,2143.56298828125,2093.475341796875,2109.9638671875,12030742868,2273.158349609375,2261.66224609375,33.6580232299187,-36.51066554783483,-9.701644925979647,-26.809020621855186,2433.596035565801,2273.158349609375,2112.720663652949,-0.008716046816836354,-0.008310312243433149,-0.07495652492226823,0.9282080447893484,0.9329261567821379,1.005083032860225,0.013202935560547054,0.014887641361548876,0.7528117919047861,-0.008591486623030001,-0.09316236939647593,0.008066266685735402,1
2026-05-20 00:00:00+00:00,2109.85400390625,2146.50634765625,2101.83349609375,2126.9833984375,12076799234,2266.694958496094,2262.1077490234375,36.16123138498939,-40.80230998343859,-15.921777937471436,-24.880532045967154,2439.9073012282292,2266.694958496094,2093.4826157639586,0.008066266685735402,-0.0007200860891709571,-0.043333876885894074,0.9383633163629174,0.940266174038672,1.0020278474686437,0.015001215777905091,0.015071099903381277,0.7562442991392803,0.09670437494557982,-0.10217646969105498,0.0020814671600175583,1
2026-05-21 00:00:00+00:00,2127.17236328125,2154.22216796875,2103.46044921875,2131.41064453125,14344389472,2258.5108032226562,2261.961220703125,36.828955965392645,-43.346555251906466,-21.406733400358444,-21.93982185154802,2441.277664062158,2258.5108032226562,2075.7439423831547,0.0020814671600175583,0.01016452351496322,-0.02217743561346308,0.9437239093521059,0.9422843437911399,0.9984745903471341,0.013535313043840081,0.01437515817665988,0.8951554747908639,0.1522888282164553,-0.08889188524092306,-0.031328398313085315,0
2026-05-22 00:00:00+00:00,2131.3701171875,2138.97998046875,2056.92919921875,2064.636962890625,13229489284,2245.9310546875,2262.1169091796874,31.480685251022393,-50.17260742785629,-27.159908205858017,-23.012699221998275,2445.803662199578,2245.9310546875,2046.0584471754216,-0.031328398313085315,-0.02931214018533257,-0.02961410055382574,0.9192788703738279,0.9127012642504517,0.9928448196348716,0.014840698763053328,0.015302841504767389,0.8096040394759013,0.0464758926859967,-0.09232505522199352,0.024853983556100134,1
2026-05-23 00:00:00+00:00,2064.634765625,2145.579345703125,2010.5504150390625,2115.951416015625,16650709488,2235.646838378906,2263.368232421875,38.8320348070806,-50.85542575029194,-31.899011714744802,-18.95641403554714,2440.229204248668,2235.646838378906,2031.0644725091443,0.024853983556100134,-0.00725305025349765,-0.005903031312389562,0.9464604962159079,0.9348683902625472,0.9877521502485231,0.019147751376777836,0.016685078546956993,0.9982336368587792,0.20746397947250306,-0.06273320317987408,-0.0084867352791419,0
2026-05-24 00:00:00+00:00,2115.544921875,2127.309814453125,2061.329833984375,2097.993896484375,10602558120,2223.2266845703125,2264.0210791015625,37.32292426668498,-52.24335703959014,-35.967880779713866,-16.27547625987627,2429.651780849207,2223.2266845703125,2016.8015882914176,-0.0084867352791419,0.016156319097885508,-0.005673069046002399,0.9436707066557446,0.9266671215432886,0.9819814422631442,0.01728273052976769,0.016314693849342487,0.6653451579260236,0.19666288076538158,-0.08020436042693824,0.00637583591933466,1
2026-05-25 00:00:00+00:00,2097.993896484375,2138.411376953125,2090.516357421875,2111.370361328125,10167436482,2210.7360717773436,2264.06857421875,39.21782654573214,-51.668333281110336,-39.107971279993166,-12.56036200111717,2412.1852746321233,2210.7360717773436,2009.2868689225638,0.00637583591933466,-0.002165009391437822,-0.007340460259748327,0.9550531102659702,0.9325558357068244,0.9764439544593698,0.017559048042477324,0.01631752356510778,0.6535679341993494,0.25337278817417536,-0.05035624654446069,-0.019187636510046735,0
2026-05-26 00:00:00+00:00,2111.366455078125,2138.006103515625,2054.361083984375,2070.858154296875,15924080901,2196.738879394531,2263.3305078125,35.69777904717178,-53.86074618757357,-42.05852626150924,-11.802219926064325,2396.1022875516283,2196.738879394531,1997.3754712374339,-0.019187636510046735,-0.012934137812779856,-0.028409584229927676,0.9426965461036718,0.9149605623874841,0.9705780361338701,0.018730764505072297,0.016600076059948995,1.0465537656664095,0.184293305724231,-0.049956968118326284,-0.02349746263809005,0
2026-05-27 00:00:00+00:00,2070.86669921875,2092.980712890625,2014.632568359375,2022.1982421875,14534289020,2183.293408203125,2258.93833984375,31.984369140857126,-58.84635332030712,-45.41609167326882,-13.4302616470383,2391.915833535129,2183.293408203125,1974.6709828711214,-0.02349746263809005,-0.04223423837612872,-0.020555052275973984,0.9262146052333807,0.8951985127346924,0.966513060446857,0.01953988785402921,0.01648968911970067,0.9839110290911598,0.11390735976907386,-0.04956043344480987,-0.007242369965002715,0
2026-05-28 00:00:00+00:00,2022.0908203125,2025.7589111328125,1966.2794189453125,2007.552734375,18109844096,2168.3224365234373,2255.282685546875,30.94112583979674,-63.25014467919755,-48.98290227445456,-14.267242404742987,2382.475112817666,2168.3224365234373,1954.1697602292086,-0.007242369965002715,-0.030569655285428876,-0.05122928665571236,0.9258552605274859,0.8901556985474732,0.9614415303319942,0.019128976814308443,0.016202848155624436,1.2339117958014632,0.12463765354126953,-0.05682990988486192,0.002204565376648926,1
2026-05-29 00:00:00+00:00,2007.5496826171875,2042.5430908203125,1975.1915283203125,2011.978515625,14941194039,2152.584997558594,2251.739375,31.66648280139728,-65.62655541987624,-52.3116329035389,-13.31492251633734,2363.9661620648676,2152.584997558594,1941.20383305232,0.002204565376648926,-0.005053770866423446,-0.04099887087541654,0.9346801719360369,0.8935219315179403,0.9559654289735879,0.016425909452916297,0.015945837375749075,1.008655991678145,0.16741009715314378,-0.04643935049613468,0.0037176024843394995,1
2026-05-30 00:00:00+00:00,2011.909423828125,2028.4417724609373,2000.165771484375,2019.458251953125,7478416074,2135.105712890625,2247.22556640625,32.94829135768002,-66.14386059030267,-55.07807844089166,-11.065782149411007,2328.140877860411,2135.105712890625,1942.0705479208389,0.0037176024843394995,0.005930363558709351,-0.043531969122264313,0.9458352529154493,0.8986451036077482,0.9501074323860927,0.011549097026832633,0.015039717714075137,0.526369727259013,0.2004497575465043,-0.050552884692642075,-0.007485522022616653,0
2026-05-31 00:00:00+00:00,2019.242431640625,2034.1192626953125,1991.90673828125,2004.341552734375,9253505209,2118.3547485351564,2241.6045947265625,31.65588462319917,-67.00127101090402,-57.462716954894134,-9.538554056009886,2294.132385220532,2118.3547485351564,1942.5771118497807,-0.007485522022616653,-0.003795747733545074,-0.03212030791412879,0.9461784217777397,0.8941548199221417,0.9450171334938576,0.011527843512711373,0.014999229775595452,0.6660107058499536,0.175689132159475,-0.059617367550878764,-0.0005589672711203697,0
2026-06-01 00:00:00+00:00,2004.2425537109373,2017.6077880859373,1956.1522216796875,2003.22119140625,19458810001,2104.7836303710938,2237.8249951171874,31.557086422567025,-66.99885761719815,-59.36994508735494,-7.6289125298432126,2271.4288466322646,2104.7836303710938,1938.138414109923,-0.0005589672711203697,-0.008040305131919112,-0.009384367163093654,0.951746850602911,0.8951643652998648,0.9405488074195334,0.010494033347391579,0.014298176132073943,1.3840230770070994,0.19527346405890111,-0.02974652328145333,-0.0726354550544448,0
2026-06-02 00:00:00+00:00,2003.26025390625,2003.970703125,1838.05859375,1857.71630859375,25205401403,2084.790625,2227.5650244140625,21.96781541623129,-77.84067415569416,-63.064090901022794,-14.776583254671365,2269.2458424193674,2084.790625,1900.3354075806326,-0.0726354550544448,-0.07315382148346672,-0.07463635859503226,0.8910805173031464,0.8339672639106922,0.9359056198812343,0.026973921105841646,0.020621335782446223,1.7311186818876965,-0.11552695440971485,-0.12204207784134113,-0.024752976854615305,0
2026-06-03 00:00:00+00:00,1857.6417236328125,1889.058837890625,1771.3145751953125,1811.7322998046875,24083350214,2061.330499267578,2217.333498535156,19.90885102591176,-89.11614167010225,-68.2745010548387,-20.841640615263557,2259.58257712087,2061.330499267578,1863.078421414286,-0.024752976854615305,-0.09559048817127302,-0.09952701495826266,0.8789140317132179,0.8170770436659969,0.9296438720784947,0.027043374159803537,0.020335689359354897,1.6178331281762586,-0.12949705790119106,-0.1364453905987898,-0.023265983281846703,0
2026-06-04 00:00:00+00:00,1811.7425537109373,1817.3465576171875,1717.802490234375,1769.58056640625,27112623897,2038.643084716797,2205.5363696289064,18.222801235231543,-100.2971602881596,-74.67903290150288,-25.618127386656724,2261.199353165393,2038.643084716797,1816.086816268201,-0.023265983281846703,-0.047443057790786614,-0.12373500928043701,0.8680188207893563,0.8023356997300352,0.9243298422958266,0.026930480287263397,0.0202683157731433,1.7680840701064655,-0.10448200400316397,-0.16188054979936228,-0.10664658628443302,0
2026-06-05 00:00:00+00:00,1769.986083984375,1772.1077880859375,1540.1619873046875,1580.86083984375,39924177669,2008.6985290527343,2190.180686035156,12.939302497509175,-122.96879511027691,-84.3369853432577,-38.63180976701922,2301.4146597903773,2008.6985290527343,1715.9823983150911,-0.10664658628443302,-0.12743133187272004,-0.21128171110003757,0.7870075160503329,0.7217947130679676,0.9171382716779611,0.04124942149816049,0.02944668345204082,2.3823822510790946,-0.2308064781582681,-0.2366155853970091,-0.00764971801669323,0
2026-06-06 00:00:00+00:00,1580.88037109375,1599.9534912109375,1506.5057373046875,1568.7677001953125,18426248218,1980.7546508789062,2173.1346044921875,12.68548589335633,-140.29481307551146,-95.52855088970844,-44.766262185803015,2327.3976750941965,1980.7546508789062,1634.1116266636159,-0.00764971801669323,-0.11348048798860744,-0.2168774437264981,0.7920050570115862,0.7218916384435828,0.9114735216053328,0.039755595882278685,0.02942681350664063,1.0730251427396769,-0.09425247575113481,-0.22422655332826913,0.0749814902642485,1
2026-06-07 00:00:00+00:00,1568.74951171875,1714.970703125,1563.77587890625,1686.396240234375,15172606860,1958.6486572265626,2159.840517578125,27.568615737521043,-142.88705400725985,-105.00025151321873,-37.88680249404112,2321.62074827057,1958.6486572265626,1595.6765661825555,0.0749814902642485,0.06675818499056252,-0.09222079149913931,0.86099987050373,0.7807966498032767,0.9068487424353151,0.0574501888769403,0.035531553814885285,0.8958613590020809,0.12496783677070719,-0.1599741260299241,0.0022250520052251588,1
2026-06-08 00:00:00+00:00,1686.251220703125,1713.4710693359375,1644.79150390625,1690.1485595703125,17427269148,1937.657891845703,2148.3451489257814,27.990283788362433,-142.9903391890134,-112.59826904837767,-30.392070140635738,2312.158337974449,1937.657891845703,1563.1574457169572,0.0022250520052251588,0.07737337998474092,-0.06710910891608113,0.8722636574201305,0.7867211469327556,0.9019304429805302,0.05764021450662228,0.03565192101894677,1.0128505841688327,0.16954734656003353,-0.15995695458741732,-0.031027979306495035,0
2026-06-09 00:00:00+00:00,1690.21337890625,1695.52294921875,1613.834228515625,1637.7066650390625,15196855528,1913.1940551757812,2134.7950341796877,25.735333478474345,-145.6251400867377,-119.20364325604969,-26.421496830688014,2299.362079592699,1913.1940551757812,1527.0260307588633,-0.031027979306495035,-0.02887196616884391,-0.07452268852330546,0.8560065617016527,0.7671493697606265,0.8961956649439844,0.05361765811476169,0.03565722579488226,0.8752858581870505,0.14330631652804232,-0.18903663224770817,-0.010727787888769158,0
2026-06-10 00:00:00+00:00,1637.6348876953125,1665.7607421875,1603.8258056640625,1620.1376953125,12655731412,1887.6304077148438,2120.63837890625,25.00844307585662,-147.43141028295145,-124.84919666143006,-22.58221362152139,2280.6057861845134,1887.6304077148438,1494.6550292451743,-0.010727787888769158,-0.0414229056146469,0.02484523272309791,0.8582917973194927,0.7639858409749753,0.8901236658219948,0.05352379053218744,0.0354987475208785,0.732488094186324,0.15965716040020383,-0.19168582165935444,0.032184267106926345,1
2026-06-11 00:00:00+00:00,1620.1400146484375,1690.4488525390625,1620.08447265625,1672.2806396484375,12379882531,1868.0125915527344,2106.5622290039064,31.217832944153486,-143.00689809326673,-128.4807369477974,-14.526161145469331,2262.9510561020493,1868.0125915527344,1473.0741270034196,0.032184267106926345,0.021111213227278602,0.06598359938201015,0.8952191474568166,0.7938434557611811,0.8867587986878647,0.05606810771717832,0.036597320180873645,0.7182885585651967,0.2521994317169676,-0.16520419870633163,-0.0042772916588651455,0
2026-06-12 00:00:00+00:00,1671.8189697265625,1689.4443359375,1650.628662109375,1665.1278076171875,9989137815,1845.4714111328126,2093.2345068359373,30.840585477529885,-138.48128798596963,-130.48084715543186,-8.00044083053777,2232.20247089828,1845.4714111328126,1458.7403513673455,-0.0042772916588651455,0.027769313950817942,-0.012611764726320529,0.9022777581772865,0.7954807749343568,0.8816362452969329,0.03505779854382193,0.03571323662347957,0.5909973254486934,0.2668358941417914,-0.1036694893001977,0.009060440840140016,1
2026-06-13 00:00:00+00:00,1665.0487060546875,1693.603271484375,1661.609130859375,1680.214599609375,6101094488,1824.5824462890625,2080.5249951171877,32.68822888561712,-132.15394295112083,-130.81546631456968,-1.3384766365511496,2198.812762620336,1824.5824462890625,1450.3521299577892,0.009060440840140016,0.004744395033243531,-0.005877566149252056,0.9208762273399533,0.8075916432403809,0.8769817476700351,0.03438025190697817,0.03600005540681818,0.3658367048852095,0.3071136404781657,-0.0725922368384615,0.026424411293025862,1
2026-06-14 00:00:00+00:00,1680.146484375,1729.350830078125,1654.2105712890625,1724.61328125,7804982667,1805.2445922851562,2068.6406787109377,37.94257252372337,-122.14881832911124,-129.082136717478,6.933318388366757,2156.332237569381,1805.2445922851562,1454.1569470009315,0.026424411293025862,0.035724268948421845,0.053066045382959004,0.955334966031894,0.8336939803024097,0.8726719003757021,0.021740511589389104,0.03676311158345622,0.4713445511545853,0.3851692559989105,-0.02541126751158429,0.0407905361482761,1
2026-06-15 00:00:00+00:00,1724.5716552734375,1847.769775390625,1709.253662109375,1794.961181640625,17921331594,1791.4497436523438,2057.145322265625,45.236840284654,-107.30623782966245,-124.7269569399149,17.42071911025245,2119.5210667457386,1791.4497436523438,1463.3784205589488,0.0407905361482761,0.06829281334534709,0.1079065605558942,1.0019601096825201,0.8725495288119728,0.8708425818353664,0.025882511591821488,0.03833602896747565,1.0757852396792285,0.505351638105964,0.1354327568883522,-0.002542109728010611,0
2026-06-16 00:00:00+00:00,1794.93798828125,1837.2041015625,1758.130126953125,1790.398193359375,14698492893,1779.8597412109375,2046.8920068359375,44.868446863000926,-94.81857140005513,-118.74527983194295,23.926708431887818,2089.4659222903165,1779.8597412109375,1470.2535601315587,-0.002542109728010611,0.03814473240151206,0.07063261447299252,1.0059209452882325,0.8746910864764929,0.8695425724790554,0.0201624806432516,0.03813021430176747,0.8818894071785798,0.5170191242818493,0.14127680799169262,-0.023744826972111888,0
2026-06-17 00:00:00+00:00,1790.396240234375,1807.2828369140625,1724.7178955078125,1747.885498046875,14185457929,1766.8763793945313,2036.0613232421874,41.479194640140534,-87.34555976190086,-112.46533581793454,25.119776056033686,2057.4738906603397,1766.8763793945313,1476.278868128723,-0.023744826972111888,-0.02622657474448664,0.04970050349955679,0.9892517203981389,0.8584640737949747,0.8677913377289586,0.02310049208206556,0.038350978418204014,0.8612473833176414,0.46732442534532675,0.036461927716320286,-0.021941969782405923,0
2026-06-18 00:00:00+00:00,1747.8778076171875,1760.880859375,1670.1038818359375,1709.533447265625,12942260783,1751.7541259765626,2025.1836767578125,38.643290250246785,-83.55466797368126,-106.6832022490839,23.128534275402643,2019.2030263954712,1751.7541259765626,1484.305225557654,-0.021941969782405923,-0.045165788478607194,0.017449466075979858,0.9758980566479896,0.8441374809036961,0.8649853077924305,0.023921826514632892,0.038452864578864064,0.7905658918041347,0.42106776538470186,0.011469339535597145,0.0008475848259608121,1
2026-06-19 00:00:00+00:00,1709.4986572265625,1717.1932373046875,1678.1962890625,1710.982421875,7855725190,1736.3303344726562,2014.27830078125,38.813495823755645,-79.51681839328899,-101.24992547792493,21.733107084635947,1972.5288722799526,1736.3303344726562,1500.1317966653598,0.0008475848259608121,-0.021112982637084277,-0.007903719357373995,0.9854014457419736,0.8494270236696613,0.8620111400689815,0.02372547779936693,0.0384145525840168,0.47930728030229697,0.44634193582871284,0.044742906895472556,0.01655129203228678,1
2026-06-20 00:00:00+00:00,1710.982177734375,1747.259521484375,1702.8017578125,1739.3013916015625,7773536600,1723.0783264160157,2003.1624536132813,42.18888914353202,-73.18802334905922,-95.63754505215181,22.449521703092586,1922.903412408539,1723.0783264160157,1523.2532404234923,0.01655129203228678,0.017412905482224295,-0.031008910169404658,1.009415164091403,0.8682777517441138,0.8601790250750492,0.02415017946574373,0.038790423430442485,0.4764437523081602,0.540593164529287,0.07355158554352226,-0.019962512168946955,0
2026-06-21 00:00:00+00:00,1739.341064453125,1739.48583984375,1701.9364013671875,1704.58056640625,8498711726,1708.1462951660155,1990.9294262695312,39.32451716167513,-70.16526658241901,-90.54308935820525,20.377822775786242,1858.283523542725,1708.1462951660155,1558.009066789306,-0.019962512168946955,-0.003741625505266466,-0.047932145637447854,0.9979125155908154,0.8561732746098277,0.8579642616296171,0.023715224089870614,0.038880891627746585,0.5389935151580838,0.4881251012879405,0.019314896071871646,0.012865509723484658,1
2026-06-22 00:00:00+00:00,1704.6304931640625,1776.8321533203125,1704.5166015625,1726.5108642578125,13584368622,1701.5860229492187,1979.0269287109375,42.00292432630235,-65.24798020920116,-85.48406752840444,20.23608731920328,1834.7072300359046,1701.5860229492187,1568.4648158625328,0.012865509723484658,-0.007353830339877132,-0.012228852412212943,1.0146480054328335,0.8724039270058825,0.8598094337491238,0.01675769383791891,0.03590638254785357,0.8944915958862555,0.5936170947291789,0.036863870965235135,-0.03537429039344153,0
2026-06-23 00:00:00+00:00,1726.519775390625,1733.6123046875,1638.253173828125,1665.436767578125,10431438278,1694.2712463378907,1965.407724609375,37.09222396022991,-65.52384640167838,-81.49202330305923,15.968176901380843,1817.6281629475218,1694.2712463378907,1570.9143297282596,-0.03537429039344153,-0.022963888946975097,-0.025794569716101168,0.9829811909857465,0.8473746931615072,0.8620456840193946,0.020083274837095735,0.036320729836789335,0.7192063386798827,0.3831258126732617,-0.008795205109326854,-0.027327270363134648,0
2026-06-24 00:00:00+00:00,1665.309814453125,1687.4923095703125,1551.4842529296875,1619.9249267578125,14059894232,1686.7884643554687,1950.5825708007812,33.910582811770254,-68.62384457915209,-78.91838755827781,10.294542979125723,1809.0620602316494,1686.7884643554687,1564.514868479288,-0.027327270363134648,-0.061734877959090495,-0.05321942175034222,0.9603604488585324,0.8304826214523068,0.8647613741688382,0.020529373623643196,0.03644782369301824,1.0150478014377367,0.22658227183665644,-0.06070250973383984,-0.034019031040829484,0
2026-06-25 00:00:00+00:00,1619.8853759765625,1656.646484375,1531.7803955078125,1564.816650390625,15976182558,1685.9862548828125,1934.8628637695313,30.499175826672214,-74.66668178362465,-78.06804640334718,3.4013646197225285,1811.3573202483722,1685.9862548828125,1560.615189517253,-0.034019031040829484,-0.06041665414521957,-0.10031886483473151,0.9281313212718868,0.808748092535108,0.8713724814574955,0.02208776637497009,0.028383947315242485,1.262534078810638,0.016756102618739666,-0.12821699633617922,0.007540460713794772,1
2026-06-26 00:00:00+00:00,1564.6136474609375,1590.2000732421875,1510.505859375,1576.6160888671875,15272225856,1686.3786743164062,1920.5730322265624,32.07482044821475,-77.608930292889,-77.97622318125555,0.36729288836654916,1810.2449926963648,1686.3786743164062,1562.5123559364476,0.007540460713794772,-0.0267350894941194,-0.07507094710627182,0.9349122548091328,0.8209092090808866,0.8780601653879053,0.02288453508297619,0.028375462988422213,1.2221340188749408,0.056931267172552945,-0.11940478117388065,-0.0031890021082193742,0
2026-06-27 00:00:00+00:00,1576.5911865234375,1607.865966796875,1561.972900390625,1571.5882568359375,6111411513,1680.6382751464844,1905.8653540039063,31.74457116408442,-79.43075911269261,-78.26713036754296,-1.1636287451496514,1814.7210492054912,1680.6382751464844,1546.5555010874775,-0.0031890021082193742,0.004327412060462166,-0.08973161456963819,0.9351139267008292,0.8246061315581878,0.881824244097697,0.019887631152360575,0.022335364716135946,0.5074532505329674,0.0933481423103747,-0.10086315231056941,-0.0007807711567662245,0
2026-06-28 00:00:00+00:00,1571.564453125,1585.2197265625,1548.761962890625,1570.3612060546875,6231562560,1674.648907470703,1890.7380322265626,31.658898964549337,-80.05080843141127,-78.62386598031662,-1.4269424510946465,1817.3665454294548,1674.648907470703,1531.9312695119513,-0.0007807711567662245,-0.003967283384120557,-0.057087464006031374,0.9377256325485406,0.8305546190369936,0.8857117585446834,0.020280434365723257,0.022306450849710575,0.5426529223059784,0.13463625481891453,-0.08140948715191365,0.025372891496913352,1
2026-06-29 00:00:00+00:00,1569.993408203125,1633.64501953125,1550.036376953125,1610.205810546875,11882501822,1673.2738647460938,1875.56126953125,37.55245589678105,-76.4458551640057,-78.18826381705443,1.7424086530487273,1818.0058555296844,1673.2738647460938,1528.5418739625031,0.025372891496913352,0.024572309918302615,-0.005999732487844245,0.9623085882544464,0.8585194398630902,0.8921456696342888,0.02313219220723736,0.022199059187559416,1.0498953365951662,0.28212123713021825,-0.058899851944526516,-0.02522779881684256,0
2026-06-30 00:00:00+00:00,1610.163818359375,1611.3472900390625,1549.251953125,1569.5838623046875,9639804637,1670.7461730957032,1860.1657299804688,34.30441532710512,-75.99078103747797,-77.74876726113915,1.7579862236611774,1821.0443245669815,1670.7461730957032,1520.4480216244249,-0.02522779881684256,-0.0004950095220149775,0.0030464987146401334,0.9394508199868724,0.8437871083245726,0.8981706017738783,0.021515379692936945,0.022776082201107134,0.8632403019308952,0.1634612275642405,-0.0975779874128645,0.025087433682497773,1
2026-07-01 00:00:00+00:00,1569.90966796875,1642.454833984375,1551.1392822265625,1608.960693359375,11666600557,1667.58017578125,1846.8520727539062,39.74494616662271,-71.62707796489599,-76.52442940189053,4.897351436994541,1820.3889026147385,1667.58017578125,1514.7714489477617,0.025087433682497773,-0.0007732658641177448,0.020515206409841502,0.9648475777817326,0.8711908858841071,0.902931101187039,0.022842397534855778,0.0222761364588703,1.0480862706347192,0.3081932765340321,-0.05609583667169771,0.05544494691670465,1
2026-07-02 00:00:00+00:00,1609.0125732421875,1720.34326171875,1595.9393310546875,1698.16943359375,13538465176,1669.2322570800782,1835.6639331054687,49.87304141236834,-60.275592542154754,-73.27466202994339,12.999069487788631,1822.6426179219711,1669.2322570800782,1515.8218962381852,0.05544494691670465,0.08192335202800494,0.08054347327120981,1.0173356202475325,0.9250982181258454,0.9093343432728281,0.025940380857191126,0.02565761017849789,1.1971616972791532,0.594312979758567,-0.01641543719810057,0.03436008328131357,1
2026-07-03 00:00:00+00:00,1698.41796875,1772.543212890625,1693.038330078125,1756.5186767578125,10177742550,1673.0474609375,1825.1756103515625,55.17970452105967,-46.0404367871231,-67.82781698137933,21.78738019425623,1831.325830619088,1673.0474609375,1514.7690912559121,0.03436008328131357,0.09171012319160443,0.11854436417900294,1.0498917202106979,0.962383382067808,0.9166501302388324,0.027119637326290934,0.026664584451515767,0.8840497983098587,0.7636848483726275,0.054689503049784705,0.01281755925767869,1
2026-07-04 00:00:00+00:00,1756.57568359375,1804.5887451171875,1743.564208984375,1779.032958984375,8083146790,1675.7684448242187,1816.2896923828125,57.06828694031714,-32.56684851895784,-60.775623288895034,28.208774769937193,1839.5545812939897,1675.7684448242187,1511.9823083544477,0.01281755925767869,0.04761805494254934,0.10484817986103345,1.0616221856182453,0.9794874498519232,0.9226328001816482,0.02589214932359093,0.02619302643743103,0.7012637461702171,0.8152419258000362,0.09821938634218563,0.0022332483728719765,1
2026-07-05 00:00:00+00:00,1779.042724609375,1805.9140625,1749.1376953125,1783.0059814453125,11323496681,1675.1706848144531,1808.3547729492188,57.40934096999438,-21.322549952782538,-52.88500862167253,31.562458668889995,1837.2030742235747,1675.1706848144531,1513.1382954053315,0.0022332483728719765,0.015079432423906969,0.13597369612812416,1.0643727219013528,0.9859824013058205,0.9263506861999442,0.02554757177590411,0.02454540278508921,1.011328863372764,0.8327584596638331,0.13943443853324355,0.008170330988810814,1
2026-07-06 00:00:00+00:00,1783.002685546875,1829.513671875,1728.9652099609375,1797.57373046875,16997487730,1675.5294616699218,1801.7533422851564,58.704733401342494,-11.107822664561354,-44.5295714302503,33.421748765688946,1838.6641523735345,1675.5294616699218,1512.3947709663091,0.008170330988810814,0.010421825740069224,0.11722662827490637,1.072839225803402,0.9976802530522267,0.9299438620964925,0.02561299261847869,0.024604954923746945,1.5026597557244064,0.8740598283309383,0.1401467631605373,-0.0161674903047212,0
2026-07-07 00:00:00+00:00,1797.562255859375,1810.329833984375,1756.712646484375,1768.511474609375,9901110376,1676.5607604980469,1794.5532495117188,55.103994492541844,-5.296602918531335,-36.68297772790651,31.386374809375177,1841.8677424957884,1676.5607604980469,1511.2537785003053,-0.0161674903047212,-0.00812925306295842,0.04142227484731231,1.054844844444536,0.9854884356820119,0.9342496584897793,0.02329931440726493,0.024268242579375005,0.892202219287723,0.778121084179567,0.1253020420055193,-0.014607687128744051,0
2026-07-08 00:00:00+00:00,1768.3896484375,1782.8583984375,1711.9000244140625,1742.6776123046875,10110272581,1678.21796875,1787.2075244140624,52.047902348141356,-2.7441137524313035,-29.89520493281147,27.151091180380167,1845.5686595623738,1678.21796875,1510.867277937626,-0.014607687128744051,-0.03053900779343688,-0.007879827659261096,1.0384095777515119,0.9750840842481491,0.9390168437771127,0.025816985565459576,0.02395891227131459,0.9228250851365389,0.6925885194790048,0.10973042736003435,0.0010369140127690635,1
2026-07-09 00:00:00+00:00,1742.664794921875,1760.206298828125,1721.298583984375,1744.484619140625,7763668656,1679.8930786132812,1779.557548828125,52.24739896405214,-0.5688796581478073,-24.02993987787874,23.461060219730932,1849.282909198722,1679.8930786132812,1510.5032480278403,0.0010369140127690635,-0.01358592003145298,-0.019419730066987162,1.038449792638388,0.9802912079406501,0.9439948034945682,0.017232465101617075,0.02395878988677573,0.7089343440877053,0.6906594401331654,0.08339232644313022,0.0293545827817554,1
2026-07-10 00:00:00+00:00,1744.47314453125,1809.75830078125,1736.72314453125,1795.6932373046875,9431692646,1682.7126708984374,1772.8432006835938,57.62738484988372,5.2268645103829385,-18.178579000226406,23.405443510609345,1858.03953672947,1682.7126708984374,1507.3858050674048,0.0293545827817554,0.030421934972749698,0.007115655242553087,1.0671419240849522,1.0128889213734655,0.9491604617089641,0.0158064514754714,0.024553073297402406,0.8547776267644229,0.8221998119647351,0.14405689331438065,-0.004228800204808647,0
2026-07-11 00:00:00+00:00,1795.8193359375,1827.83154296875,1786.295654296875,1788.099609375,6901680020,1686.888623046875,1767.3124536132811,56.60888804974025,9.102364813155418,-12.72239023755004,21.82475505070546,1868.2821193387658,1686.888623046875,1505.495126754984,-0.004228800204808647,0.025001647911267133,-0.005270504866178416,1.0599986181336125,1.011762015097681,0.9544937113966582,0.015396820398605038,0.024063529023430754,0.6300465823385292,0.7789818499480834,0.11133827989395928,0.009892332882217136,1
2026-07-12 00:00:00+00:00,1787.568359375,1824.98046875,1779.6370849609375,1805.7880859375,6064480351,1690.8524841308595,1761.1091870117189,58.45100452038493,13.44604135947975,-7.488703918144083,20.934745277623833,1879.2222318103527,1690.8524841308595,1502.4827364513662,0.009892332882217136,0.0056216999780902555,0.02107795842057425,1.067974943340915,1.0253697495051928,0.9601065604568947,0.015780739203317067,0.024006331933588212,0.5732974929141492,0.8050797785273908,0.06337333025480385,-0.017879923877591963,0
2026-07-13 00:00:00+00:00,1805.7579345703125,1842.455078125,1749.3475341796875,1773.500732421875,11436340419,1696.255682373047,1754.6193237304688,53.94880404651701,14.120346163934983,-3.16689390172827,17.28724006566325,1887.7296888632873,1696.255682373047,1504.7816758828067,-0.017879923877591963,-0.008164465154280598,0.017687218737161503,1.045538565236087,1.0107609715885624,0.9667371488686585,0.017079673139129493,0.02284348618498228,1.0760081776584824,0.7017115833755881,0.00966801884248003,0.06539558955703528,1
2026-07-14 00:00:00+00:00,1773.471435546875,1894.062255859375,1772.0177001953125,1889.4798583984373,13835437084,1709.7334289550781,1750.181513671875,64.52045767084908,23.739628112405853,2.214410501098555,21.525217611307298,1915.9638095369967,1709.7334289550781,1503.5030483731596,0.06539558955703528,0.04634639751623326,0.08311637584356601,1.1051312598790404,1.0795907988048135,0.9768892058333213,0.029179768317560494,0.02553137252169217,1.3031073817752346,0.9357903741829166,0.062082548193550524,0.014535146837066026,1
2026-07-15 00:00:00+00:00,1889.5008544921875,1944.1607666015625,1863.635498046875,1916.9437255859373,12684088080,1727.3397827148438,1747.1032250976561,66.48263572185581,33.196415305083065,8.410811461895458,24.78560384318761,1941.4512477202625,1727.3397827148438,1513.228317709425,0.014535146837066026,0.08088127089080932,0.0675229408689233,1.1097664424616533,1.0972126306267838,0.9886878794000808,0.027114227049355608,0.023554484085876307,1.213479353969155,0.9427692437354885,0.07511906607966301,-0.028039616131406153,0
2026-07-16 00:00:00+00:00,1916.9781494140625,1927.0859375,1856.775634765625,1863.193359375,11412820341,1741.6686462402345,1743.9231274414062,59.54215755097589,35.939493831748905,13.916547935866149,22.022945895882756,1951.6259868586158,1741.6686462402345,1531.7113056218532,-0.028039616131406153,-0.013912029232065137,0.0419964019936494,1.0697748756039804,1.068391909056554,0.9987072359063903,0.031332829075140824,0.025080625965141556,1.112394210068692,0.7894033444528358,0.036504554886401586,-0.01191781845055584,0
2026-07-17 00:00:00+00:00,1863.21630859375,1869.067138671875,1803.053955078125,1840.9881591796875,10651207679,1755.1386413574219,1740.5918359375,56.899461191144624,35.90770754695518,18.314779858083956,17.592927688871224,1953.3931904387264,1755.1386413574219,1556.8840922761174,-0.01191781845055584,-0.039623263527484576,0.019492914764642988,1.0489132401277825,1.0576794175230133,1.0083573903540037,0.030934007846605948,0.02537226832159777,1.0156891730190953,0.7165133617868678,0.04098174403212229,0.011083140628755705,1
2026-07-18 00:00:00+00:00,1841.1021728515625,1864.1319580078125,1836.6085205078125,1861.39208984375,4754880124,1769.690185546875,1737.580107421875,58.71281201134911,37.10126310276064,22.072076507019293,15.029186595741347,1952.9991054501645,1769.690185546875,1586.3812656435855,0.011083140628755705,-0.0009667646796757134,0.0495581173523687,1.0518180555250902,1.0712554096890419,1.0184797684940368,0.030799092537698025,0.02528875225685115,0.45663596924637767,0.7501294109017043,0.06812188135134356,0.00543488668149128,1
2026-07-19 00:00:00+00:00,1861.419921875,1877.0318603515625,1852.7275390625,1871.508544921875,7004738486,1782.755322265625,1734.62111328125,59.61993331658175,38.42058922134447,25.34177904988433,13.078810171460141,1955.1245813630987,1782.755322265625,1610.3860631681512,0.00543488668149128,0.016578262923639286,-0.00951124903326317,1.0497842982420367,1.0789148884402113,1.0277491197448434,0.03075493603499312,0.02499380088956414,0.6888354197940568,0.7574508445443298,0.07281458626091242,0.017232283709548213,1
2026-07-20 00:00:00+00:00,1871.2757568359373,1916.24169921875,1842.815673828125,1903.7589111328125,12042633315,1799.4640747070312,1732.6094604492187,62.45214779574664,41.58908659921167,28.5912405597498,12.99784603946187,1947.9612241055104,1799.4640747070312,1650.966925308552,0.017232283709548213,0.022760825900264292,-0.00687803939006848,1.0579588322388496,1.0987813206556194,1.0385860840448597,0.029123245827216242,0.023812647810117136,1.1704263658788245,0.8511678064132908,0.06018047603182497,0.012934872050072155,1
2026-07-21 00:00:00+00:00,1903.689697265625,1949.5477294921875,1900.066162109375,1928.3837890625,12526770542,1815.4352294921875,1731.1127124023437,64.49961203560542,45.5619555865278,31.9853835651054,13.5765720214224,1945.1891380987067,1815.4352294921875,1685.6813208856684,0.012934872050072155,0.030390053144533802,0.034988547677825554,1.0622156922678572,1.1139562289889224,1.048710009744441,0.016790742657071884,0.02356008358698391,1.2124118877397991,0.9352414535458456,0.07845434278492691,0.002647980796742777,1
2026-07-22 00:00:00+00:00,1928.1976318359373,1955.1474609375,1909.610107421875,1933.4901123046875,10800957306,1827.2012634277344,1732.6281884765624,64.92670915517692,48.56271968894089,35.3008507898725,13.26186889906839,1954.8424234039956,1827.2012634277344,1699.5601034514732,0.002647980796742777,0.015617104139611815,0.050245816445781744,1.0581703017638904,1.1159290407278528,1.054583594784018,0.016017412560835297,0.02093563664012828,1.0594125453176872,0.9163580497729762,0.0707181686276821,-0.029164820765961497,0
2026-07-23 00:00:00+00:00,1933.470947265625,1940.2828369140625,1868.5203857421875,1877.1002197265625,9768559906,1833.2303405761718,1733.935546875,56.79992127183121,45.861985379027374,37.41307770770348,8.448907671323894,1958.1767665915102,1833.2303405761718,1708.2839145608334,-0.029164820765961497,-0.026594067854547432,0.008438915136966596,1.0239303693482418,1.082566317479091,1.0572655620793556,0.016363297520499177,0.02133563650326204,0.9600764035267605,0.6755547579448382,0.058415249236019706,-0.009015747660254259,0
2026-07-24 00:00:00+00:00,1877.09765625,1907.5435791015625,1846.822265625,1860.1767578125,9056489653,1837.287530517578,1735.747470703125,54.59144494937438,41.8733619877562,38.30513456371402,3.5682274240421776,1960.0750508440042,1837.287530517578,1714.500010191152,-0.009015747660254259,-0.03791762576163327,-0.006054894667792188,1.0124581628703886,1.0716862845601445,1.058499327539461,0.016009112864671503,0.021394337582470852,0.8858553600891491,0.5932066517593636,-0.015508554089999738,0.007013126167760619,1
2026-07-25 00:00:00+00:00,1860.1756591796875,1875.144775390625,1849.828857421875,1873.222412109375,4367514252,1841.7983520507812,1741.5947021484376,56.01131099394416,39.311861816137935,38.50648001419881,0.8053818019391272,1962.8051468837705,1841.7983520507812,1720.791557217792,0.007013126167760619,-0.0020658500683317094,-0.016040108253658536,1.0170616180775731,1.075578841505754,1.0575355734481346,0.015677481680091684,0.02141851443627919,0.4422511957341697,0.6298441963608925,-0.022807823147337425,0.04280796677162302,1
2026-07-26 00:00:00+00:00,1873.235595703125,1963.2459716796875,1872.3848876953125,1953.4112548828125,6638236222,1849.5902282714844,1749.2875732421876,63.55495154851287,43.253820799604455,39.455948171279935,3.7978726283245194,1978.422977543407,1849.5902282714844,1720.757478999562,0.04280796677162302,0.05012131061133829,0.012978467233682567,1.0561319069620914,1.1166896082513724,1.0573391456976926,0.02237007432891119,0.023210757052128706,0.7093891863095121,0.9029294849254398,0.04842111263109894,-0.03214772584893022,0
2026-07-27 00:00:00+00:00,1953.4053955078125,1976.460205078125,1882.4197998046875,1890.613525390625,13679804759,1855.695330810547,1753.3719189453125,55.52451071102899,40.839823681295684,39.732723273283085,1.1071004080125988,1979.8375397353323,1855.695330810547,1731.5531218857616,-0.03214772584893022,0.009284062142768335,-0.02217574666722988,1.0188167712664482,1.0782729579288952,1.058358076093054,0.025877632735246292,0.02421020468871108,1.4329484047374441,0.6406378816782379,0.026955831281961995,0.015516106567279087,1
2026-07-28 00:00:00+00:00,1890.634521484375,1926.5040283203125,1856.341552734375,1919.948486328125,11476069704,1864.5588745117188,1757.9679174804687,58.18262136387859,40.8232151456541,39.95082164775729,0.872393497896816,1979.713537861574,1864.5588745117188,1749.4042111618637,0.015516106567279087,-0.017130426821818978,0.022826840118213898,1.0297065502052924,1.0921407991789793,1.0606330502231331,0.02612160588684257,0.023952302603739702,1.1935709735572217,0.7405009497883953,0.03145838902178344,-0.005952994802081224,0
2026-07-29 00:00:00+00:00,1919.9915771484373,1929.90087890625,1873.6192626953125,1908.51904296875,12003429702,1872.760595703125,1763.3841650390625,56.759266004691945,39.433230467744124,39.84730341175466,-0.4140729440105346,1974.4899976850531,1872.760595703125,1771.031193721197,-0.005952994802081224,0.009470744463454306,0.025988006222106952,1.0190939767462373,1.0823047415345666,1.0620264335092515,0.02616017959599049,0.024065812313757137,1.2214879614682865,0.6757527645349636,0.01977575691401401,0.004639137276914562,1
2026-07-30 00:00:00+00:00,1908.5860595703125,1934.5772705078125,1892.196533203125,1917.3729248046875,8075086285,1878.844580078125,1769.3288696289062,57.62409914978574,38.6011221575161,39.59806716090695,-0.9969450033908487,1975.6000757098304,1878.844580078125,1782.0890844464197,0.004639137276914562,-0.001341474285262323,0.023569284891053588,1.0205064033156805,1.0836724351911082,1.0618967521126745,0.023164347160314,0.02336148926601715,0.827444987790873,0.6991015831969819,0.00715112275628127,-0.029742246175126108,0
2026-07-31 00:00:00+00:00,1917.1417236328125,1933.77783203125,1847.46875,1860.345947265625,10253082786,1882.4568969726563,1773.09017578125,50.60382702134375,32.960126017811035,38.270478932287766,-5.310352914476731,1969.893245227939,1882.4568969726563,1795.0205487173737,-0.029742246175126108,-0.025241087261141826,-0.04764245490270336,0.9882542066473926,1.049211130193042,1.061681420767682,0.026130577765988674,0.024477909840400536,1.0328864268951197,0.37355973717889446,-0.03528231370890755,-0.009099502531306869,0
2026-08-01 00:00:00+00:00,1860.37109375,1873.1712646484373,1821.485107421875,1843.417724609375,4889749337,1884.33837890625,1776.6559741210938,48.70687748235061,26.814528647824773,35.97928887539517,-9.164760227570397,1966.2747433541708,1884.33837890625,1802.4020144583292,-0.009099502531306869,-0.038571109062075615,-0.024963219688962424,0.9782838078579988,1.0375771964075984,1.0606095982304207,0.026150821078915195,0.02453470234193849,0.49552102414447796,0.25029002950891005,-0.04658538832037151,0.021212906616248084,1
2026-08-02 00:00:00+00:00,1843.41748046875,1895.7662353515625,1842.1544189453125,1882.52197265625,5798420478,1889.7894409179687,1780.7021215820312,53.08217459902478,24.813450454021222,33.74612119112038,-8.932670737099158,1953.057427422052,1889.7894409179687,1826.5214544138855,0.021212906616248084,0.011920377187490283,-0.019493498882072968,0.9961543502655045,1.0571796090093715,1.0612608465019522,0.02068729414293491,0.02448224779454755,0.6048843315899421,0.44256599061162094,0.0028883662538152777,-0.012889890945309235,0
2026-08-03 00:00:00+00:00,1882.7835693359373,1883.439208984375,1827.697509765625,1858.2564697265625,7822619495,1888.228271484375,1783.3749853515626,50.21950714877769,21.0271701487693,31.202330982650167,-10.175160833880867,1953.0502438526653,1888.228271484375,1823.4062991160847,-0.012889890945309235,0.008049583618022327,-0.02633590344689607,0.9841270241472176,1.041988636708526,1.058794861985878,0.017527196167339124,0.019845637350361173,0.8424682774974368,0.26881448787514717,-0.0010323148474318256,0.005451020726294331,1
2026-08-04 00:00:00+00:00,1858.22021484375,1879.5380859375,1847.1749267578125,1868.3858642578125,7950029763,1885.8003784179687,1784.8434790039062,51.397809939944175,18.629128218102096,28.687690429740556,-10.05856221163846,1949.7250363876954,1885.8003784179687,1821.875720448242,0.005451020726294331,-0.007509133281717539,-0.025549051993557836,0.990765451974951,1.0468065610439579,1.0565634469362013,0.01618016003007585,0.01958211324316429,0.8785869012653856,0.3637887576308716,-0.002581939987636672,0.020413415370117205,1
2026-08-05 00:00:00+00:00,1868.4923095703125,1922.641357421875,1854.34033203125,1906.5260009765625,9791973976,1887.9670104980469,1787.16603515625,55.654130519128195,19.580540709039497,26.866260485600346,-7.28571977656085,1951.6021666827908,1887.9670104980469,1824.331854313303,0.020413415370117205,0.025975710046688416,0.024823368889433706,1.0098301455350216,1.0667872841539745,1.0564026919485319,0.018490905717069864,0.019064169317385644,1.0919265044259945,0.6458234063623232,-0.02400173224611768,-0.0023437948693519894,0
2026-08-06 00:00:00+00:00,1906.442626953125,1917.7008056640625,1890.963623046875,1902.0574951171875,7974662808,1891.0204772949219,1790.2494750976562,55.04589995845808,19.746347284849207,25.442277845450118,-5.69593056060091,1950.9148814507914,1891.0204772949219,1831.1260731390523,-0.0023437948693519894,0.018021775642554694,0.03181035406407329,1.0058365406164473,1.0624538767220877,1.0562888042135965,0.018386848532917353,0.01883299908474898,0.9027458112602074,0.59213730379171,0.006053045518225719,0.005899886757857242,1
2026-08-07 00:00:00+00:00,1902.1405029296875,1937.1666259765625,1893.0816650390625,1913.2794189453125,9081145963,1893.61484375,1794.32439453125,56.33646355653083,20.546419325862644,24.463106141532624,-3.91668681566998,1952.5936405252378,1893.61484375,1834.6360469747624,0.005899886757857242,0.0035422637641924215,0.016338426183500898,1.010384675247037,1.0662951608842939,1.0553358408999889,0.013344469825998444,0.018733954416197372,1.0034305952899067,0.6667088536093077,-0.0034735657911150186,0.0011778415723013858,1
2026-08-08 00:00:00+00:00,1913.324951171875,1924.6156005859373,1911.4849853515625,1915.532958984375,3746718589,1895.816064453125,1798.4154052734375,56.60587971381587,21.11887874201375,23.79426066162885,-2.675381919615102,1954.606818477137,1895.816064453125,1837.0253104291128,0.0011778415723013858,0.007084677462053879,0.030822704072834828,1.0104002149264084,1.0651226370545521,1.0541591552730711,0.012164405689184596,0.01871157080684147,0.4215860497029685,0.6676870356450697,0.003675056867504356,-0.0035761429707763526,0
2026-08-09 00:00:00+00:00,1915.46484375,1935.5299072265625,1907.025634765625,1908.6827392578125,4645577105,1896.062255859375,1801.8030322265624,55.485138580464316,20.78025957429213,23.191460444161507,-2.4112008698693757,1955.0340169995286,1896.062255859375,1837.0904947192214,-0.0035761429707763526,-0.0024025135283344268,0.021567747739307253,1.006656154543152,1.059318196894793,1.05231383339184,0.010315980690926837,0.018355913514964885,0.5454254984780322,0.6070044641234589,-0.004532339762626125,-0.01959678890841743,0
2026-08-10 00:00:00+00:00,1908.7197265625,1928.9932861328125,1866.78955078125,1871.2786865234373,8786188281,1893.2070007324219,1805.1369946289062,49.698982949506586,17.294348503115316,22.012038055952267,-4.717689552836951,1951.1096778280503,1893.2070007324219,1835.3043236367935,-0.01959678890841743,-0.02310285096028919,-0.018487717678684068,0.988417371053191,1.0366408156784401,1.0487885442299192,0.012090331570536333,0.018615877866443118,1.0547245113429669,0.31064507455528195,0.005876723774888015,0.0053946259878412395,1
2026-08-11 00:00:00+00:00,1871.263671875,1895.7493896484373,1852.84033203125,1881.37353515625,7957496158,1890.601171875,1808.234248046875,51.17873284197067,15.17142207329357,20.64391485942053,-5.47249278612696,1945.4826998179174,1890.601171875,1835.7196439320828,0.0053946259878412395,-0.014307880267299788,-0.010874518785071285,0.9951192050147739,1.0404479050147262,1.0455510252153954,0.01208693687159003,0.01865691292717036,0.9718316338845788,0.4159313063555024,0.02058991298617241,-0.0017213622548145624,0
2026-08-12 00:00:00+00:00,1881.37353515625,1921.775390625,1873.3472900390625,1878.135009765625,7655429787,1890.6529113769532,1812.488212890625,50.66381068309489,13.076923020782033,19.13051649169283,-6.053593470910798,1945.482774482286,1890.6529113769532,1835.8230482716203,-0.0017213622548145624,0.0036639776274722813,-0.01836867570501577,0.9933790588764325,1.0362191579554076,1.0431256313450272,0.00855794618637032,0.017462924614798613,0.9471627349965628,0.3858477761718991,-0.0023303647736100386,0.0031181588180491104,1
2026-08-13 00:00:00+00:00,1878.1884765625,1898.2252197265625,1861.92041015625,1883.9913330078125,7043525922,1891.8436401367187,1817.769541015625,51.61190810618665,11.754080055703298,17.655229204494923,-5.9011491487916246,1944.8922076741178,1891.8436401367187,1838.7950725993196,0.0031181588180491104,0.0013914290823406894,-0.016466240285046285,0.9958493889440362,1.0364302462429797,1.040749994677382,0.008779152745655794,0.01733725035004013,0.8824441014042548,0.425989451804044,0.01384892973629026,-0.0017735265206425543,0
2026-08-14 00:00:00+00:00,1884.0169677734373,1889.2706298828125,1862.5645751953125,1880.6500244140625,5615035669,1892.215020751953,1824.0862084960938,51.0096043788901,10.317171861274574,16.187617735850854,-5.87044587457628,1944.8168085700395,1892.215020751953,1839.6132329338666,-0.0017735265206425543,0.0013391021600472897,-0.014686943129506358,0.9938881172535589,1.0310093983795885,1.0373495572405151,0.008185033243714482,0.017282193522550848,0.6980216552743227,0.3900703111281509,0.006564040325321985,0.00013734654395913815,1
2026-08-15 00:00:00+00:00,1880.613037109375,1884.718017578125,1874.3280029296875,1880.9083251953125,3145101774,1888.5898742675781,1830.1720532226564,51.05715417608928,9.094419670283287,14.768978122737341,-5.674558452454054,1932.7499465878582,1888.5898742675781,1844.429801947298,0.00013734654395913815,-0.0016364235644216185,0.005146020601434653,0.9959326536814963,1.0277221323991463,1.0319193055877216,0.008117865625496623,0.01410529713150841,0.3996542127243262,0.4130260813823673,-0.013436835253297419,-0.0037031746512827812,0
2026-08-16 00:00:00+00:00,1880.8916015625,1889.6053466796875,1867.8917236328125,1873.9429931640625,3727196539,1887.75634765625,1836.2191479492187,49.65749179792027,7.477143806811,13.310611259552074,-5.833467452741074,1932.382449458448,1887.75634765625,1843.130245854052,-0.0037031746512827812,-0.0035663367255636125,-0.00394953041133872,0.9926826602864626,1.0205443044513371,1.0280670200855877,0.008120620919660848,0.012187310972893082,0.5055932507119456,0.3452323423473756,-0.014781099953759758,0.020416392287813778,1
2026-08-17 00:00:00+00:00,1873.969970703125,1916.6568603515625,1870.7479248046875,1912.2021484375,7808026613,1887.3690307617187,1843.055966796875,56.68196373788431,9.176850103033303,12.48385902824832,-3.307008925215017,1930.9407155939514,1887.3690307617187,1843.797345929486,0.020416392287813778,0.016637612170140148,0.01813881243613391,1.0131575316067145,1.0375171361512137,1.024043254661364,0.00823788323830644,0.012566883399685834,1.08617926129458,0.784968526824222,-0.0005630492321954117,0.002226462454579581,1
2026-08-18 00:00:00+00:00,1912.2086181640625,1920.5233154296875,1884.477783203125,1916.4595947265625,6819426768,1887.7660583496095,1849.1810424804687,57.39439675035505,10.743574681787777,12.135802158956212,-1.3922274771684346,1932.2836384208374,1887.7660583496095,1843.2484782783815,0.002226462454579581,0.022688311073280287,0.017233763844823002,1.0151997310525005,1.0363828909666126,1.0208660022911458,0.008179167388598049,0.012500220911651427,0.9841401663968968,0.8222719690855107,0.0004837482632920054,0.17480066577335518,1
2026-08-19 00:00:00+00:00,1916.4267578125,2327.701171875,1905.0823974609373,2251.4580078125,29624109549,1904.4703125,1862.818525390625,82.20056648505548,38.57215168132211,17.423072063429395,21.149079617892717,2073.198213273032,1904.4703125,1735.7424117269684,0.17480066577335518,0.1774163153473145,0.19717011596241396,1.1821964317506262,1.208629813975239,1.0223595516909738,0.06526755582563949,0.041012754558293237,3.699879956349991,1.5282463472927887,0.1795873465529294,0.03327921620234808,1
2026-08-20 00:00:00+00:00,2251.444091796875,2357.228271484375,2222.57470703125,2326.384765625,27856115157,1927.7722534179688,1877.1670068359374,84.38974803499072,65.91266247020144,27.120990144783804,38.791672325417636,2179.2660991139746,1927.7722534179688,1676.278407721963,0.03327921620234808,0.2138971111242891,0.23684112322881523,1.2067736536306533,1.2393062296285733,1.0269583081301483,0.06434883204301091,0.040311460248706646,3.1345046079377927,1.2924895957272362,0.24320593312965233,0.081197648577922,1
2026-08-21 00:00:00+00:00,2326.38232421875,2545.881103515625,2324.70947265625,2515.28173828125,33328570085,1961.3654541015626,1893.5092529296876,88.29749999332185,101.65085349993365,42.026962815813775,59.62389068411987,2321.4575853356973,1961.3654541015626,1601.273322867428,0.081197648577922,0.11717905888241686,0.34224026422186826,1.2824136027385158,1.3283704499407856,1.0358362131406995,0.06468917568499681,0.042810064397170694,3.2329998202586103,1.2691313363072723,0.33693904547900067,-0.03619098258166831,0
2026-08-22 00:00:00+00:00,2515.392333984375,2528.896728515625,2389.902099609375,2424.251220703125,23985294650,1988.4519165039062,1906.8639038085937,78.14516609938882,121.23075272212486,57.86772079707599,63.36303192504887,2401.218841582874,1988.4519165039062,1575.6849914249383,-0.03619098258166831,0.04206804331089775,0.26777978085843634,1.2191651206559928,1.2713289164796449,1.0427864896557935,0.0700356371210017,0.04437024379481082,2.1380674703591276,1.0278999814675613,0.2907758005137504,0.016320378402923774,1
2026-08-23 00:00:00+00:00,2424.217041015625,2483.930419921875,2357.139892578125,2463.81591796875,18269251440,2018.7298889160156,1920.5595629882812,79.26127130499262,138.3457407524711,73.96332478815502,64.38241596431608,2477.555278440933,2018.7298889160156,1559.9044993910982,0.016320378402923774,-0.020461254709250865,0.28560806851776244,1.220478247979837,1.282863580723939,1.0511154810398002,0.06839717385839715,0.04393146750054819,1.556082214320324,0.9850276806974337,0.30776393436759664,0.007311983305241299,1
2026-08-24 00:00:00+00:00,2463.640625,2531.744873046875,2425.387939453125,2481.831298828125,22852234269,2049.4021606445312,1934.5360693359376,79.76793310317865,151.61545416955914,89.49375066443585,62.12170350512329,2546.3438242541456,2049.4021606445312,1552.460497034917,0.007311983305241299,0.023751696042582315,0.10232182444275484,1.2110025774773243,1.2829077411206171,1.0593765570615716,0.06925148935173198,0.043912041131368894,1.8302793084088034,0.9350904440599489,0.31966674639603254,-0.015581991821224994,0
2026-08-25 00:00:00+00:00,2481.77783203125,2531.08447265625,2416.602783203125,2443.159423828125,17270862024,2076.2338317871095,1947.447783203125,75.50370193420073,157.19920594454788,103.03484172045826,54.164364224089624,2598.022202818079,2076.2338317871095,1554.4454607561397,-0.015581991821224994,-0.008383943780043035,0.05019576294025141,1.1767265258967416,1.254544252688338,1.0661306812407363,0.07116466631912088,0.044419226442859824,1.343032761176711,0.8516038421055931,0.2989253070451632,0.025827853018747238,1
2026-08-26 00:00:00+00:00,2442.4892578125,2514.666259765625,2432.51220703125,2506.260986328125,13160062688,2106.4440063476563,1962.2027734375,77.6072365401059,164.81623917629577,115.39112121162577,49.425117964669994,2655.0465581246885,2106.4440063476563,1557.8414545706241,0.025827853018747238,0.009843411803024393,-0.003586378343162888,1.1898066023951464,1.2772691080940186,1.0735098506957395,0.03751175968290704,0.044342322071466336,1.0031400754304607,0.8643958442094212,0.33742648280694176,0.0016555218887852607,1
2026-08-27 00:00:00+00:00,2506.239501953125,2564.2744140625,2481.94482421875,2510.41015625,16865824214,2136.3005432128907,1977.5574243164062,77.74257768954106,169.23674042939592,126.16024505517981,43.07649537421611,2705.2571960241085,2136.3005432128907,1567.343890401673,0.0016555218887852607,0.02752613348354549,0.035540431953205553,1.1751203098392078,1.2694499413172733,1.080272318236907,0.036987842006536605,0.04439702103348735,1.2485709509343168,0.8287681154518818,0.3128372218916855,-0.02703712276224779,0
2026-08-28 00:00:00+00:00,2510.672607421875,2534.01220703125,2408.723388671875,2442.535888671875,16663209345,2162.6506896972655,1991.5184497070313,70.26143711929834,165.3570008017532,133.9995962044945,31.357404597258693,2737.34247928878,2162.6506896972655,1587.9589001057514,-0.02703712276224779,-0.02542636142200516,-0.008637020786203431,1.1294176633831645,1.2264691241154166,1.0859305320598005,0.022962513155481565,0.04528325723961616,1.1772852481541374,0.7435089591009724,0.2745042449070638,0.006202729996830358,1
2026-08-29 00:00:00+00:00,2442.564697265625,2459.629150390625,2430.81103515625,2457.686279296875,5787124142,2190.100866699219,2004.758310546875,70.93379510462717,161.64148666127267,139.52797429585013,22.113512365422537,2766.160373273562,2190.100866699219,1614.0413601248756,0.006202729996830358,-0.021002096737802733,-0.00972871102989592,1.1221794925824324,1.2259264702219623,1.0924513220258378,0.018124797252025364,0.04514601901160332,0.4072283730752705,0.7322550097201833,0.09159765395080366,-0.0161727552163905,0
2026-08-30 00:00:00+00:00,2457.69189453125,2532.958984375,2389.46923828125,2417.938720703125,12029653088,2217.433868408203,2017.3550927734375,66.67474025198183,153.7176576700981,142.36591097069973,11.351746699398376,2781.5507436241755,2217.433868408203,1653.3169931922307,-0.0161727552163905,-0.010070340453472215,-0.010322987062990063,1.0904220212162878,1.1985687246457783,1.0991787595309757,0.018036485954896823,0.04501976427036069,0.836951543455152,0.6777157013944659,0.03935460566581228,0.020216224413934114,1
2026-08-31 00:00:00+00:00,2417.903076171875,2488.9228515625,2401.808837890625,2466.8203125,13784743627,2246.7062072753906,2030.5757373046874,69.12957473245005,149.65714760473884,143.82415829750755,5.832989307231287,2798.0112497351756,2246.7062072753906,1695.4011648156056,0.020216224413934114,0.0037165171486972515,-0.015736858229560835,1.097971913066259,1.2148378743923967,1.106438024447976,0.01978608706732364,0.044996356957431156,0.9400051929041544,0.6996300489494123,-0.01926679824517985,-0.01985481927329269,0
2026-09-01 00:00:00+00:00,2466.5751953125,2484.39892578125,2383.8037109375,2417.842041015625,14125056444,2273.6915588378906,2043.4625634765625,64.03933450011036,140.86324316042237,143.23197527009052,-2.3687321096681444,2801.363805342774,2273.6915588378906,1746.0193123330073,-0.01985481927329269,-3.9984341485665986e-05,-0.03687370169528448,1.0633993127244625,1.1832083857225781,1.1126661185168165,0.02037880225409203,0.045520620554366335,0.9424230360489583,0.6365909265955684,-0.0026437770280429707,-0.01089445216283047,0
2026-09-02 00:00:00+00:00,2417.828369140625,2427.401611328125,2356.188232421875,2391.5009765625,14227785690,2299.067041015625,2053.502985839844,61.419954920079476,130.26687136692863,140.63895448945814,-10.372083122529517,2795.732763546694,2299.067041015625,1802.4013184845558,-0.01089445216283047,-0.03053296405734862,-0.020894232238743093,1.0402049761480823,1.1645958116707686,1.1195830037107786,0.016606250866215734,0.04579775778145346,0.9270586162312822,0.5930544744217705,-0.02935078910678879,0.04872244524779923,1
2026-09-03 00:00:00+00:00,2391.599853515625,2526.9501953125,2370.41552734375,2508.020751953125,18436029856,2330.435577392578,2065.3245263671874,67.71141738202726,129.7753727408858,138.46623813974367,-8.690865398857852,2793.9744003272453,2330.435577392578,1866.896754457911,0.04872244524779923,0.03729718873596055,0.02048043034632152,1.0762025675728994,1.2143470529373028,1.1283629026048072,0.026852416219909872,0.04633389333973822,1.1530962280567763,0.6915537229829575,0.01055247112781843,-0.02071060493126886,0
2026-09-04 00:00:00+00:00,2508.015869140625,2545.62353515625,2432.354248046875,2456.078125,19101694317,2359.1940673828126,2077.1822216796877,62.79527135043903,123.76780246221688,135.5265510042383,-11.758748542021436,2774.1244803482073,2359.1940673828126,1944.2636544174181,-0.02071060493126886,0.02700276900171783,0.015773519804415992,1.041066590899267,1.1824086011163348,1.1357665412113336,0.025872707145125285,0.04692709509935949,1.1379462129972406,0.616747356411866,0.005287702900547142,0.01003936741756739,1
2026-09-05 00:00:00+00:00,2455.988037109375,2492.005615234375,2445.685791015625,2480.735595703125,7652004156,2389.5336975097657,2089.9771704101563,64.12677567880412,119.61753506393961,132.3447478161786,-12.727212752238984,2738.573976008404,2389.5336975097657,2040.4934190111278,0.01003936741756739,-0.010879158886046514,0.005640979658150469,1.0381672366823722,1.1869677960244334,1.143330047495601,0.026039595122480566,0.04674831643146849,0.45058560187297875,0.6306466671778613,-0.010184649868566487,0.013630325005390631,1
2026-09-06 00:00:00+00:00,2480.82470703125,2525.321533203125,2468.19482421875,2514.548828125,11306580189,2419.6510314941406,2103.040305175781,65.92759474864346,117.70009014379866,129.41581628170263,-11.715726137903971,2690.451249205674,2419.6510314941406,2148.8508137826075,0.013630325005390631,0.02380653226370799,0.03999714847738889,1.0392196210923275,1.1956731508837264,1.150549052977801,0.025063564990918573,0.0467322366028272,0.6589960147853982,0.6752173566048388,0.0016486038604872633,-0.009381730849144287,0
2026-09-07 00:00:00+00:00,2514.5830078125,2534.86181640625,2466.9130859375,2490.9580078125,12923076237,2448.3759521484376,2115.429294433594,63.5313626872389,112.97461811427183,126.12757664821648,-13.152958533944641,2581.129179159227,2448.3759521484376,2315.622725137648,-0.009381730849144287,0.004120718115659505,0.041587702545268446,1.0173919596076317,1.177518915128503,1.1573896412378037,0.024736077043228992,0.04696745061700694,0.740048838114607,0.6603804917698971,0.019824527191268704,-0.0024153765513629244,0
2026-09-08 00:00:00+00:00,2490.919677734375,2506.753173828125,2441.328857421875,2484.94140625,13471038160,2460.0501220703127,2127.0529443359374,62.90340742030534,107.50490835835444,122.40304299024407,-14.898134631889633,2555.797456625282,2460.0501220703127,2364.3027875153434,-0.0024153765513629244,-0.011774446987803056,-0.009202214808291309,1.0101182020465256,1.1682555494761298,1.156553309413902,0.023028463181001834,0.027923879958745026,0.8088376729941238,0.6299842146801332,0.011089750218617134,-0.007254733590612239,0
2026-09-09 00:00:00+00:00,2484.894287109375,2522.36962890625,2443.702392578125,2466.913818359375,14955608804,2467.0765747070313,2137.823544921875,60.95916419922535,100.55629788186388,118.03369396856804,-17.47739608670416,2539.244703601024,2467.0765747070313,2394.9084458130387,-0.007254733590612239,-0.009652587228573983,0.004411786925293759,0.9999340286599431,1.1539370609979536,1.1540131927947255,0.022670697026519485,0.027249739049905658,0.9341542465452275,0.49887238071604006,0.020254896138148792,-0.012086026404726113,0
2026-09-10 00:00:00+00:00,2466.9130859375,2483.719970703125,2406.906494140625,2437.0986328125,16781828594,2463.1674194335938,2147.895715332031,57.778434453629316,91.58786976826059,112.74452912850656,-21.156659360245968,2532.7654286901557,2463.1674194335938,2393.569410177032,-0.012086026404726113,-0.019253079093602854,-0.01759033206368643,0.9894165591768471,1.1346447666970474,1.1467816625598262,0.012210808877003133,0.020311467959329164,1.1053440451179697,0.3127188773101588,-0.012048579110887303,0.03185560603128157,1
2026-09-11 00:00:00+00:00,2437.1357421875,2663.05029296875,2435.285400390625,2514.73388671875,27812010346,2467.691552734375,2160.648388671875,63.16762603415173,89.71071278552836,108.13776585991091,-18.427053074382556,2538.3928787420987,2467.691552734375,2396.990226726651,0.03185560603128157,0.01938457193092291,7.35951482349062e-05,1.0190632957884258,1.1638792780460345,1.1421069553344751,0.01585846029303045,0.019868261970188872,1.8090543330368722,0.8326835339639596,0.04007368722169513,0.004458003854237891,1
2026-09-12 00:00:00+00:00,2514.77001953125,2544.472412109375,2508.801513671875,2525.944580078125,8012825772,2470.797985839844,2173.9637451171875,63.884497236256514,88.11196176749127,104.132605041427,-16.020643273935733,2546.0926550277322,2470.797985839844,2395.5033166519556,0.004458003854237891,0.03645562229998611,0.014045428367678303,1.0223193456342148,1.1619074079554,1.1365405662303976,0.015612331024585285,0.01959404792631027,0.5391861879138605,0.8662051698551841,0.05621724801002248,-0.019368527920547995,0
2026-09-13 00:00:00+00:00,2525.9423828125,2526.853759765625,2462.839599609375,2477.020751953125,9643847552,2470.5574584960937,2186.0397119140625,58.53063377610688,81.95249862068204,99.696583757278,-17.74408513659597,2545.734367035157,2470.5574584960937,2395.3805499570303,-0.019368527920547995,-0.014996869038430782,-0.003187461192023844,1.0026161275605245,1.1331087621387645,1.1301521399777827,0.016701152494897842,0.020074611549948492,0.67911821216282,0.5429872256164464,-0.012360344297733028,0.015093224567969798,1
2026-09-14 00:00:00+00:00,2476.60302734375,2612.4033203125,2465.426513671875,2514.406982421875,16009578199,2474.119836425781,2197.2596264648437,61.20616748392822,79.17515415706248,95.59229783723491,-16.41714368017243,2550.5717665692614,2474.119836425781,2397.667906282301,0.015093224567969798,-0.004567636894033944,0.019252056439525544,1.0162834254844721,1.144337679597421,1.1260025017646076,0.01745008445417108,0.019985645303329146,1.1324210008445006,0.763480241247575,0.023748779335704073,-0.045863724196430145,0
2026-09-15 00:00:00+00:00,2514.36181640625,2519.31884765625,2357.959228515625,2399.0869140625,20275242052,2468.7611328125,2207.4290942382813,50.40369232567248,66.89756937590528,89.853352144969,-22.955782769063717,2550.5642797609516,2468.7611328125,2386.957985864048,-0.045863724196430145,-0.031462731117280485,-0.015597119557747674,0.9717776589140381,1.0868239982541112,1.1183875120864966,0.025108567379302994,0.021766332503100866,1.3989449422662732,0.07413485086395806,-0.03291309310917634,0.007099767367549026,1
2026-09-16 00:00:00+00:00,2399.055419921875,2426.929443359375,2368.73583984375,2416.119873046875,15926017443,2464.0466186523436,2217.352521972656,51.758018040856385,57.87476812018076,83.45763534001135,-25.58286721983059,2546.6079371620253,2464.0466186523436,2381.485300142662,0.007099767367549026,-0.039089578601285146,-0.03921449271141275,0.9805495783875708,1.089641745777702,1.111256146343486,0.025452584987040748,0.021847797069537565,1.1024328097519343,0.20975060433507786,-0.03914378355958181,0.012825032711300866,1
2026-09-17 00:00:00+00:00,2416.167724609375,2480.737060546875,2412.187744140625,2447.106689453125,11698754081,2464.2751586914064,2228.1242749023436,54.20785031961299,52.617963110409164,77.28970089409091,-24.67173778368175,2546.6107605423726,2464.2751586914064,2381.93955684044,0.012825032711300866,0.02001585482758128,-0.03121125112830525,0.9930330551043666,1.0982810595519314,1.1059864058971365,0.02566012943446149,0.021222689275879246,0.8239705263611915,0.39574091369759046,-0.01760419815261527,0.06711619040701855,1
2026-09-18 00:00:00+00:00,2447.106689453125,2643.962158203125,2435.1484375,2611.34716796875,22570923683,2471.958203125,2242.003759765625,64.49855595323189,61.001553333510856,74.0320713819749,-13.030518048464046,2577.196927210157,2471.958203125,2366.7194790398435,0.06711619040701855,0.08080199045574732,0.054229023277140076,1.0563880751169406,1.1647380860064818,1.1025664842700416,0.03464436787035212,0.025956273168067333,1.501004262513761,1.162251305569609,0.05086870917793895,0.007894575937086534,1
2026-09-19 00:00:00+00:00,2611.456298828125,2659.71826171875,2602.73681640625,2631.962646484375,10007872025,2482.6593994140626,2257.43609375,65.54520643444515,68.51925845162032,72.92950879590398,-4.410250344283668,2606.6289655832725,2482.6593994140626,2358.6898332448527,0.007894575937086534,0.07554062020588126,0.04675283869489988,1.060138433449852,1.165907931467606,1.0997695156410505,0.03464473578153305,0.02555825028036469,0.6700447035530965,1.1021770168434881,0.06690498342368767,0.004192655288673963,1
2026-09-20 00:00:00+00:00,2632.0146484375,2647.87353515625,2564.4326171875,2642.99755859375,10759191352,2491.46826171875,2273.4276904296876,66.12097337503566,74.5086299978766,73.24533303629852,1.263296961578078,2634.301016962271,2491.46826171875,2348.635506475229,0.004192655288673963,0.012120330461314888,0.10166811510726936,1.0608192764095123,1.1625606434371405,1.0959082939857445,0.03282052393891425,0.025291263180382186,0.7277174017492213,1.0304430927508599,0.08448526580298288,0.031098168269301008,1
