Date,Open,High,Low,Close,Volume,SMA_20,SMA_50,RSI_14,MACD,MACD_Signal,MACD_Hist,BB_Upper,BB_Middle,BB_Lower,Daily_Return,Daily_Return_2,Daily_Return_5,Price_to_SMA20,Price_to_SMA50,SMA20_to_SMA50,Volatility_7,Volatility_20,Volume_to_Avg20,BB_Position,Momentum_10,Target_Next_Day_Return,Target_Is_Up
2024-02-13 00:00:00+00:00,111.9772491455078,114.8106460571289,108.49378204345705,112.57930755615234,2709494768,100.2726043701172,98.84831985473633,65.35683413344165,3.506348340677974,1.664871439898174,1.8414769007797998,113.64510887150263,100.2726043701172,86.90009986873176,0.00523744144231042,0.047295307141667964,0.09528248254810467,1.1227324578167908,1.1389096721279082,1.014408788307924,0.021678414631612627,0.028943777626995706,1.229151802661231,0.9601495248986507,0.15017703581443298,0.03905707476859388,1
2024-02-14 00:00:00+00:00,112.57496643066406,118.3277816772461,110.87847137451172,116.97632598876952,2391239729,101.77695999145507,98.93431167602539,69.17947730303608,4.2149583380215745,2.174888819522854,2.0400695184987203,115.5728469736409,101.77695999145507,87.98107300926924,0.03905707476859388,0.04449907535291264,0.09391825008707921,1.1493399488311553,1.1823635704044244,1.0287326840129878,0.021163766698043627,0.02842589847266002,1.0674135115466534,1.0508658492542333,0.22517858689652104,-0.02801350167401262,0
2024-02-15 00:00:00+00:00,116.98538970947266,118.3064956665039,111.77587890625,113.69940948486328,2471486178,102.83981208801269,99.0678239440918,63.55136395219661,4.4606969528592515,2.6320504461901337,1.8286465066691178,116.88086436587469,102.83981208801269,88.7987598101507,-0.02801350167401262,0.009949447665169364,0.041857218360076276,1.1055972115891917,1.147692610559698,1.0380748056609135,0.028336088728108434,0.027581289321422356,1.09240445528387,0.8867088157620677,0.1899634087351123,-0.028614873880488,0
2024-02-16 00:00:00+00:00,113.6730728149414,114.25308990478516,108.34872436523438,110.44591522216795,1921299579,103.65394706726075,99.23465087890625,58.465609437693224,4.342855049478771,2.9742113668478614,1.36864368263091,117.46302967491944,103.65394706726075,89.84486445960205,-0.028614873880488,-0.05582677273714787,0.027448926592920753,1.0655254174787954,1.1129773143147603,1.0445338009376106,0.029940463965961256,0.02886550822081559,0.8369256169155612,0.7459239454161964,0.14025075271103948,-0.013236332016174801,0
2024-02-17 00:00:00+00:00,110.44330596923828,111.0730438232422,106.1252212524414,108.98401641845705,1370606631,104.30624885559082,99.28810089111329,56.28597983819113,4.084418838278054,3.1962528611339,0.8881659771441544,117.80981306978923,104.30624885559082,90.80268464139242,-0.013236332016174801,-0.041472449925379684,-0.026865449781233397,1.044846474819955,1.0976543557618956,1.0505412825851188,0.02973966131003465,0.02914452119499945,0.6110834054399328,0.6732049216290524,0.07927109371151486,0.029276390008283304,1
2024-02-18 00:00:00+00:00,108.98760223388672,114.00138092041016,107.60671997070312,112.17467498779295,1516321334,104.83664932250977,99.49469268798828,59.80783373909342,4.089919711520494,3.374986231211219,0.7149334803092753,118.71525831819164,104.83664932250977,90.9580403268279,0.029276390008283304,0.015652545973724008,-0.0035942001877882213,1.0699948511584834,1.127443805867803,1.0536908702384125,0.030667317506671465,0.02705736389388565,0.6928637734214016,0.7643645940153766,0.09134581804364905,-0.006145293610626101,0
2024-02-19 00:00:00+00:00,112.17882537841795,114.71797943115234,111.08141326904295,111.4853286743164,1898655220,105.33726692199707,99.69428283691406,58.70734690880248,3.992630151743427,3.4985150153176603,0.49411513642576654,119.4257338383379,105.33726692199707,91.24880000565624,-0.006145293610626101,0.022951184385197054,-0.046941099133001374,1.0583654952512866,1.1182720362880874,1.0566028855868712,0.026538259842585763,0.0271459078365837,0.8968560198851839,0.7181948464949144,0.04256852506634212,-0.02713978787492044,0
2024-02-20 00:00:00+00:00,111.4834442138672,112.0367431640625,104.89022827148438,108.45964050292967,2656976089,105.9088134765625,99.67330200195312,54.009803839416385,3.6295406407904522,3.5247201404122186,0.10482050037823365,119.49663352437632,105.9088134765625,92.32099342874868,-0.02713978787492044,-0.03311829952052514,-0.04608439925654295,1.0240851251433543,1.088151373783166,1.0625594953650397,0.02817355298561522,0.025789453943123593,1.2903343136959495,0.5938644689652621,-0.006156145659140688,-0.03074341049837981,0
2024-02-21 00:00:00+00:00,108.45266723632812,108.45266723632812,100.41201782226562,105.1252212524414,2246861647,106.27273979187012,99.64358200073242,49.325643066493186,3.0377129567764882,3.4273187036850725,-0.3896057469085843,119.33094527157942,106.27273979187012,93.21453431216082,-0.03074341049837981,-0.057048828733822665,-0.04817465597549431,0.9892021364869666,1.0550124668507872,1.0665286981663202,0.021570966313221408,0.027044102957660795,1.110158295386887,0.45606139981439997,-0.022048071978084116,-0.032869648557987685,0
2024-02-22 00:00:00+00:00,105.12030792236328,106.9954071044922,101.64240264892578,101.66979217529295,1830636004,106.33420333862304,99.70508911132812,44.9727764883207,2.2637657228986967,3.1946081075277974,-0.9308423846291007,119.28797756887238,106.33420333862304,93.3804291083737,-0.032869648557987685,-0.06260253395781179,-0.0671128160213903,0.9561344231970573,1.019705143252729,1.0664872203252638,0.02213208615330074,0.027687655687051952,0.921426761272469,0.319959377073368,-0.09217524981412395,-0.016869273393049222,0
2024-02-23 00:00:00+00:00,101.67462158203124,103.02283477783205,98.9583511352539,99.95469665527344,1483285120,106.43793907165528,99.60263229370118,42.94693354806166,1.4947821708515932,2.854642920192557,-1.3598607493409638,119.13738201246588,106.43793907165528,93.73849613084468,-0.016869273393049222,-0.049184434863178805,-0.10893705137856935,0.9390889895752562,1.0035346893296366,1.068625764405489,0.021418088543598158,0.027318526593501667,0.7440835758194523,0.2447430392577511,-0.11213970999583556,0.04180719384132603,1
2024-02-24 00:00:00+00:00,99.95437622070312,104.64539337158205,98.585205078125,104.1335220336914,1083637514,106.87076721191406,99.68572692871093,48.97762782352739,1.2086212167186687,2.5254385794977794,-1.3168173627791107,118.54602893165331,106.87076721191406,95.1955054921748,0.04180719384132603,0.024232663465571402,-0.06594416259113278,0.9743873348191188,1.0446181739554476,1.072076921185933,0.030080868488329714,0.028021270125816095,0.5466248449984711,0.38277585359843297,-0.10978977025070102,-0.006530373788124488,0
2024-02-25 00:00:00+00:00,104.1326675415039,104.32994079589844,102.17102813720705,103.4534912109375,909662462,107.26600875854493,99.87764236450195,48.086841318418436,0.9164001047798109,2.203630884554186,-1.287230779774375,117.80759656777285,107.26600875854493,96.72442094931701,-0.006530373788124488,0.03500380345038523,-0.04615679407361628,0.9644573561398245,1.0358022953063464,1.073974176994279,0.025803271604411947,0.028122664967813998,0.4674206988890578,0.31916777545266867,-0.0901140852036687,0.062492256554937065,1
2024-02-26 00:00:00+00:00,103.4507064819336,110.58035278320312,100.4552001953125,109.91853332519533,2334408023,107.91888160705567,100.29048614501953,56.23611960647217,1.1927384893864001,2.001452405520629,-0.8087139161342289,117.30075111484778,107.91888160705567,98.53701209926355,0.062492256554937065,0.05555378497264529,0.04559621388328439,1.0185292109069533,1.0960016004534436,1.0760630021376656,0.03814142979267252,0.03094973152336748,1.1802739460634282,0.6065700027312706,-0.004775024009822104,-0.01392348375907071,0
2024-02-27 00:00:00+00:00,109.91878509521484,112.2047119140625,105.89693450927734,108.3880844116211,2723995106,108.28932189941406,100.50243896484375,54.07216754379853,1.2735633675322333,1.85587459792295,-0.5823112303907167,117.08417744258307,108.28932189941406,99.49446635624506,-0.01392348375907071,0.047698662876655806,0.06607953151654788,1.000912024477342,1.07846222965331,1.077479541937228,0.03696430779982382,0.03008199320432414,1.3436088510200799,0.5056147887661293,-0.005468067946292288,0.08916216167323965,1
2024-02-28 00:00:00+00:00,108.39923858642578,118.0522003173828,107.46087646484376,118.0522003173828,5029492553,109.05265007019042,100.87529922485352,63.59769702887382,2.093300784572989,1.903359835252958,0.18994094932003103,118.46462338132785,109.05265007019042,99.640676759053,0.08916216167323965,0.07399723000418801,0.18105706152582846,1.082524819354687,1.1702785639747302,1.0810639562724804,0.046607879233811156,0.035543440541117584,2.323708107458865,0.9780905103366037,0.05239618773336718,0.06488076457710679,1
2024-02-29 00:00:00+00:00,118.2387466430664,134.4656982421875,117.66751861572266,125.71151733398438,6950123902,109.99155921936035,101.34886917114258,69.0725224486435,3.3226895680851243,2.187225781819391,1.135463786265733,121.92272362391887,109.99155921936035,98.06039481480184,0.06488076457710679,0.15982783547105384,0.2072146882087751,1.1429196769842411,1.2403840157476433,1.0852766303057937,0.0435030819657127,0.03712342532662522,2.933416856557413,1.1587771981675958,0.12760592652713187,0.03403733387711316,1
2024-03-01 00:00:00+00:00,125.63670349121094,137.60186767578125,125.63670349121094,129.9904022216797,4743077738,111.03450584411621,101.95048843383789,71.63873299184289,4.589356046857091,2.6676518348269314,1.9217042120301597,125.92805417170725,111.03450584411621,96.14095751652518,0.03403733387711316,0.10112646670033332,0.2565105411148909,1.1707207703898468,1.2750346194372444,1.089102245117477,0.037956545751380445,0.03746963237055554,1.886201519216555,1.136379456413578,0.19851404281732266,-0.0022326430490907656,0
2024-03-02 00:00:00+00:00,129.98231506347656,131.45486450195312,127.6808853149414,129.70018005371094,2741772676,112.14475059509277,102.71007385253907,71.2071581693559,5.5063065789703245,3.23538278365561,2.2709237953147143,129.09584374475628,112.14475059509277,95.19365744542928,-0.0022326430490907656,0.03172869761113195,0.1799664363241762,1.1565425877311315,1.2627795423448103,1.0918573649951715,0.04091833015780185,0.037138968239416,1.0613909846512095,1.0178258801252194,0.23376843832991034,0.0057878612442707755,1
2024-03-03 00:00:00+00:00,129.7933807373047,132.062744140625,125.76932525634766,130.45086669921875,2875614168,113.06765632629394,103.40449020385742,71.68235994288662,6.221849017971678,3.832676030518824,2.389172987452854,131.8904789156525,113.06765632629394,94.2448337369354,0.0057878612442707755,0.003542295967003728,0.2035535770132324,1.153741670586678,1.2615590139464987,1.0934501596921566,0.03918543770024468,0.036383275510760274,1.108378948088275,0.9617588645486245,0.28308383353733224,0.021032542353531802,1
2024-03-04 00:00:00+00:00,130.42323303222656,134.87417602539062,127.7981414794922,133.194580078125,4429758300,114.09841995239258,104.18571899414063,73.40971362606143,6.930426651199198,4.452226154654899,2.478200496544299,134.95645483347772,114.09841995239258,93.24038507130744,0.021032542353531802,0.026942137034559055,0.12826850935460743,1.1673656842373477,1.2784341401494366,1.0951445270422278,0.03730480290365869,0.03648524752601338,1.652620171621112,0.9577650827271735,0.3325494902704793,-0.056217522201754244,0
2024-03-05 00:00:00+00:00,133.15936279296875,142.65093994140625,109.53875732421876,125.70671081542967,8980294607,114.53493919372559,104.8100486755371,62.24967937431133,6.809277942302614,4.9236365121844425,1.8856414301181719,136.00306873435667,114.53493919372559,93.0668096530945,-0.056217522201754244,-0.036367377264941436,-3.823451229156838e-05,1.0975402938208054,1.1993765140266546,1.0927858601448994,0.04736828523231629,0.038525386655845296,2.983587444933637,0.760194340651805,0.20716853094394017,0.04005600659843678,1
2024-03-06 00:00:00+00:00,125.69921112060548,134.8106231689453,120.3173370361328,130.7420196533203,5146680159,115.38706970214844,105.47235076904298,65.99358887181688,7.038439311946959,5.346597072136946,1.691842239810013,138.03602275072953,115.38706970214844,92.73811665356735,0.04005600659843678,-0.01841336504357871,0.0057820994380712865,1.1330734023388236,1.239585717963292,1.0940030146366617,0.0386602371310707,0.038527478649048263,1.6371629021383094,0.8389770361180962,0.26377581000860184,0.10123631162228164,1
2024-03-07 00:00:00+00:00,130.7420196533203,149.2247314453125,130.70175170898438,143.9778594970703,7111178325,117.06366691589355,106.31063598632812,73.4479821646227,8.193622032828472,5.9160020642752515,2.2776199685532204,142.91111529487517,117.06366691589355,91.21621853691191,0.10123631162228164,0.14534744058706184,0.11008218675908354,1.2299107254218657,1.3543128414318424,1.1011472730813905,0.04778968684040128,0.04279082690662107,2.089585942105688,1.0206353870322957,0.30985972193706446,0.0087664625525119,1
2024-03-08 00:00:00+00:00,143.97727966308594,152.4179229736328,142.53614807128906,145.2400360107422,5474659974,118.87646789550782,107.33041763305664,74.03254890003966,9.105991555603154,6.553999962540832,2.551991593062322,147.29563254477105,118.87646789550782,90.45730324624458,0.0087664625525119,0.11089025850958456,0.11336965162234525,1.2217728082096777,1.3532047970528887,1.1075748191153512,0.047553047168495434,0.042328858556266655,1.517217863192798,0.9638343251922051,0.3400000267480503,-0.004356801332485727,0
2024-03-09 00:00:00+00:00,145.24032592773438,149.35128784179688,144.29037475585938,144.6072540283203,2946261381,120.49809684753419,108.35483932495117,73.16289560636044,9.666560663958762,7.176512102824419,2.4900485611343433,150.9366391898476,120.49809684753419,90.05955450522079,-0.004356801332485727,0.0043714674842960655,0.08568422186173974,1.2000791532109536,1.334571256154511,1.1120693602448706,0.04770216813130623,0.0424121047317553,0.8006468038856173,0.8960300876049402,0.2249433186297618,-0.0006367006539318432,0
2024-03-10 00:00:00+00:00,144.60733032226562,148.6719207763672,140.83999633789062,144.5151824951172,3407621981,122.14958953857422,109.39374618530273,73.02847321447838,9.988248012141852,7.738859284687906,2.2493887274539466,154.0769410707499,122.14958953857422,90.22223800639853,-0.0006367006539318432,-0.004990728008160139,0.1496218583533162,1.1831000254772042,1.3210552479875957,1.116604868176507,0.048006038899626104,0.04229477301550793,0.907416740083927,0.8502575673087605,0.1495779031222424,0.029310268550758467,1
2024-03-11 00:00:00+00:00,144.5144805908203,150.01797485351562,137.6329803466797,148.75096130371094,5383624184,124.16415557861328,110.5517967224121,75.2787870507964,10.464352956137304,8.283958018977787,2.1803949371595177,157.50762707383683,124.16415557861328,90.82068408338972,0.029310268550758467,0.028654906029673466,0.1377440986313636,1.1980185473860914,1.345531829547866,1.1231310504195682,0.04826064639475205,0.04128429186757029,1.3833846008971056,0.8686899507242327,0.14432264814472884,0.015223300548605101,1
2024-03-12 00:00:00+00:00,148.7496795654297,154.94229125976562,142.87014770507812,151.01544189453125,6413617983,126.45866661071777,111.89964935302734,76.41184356296145,10.898760090944066,8.806918433371044,2.0918416575730223,160.59216188392833,126.45866661071777,92.32517133750721,0.015223300548605101,0.044979768126671926,0.048879615393949694,1.1941881560352638,1.3495613504390813,1.1301078005325897,0.03629730047757726,0.039754674456737936,1.5643084739777815,0.8597166813310019,0.16434257710354228,0.08492092713834598,1
2024-03-13 00:00:00+00:00,151.01544189453125,166.44876098632812,148.94561767578125,163.83981323242188,5917471836,129.56716766357422,113.49095550537109,81.56503501898261,12.137931940428473,9.47312113478253,2.664810805645942,165.47292112133687,129.56716766357422,93.66141420581157,0.08492092713834598,0.10143700448364434,0.12806232862889133,1.2645164372029634,1.4436376229528525,1.141651923597051,0.04241483757328449,0.040384851350148424,1.3747776587820948,0.9772584094240484,0.25595036183384035,0.07836883507990655,1
2024-03-14 00:00:00+00:00,163.83993530273438,177.8926239013672,160.23355102539062,176.67974853515625,8399967972,133.40342025756837,115.24991027832031,85.07961703950029,13.994737408585337,10.377444389543093,3.6172930190422434,172.26124486247264,133.40342025756837,94.5455956526641,0.07836883507990655,0.1699449163519906,0.22179035707679473,1.3244019395757036,1.5330141959198689,1.157514308995197,0.03684240160705437,0.04081345627636773,1.8063879920695882,1.056854748272835,0.326478513101097,0.035572512860479355,1
2024-03-15 00:00:00+00:00,176.67974853515625,188.50135803222656,165.4127197265625,182.96469116210935,14093348410,137.34497871398926,117.17141983032226,86.44214526548626,15.791378285119464,11.460231168658368,4.331147116461096,179.55010437476943,137.34497871398926,95.13985305320908,0.035572512860479355,0.11672912433412663,0.2660586106120115,1.3321542066937864,1.561512964740577,1.1721713273841066,0.03561246804625065,0.040739529775872564,2.658805498681416,1.0404522760432506,0.45548865271599825,-0.005926556534215255,0
2024-03-16 00:00:00+00:00,182.96751403808597,197.65599060058597,177.46127319335938,181.88034057617188,11794134069,141.26632118225098,118.96017929077148,84.99990680948655,16.93254327514839,12.554693589956372,4.377849685192018,184.76652565402415,141.26632118225098,97.7661167104778,-0.005926556534215255,0.02943513381773233,0.22271707679804043,1.2874996605986773,1.5289178417561575,1.1875093163482642,0.035898471236233034,0.04071175664069282,2.0178659233308847,0.9668256148114764,0.39113913842276227,0.11129968766018594,1
2024-03-17 00:00:00+00:00,181.88034057617188,204.29254150390625,179.22560119628906,202.12356567382807,10876218562,145.8765727996826,121.1193862915039,88.76762101508676,19.248499120993813,13.893454696163861,5.355044424829952,194.61670864860645,145.8765727996826,97.13643695075876,0.11129968766018594,0.10471350723481221,0.33842978663725387,1.3855793414572724,1.668796151157565,1.2044031700143722,0.04233814886819038,0.04412126004940643,1.734105984349387,1.0770089875055957,0.403851719839889,-0.030332007938778438,0
2024-03-18 00:00:00+00:00,202.1226043701172,209.6960601806641,194.8494110107422,195.9927520751953,11137647410,150.25680618286134,123.1204817199707,82.04613622459426,20.354570575015998,15.18567787193429,5.168892703081708,200.5331368615711,150.25680618286134,99.98047550415157,-0.030332007938778438,0.07759173671171538,0.1962461883251876,1.3043851859640467,1.591877722838737,1.220404631981626,0.052043460293479414,0.0451569814078705,1.664166437300936,0.9548457024897952,0.34944026081554647,-0.1325379161842648,0
2024-03-19 00:00:00+00:00,195.9927520751953,198.24107360839844,166.17674255371094,170.0162811279297,11658593922,152.85501022338866,124.48947402954101,60.97784070442967,18.91699274320007,15.931940846187446,2.9850518970126227,201.46713065782103,152.85501022338866,104.24288978895629,-0.1325379161842648,-0.1588497829971529,-0.03771494731271163,1.1122715629632345,1.3657080845854106,1.227854896287188,0.08433349540207312,0.05602965639957432,1.6598028945098593,0.6765122643404129,0.17571059813246426,0.12665457867472507,1
2024-03-20 00:00:00+00:00,170.0162811279297,192.9118194580078,163.2962646484375,191.54962158203125,8673957460,156.14691543579102,126.29100692749023,68.25500897487468,19.29286641269482,16.604125959488922,2.6887404532058987,205.9225756170615,156.14691543579102,106.37125525452052,0.12665457867472507,-0.022669871442283718,0.046921241281004944,1.22672690041577,1.5167320796801402,1.2364056573358584,0.09089206715186937,0.0601874420327642,1.219918693984064,0.8556226679597261,0.3254636521564316,-0.06436385819422885,0
2024-03-21 00:00:00+00:00,191.54962158203125,195.30612182617188,176.2833251953125,179.2207489013672,5613811275,158.6084327697754,127.93484771728515,61.21598265265608,18.38399278990761,16.96009932557266,1.4238934643349488,207.80350077536292,158.6084327697754,109.41336476418786,-0.06436385819422885,0.05413874313902656,-0.014622755083806616,1.129957252408585,1.4008751493370704,1.2397594212975793,0.0932074641046689,0.06318509868248727,0.784730083032424,0.7094957580834187,0.20483758444723477,-0.02710088220837914,0
2024-03-22 00:00:00+00:00,179.23980712890625,181.3232421875,167.8778533935547,174.36370849609375,4150938142,160.84160919189452,129.46518798828126,58.649856249621195,17.074951910210245,16.98306984250018,0.0918820677100669,208.54361179980367,160.84160919189452,113.13960658398538,-0.02710088220837914,-0.08972042306320938,-0.13734102248389535,1.0840709028723188,1.3467999483527306,1.2423541161231184,0.09287674187514189,0.06384711479576234,0.5745823645229907,0.6417351323312914,0.15460847121759147,-0.008381654137970318,0
2024-03-23 00:00:00+00:00,174.36370849609375,178.80010986328125,171.0169677734375,172.90225219726562,2711581881,162.96417846679688,130.91442260742187,57.863861878688596,15.73818032637891,16.734091939275928,-0.995911612897018,208.7101380231746,162.96417846679688,117.21821891041915,-0.008381654137970318,-0.0352553861248448,-0.11781302947912431,1.0609831793954252,1.3207273022603039,1.244814553057182,0.09289344676590121,0.06405446273807636,0.37576998080252116,0.6086224207213423,0.055312800875742196,0.06171812962335732,1
2024-03-24 00:00:00+00:00,172.8978729248047,186.62942504882807,171.67372131347656,183.57345581054688,2661231893,165.48312225341797,132.62829208374023,61.88091192792402,15.362763785959373,16.459826308612616,-1.0970625226532427,209.85452756226871,165.48312225341797,121.11171694456723,0.06171812962335732,0.05281917546884163,0.07974044951857295,1.1093182997201714,1.3841198806559338,1.2477211283768437,0.08415728177419211,0.06485937713508909,0.373367779467442,0.7038512577098885,0.039018095353576365,0.03001570153615707,1
2024-03-25 00:00:00+00:00,183.57345581054688,194.4302673339844,181.2523498535156,189.0835418701172,4066489821,168.65196380615234,134.50042373657226,63.799982530077656,15.333110811340447,16.234483209158185,-0.9013723978177381,210.01273445614055,168.65196380615234,127.29119315616413,0.03001570153615707,0.09358634411765898,-0.012874364833229235,1.1211463987899293,1.4058211611321723,1.2539139961110313,0.08488932399198532,0.06247700212686376,0.5908919330256655,0.7469922313206545,0.033442795269096326,0.00854816729704444,1
2024-03-26 00:00:00+00:00,189.08338928222656,196.2930450439453,186.75282287597656,190.69985961914065,3520179571,171.64985580444335,136.40344772338867,64.36668835911614,15.264079146688289,16.040402396664206,-0.776323249975917,210.02497691738265,171.64985580444335,133.27473469150405,0.00854816729704444,0.03882044807147089,0.06405012136229216,1.1109817641583137,1.398057474367211,1.2583982199081254,0.06253602048929591,0.06240756860823529,0.5176257532105971,0.7482077354053488,0.048490777040716804,-0.022749855053399437,0
2024-03-27 00:00:00+00:00,190.69998168945312,192.49658203125,180.42044067382807,186.3614654541016,3844985014,173.76903610229493,138.1934555053711,61.58007900847729,14.689962163818791,15.770314350095124,-1.0803521862763326,210.34904415446007,173.76903610229493,137.1890280501298,-0.022749855053399437,-0.01439615732333499,0.06880879663256656,1.0724664740868661,1.3485549281084324,1.2574331792111613,0.04118450529531874,0.06012361286417224,0.579298070983682,0.6721217411140143,-0.07798249633673182,0.017493757873021876,1
2024-03-28 00:00:00+00:00,186.3614654541016,190.8834686279297,180.99761962890625,189.6216278076172,2910414256,175.98811569213868,139.96630249023437,62.880580934010325,14.332818365967114,15.482815153269524,-1.1499967873024097,210.6135557805107,175.98811569213868,141.36267560376666,0.017493757873021876,-0.00565407763632797,0.09669842583239618,1.0774683680307597,1.3547662861269578,1.2573606115258893,0.03137130049007269,0.060109946114708546,0.44712972406425455,0.6968713189014014,-0.03250693813990502,0.013744862715933337,1
2024-03-29 00:00:00+00:00,189.6216278076172,192.9698181152344,183.6461639404297,192.2279510498047,3031009580,178.3691505432129,141.75514877319335,63.93170475961317,14.097579713283835,15.205768065272387,-1.1081883519885523,210.3575118005881,178.3691505432129,146.3807892858377,0.013744862715933337,0.03147906988930571,0.04714458961969692,1.0776972949884305,1.3560562188634662,1.2582904542578663,0.027160606863672915,0.05993700803937816,0.4653539547740749,0.7166225458548071,0.1306443699069133,0.01122413656106902,1
2024-03-30 00:00:00+00:00,192.2278594970703,199.7309417724609,191.2167816162109,194.3855438232422,2999311846,180.86266860961913,143.50419296264647,64.81983461911963,13.924735409338581,14.949561534085628,-1.0248261247470474,209.31962972202936,180.86266860961913,152.4057074972089,0.01122413656106902,0.02512327349313903,0.02804052590027628,1.0747687475673122,1.3545635135123886,1.2603302027328005,0.025379332032391497,0.05982186317501155,0.46193526578604654,0.7376022365881798,0.014805157106491329,0.04366881538011924,1
2024-03-31 00:00:00+00:00,194.37579345703125,203.02679443359372,194.0353240966797,202.87413024902344,2342185476,183.56882705688477,145.3790461730957,68.14337665155792,14.307781832984062,14.821205593865315,-0.5134237608812526,209.33465651495555,183.56882705688477,157.802997598814,0.04366881538011924,0.055383096688474964,0.06383995590870817,1.1051665661411907,1.395483981972692,1.2626910953750403,0.020553866362854452,0.060067639173592716,0.369380082477247,0.8746299575481268,0.13197903419471646,-0.05080147438704907,0
2024-04-01 00:00:00+00:00,202.8744354248047,204.1797637939453,187.4888916015625,192.5678253173828,3872515434,185.64644622802734,147.08049697875975,60.65139984595968,13.62268240587477,14.581500956267208,-0.9588185503924382,206.61433848539764,185.64644622802734,164.67855397065705,-0.05080147438704907,-0.009351099212975722,0.03330280671574659,1.0372825832650414,1.309268252915898,1.2622098105558957,0.03064730424498167,0.06197488539015854,0.6232121449452745,0.6650470873371304,0.10440312940291063,-0.05917690989590041,0
2024-04-02 00:00:00+00:00,192.5678253173828,192.5694274902344,176.132080078125,181.17225646972656,4553269015,186.51306838989257,148.4640870666504,53.6303635225917,12.021631124356446,14.069526989885055,-2.0478958655286092,204.9682365669917,186.51306838989257,168.05790021279344,-0.05917690989590041,-0.10697211001056817,-0.04455911193032802,0.9713649452755696,1.2203103124083632,1.2562840756644449,0.03833617391769148,0.06167770307433173,0.7409002793990033,0.35530308180032255,0.04783051792191584,0.022499885246778373,1
2024-04-03 00:00:00+00:00,181.1727294921875,191.6926727294922,177.3955078125,185.2486114501953,4160370221,186.94151153564454,149.91747314453124,55.60991603994062,10.955426886573406,13.446706969222728,-2.4912800826493218,204.82447170222576,186.94151153564454,169.0585513690633,0.022499885246778373,-0.0380084983310387,-0.036307621037905635,0.9909442259691666,1.2356705830520656,1.2469627963607648,0.03897987006495819,0.05949445097562093,0.7011533379104441,0.4526672298747041,0.009125260687891767,-0.006966296891886992,0
2024-04-04 00:00:00+00:00,185.2486114501953,190.06968688964844,180.5122985839844,183.95811462402344,4101220964,186.99118270874024,151.25710891723634,54.81214229220528,9.892287900620602,12.735823155502302,-2.843535254881701,204.83310535624565,186.99118270874024,169.14926006123483,-0.006966296891886992,0.01537684747422885,-0.05364302814977118,0.9837796197618518,1.2161948350122187,1.2362472352361078,0.0382190956309362,0.05906718330867572,0.7547328819425797,0.41500164683370394,-0.027106680969697705,-0.05140628899808963,0
2024-04-05 00:00:00+00:00,183.95811462402344,184.977783203125,168.23606872558594,174.5015106201172,7398400404,186.6222412109375,152.4731509399414,49.237852411551124,8.192238656036892,11.827106255609221,-3.6348675995723294,205.1991726490026,186.6222412109375,168.04530977287237,-0.05140628899808963,-0.058014474418705775,-0.13985331493019582,0.9350520575030479,1.1444736961516109,1.2239678924484696,0.04109158898528495,0.06024904792154335,1.4188901154530398,0.1737693027712779,-0.08494158848031808,0.025293956496301062,1
2024-04-06 00:00:00+00:00,174.5015106201172,179.69752502441406,173.8743133544922,178.91534423828125,4672922789,185.46183013916016,153.84253952026367,51.70654216041031,7.11903308459506,10.88549162140639,-3.7664585368113297,202.82125310187456,185.46183013916016,168.10240717644575,0.025293956496301062,-0.027412600939342502,-0.07089699983161812,0.9647017076453587,1.1629770595064512,1.2055302175685398,0.04278294470275516,0.05467201400877283,0.952869782325981,0.31144287125960823,-0.03995526219799028,0.004105362411640501,1
2024-04-07 00:00:00+00:00,178.91534423828125,182.5382080078125,177.0657958984375,179.6498565673828,1854793003,184.64468536376953,155.2558563232422,52.12380905699347,6.255667502629166,9.959526797650945,-3.703859295021779,201.44653140826986,184.64468536376953,167.8428393192692,0.004105362411640501,0.02950315976618323,-0.00840305205669356,0.9729489706863408,1.1571212888314653,1.1892928855407545,0.03651353103208645,0.054361941491628644,0.4177547246832813,0.3513607140799375,-0.052587731449871056,0.006317390030672998,1
2024-04-08 00:00:00+00:00,179.65069580078125,184.3028717041016,175.58998107910156,180.78477478027344,2744377905,185.18311004638673,156.6280583190918,52.80238096874741,5.598486604936255,9.087318759108006,-3.4888321541717513,200.64814920156445,185.18311004638673,169.718070891209,0.006317390030672998,0.010448687617885088,-0.024096464934216244,0.9762487234121322,1.1542298150179975,1.1823112157153919,0.033894251426081407,0.04499784428457238,0.6870910507166677,0.35779747396757405,-0.05952920065493705,-0.046304534191723756,0
2024-04-09 00:00:00+00:00,180.77951049804688,180.82568359375,169.36776733398438,172.4136199951172,2688188866,184.226309967041,157.8466241455078,47.45917447580207,4.3520164417747935,8.140258295641365,-3.7882418538665714,200.38514916803732,184.226309967041,168.0674707660447,-0.046304534191723756,-0.040279667963728505,-0.06275610430396661,0.9358794627432033,1.0922857611207515,1.1671222679885482,0.030902183251508442,0.03588564392303896,0.7275384142456996,0.13448209908557424,-0.11303270498398998,0.005937713481163787,1
2024-04-10 00:00:00+00:00,172.4142608642578,175.32261657714844,163.81312561035156,173.43736267089844,3344074648,183.93714065551757,159.1461785888672,48.150186758881794,3.407507707545136,7.193708178022119,-3.7862004704769827,200.66994338988573,183.93714065551757,167.2043379211494,0.005937713481163787,-0.0406417637674692,-0.006098216258628053,0.9429164879523522,1.0897991029929195,1.155774786969246,0.028866477645915888,0.033058471589358714,0.933727910376858,0.1862516653276136,-0.14509867542989352,-0.004964284617694381,0
2024-04-11 00:00:00+00:00,173.43736267089844,176.2355194091797,170.3934326171875,172.5763702392578,2712334365,183.84777374267577,160.4952015686035,47.5833769659042,2.5599928333876676,6.266965109095229,-3.706972275707561,200.81333351371427,183.84777374267577,166.88221397163727,-0.004964284617694381,0.0009439523637704283,-0.035430018738812796,0.9386916508480865,1.0752743294041114,1.1455032421270877,0.028899921120219222,0.03250868880939323,0.7728565017178638,0.16781516037392707,-0.10381513653787111,-0.10975374371185054,0
2024-04-12 00:00:00+00:00,172.5763702392578,175.8086395263672,145.51638793945312,153.63546752929688,4727185451,182.88443450927736,161.5345150756836,37.20691956734379,0.3558565439125232,5.0847433960586885,-4.728886852146165,204.11803297166992,182.88443450927736,161.6508360468848,-0.10975374371185054,-0.11417317950790185,-0.14480606628443649,0.8400685817879338,0.9510999395845167,1.132169396884565,0.04638768916556493,0.040742735779688684,1.3093706256633297,-0.18874258481868172,-0.1519923054280169,-0.09303696402716788,0
2024-04-13 00:00:00+00:00,153.6344757080078,154.94395446777344,119.83334350585938,139.34169006347656,8976793985,180.67284622192383,162.32225494384767,31.6056157543253,-2.515330563848977,3.5647286040771555,-6.080059167926132,209.4708193993564,180.67284622192383,151.87487304449127,-0.09303696402716788,-0.19257955263345206,-0.22923990566775865,0.7712375875914445,0.8584262836397831,1.1130503718324034,0.049817978249269326,0.04206330368813349,2.286468944534472,-0.21760529645253454,-0.24781249925352866,0.08571198295381555,1
2024-04-14 00:00:00+00:00,139.34169006347656,152.50100708007812,131.28717041015625,151.28494262695312,7110974218,178.7829162597656,163.26528335571288,39.76528503558038,-3.78343330060585,2.0950962231405548,-5.878529523746405,210.1072227864436,178.7829162597656,147.45860973308763,0.08571198295381555,-0.015299363748123684,-0.12254645177545975,0.8461935054641415,0.9266204028038362,1.0950455147910645,0.06684750305339197,0.046642628721568276,1.7436228814322228,0.06107609901286599,-0.1776120181697245,-0.08445203593484762,0
2024-04-15 00:00:00+00:00,151.2994384765625,155.96116638183594,134.5725555419922,138.5086212158203,5699439234,176.1733543395996,163.96638595581055,34.96026965399996,-5.75303876760708,0.5254692249910278,-6.278507992598108,211.7278103812821,176.1733543395996,140.6188982979171,-0.08445203593484762,-0.005978604445494695,-0.20139110118594372,0.7862064143299725,0.8447379041040083,1.0744479931824493,0.06913589990653173,0.04925554605213259,1.3611451701063702,-0.02967668918380848,-0.2062611909569766,-0.01609498241823204,0
2024-04-16 00:00:00+00:00,138.507568359375,140.27830505371094,126.8652801513672,136.27932739257812,5156084639,173.66924743652345,164.4936018371582,34.1840924139629,-7.408450663349811,-1.06131475267714,-6.347135910672671,213.05102691657245,173.66924743652345,134.28746795647444,-0.01609498241823204,-0.09918776431952447,-0.21032452355069176,0.7847061549707501,0.8284779825508896,1.0557811701907334,0.06927474238781893,0.04922063240630847,1.212399535353535,0.025289098948826912,-0.23830274047887168,-0.032383099161792606,0
2024-04-17 00:00:00+00:00,136.27911376953125,142.60438537597656,127.5289535522461,131.86618041992188,4888546522,170.78147506713867,164.96316375732422,32.63922324325516,-8.973044919504332,-2.6436607860425787,-6.329384133461753,213.56151227994948,170.78147506713867,128.00143785432786,-0.032383099161792606,-0.047956876168367635,-0.14169441118942017,0.7721339821434486,0.799367430985435,1.0352703668945977,0.06736156310073461,0.04878401721935272,1.1233648005610277,0.04516992991811479,-0.26598226717502726,0.07747412572717693,1
2024-04-18 00:00:00+00:00,131.86717224121094,143.72735595703125,128.07675170898438,142.0823974609375,4193561506,168.27419738769532,165.4437677001953,39.460037220795456,-9.281640827242285,-3.97125679428252,-5.310384032959765,211.63579067702773,168.27419738769532,124.91260409836292,0.07747412572717693,0.04258217426948807,0.01966896910904703,0.8443504688576037,0.8587957070610752,1.017108107043531,0.07983086391106123,0.05280281521110244,0.9509581684666751,0.1979838845866234,-0.21407984918185152,0.004209520430194402,1
2024-04-19 00:00:00+00:00,142.0823974609375,147.3337860107422,128.86282348632812,142.6804962158203,5857667913,165.6889450073242,165.78314727783203,39.84407592191567,-9.36993298160769,-5.050992031747555,-4.318940949860135,208.6593055373792,165.6889450073242,122.71858447726922,0.004209520430194402,0.08200977507243135,-0.05687576213285239,0.861134677449441,0.86064535846159,0.9994317741455955,0.07067785249258275,0.05265194199426831,1.286623233042097,0.23227535785496875,-0.17245229106690596,0.05924470540148352,1
2024-04-20 00:00:00+00:00,142.67845153808594,152.09918212890625,140.00570678710938,151.13356018066406,2795892211,163.10191650390624,166.2060104370117,45.14081004555073,-8.658009390463604,-5.772395503490765,-2.8856138869728394,202.74748663100155,163.10191650390624,123.45634637681093,0.05924470540148352,0.06370361762944632,0.09114912020654597,0.9266203820299344,0.9093146498329567,0.9813238165999908,0.06332690888848413,0.05365556179300035,0.6110664582027654,0.3490580878913564,-0.12859860266992396,-0.016702089283166743,0
2024-04-21 00:00:00+00:00,151.1340789794922,153.42225646972656,147.16952514648438,148.60931396484375,2211663291,160.90399093627929,166.58419311523437,43.89779963835697,-8.202932093929377,-6.258502821578487,-1.9444292723508898,198.49203930546764,160.90399093627929,123.31594256709091,-0.016702089283166743,0.04155310575914628,0.09047583964621997,0.9235899812062186,0.8920973303994304,0.9659019137846662,0.05513300981201631,0.05293570280429791,0.4923135006798108,0.33645497033155747,-0.13887797177091177,0.056671451424440855,1
2024-04-22 00:00:00+00:00,148.60931396484375,158.37271118164062,146.99169921875,157.03121948242188,2959650502,159.69693908691406,167.11580017089844,48.94877149356664,-7.0810764260809265,-6.423017542478975,-0.6580588836019512,196.0754979647374,159.69693908691406,123.31838020909073,0.056671451424440855,0.039022830499776395,0.19083770366566366,0.9833076349507152,0.9396551332778605,0.9556064652390881,0.04439074220713785,0.05377828486825252,0.6707108388494354,0.46336139079278876,0.022102656422596345,-0.014837242466814837,0
2024-04-23 00:00:00+00:00,157.03121948242188,159.94459533691406,153.3231201171875,154.70130920410156,2750685937,158.16957397460936,167.54593475341798,47.67011247528194,-6.307295438702937,-6.399873121723768,0.09257768302083136,192.54079607826475,158.16957397460936,123.79835187095397,-0.014837242466814837,0.040993360891895314,0.08881404008285654,0.9780724909136788,0.923336692303396,0.94403707381735,0.044227652962805404,0.05339342240094699,0.633474141969815,0.44954696751764694,0.11022988980274318,-0.04496511073378173,0
2024-04-24 00:00:00+00:00,154.70130920410156,159.58090209960938,145.77056884765625,147.74514770507812,3932336720,156.35892562866212,167.98670349121093,43.976520199737834,-6.184086232688372,-6.3567157439166895,0.17262951122831716,188.7694833719204,156.35892562866212,123.94836788540385,-0.04496511073378173,-0.05913519495009234,0.03549645272887858,0.9449102256941768,0.8795050122095417,0.9307815581775662,0.04684663631021323,0.05404193967626958,0.9073690622584948,0.3671146298712531,-0.023398197205941496,-0.019310463917536436,0
2024-04-25 00:00:00+00:00,147.74961853027344,149.3037567138672,142.2645721435547,144.89212036132812,3674969172,154.87845611572266,168.2697055053711,42.521294955681135,-6.244672811150622,-6.334307157363476,0.08963434621285415,186.49493628244332,154.87845611572266,123.26197594900198,-0.019310463917536436,-0.0634072775029455,-0.041297510704273455,0.9355214662849369,0.8610707431035661,0.920417942436935,0.0398930587654923,0.05320194069717188,0.886045626922304,0.3420707222667676,0.046087377734857604,-0.03994544870545991,0
2024-04-26 00:00:00+00:00,144.88917541503906,145.8546142578125,138.90838623046875,139.10433959960938,2564389027,152.88790588378907,168.17223510742187,39.654524460523305,-6.68267987428635,-6.4039817007480515,-0.27869817353829873,183.1148147490632,152.88790588378907,122.66099701851492,-0.03994544870545991,-0.058484547477099746,-0.06395947946763925,0.9098452804065701,0.8271540157074974,0.9091150259502125,0.04311772666790955,0.05305994676666159,0.6344073588679491,0.2719984146308988,0.02072957257041108,0.01570640943483692,1
2024-04-27 00:00:00+00:00,139.10433959960938,142.87451171875,134.02891540527344,141.28916931152344,2373155947,150.9698715209961,168.0932177734375,41.26434861002889,-6.775403495174032,-6.478266059633247,-0.297137435540785,178.82160363081067,150.9698715209961,123.11813941118152,0.01570640943483692,-0.024866438843049177,-0.10024790116758031,0.9358765950322325,0.8405405713748572,0.8981318432756704,0.03505694541243528,0.0532984164337568,0.5833575285709878,0.3262100509350134,0.0714587232419599,-0.024295949458325472,0
2024-04-28 00:00:00+00:00,141.28916931152344,144.51388549804688,137.23301696777344,137.85641479492188,1959005342,148.8234535217285,167.95820098876953,39.48219611530759,-7.044675598388466,-6.591547967384291,-0.4531276310041745,173.42793428010864,148.8234535217285,124.21897276334838,-0.024295949458325472,-0.008971142153289091,-0.10888656660917961,0.9263083978547412,0.8207781101688485,0.8860743485319871,0.03544834841166921,0.05322733113044843,0.48624671536237996,0.2771333027812154,-0.029743182417635294,-0.0005785562503445307,0
2024-04-29 00:00:00+00:00,137.8601837158203,138.7387237548828,133.70916748046875,137.7766571044922,2464951751,147.09160537719725,167.82343048095703,39.43957580475498,-7.181725003865523,-6.709583374680538,-0.4721416291849856,169.48101568196535,147.09160537719725,124.70219507242916,-0.0005785562503445307,-0.02486044913525276,-0.06747084933364156,0.9366724685013934,0.8209619879038627,0.8764664442602237,0.021209274257748368,0.052660026173701906,0.6135279664620111,0.2919787045324428,-0.03436937241871174,-0.07848898218483746,0
2024-04-30 00:00:00+00:00,137.7772979736328,139.6676483154297,121.63745880126952,126.96270751953124,3407320371,144.76787261962892,167.38766540527342,34.06953090588607,-8.06990812315226,-6.981648324374882,-1.0882597987773774,165.20615439178786,144.76787261962892,124.32959084746999,-0.07848898218483746,-0.07902212814395582,-0.1237431876701438,0.8770088640669608,0.758495001481342,0.8648658326712532,0.030899387077403008,0.05467584977456188,0.8474170824497923,0.0644162924607509,-0.15993041275702857,0.060374168872830314,1
2024-05-01 00:00:00+00:00,126.9625473022461,135.11386108398438,119.3848114013672,134.6279754638672,4136407963,142.87045288085938,167.05991607666016,40.277005360784706,-8.062338957539254,-7.197786451007757,-0.8645525065314965,159.03856255592393,142.87045288085938,126.70234320579482,0.060374168872830314,-0.022853520377091097,-0.03217990286016037,0.9423080332511744,0.8058664138325637,0.8552048644349806,0.04385878879925433,0.05714299067292748,1.0108439658558992,0.24510076989073626,-0.09408117249154457,0.023668989804917384,1
2024-05-02 00:00:00+00:00,134.6279754638672,140.28152465820312,128.26028442382812,137.81448364257812,3380078368,142.07940368652345,166.53940948486328,42.69253490772175,-7.710335808315193,-7.3002963224692445,-0.4100394858459486,157.56351450822189,142.07940368652345,126.59529286482503,0.023668989804917384,0.08547215426527921,-0.024592724876767447,0.9699821372184584,0.827518748078088,0.8531278219731949,0.04569405491846804,0.052585762201972384,0.8398380576335229,0.3622807569302349,-0.12237525699146012,0.043232530356595245,1
2024-05-03 00:00:00+00:00,137.81448364257812,144.9600372314453,136.12342834472656,143.77255249023438,3216962298,142.30094680786132,165.88126556396483,47.00826320264378,-6.87139524704952,-7.2145161073853,0.34312086033578026,157.74687331978626,142.30094680786132,126.8550202959364,0.043232530356595245,0.06792479048176348,0.04291521511068952,1.0103415030987817,0.8667196503561446,0.8578482104297016,0.046274397283441425,0.04917343334999467,0.8609129348511566,0.5476373392440039,-0.07064424192718743,0.0164322258375309,1
2024-05-04 00:00:00+00:00,143.77220153808594,148.9357452392578,142.56625366210938,146.1350555419922,3050187811,142.04345245361327,165.1446728515625,48.65929806169352,-5.947337353073806,-6.961080356523001,1.0137430034491954,157.0234476026833,142.04345245361327,127.06345730454325,0.0164322258375309,0.06037516289647371,0.060666288565564885,1.0288052917448982,0.8848911261784582,0.8601152553148755,0.04630146613999302,0.04530700367795791,0.8631838714490514,0.6365689056525806,-0.010897766783515173,-0.0028879284735985333,0
2024-05-05 00:00:00+00:00,146.1350555419922,147.91647338867188,143.47845458984375,145.71302795410156,2034794725,142.40367279052734,164.4213265991211,48.36938233304205,-5.189250464769884,-6.606714378172378,1.4174639134024938,157.37224891601062,142.40367279052734,127.43509666504404,-0.0028879284735985333,0.013496842271051745,0.1476836844526641,1.0232392542883513,0.8862173233121236,0.8660900367123576,0.04466310903286606,0.04082568637807837,0.6073260656123196,0.6105434189541987,0.005665646901475974,0.048652964165785795,1
2024-05-06 00:00:00+00:00,145.71205139160156,156.62669372558594,145.58432006835938,152.80239868164062,2926902880,143.22982635498047,163.43490325927735,53.39291685590668,-3.970637141368883,-6.079498930811679,2.1088617894427966,158.59384507048864,143.22982635498047,127.86580763947232,0.048652964165785795,0.04562452941164796,0.13499737446955273,1.0668336516930175,0.9349434890246849,0.8763723262206542,0.046762998170598216,0.041761045380919216,0.9036561214662867,0.8115256660354678,0.09847326921258559,-0.030549753157011916,0
2024-05-07 00:00:00+00:00,152.80667114257812,159.05345153808594,148.0836181640625,148.1343231201172,2687619013,144.04323348999023,162.4777346801758,49.9468399904622,-3.343015783026715,-5.532202301254687,2.189186518227972,158.57407983702925,144.04323348999023,129.5123871429512,-0.030549753157011916,0.01661687496315234,0.07488211111615506,1.0284018175030156,0.9117207561498045,0.8865413699515667,0.03174110453934509,0.04167297548104512,0.8589633114977551,0.6407725858638856,0.04844783108251649,-0.039420873080513674,0
2024-05-08 00:00:00+00:00,148.1343231201172,149.81089782714844,140.16909790039062,142.29473876953125,2502237557,144.05385055541993,161.92330383300782,45.95136452983482,-3.279028390263761,-5.081567519056502,1.8025391287927413,158.57897365720137,144.05385055541993,129.52872745363848,-0.039420873080513674,-0.06876632829568197,-0.010278830660695903,0.9877885125659177,0.8787786279131286,0.8896424859511467,0.0343088572515131,0.03935037040612703,0.821929981091787,0.4394458906281858,0.03219526622110336,0.07417847202294636,1
2024-05-09 00:00:00+00:00,142.29473876953125,153.08624267578125,140.78964233398438,152.84994506835938,2249863780,144.56232299804688,161.14931030273436,53.2335876156308,-2.3495172138020735,-4.535157458005616,2.185640244203543,159.58837404190012,144.56232299804688,129.53627195419364,0.07417847202294636,0.031833418811509695,0.045949888625030466,1.0573290598714609,0.948498909373029,0.8970706900729066,0.042400977755469624,0.042641159178759075,0.7855796529951575,0.7757751203601407,0.10940378639347692,-0.04339577210099377,0
2024-05-10 00:00:00+00:00,152.8529052734375,155.41159057617188,144.9387969970703,146.21690368652344,2471594251,144.31649017333984,160.4892333984375,48.7852434045026,-2.1236240978739716,-4.052850785979287,1.9292266881053157,159.04786236054053,144.31649017333984,129.58511798613915,-0.04339577210099377,0.02756366785524489,0.0034580005610795883,1.013168373973764,0.9110698617614992,0.8992284847859762,0.0455389351956696,0.04185070955033487,0.8679146487601366,0.5645022571228892,0.15165237527744302,-0.006172520636900436,0
2024-05-11 00:00:00+00:00,146.2169647216797,147.4264373779297,143.33140563964844,145.3143768310547,1243751505,144.1517433166504,159.9082467651367,48.19511330639705,-1.994437911781091,-3.641168211139648,1.6467302993585569,158.7541073076778,144.1517433166504,129.549379325623,-0.006172520636900436,-0.04930043143904661,-0.04900460932021766,1.008065344807176,0.9087359768535478,0.9014653479902854,0.04525199641950477,0.04170642082327298,0.44430117913450046,0.5398097703604254,0.0793772715541996,-0.012342645524046625,0
2024-05-12 00:00:00+00:00,145.3143768310547,147.57147216796875,142.8818359375,143.52081298828125,936690341,143.47622299194336,159.32061798095702,46.97891700044015,-2.0135713441884775,-3.315648837749414,1.3020774935609367,156.76039263454223,143.47622299194336,130.1920533493445,-0.012342645524046625,-0.018438980926735904,-0.03114409972424148,1.0003107831765294,0.9008301298795849,0.900550254011019,0.04549502270034071,0.039543906634019965,0.3471543970671546,0.5016783132682566,0.04140587545575025,0.02620888432431978,1
2024-05-13 00:00:00+00:00,143.52081298828125,150.54666137695312,138.03285217285156,147.28233337402344,2556255769,143.10527420043945,158.59479553222656,49.83787554897537,-1.705550938873671,-2.9936292579742654,1.2880783191005944,155.45082852787345,143.10527420043945,130.75971987300545,0.02620888432431978,0.01354275183147724,0.035051152611976555,1.029188715768319,0.928670659587285,0.9023327261162261,0.04204874165614933,0.04000054953956566,0.9508204379694158,0.6691726050851285,0.024412037089120098,-0.035658980584410194,0
2024-05-14 00:00:00+00:00,147.27908325195312,148.8286895751953,141.9068603515625,142.0303955078125,2586166419,142.81953659057618,157.65373260498046,46.10018951263346,-1.8637459389786102,-2.767652594175135,0.9039066551965247,154.9760111381814,142.81953659057618,130.66306204297095,-0.035658980584410194,-0.010384678357350463,-0.07078543309719887,0.99447455788191,0.9009009375229065,0.9059064712944471,0.04261680373475934,0.039521981892184435,0.986647619422694,0.4675423545011603,-0.028088127239259242,0.11375334869485765,1
2024-05-15 00:00:00+00:00,142.0303955078125,158.64071655273438,141.35032653808594,158.18682861328125,3585715674,143.48427200317383,157.00347198486327,56.82691112056931,-0.6776163501461667,-2.3496453453693413,1.6720289952231746,157.43889769183318,143.48427200317383,129.52964631451448,0.11375334869485765,0.07403803965792588,0.08186416635124694,1.1024680712725239,1.007537136685309,0.9138923502087086,0.058499462630781915,0.04684050895110628,1.3703184140097664,1.0267986737206396,0.08560525324550139,0.0058767627683871115,1
2024-05-16 00:00:00+00:00,158.18775939941406,164.31932067871094,156.7726287841797,159.116455078125,3498272951,144.4848777770996,156.45857177734376,57.35282868731208,0.33356781892825893,-1.8130027125098214,2.1465705314380803,159.90961592250497,144.4848777770996,129.06013963169423,0.0058767627683871115,0.120298612907634,0.09498081709504125,1.1012671881385254,1.0169877768318356,0.9234705144996215,0.05271562029918563,0.04560904216177646,1.3134629565239102,0.9742893254685094,0.04132170994016615,0.06544950371389868,1
2024-05-17 00:00:00+00:00,159.116455078125,171.6060791015625,159.116455078125,169.53054809570312,3371355809,145.8969467163086,156.05675018310546,62.81724498097028,1.9527586443184077,-1.0598504411441756,3.012609085462583,164.85577397788387,145.8969467163086,126.93811945473333,0.06544950371389868,0.07171089768892092,0.1812262247256473,1.161988320601042,1.0863390907268573,0.9348967381745673,0.05144655887331713,0.047389337672111405,1.2425266089863638,1.1232875339102286,0.14443799738590268,0.017746599253273043,1
2024-05-18 00:00:00+00:00,169.53054809570312,175.7790985107422,168.9330596923828,172.5391387939453,2479657643,147.63108291625977,155.66297393798828,64.2426718673344,3.4391033222551357,-0.1600596884643133,3.599163010719449,169.59918443599167,147.63108291625977,125.66298139652788,0.017746599253273043,0.08435760908090795,0.17148564149769552,1.1687182359274169,1.1084147657533514,0.9484020456596943,0.05000312553991497,0.046706073156443643,0.9052027995277317,1.0669141654164551,0.2125475635005707,-0.014186835757603933,0
2024-05-19 00:00:00+00:00,172.53919982910156,175.1893310546875,166.7326202392578,170.0913543701172,2300080451,149.246817779541,155.17709014892577,62.15494440015965,4.369161468341758,0.745784542896901,3.623376925444857,172.85538069326637,149.246817779541,125.63825486581565,-0.014186835757603933,0.0033079954068069295,0.19757009590782393,1.1396648645558833,1.096111250745055,0.96178384087694,0.050242252384652845,0.047001808956446366,0.842182273037781,0.9414613601588122,0.11279957800473461,0.09659008386660317,1
2024-05-20 00:00:00+00:00,170.0913543701172,187.44712829589844,168.0304412841797,186.5204925537109,4636864705,152.22470703125,154.85001739501953,69.35366145213207,6.358635010908927,1.8683546364993062,4.49028037440962,178.83245788746424,152.22470703125,125.61695617503577,0.09659008386660317,0.0810329404533705,0.17911519049223035,1.2252971031530404,1.2045235492476605,0.9830461086932111,0.05697586562827826,0.04561893365386056,1.6604273951738626,1.1444698333916323,0.27564247259396857,-0.045058548453848934,0
2024-05-21 00:00:00+00:00,186.5195159912109,188.49383544921875,174.71170043945312,178.11614990234375,4568414163,154.39911575317382,154.56098388671876,62.77542788724671,7.1744443839119185,2.9295725859818287,4.24487179793009,182.03977883082572,154.39911575317382,126.75845267552191,-0.045058548453848934,0.047179326438689495,0.11940747935146012,1.153608613841316,1.1524004662967797,0.9989527231939492,0.0590110554269978,0.04682947052931725,1.623359213104616,0.9290243342307096,0.22572971640256245,-0.0070480475489633765,0
2024-05-22 00:00:00+00:00,178.1156768798828,183.0676727294922,175.4474639892578,176.86077880859375,3833758536,156.3514305114746,154.4747543334961,61.83200527000501,7.631707658599055,3.869999600505274,3.761708058093781,184.56966030294515,156.3514305114746,128.13320072000406,-0.0070480475489633765,-0.051789021210822295,0.04323840626500286,1.1311746763686563,1.1449170420868149,1.0121487565141354,0.04866276968836026,0.04703709419223948,1.3514104206132198,0.8634060047118628,0.23230056412121058,-0.004947394249275372,0
2024-05-23 00:00:00+00:00,176.8631134033203,180.165283203125,167.4036865234375,175.98577880859375,5117258940,157.96209182739258,154.28949768066406,61.1422757507408,7.833190763740248,4.662637833152269,3.170552930587979,186.82718713193893,157.96209182739258,129.09699652284624,-0.004947394249275372,-0.011960572328326369,0.019975989440660147,1.1141013440167398,1.140620596048831,1.0238032672471964,0.049245571586032946,0.046670308797468925,1.7453895275480378,0.8122055685428896,0.19488722630213862,-0.04653136229338706,0
2024-05-24 00:00:00+00:00,175.98577880859375,176.03147888183594,162.8658905029297,167.7969207763672,4013502065,159.04518508911133,153.96627380371095,54.96302164368043,7.248538529998143,5.179817972521445,2.0687205574766985,187.66631624427592,159.04518508911133,130.42405393394674,-0.04653136229338706,-0.051248547548441215,-0.0134894192726418,1.0550267251558252,1.0898290686068606,1.0329871676434503,0.048500444062527785,0.04838803465140148,1.3467956633775167,0.6528894095731195,0.18141557077574544,0.003818404710705492,1
2024-05-25 00:00:00+00:00,167.7969207763672,170.3550567626953,166.11300659179688,168.43763732910156,1875205755,160.18141555786133,153.84499633789062,55.34330586901776,6.7589845273699325,5.495651283491142,1.2633332438787903,188.37512447726007,160.18141555786133,131.98770663846258,0.003818404710705492,-0.04289063315565811,-0.09694835659627143,1.051542944245351,1.0948528800973223,1.041187034812975,0.04790965772831657,0.0483317234848474,0.6309451215594276,0.6464195752826178,0.06480191053630913,-0.03019949126389465,0
2024-05-26 00:00:00+00:00,168.43763732910156,168.43927001953125,161.2638702392578,163.3509063720703,2543881488,160.7088409423828,153.5337075805664,51.61691331583991,5.892626249224293,5.575046276637773,0.31757997258652004,188.7153704018839,160.7088409423828,132.70231148288173,-0.03019949126389465,-0.02649640043289192,-0.08289671396091158,1.0164400751955813,1.063941651290824,1.0467332774990226,0.0489330934077947,0.048086383849953895,0.8614836818258873,0.547168740302294,0.026612277729957112,0.04068072410422241,1
2024-05-27 00:00:00+00:00,163.3509063720703,171.98854064941406,163.33544921875,169.9961395263672,2745440475,161.80193176269532,153.3406332397461,55.80356546851967,5.676807151883452,5.595398451686909,0.08140870019654312,189.44619643648713,161.80193176269532,134.1576670889035,0.04068072410422241,0.009252695668133581,-0.03881380218084285,1.0506434482852145,1.1086176960061227,1.0551797546689408,0.030855184696557125,0.047998925545510045,0.9288321091640335,0.6482080977802315,0.0027463571367754014,-0.007913656989173234,0
2024-05-28 00:00:00+00:00,169.9961395263672,173.0171356201172,164.97340393066406,168.65084838867188,3342283019,163.11973724365234,153.09795471191407,54.77030641419851,5.335708484556591,5.543460458260846,-0.20775197370425502,189.32387656792838,163.11973724365234,136.9155979193763,-0.007913656989173234,0.03244513381841729,-0.04167910878696346,1.033908288711609,1.101587860569554,1.0654599374014915,0.02737113852851948,0.04686542253149209,1.1149116862737398,0.6055388821699518,-0.022535700783327894,-0.0034282114907286942,0
2024-05-29 00:00:00+00:00,168.65084838867188,173.64195251464844,167.3238525390625,168.0726776123047,2852496248,163.8808738708496,153.01113586425782,54.30492288226457,4.961538258940067,5.42707601839669,-0.46553775945662323,189.71066803782836,163.8808738708496,138.05107970387084,-0.0034282114907286942,-0.01131473879007805,0.001643396283207199,1.0255783584895852,1.0984342849490938,1.0710388688064818,0.027414130130520048,0.04437890690231557,0.9420607713883402,0.581142801881363,-0.011868191450929877,-0.006521854982350583,0
2024-05-30 00:00:00+00:00,168.0726776123047,172.41778564453125,163.6839599609375,166.97653198242188,2932316784,164.91885528564453,152.8819192504883,53.37887789687774,4.524401385102408,5.246541091737834,-0.722139706635426,189.3927550888274,164.91885528564453,140.44495548246164,-0.006521854982350583,-0.009927708174887862,-0.008674458807712337,1.0124769038277242,1.0921928034461705,1.0787335487032603,0.02740159352613895,0.042977383339451274,0.9611101670010492,0.5420381858495176,-0.10478184087821396,-0.008018021426350774,0
2024-05-31 00:00:00+00:00,166.97653198242188,170.63156127929688,163.93309020996094,165.63771057128906,2415920333,165.93502197265624,152.7431460571289,52.20784861194267,4.023554532232083,5.001943779836684,-0.9783892476046008,188.602620910888,165.93502197265624,143.2674230344245,-0.008018021426350774,-0.014487584035713374,0.013999335847026284,0.9982082661162622,1.0844199222486706,1.0863664017408239,0.021383595972402213,0.04301026569592945,0.7769289609083684,0.4934419299949381,-0.07005787705323896,0.002372404166727682,1
2024-06-01 00:00:00+00:00,165.63772583007812,167.73709106445312,165.5856170654297,166.03067016601562,1058869941,167.06051483154297,152.9910501098633,52.53697572073937,3.6166478826140747,4.724884600392162,-1.1082367177780874,187.1284148259963,167.06051483154297,146.99261483708966,0.002372404166727682,-0.005664639247063952,-0.023326820076031818,0.9938354992706337,1.085231260565821,1.0919626652119607,0.021328827823837528,0.042779765238859985,0.3398513165713574,0.4743409956743856,-0.06123521967693546,-0.016748482168803425,0
2024-06-02 00:00:00+00:00,166.0296173095703,166.9154815673828,161.6532440185547,163.24990844726562,1562269041,167.85889358520507,153.46921447753905,49.91723588055501,3.0348038703621967,4.386868454386169,-1.3520645840239727,185.76813251201483,167.85889358520507,149.9496546583953,-0.016748482168803425,-0.014415812170959441,-0.03202438643509975,0.9725425025776193,1.0637306576633194,1.0937626426032956,0.018807080146213184,0.0429035239079789,0.5095485677415512,0.37132381345809495,-0.07236874733599896,0.010251481809176566,1
2024-06-03 00:00:00+00:00,163.25015258789062,167.03875732421875,161.8537139892578,164.9234619140625,2182487608,169.00354690551757,153.74198486328126,51.48517104156137,2.67786135816732,4.0450670351424,-1.3672056769750798,182.29240101350817,169.00354690551757,155.71469279752696,0.010251481809176566,-0.006668697119911693,-0.01873722572271097,0.9758579919406303,1.072728845414118,1.0992673670488124,0.008600473923974694,0.04177044227909879,0.7165558336880108,0.34648469468102194,-0.01712462212661403,0.04170700557269025,1
2024-06-04 00:00:00+00:00,164.92506408691406,171.8168182373047,164.51553344726562,171.8019256591797,2057558426,169.6843017578125,154.40785095214844,57.389767925222216,2.9163979637998523,3.8193332208738906,-0.9029352570740383,181.9992972579362,169.6843017578125,157.3693062576888,0.04170700557269025,0.05238604599081054,0.028898633954535624,1.0124797867535775,1.112650196215876,1.0989357128634496,0.019123819414768286,0.03470648479115032,0.6929218311057938,0.5859774533147784,0.01997349513698543,0.009784433385252367,1
2024-06-05 00:00:00+00:00,171.8019256591797,175.47531127929688,171.38299560546875,173.48291015625,2405906612,170.40262451171876,155.15192260742188,58.712262125730206,3.204145942750614,3.696295765249235,-0.49214982249862116,181.76100730099802,170.40262451171876,159.0442417224395,0.009784433385252367,0.051899518375666975,0.04736360794835082,1.0180765152729172,1.1181486329061527,1.0982952814763725,0.01905833719815203,0.03472448507535324,0.8254172121973486,0.6355952560182514,0.06202600284997284,-0.019982890881610427,0
2024-06-06 00:00:00+00:00,173.48291015625,174.30470275878906,167.8642120361328,170.01622009277344,1965442993,170.42690811157226,155.9149234008789,54.92613732074333,3.1165299560358335,3.5803426034065553,-0.4638126473707218,181.77951579047095,170.42690811157226,159.07430043267357,-0.019982890881610427,-0.010393978761033984,0.024004901761660147,0.9975902395733779,1.0904422513529262,1.0930763033720705,0.020962147808085037,0.03203309892130514,0.6909672302025844,0.48191217249750573,0.0001181236612912695,-0.04416737725452902,0
2024-06-07 00:00:00+00:00,170.01583862304688,172.4381561279297,155.79876708984375,162.50704956054688,3298527575,169.92530364990233,156.3234164428711,47.744102865528106,2.413346790585564,3.3469434408423573,-0.9335966502567934,181.76118647398346,169.92530364990233,158.0894208258212,-0.04416737725452902,-0.06326767625593521,-0.004550439836593978,0.9563440292292235,1.0395566656511477,1.0870111945896608,0.02749628746693895,0.03325893819882836,1.1431690039927282,0.18662016177355273,-0.03642910122791698,-0.027925846816666433,0
2024-06-08 00:00:00+00:00,162.4967498779297,163.62017822265625,157.54295349121094,157.96890258789062,1722237785,169.319181060791,156.6291845703125,43.99964560854031,1.4728998592592006,2.972134724525726,-1.4992348652665255,182.30499390423807,169.319181060791,156.33336821734395,-0.027925846816666433,-0.07085981265969155,-0.042168404940442716,0.9329651938912623,1.0085534379895638,1.08101936127224,0.028965700602540376,0.03365307326941688,0.6029121010642108,0.06297389274988693,-0.06011551174141794,0.026047533723249527,1
2024-06-09 00:00:00+00:00,157.96371459960938,162.91897583007812,156.76876831054688,162.08360290527344,1475878151,168.09733657836915,156.84818542480468,47.98308376343505,1.0475354812960518,2.5872148758797913,-1.5396793945837395,178.6365789121431,168.09733657836915,157.5580942445952,0.026047533723249527,-0.0026057125301242046,-0.05656701877245218,0.9642246938856641,1.033378884596524,1.0717199955045542,0.03094640141711905,0.025310320815922115,0.5469288715479229,0.21469800756814555,-0.029303094387321038,-0.019468833100443006,0
2024-06-10 00:00:00+00:00,162.07888793945312,162.8277587890625,157.77020263671875,158.9280242919922,1815361482,167.13793029785157,157.05455963134764,45.32059152494173,0.4506079968603558,2.159893500075904,-1.7092855032155483,177.32460577195764,167.13793029785157,156.9512548237455,-0.019468833100443006,0.006071585536070456,-0.08389809607844789,0.9508794563195275,1.0119287505249266,1.0642029794625034,0.031244850453343357,0.02387480566180878,0.7088956965344579,0.09702721330779207,-0.04050820466036975,-0.05976943801199497,0
2024-06-11 00:00:00+00:00,158.9341278076172,159.52310180664062,145.8651885986328,149.42898559570312,2812642453,165.76634063720704,156.9025149536133,38.411151414484266,-0.7799634381919418,1.571922112422335,-2.351885550614277,177.6813684957097,165.76634063720704,153.85131277870437,-0.05976943801199497,-0.07807462989927516,-0.12108982593446904,0.9014434717041891,0.9523683265362595,1.0564925660128153,0.02953343904370057,0.026796700948897214,1.120675427753146,-0.18557771058191158,-0.09999167354870231,0.038470320264172964,1
2024-06-12 00:00:00+00:00,149.4223175048828,161.51483154296875,145.82144165039062,155.1775665283203,2853692260,164.72593002319337,156.91204010009767,43.97755886465548,-1.2766216284293534,1.0022133642519973,-2.2788349926813507,176.51694897654966,164.72593002319337,152.93491106983709,0.038470320264172964,-0.023598467170153126,-0.045102554332547506,0.942034848469038,0.9889462046974158,1.0497978989892112,0.03561467338312467,0.028748720532627815,1.190727277600829,0.09510015492956446,-0.049447757709174534,-0.05067191151926842,0
2024-06-13 00:00:00+00:00,155.19235229492188,155.19235229492188,146.1722412109375,147.31442260742188,2085097655,163.7018051147461,156.90342559814454,38.81051055821862,-2.278452242636547,0.3460802428742884,-2.6245324855108354,177.7178604012552,163.7018051147461,149.685749828237,-0.05067191151926842,-0.014150955919639552,-0.06744669239276901,0.8998949187161525,0.9388859551398089,1.0433284327011019,0.03809590566971327,0.029070004546345035,0.9064949084294868,-0.08459324582921687,-0.10677097789650003,-0.028646115480219447,0
2024-06-14 00:00:00+00:00,147.28204345703125,148.78933715820312,140.11538696289062,143.0944366455078,2330458883,162.4346450805664,156.86747192382813,36.34261358936461,-3.374034057081076,-0.3979426171167845,-2.9760914399642915,178.99876746946694,162.4346450805664,145.87052269166588,-0.028646115480219447,-0.07786647357050347,-0.1171566149776635,0.8809354468348425,0.9121995458369582,1.0354896594460423,0.036862164490892815,0.02939255210539422,1.0032374608830823,-0.08379816270913033,-0.16709643331135726,0.016197551738210025,1
2024-06-15 00:00:00+00:00,143.07408142089844,145.5409698486328,143.02365112304688,145.41221618652344,1065293341,161.53771057128907,156.9936294555664,38.65009066963416,-4.009051252509778,-1.1201643441953832,-2.8888869083143947,179.7533310245591,161.53771057128907,143.32209011801905,0.016197551738210025,-0.012912560679599117,-0.08504357973164434,0.9001750468807764,0.9262300431603129,1.0289443662872242,0.03850295079926595,0.029354852189104403,0.4736723222436855,0.05737180552993943,-0.16180668138691168,0.03929028456719941,1
2024-06-16 00:00:00+00:00,145.41796875,151.12550354003906,143.17953491210938,151.12550354003906,1147997523,160.59417877197265,157.1903561401367,44.03528652509176,-4.0051238389326045,-1.6971562431428278,-2.3079675957897767,178.9196337464962,160.59417877197265,142.2687237974491,0.03929028456719941,0.0561242427224955,0.011353339096646486,0.9410397356595462,0.9614171457523083,1.0216541441562828,0.04088517458206605,0.029241432325629632,0.5292416167968859,0.24165238338973993,-0.11111126069281041,-0.051554695041811205,0
2024-06-17 00:00:00+00:00,151.13723754882812,151.58477783203125,140.13880920410156,143.3342742919922,2244770232,159.32835006713867,157.2999133300781,39.006849134391715,-4.5779269296900225,-2.2733103804522665,-2.304616549237756,178.77384125746158,159.32835006713867,139.88285887681576,-0.051554695041811205,-0.014290009113579805,-0.07632090450501228,0.8996156316913668,0.9112164861224021,1.012895345547992,0.0439112135088597,0.03100924662428637,1.0617279272813778,0.08874590467773916,-0.11798119109541338,-0.04067608056800642,0
2024-06-18 00:00:00+00:00,143.314697265625,143.61065673828125,130.28907775878906,137.50399780273438,4046511952,157.79991607666017,157.29446014404297,35.719779940429476,-5.439627453732044,-2.9065737951082222,-2.5330536586238215,179.07120007786733,157.79991607666017,136.528632075453,-0.04067608056800642,-0.09013373268063796,-0.0665951414060203,0.8713819450698193,0.8741820765767249,1.0032134376007542,0.04108260234952355,0.031850168961002324,1.8613535361429008,0.02292681831585762,-0.12955021178152448,-0.013777009768226267,0
2024-06-19 00:00:00+00:00,137.4798126220703,141.66993713378906,134.73263549804688,135.60960388183594,2241396569,156.23156967163087,157.46739807128907,34.696671622710994,-6.203878633452263,-3.56603476277703,-2.6378438706752325,179.2108564611384,156.23156967163087,133.25228288212332,-0.013777009768226267,-0.05389269557691412,-0.05230694455448526,0.8680038494579656,0.8611916215218238,0.992151845938937,0.03485277217395996,0.03185576164018514,1.0476674598617337,0.05129230122122366,-0.16333545496832091,-0.01575583435754635,0
2024-06-20 00:00:00+00:00,135.60960388183594,141.0752410888672,132.087646484375,133.47296142578125,2343938226,154.62333221435546,157.44429779052734,33.530145354982594,-6.902395866098374,-4.233306983441299,-2.669088882657075,179.27234803635545,154.62333221435546,129.97431639235546,-0.01575583435754635,-0.029315775841922243,-0.08210627053113229,0.8632135882361318,0.8477471924919193,0.9820827707591858,0.0318590719746347,0.031879138064732984,1.0974434124715948,0.0709692642231813,-0.16016723909839437,0.008356308083743436,1
2024-06-21 00:00:00+00:00,133.47195434570312,135.22915649414062,128.9219207763672,134.5883026123047,2214701928,153.05121383666992,157.3797741699219,34.76313758991101,-7.28203433416283,-4.843052453585605,-2.4389818805772254,178.63007162714442,153.05121383666992,127.47235604619542,0.008356308083743436,-0.007531186879811025,-0.10942693681978721,0.8793677569648803,0.8551816986787044,0.9724960824471736,0.032008226827425365,0.03203156564155072,1.0096158420774946,0.1390982080669613,-0.09931595884316291,-0.006821248837493243,0
2024-06-22 00:00:00+00:00,134.56765747070312,136.46005249023438,133.14248657226562,133.6702423095703,948392979,151.57223052978514,157.1777279663086,34.200770808966425,-7.569721313814199,-5.388386225631324,-2.181335088182875,178.07220546917125,151.57223052978514,125.07225559039904,-0.006821248837493243,0.0014780587894482888,-0.0674230363265026,0.8818913718057547,0.850440097583182,0.9643365665794266,0.030206810546946673,0.03199760211837173,0.43847913425440926,0.16222631792742467,-0.13859815371460193,-0.03800261477660416,0
2024-06-23 00:00:00+00:00,133.66000366210938,135.005859375,128.2696990966797,128.59042358398438,1063910411,149.75557861328124,156.82683532714844,31.19379082943034,-8.114080169840662,-5.933525014473192,-2.18055515536747,177.36024937861305,149.75557861328124,122.15090784794944,-0.03800261477660416,-0.04456463832223079,-0.06482410956180029,0.8586686704743578,0.8199516576084601,0.9549104163256485,0.02134755729654102,0.03225166060462368,0.50494425484263,0.11663815502053014,-0.12710228022503323,0.028392242262114342,1
2024-06-24 00:00:00+00:00,128.59800720214844,132.3112335205078,123.6693344116211,132.24139404296875,3420423301,147.7775520324707,156.55740264892577,35.57783334344731,-8.1568584942747,-6.378191710433494,-1.7786667838412065,174.3820163919216,147.7775520324707,121.17308767301982,0.028392242262114342,-0.010689351959821014,-0.024837546474968608,0.8948679432307266,0.8446831117881741,0.9439192879550796,0.024439661996769058,0.03120809254195589,1.572515064300041,0.2080159596601135,-0.07584531486311819,0.03265097203369449,1
2024-06-25 00:00:00+00:00,132.26934814453125,139.72958374023438,131.29635620117188,136.5592041015625,2517391150,145.93136672973634,156.23253875732422,40.41327904393329,-7.752977934735185,-6.653148955293833,-1.0998289794413516,170.0318411906246,145.93136672973634,121.83089226884807,0.03265097203369449,0.061970248603882894,0.02312260582827763,0.9357769145989635,0.8740765860156681,0.9340651306730112,0.025387999900062377,0.03246243485423863,1.1543941355965157,0.30556061990846783,-0.06088217563237597,0.0003657169571991137,1
2024-06-26 00:00:00+00:00,136.5549774169922,140.16876220703125,134.92576599121094,136.60914611816406,1670038554,144.26101303100586,156.00203521728517,40.4689376135518,-7.344210293489738,-6.7913612229330145,-0.5528490705567233,165.8308659447577,144.26101303100586,122.69116011725401,0.0003657169571991137,0.03302863000503553,0.015015001056077004,0.9469581784290036,0.8756882301432157,0.9247380191551604,0.024728822785304187,0.03249782952383493,0.771048070779986,0.32262589032391237,-0.09605498133562251,0.09398516690333336,1
2024-06-27 00:00:00+00:00,136.61341857910156,150.7672119140625,135.2449951171875,149.44837951660156,2831651846,143.6080795288086,156.14510803222657,52.70083279457421,-5.9160436904335825,-6.616297716433128,0.7002540259995458,163.58407888475637,143.6080795288086,123.6320801728608,0.09398516690333336,0.09438525582979418,0.11803776917296416,1.0406683245605368,0.9571121465153882,0.9197091176187826,0.04132312422112997,0.038973955057820635,1.3216026986597142,0.6461829239109895,0.042656268047613466,-0.06520632669232729,0
2024-06-28 00:00:00+00:00,149.4542694091797,150.0515899658203,139.30589294433594,139.70339965820312,2396070692,142.6948043823242,155.88217712402343,45.1225577612289,-5.5070677514962085,-6.394451723445744,0.8873839719495358,161.54476303016858,142.6948043823242,123.84484573447983,-0.06520632669232729,0.022650412713674406,0.08642149053160786,0.9790363444761018,0.8962114991956515,0.9154016643531541,0.051887957017192114,0.04104203911709095,1.1009932608337163,0.4206522205165906,0.015995184799092454,0.0021957048810117286,1
2024-06-29 00:00:00+00:00,139.7193145751953,142.8238525390625,139.6678009033203,140.01014709472656,1139066175,141.59113159179688,155.7580419921875,45.38876481789415,-5.09941651948364,-6.135444682653324,1.036028163169684,158.10074266113065,141.59113159179688,125.08152052246311,0.0021957048810117286,-0.06315379566110679,0.05874675707996202,0.9888341559298485,0.8988951408476822,0.9090454000371859,0.05161389885799896,0.040424188909425285,0.5274821130664931,0.45211926887826687,0.032450085295766096,0.04629911271123044,1
2024-06-30 00:00:00+00:00,140.01272583007812,147.19932556152344,137.14137268066406,146.49249267578125,1567841881,140.96935501098633,155.78160430908204,50.81832824295536,-4.204808453526567,-5.7493174368279725,1.5445089833014052,155.55426317003025,140.96935501098633,126.38444685194241,0.04629911271123044,0.04859647678000867,0.07273979545773512,1.0391797044426037,0.940370933561125,0.904916569810726,0.048918798771679865,0.04196138743137157,0.7302258286236667,0.6893442730172451,0.09754433490441139,0.0007001695322716994,1
2024-07-01 00:00:00+00:00,146.4812774658203,148.7985076904297,145.8227996826172,146.59506225585938,1814659116,140.82765884399413,155.84308929443358,50.901508860061625,-3.447804464368488,-5.289014842336076,1.8412103779675881,155.11861674962273,140.82765884399413,126.53670093836554,0.0007001695322716994,0.0470316994715938,0.07309844488053319,1.040953627002024,0.9406580870512522,0.9036503285553402,0.049227995854797514,0.03979604794188352,0.8652914357150684,0.7017850535265276,0.08921101916368901,0.04846972922751913,1
2024-07-02 00:00:00+00:00,146.5885467529297,154.7129669189453,146.12054443359375,153.7004852294922,2024773533,140.75380477905273,155.97145233154296,56.402449765521816,-2.2486045836344317,-4.680932790595747,2.4323282069613157,154.74463064521046,140.75380477905273,126.76297891289501,0.04846972922751913,0.04920383578743337,0.028452002802869414,1.091981033626497,0.9854398541008423,0.9024331226964366,0.0504747739416007,0.04036631017361894,0.9849465029637599,0.9626846397165177,0.1498481829151872,-0.08437885160353287,0
2024-07-03 00:00:00+00:00,153.7111358642578,154.197998046875,139.5172576904297,140.73141479492188,2813419415,140.42465438842774,155.94547271728516,46.22287983889485,-2.318005115348285,-4.208347255546255,1.89034214019797,154.0711093775638,140.42465438842774,126.77819939929167,-0.08437885160353287,-0.03999894246576596,0.007358554904418169,1.0021845195762107,0.9024398871139724,0.9004727866836171,0.06383614966641943,0.043209526930617755,1.3447597295570497,0.5112395639284472,0.09441598271902452,-0.09365780495532139,0
2024-07-04 00:00:00+00:00,140.71533203125,142.51486206054688,127.55081939697266,127.55081939697266,3243822145,139.64747352600097,155.33275253295898,38.59837935900202,-3.397406246124632,-4.046159053661931,0.6487528075372992,154.3808936358879,139.64747352600097,124.91405341611404,-0.09365780495532139,-0.17013391853301651,-0.08898874800355938,0.9133772074524783,0.8211456844551089,0.8990214314033361,0.060019577283501505,0.04759067477856332,1.5173621296268833,0.08948248136524657,-0.0354697912854125,0.05345727784832244,1
2024-07-05 00:00:00+00:00,127.60507202148438,135.84579467773438,122.44230651855467,134.3693389892578,4644036182,139.0953296661377,154.83781021118165,43.76602719723334,-3.6604465236032695,-3.969016547650199,0.30857002404692935,153.74656717840924,139.0953296661377,124.44409215386617,0.05345727784832244,-0.04520721840915953,-0.08275614309707002,0.9660233690935317,0.8678070221090888,0.8983292225356782,0.06210743896656598,0.04915321109249473,2.004555883635696,0.3387170137361602,-0.016036012561086888,0.06602578755986377,1
2024-07-06 00:00:00+00:00,134.36329650878906,144.0084686279297,132.61329650878906,143.24118041992188,2078535871,138.70111351013185,154.31202285766602,49.69809211365448,-3.1170924784568967,-3.798631733811539,0.6815392553546422,152.38155656642243,138.70111351013185,125.02067045384125,0.06602578755986377,0.12301262427892823,-0.022878545732214484,1.0327327358439584,0.9282567733043352,0.8988354305877169,0.06758623455624853,0.05069698136607807,0.8795177761721988,0.6659327439582596,0.04854751303416571,-0.08005440026656852,0
2024-07-07 00:00:00+00:00,143.1870574951172,143.1870574951172,131.7740936279297,131.7740936279297,1842515124,138.12310447692872,153.4967219543457,43.334977882671886,-3.5706186831483535,-3.7530291236789024,0.1824104405305489,151.95532861818677,138.12310447692872,124.29088033567065,-0.08005440026656852,-0.019314267531937546,-0.14265661926066087,0.9540336797884562,0.8584814838399158,0.8998440013462338,0.07155933805678331,0.0525463440027984,0.7863394611048226,0.2704992782013446,-0.1182634829888437,0.058354457247132174,1
2024-07-08 00:00:00+00:00,131.79702758789062,141.6341094970703,128.56292724609375,139.4636993408203,3692404575,138.221089553833,152.88416885375977,48.130922736495116,-3.2718388301472885,-3.65679106497258,0.3849522348252914,152.06260907268148,138.221089553833,124.37957003498451,0.058354457247132174,-0.026371474097236614,-0.00900804881375572,1.0089900158579155,0.9122180562346078,0.9040902703670212,0.07651536750649345,0.05345452858418127,1.5878240318531633,0.5448870438428097,-0.0017157801311153964,0.013514271994212734,1
2024-07-09 00:00:00+00:00,139.537353515625,143.92938232421875,136.74093627929688,141.34844970703125,2418798702,138.50803184509277,151.98072799682618,49.26438354358134,-2.850115681572362,-3.4954559882925365,0.6453403067201746,152.35953910754318,138.50803184509277,124.65652458264238,0.013514271994212734,0.07265734724865736,0.1081735921046234,1.0205072429670736,0.9300419307767959,0.9113526015481729,0.07356283173317042,0.05337671824305311,1.0361900367246384,0.602531002876433,0.00955861157262583,0.00443119662603797,1
2024-07-10 00:00:00+00:00,141.3741455078125,145.8537139892578,138.85604858398438,141.97479248046875,1952272010,138.93312339782716,151.25790084838866,49.65808825101417,-2.437261190858294,-3.2838170288056885,0.8465558379473945,152.65523496204963,138.93312339782716,125.21101183360469,0.00443119662603797,0.018005353016714798,0.05660110817259412,1.0218930447128287,0.938627282833809,0.9185181244653456,0.06574635836145923,0.05318505538456633,0.843410122911153,0.6108309413025071,-0.03083912433185998,-0.042905982722264424,0
2024-07-11 00:00:00+00:00,141.98280334472656,145.32443237304688,135.84751892089844,135.8832244873047,2286890972,138.99786949157715,150.43834976196288,45.92547469966234,-2.571961686866217,-3.1414459604177947,0.5694842735515775,152.64568186327887,138.99786949157715,125.35005711987543,-0.042905982722264424,-0.038664910942102115,-0.05136760190782297,0.9775921385294241,0.9032485712739562,0.9239523679401702,0.05525190636160958,0.05421239175649656,0.986432239475803,0.38589215181729153,-0.07307093161063505,0.026822962607533585,1
2024-07-12 00:00:00+00:00,135.86402893066406,140.42477416992188,134.15914916992188,139.52801513671875,1990173458,139.29075813293457,149.70919448852538,48.42353424919295,-2.3574336283794253,-2.984643494010121,0.6272098656306957,152.70661665871202,139.29075813293457,125.8748996071571,0.026822962607533585,-0.017233885684929562,0.058842533424533494,1.0017033219358153,0.9319936268003434,0.9304088410121708,0.052648606415938985,0.05444930334461435,0.8395816224244788,0.5088424085319742,-0.09220836272320376,0.017179040317546468,1
2024-07-13 00:00:00+00:00,139.52639770507812,143.367431640625,138.17953491210938,141.9249725341797,1131518484,139.95748558044434,149.19175552368165,50.05753574261529,-1.9712804724640591,-2.7819708897009088,0.8106904172368496,152.4262372690244,139.95748558044434,127.48873389186427,0.017179040317546468,0.04446279568115097,0.01764812782819236,1.014057747219276,0.9512923286947416,0.9381046900961526,0.04631544956568525,0.0536235192837663,0.47666663495976097,0.578896709264703,0.008481103817488789,0.040143336420750186,1
2024-07-14 00:00:00+00:00,141.92665100097656,148.54705810546875,141.92665100097656,147.622314453125,2009294488,140.72653160095214,148.7754490661621,53.8038428184728,-1.1917852773157733,-2.4639337672238817,1.2721484899081084,153.08830884150572,140.72653160095214,128.36475436039856,0.040143336420750186,0.058012000733149716,0.044385805143936086,1.0490012989997275,0.9922491605955476,0.9458988864377044,0.031887497223191,0.05394139209334949,0.8723702950651153,0.7789155118226372,0.15736076922943498,0.08339972728520606,1
2024-07-15 00:00:00+00:00,147.6661376953125,159.9420623779297,147.202880859375,159.93397521972656,2580623500,141.89527015686036,148.70711044311523,60.66963187980979,0.4146387148206827,-1.8882192708149688,2.3028579856356517,156.76384934944298,141.89527015686036,127.02669096427775,0.08339972728520606,0.12689100701576517,0.12649557309075443,1.1271268946662212,1.0754964893283023,0.95419290801928,0.038123594508906344,0.05635514208304516,1.1188868999948702,1.1066048688722405,0.1902564708792125,0.0038634984357577284,1
2024-07-16 00:00:00+00:00,159.77333068847656,162.46951293945312,153.05372619628906,160.5518798828125,3034234774,143.09240684509277,148.51822525024414,60.983052389167526,1.7177993232099595,-1.1670155520099832,2.8848148752199427,159.8982193003542,143.09240684509277,126.28659438983131,0.0038634984357577284,0.087585440436873,0.18154305278362415,1.122015370505444,1.0810247672451807,0.9634669859809515,0.038584526193013426,0.05633086596703831,1.277771520605703,1.0194474555811683,0.12085001961128117,-0.030941857804007045,0
2024-07-17 00:00:00+00:00,160.56329345703125,163.59523010253906,155.06703186035156,155.5841064453125,2255652667,143.39919319152833,148.25689041137696,57.047031091259846,2.3229284222533124,-0.4690267571573241,2.7919551794106363,160.90305526997278,143.39919319152833,125.89533111308387,-0.030941857804007045,-0.027197903187474504,0.11507431889474629,1.0849719791485133,1.049422431656325,0.9672345939108146,0.04288572684887065,0.05333142737820098,0.9615583763677307,0.8480635644629985,0.1806881167751493,0.022420746227084898,1
2024-07-18 00:00:00+00:00,155.59104919433594,161.587158203125,155.5660400390625,159.07241821289062,2044591406,144.3676441192627,148.07688522338867,59.045898026820616,3.048830183051308,0.2345446308844023,2.814285552166906,163.11001261606094,144.3676441192627,125.62527562246449,0.022420746227084898,-0.009214851118540257,0.12082049672112016,1.1018564387009062,1.0742555664438382,0.9749505731530602,0.034800086156680045,0.05094586874590684,0.8781642608798268,0.8922869752598221,0.1406008801197125,0.06357764099081331,1
2024-07-19 00:00:00+00:00,159.0923309326172,171.50674438476562,156.60653686523438,169.1858673095703,3617009839,145.8264301300049,148.12107192993165,64.24152924108029,4.389582998419598,1.0655523043914417,3.3240306940281568,167.45953380607833,145.8264301300049,124.19332645393146,0.06357764099081331,0.08742384537227021,0.1460724480328648,1.1601865804349758,1.1422133603624156,0.9845083365247841,0.038046897538075546,0.05242014580988864,1.4750340776100135,1.0399002734268161,0.19694179639208542,0.02781507364198288,1
2024-07-20 00:00:00+00:00,169.1826171875,174.831298828125,167.55731201171875,173.89178466796875,1908476088,147.19639472961427,148.28615341186523,66.37891226899116,5.765407437928872,2.005523331098928,3.7598841068299436,172.21277885798668,147.19639472961427,122.18001060124186,0.02781507364198288,0.09316113139893933,0.08727232240095417,1.181358993115228,1.1726771560725822,0.9926509747729165,0.037729543698662674,0.05192258191822436,0.7729173784956793,1.0335581233755886,0.2248074579287782,0.06124398613850346,1
2024-07-21 00:00:00+00:00,173.89373779296875,184.8703155517578,171.1182098388672,184.54161071777344,3080452915,149.09372215270997,148.6563722229004,70.65391581635927,7.627188692937068,3.1298564034665564,4.497332289470512,179.1636372980456,149.09372215270997,119.02380700737437,0.06124398613850346,0.09076256576505726,0.149420429411796,1.2377557421817922,1.2413972435777292,1.002942019391902,0.03947388982275334,0.053108626094264325,1.216380477309699,1.0894244861306512,0.3580897230990776,-0.0301467184174391,0
2024-07-22 00:00:00+00:00,184.54556274414065,184.7924652099609,177.04412841796875,178.97828674316406,2808509242,150.35761222839355,148.97093978881836,65.93728077566979,8.555131767200436,4.214911476213333,4.340220290987103,183.23654679710194,150.35761222839355,117.47867765968515,-0.0301467184174391,0.029250962516185197,0.1503635611139662,1.1903506852137,1.2014308763634318,1.0093083418923243,0.03865868800986103,0.05324961822023272,1.0920990731473024,0.9352433387852148,0.2827408643904905,-0.03475683278115105,0
2024-07-23 00:00:00+00:00,178.97828674316406,180.49615478515625,170.98854064941406,172.757568359375,3230351478,151.95891990661622,149.1276219177246,61.031156874595716,8.688418672065183,5.109612915383703,3.5788057566814793,185.96410910600233,151.95891990661622,117.95373070723011,-0.03475683278115105,-0.06385574674765482,0.08603094301470415,1.1368702045627874,1.1584545246398907,1.0189857382051841,0.043295895155580306,0.049707585707201796,1.2460332750284582,0.8058158025648371,0.2172457410042472,0.03053258127654157,1
2024-07-24 00:00:00+00:00,172.75851440429688,182.35760498046875,171.21041870117188,178.0323028564453,3112174836,154.48299407958984,149.2522294616699,63.51041181632239,9.114608957157856,5.910612123738534,3.203996833419322,188.3537178412378,154.48299407958984,120.61227031794189,0.03053258127654157,-0.005285467326415105,0.052288265489032204,1.152439489648439,1.1928284321016895,1.0350464755989677,0.03935074041300703,0.04321404201098994,1.2035050654712984,0.8476351574677673,0.2059985884652722,-0.034090606191115924,0
2024-07-25 00:00:00+00:00,178.02952575683594,179.52093505859375,165.9325408935547,171.96307373046875,4067186719,156.3626808166504,149.2218327331543,58.86941761006038,8.860493507142195,6.500588400419266,2.3599051067229286,189.70193467618066,156.3626808166504,123.02342695712015,-0.034090606191115924,-0.004598899118871125,-0.011091443688284075,1.0997705643849331,1.152398885476641,1.0478539095298858,0.04428258353456082,0.043830928488861436,1.590556955145744,0.7339643379475163,0.07521290266321401,0.06497700219667268,1
2024-07-26 00:00:00+00:00,171.9625701904297,183.53836059570312,171.87789916992188,183.13671875,2816314095,158.3574577331543,149.48424270629883,64.07436737101648,9.451770822709136,7.090824884877241,2.360945937831895,193.13417533267912,158.3574577331543,123.58074013362946,0.06497700219667268,0.028671290612190647,-0.007612873661983932,1.156476754373014,1.2251239022551716,1.0593588652971888,0.044556412138807705,0.04376513230922437,1.085714804699898,0.8562622168974378,0.14067003689818058,0.005180199245995443,1
2024-07-27 00:00:00+00:00,183.1380920410156,188.14059448242188,178.59835815429688,184.0854034423828,3248901126,160.97302322387696,149.91580978393554,64.4853008543062,9.882988343725629,7.649257576646919,2.2337307670787094,195.19574174697172,160.97302322387696,126.75030470078221,0.005180199245995443,0.0704937952604543,0.02853483957273273,1.1435792144275116,1.2279252182121005,1.0737561532427935,0.0440549422040999,0.03796486020729289,1.2194240165633417,0.8376759827380277,0.18318900078067069,0.0043494727094270935,1
2024-07-28 00:00:00+00:00,184.08599853515625,186.51461791992188,181.3953399658203,184.88607788085935,1852374783,163.2441421508789,150.45415328979493,64.85072915583375,10.172081646238382,8.153822390565212,2.01825925567317,197.48538304479447,163.2441421508789,129.00290125696333,0.0043494727094270935,0.009552203090672284,0.0702053729782437,1.1325740418298,1.2288532675116246,1.0850092109883382,0.037580608339794014,0.03681148189200919,0.7201267065680688,0.816021487028323,0.16227615043496502,-0.011388007322789329,0
2024-07-29 00:00:00+00:00,184.8871917724609,193.73228454589844,181.88536071777344,182.7805938720703,3654304391,165.31574935913085,150.86809310913085,63.01454797728716,10.114699251252517,8.545997762702674,1.5687014885498431,198.98790782570302,165.31574935913085,131.64359089255868,-0.011388007322789329,-0.007088066440427476,0.026670952065669384,1.1056453760796798,1.2115258442343768,1.095763497451706,0.03561836003042993,0.03727655332974925,1.3873248711167123,0.7593365752046692,0.0803537953771567,-0.020097324344384715,0
2024-07-30 00:00:00+00:00,182.77159118652344,184.1801300048828,176.02243041992188,179.10719299316406,2766172800,167.17236938476563,151.2716764831543,59.831580474363946,9.66143947850179,8.769086105862499,0.8923533726392918,199.49339270802477,167.17236938476563,134.8513460615065,-0.020097324344384715,-0.031256463190371786,0.041544496197438496,1.0713923219029642,1.1840101012770197,1.1051134837087764,0.03334986565706873,0.037990253194199644,1.0341759197742584,0.684629420439943,0.029992264069022445,-0.04065183678709661,0
2024-07-31 00:00:00+00:00,179.10804748535156,184.179443359375,171.81919860839844,171.82615661621094,3055204208,168.96951599121093,151.71961990356445,54.00837580104921,8.61539613384329,8.738348111458658,-0.12295197761536691,197.77058700502369,168.96951599121093,140.16844497739817,-0.04065183678709661,-0.059932167982376106,-0.06176020959089645,1.0169062484924714,1.1325243019025921,1.1136958825668744,0.0352900994725675,0.03782063230088399,1.126061904931669,0.5495926110461307,-0.06890291057992737,-0.024175815588218907,0
2024-08-01 00:00:00+00:00,171.82566833496094,172.68980407714844,157.98838806152344,167.672119140625,4402828194,170.37672119140626,151.96951095581053,50.96096424975772,7.366289143436234,8.463936317854174,-1.09764717441794,195.65583581339982,170.37672119140626,145.0976065694127,-0.024175815588218907,-0.06384486106582832,-0.08916124795790792,0.9841257536131193,1.1033273587975185,1.1211243631687948,0.034084364709228016,0.038514954337290554,1.5536786361297312,0.44650520615092704,-0.06317061029175874,-0.08966243074615787,0
2024-08-02 00:00:00+00:00,167.66053771972656,169.04396057128906,150.08499145507812,152.6382293701172,4507521137,170.91238403320312,152.07598709106446,41.7741792384983,5.104413096399469,7.792031673563233,-2.6876185771637644,194.01318451229238,170.91238403320312,147.81158355411387,-0.08966243074615787,-0.11167058394346618,-0.1744201017208158,0.8930788148181479,1.003697114119115,1.1238617437403793,0.032680649669148354,0.04441325083028452,1.5012015336092512,0.10446923301147895,-0.1164599570387852,-0.06365530011649156,0
2024-08-03 00:00:00+00:00,152.6382293701172,153.77685546875,140.22140502929688,142.9219970703125,3620526646,170.6773681640625,152.07253829956053,37.117123465139386,2.4990339804016344,6.733432134930913,-4.234398154529279,194.8467395614685,170.6773681640625,146.5079967666565,-0.06365530011649156,-0.1476102419243286,-0.21806799046541658,0.8373810693690195,0.9398277865841707,1.1223418118257038,0.03236819279759041,0.04607243314284939,1.1742868571313507,-0.07418479441151032,-0.1972131193205071,-0.034052930560454775,0
2024-08-04 00:00:00+00:00,142.9219512939453,145.83766174316406,132.13967895507812,138.05508422851562,4333596296,169.58342361450195,151.9253956604004,35.01161944371883,0.04105975706454501,5.394957659357639,-5.353897902293094,197.49158715874137,169.58342361450195,141.67526007026254,-0.034052930560454775,-0.0955405811622746,-0.2292041323332853,0.8140836013686295,0.9087031409620999,1.1162282834765336,0.0274619486727509,0.042116175109863874,1.366711895967078,-0.06485872558415191,-0.19718180634000404,-0.0593298007488855,0
2024-08-05 00:00:00+00:00,138.0526885986328,139.14146423339844,110.60955810546876,129.8643035888672,14114308949,168.04904479980468,151.50017166137695,31.747624970172808,-2.538567047368815,3.8082527180123487,-6.346819765381164,200.97180899420553,168.04904479980468,135.12628060540382,-0.0593298007488855,-0.09136237772427291,-0.24421109017219822,0.7727762079431834,0.8571891514362848,1.1092333622922663,0.024836614222408075,0.043641928169059034,3.789256392310792,-0.07991396143813971,-0.29088877164963844,0.10954556846505503,1
2024-08-06 00:00:00+00:00,129.86294555664062,149.35296630859375,129.78857421875,144.09036254882812,5813459735,167.47435760498047,151.51529342651367,41.88189860276497,-3.3958703298497426,2.3674281084399302,-5.763298438289673,201.689169325344,167.47435760498047,133.25954588461693,0.10954556846505503,0.04371645096621446,-0.14064208595120742,0.8603726839704747,0.9509955021056228,1.1053297249244816,0.06478183124981012,0.05075901575439917,1.4895943850638083,0.15827672460586784,-0.21726351001030242,0.00375967398862187,1
2024-08-07 00:00:00+00:00,144.0882110595703,155.00779724121094,142.7469024658203,144.63209533691406,5529725414,166.75234146118163,151.65785537719728,42.23364931962659,-3.985632162603139,1.0968160542313166,-5.082448216834456,202.29728286978894,166.75234146118163,131.20740005257431,0.00375967398862187,0.11371709807800379,-0.05245169618542844,0.8673467135127638,0.953673616029918,1.0995298663985584,0.06560343680710504,0.05044506658230226,1.356332150888679,0.1888411508407905,-0.2177231677221525,0.12651856406356665,1
2024-08-08 00:00:00+00:00,144.63247680664062,163.02590942382812,142.01992797851562,162.9307403564453,5385642745,166.4395851135254,152.20427810668946,52.656812977180834,-2.9425549968193536,0.2889418440211825,-3.2314968408405362,202.00444014903618,166.4395851135254,130.8747300780146,0.12651856406356665,0.13075390660657638,0.13999764694226347,0.9789182077407441,1.0704741179629458,1.0935276405099306,0.08639592423229424,0.05645827033037933,1.292946821291712,0.45066977281959153,-0.1085993490617394,-0.03973176569881387,0
2024-08-09 00:00:00+00:00,162.9307403564453,163.24948120117188,151.22613525390625,156.45721435546875,3217916997,165.5678565979004,152.6639631652832,49.269834946275694,-2.6082025394105983,-0.2904870326651737,-2.3177155067454245,201.21818788952783,165.5678565979004,129.91752530627298,-0.03973176569881387,0.08175999242082876,0.13329556263565778,0.9449733636127341,1.0248470635213285,1.0845248162373897,0.07965210263895303,0.05670114670673554,0.7605797937691954,0.37222219384296,-0.1264604634754104,-0.01596632590763425,0
2024-08-10 00:00:00+00:00,156.45721435546875,158.5860595703125,152.873046875,153.95916748046875,1662980960,164.03873443603516,153.05138046264648,47.9871294625635,-2.5157967746098677,-0.7355489810541126,-1.780247793555755,198.87666930025998,164.03873443603516,129.20079957181034,-0.01596632590763425,-0.05506372128641501,0.1855387756737421,0.9385537386019227,1.0059312566477885,1.0717886629978501,0.0745633409327466,0.05463151554188075,0.3997550348531727,0.3553363310016814,-0.10398294117495566,-0.08075070952365282,0
2024-08-11 00:00:00+00:00,153.961669921875,157.93190002441406,141.34829711914062,141.52685546875,2411765937,162.16616287231446,153.20851272583008,42.11116570486413,-3.4064804324716533,-1.2697352713376207,-2.1367451611340327,197.643218728011,162.16616287231446,126.68910701661792,-0.08075070952365282,-0.09542774328575976,-0.017790968352997427,0.8727274109592436,0.9237532102541544,1.0584670524314421,0.0812592690899265,0.056855225586643125,0.5825292413339725,0.20911752813543552,-0.15593089540394733,0.034815889935034594,1
2024-08-12 00:00:00+00:00,141.53207397460938,150.81463623046875,141.4407958984375,146.45423889160156,3380174341,160.8509963989258,153.56578903198243,44.986401904093384,-3.6724215958399498,-1.7502725362380864,-1.9221490596018633,196.62380440731425,160.8509963989258,125.07818839053732,0.034815889935034594,-0.0487462274035696,0.012598473045992264,0.9104963113090149,0.95369053104074,1.047440301729092,0.07622288638847018,0.05739766224463209,0.814960536343885,0.29877512685126245,-0.040514034420044864,0.0017647380580900762,1
2024-08-13 00:00:00+00:00,146.45455932617188,149.61012268066406,143.1520233154297,146.7126922607422,2224488388,159.28501586914064,153.85521499633788,45.14031746754705,-3.818311736030779,-2.163880376196625,-1.6544313598341538,194.63051053550393,159.28501586914064,123.93952120277734,0.0017647380580900762,0.036642068919119364,-0.0995395225003135,0.9210702680362154,0.9535763364552465,1.0352916270854517,0.06513888528636941,0.056772728345143006,0.5421258056149159,0.32215097387839137,0.026522825514149417,-0.01901151361684905,0
2024-08-14 00:00:00+00:00,146.7126922607422,151.72604370117188,142.71792602539062,143.9234619140625,2714536693,157.8830352783203,154.00250015258788,43.71875122578117,-4.111602309578899,-2.55342476287308,-1.558177546705819,193.33538184154722,157.8830352783203,122.4306887150934,-0.01901151361684905,-0.017280325900380533,-0.08010977629276794,0.9115828161040259,0.9345527622698402,1.02519787095591,0.06573877976304758,0.056509365433340605,0.6726414105185896,0.3031220114109819,0.04250750863932873,-0.008182424231629515,0
2024-08-15 00:00:00+00:00,143.92266845703125,147.35154724121094,138.16192626953125,142.74581909179688,3032770371,155.86349029541014,154.12523361206055,43.10157452977084,-4.388475521860499,-2.920434914670564,-1.4680406071899355,189.82923995193374,155.86349029541014,121.89774063888656,-0.008182424231629515,-0.027038377578780026,-0.07283326204069274,0.9158387177218271,0.9261677387045776,1.0112782095612252,0.03580378684830694,0.053886149728912466,0.7494872967582394,0.3068985472679852,0.09919211936569439,-0.023925413068319634,0
2024-08-16 00:00:00+00:00,142.7428741455078,144.7954559326172,136.3846435546875,139.33056640625,2707615564,153.62574844360353,153.9228773498535,41.281491958048335,-4.827829671391356,-3.3019138660147225,-1.5259158053766337,185.60157526706405,153.62574844360353,121.64992162014302,-0.023925413068319634,-0.03191206942030722,-0.015518532191121537,0.906948007204656,0.9051972572573703,0.9980696247928459,0.034697293015062525,0.0538181315988913,0.6736374688136955,0.27646892266026996,-0.03303341082902167,0.017712849002449627,1
2024-08-17 00:00:00+00:00,139.33056640625,141.96282958984375,137.86630249023438,141.7985076904297,1199702073,151.47136993408202,153.96477951049803,43.14970892945458,-4.920162196970807,-3.62556353220594,-1.2945986647648673,180.22258088165304,151.47136993408202,122.720158986511,0.017712849002449627,-0.006636351294870391,-0.03178966506130165,0.9361406564959318,0.9209801627440464,0.9838053249298746,0.03694763271422827,0.05412032731605066,0.3009214107414178,0.33178339407527596,-0.01959169325372534,0.005559831815813876,1
2024-08-18 00:00:00+00:00,141.7985076904297,146.96298217773438,140.95962524414062,142.58688354492188,1866239536,149.4616844177246,154.01631423950195,43.76522645981489,-4.8735418887675905,-3.87515920351827,-0.9983826852493207,174.35891529028567,149.4616844177246,124.56445354516353,0.005559831815813876,0.023371161279696073,-0.02812168907982282,0.9540029212196712,0.9257907790417136,0.9704276144753424,0.020614860809963106,0.054260000882899784,0.47884724199391543,0.3619364356624223,-0.12486199207722848,0.012320946893887408,1
2024-08-19 00:00:00+00:00,142.58688354492188,145.9236297607422,140.74871826171875,144.34368896484375,2077549615,147.7235092163086,153.9733381652832,45.18935016720979,-4.641333045266833,-4.028393971867983,-0.6129390733988505,168.40304467617574,147.7235092163086,127.04397375644146,0.012320946893887408,0.01794928110224281,0.0029197953217119377,0.9771206338828856,0.9374589827356833,0.9594096677811473,0.015670246687250484,0.05445703122948231,0.5378173711107936,0.418281040257793,-0.07742388512109921,-0.008146868803984186,0
2024-08-20 00:00:00+00:00,144.3468475341797,148.6486053466797,141.36070251464844,143.16773986816406,2124392770,146.29058837890625,153.9047917175293,44.3791885454783,-4.500318260546777,-4.1227788296037415,-0.37753943094303555,163.64180442981214,146.29058837890625,128.93937232800036,-0.008146868803984186,0.004073700952017756,0.002955748750132381,0.9786531140154162,0.9302357533541152,0.9505265349203822,0.015724678668922375,0.053956576039632775,0.5566502307778116,0.4100106729816454,-0.0700927901138052,-0.0031999519111942654,0
2024-08-21 00:00:00+00:00,142.33303833007812,144.1562957763672,139.26654052734375,142.70960998535156,1923259439,145.04246292114257,153.6849742126465,44.04787036518403,-4.375096886981368,-4.173242441079267,-0.201854445902101,159.21845836926164,145.04246292114257,130.8664674730235,-0.0031999519111942654,-0.011320751126778994,0.024251990544911672,0.9839160692061651,0.928585313668278,0.9437647607661,0.014163469038601066,0.05382377327211316,0.520868518498808,0.4177181967810048,0.008357103057820225,0.003842240091730398,1
2024-08-22 00:00:00+00:00,142.70960998535156,144.81321716308594,140.9344024658203,143.2579345703125,1368400829,144.57344818115234,153.7355046081543,44.58115267816839,-4.183389326704145,-4.1752718182042425,-0.008117508499902115,158.30503987752266,144.57344818115234,130.84185648478203,0.003842240091730398,0.0006299931970112915,0.0102922583858851,0.9909007246670115,0.9318467775902038,0.9404037704214491,0.013891156030429412,0.050173705007419,0.3870510960549673,0.4520990122657239,-0.021824594122228258,0.06875117696530841,1
2024-08-23 00:00:00+00:00,143.2579345703125,153.771240234375,143.16477966308594,153.10708618164062,2560976300,145.08270263671875,154.24662994384767,53.20809799423082,-3.199829835250455,-3.980183421613485,0.78035358636303,159.3031681312966,145.08270263671875,130.8622371421409,0.06875117696530841,0.07285757558552852,0.07378099847034236,1.0553090299469718,0.9926121966967973,0.940589124634587,0.025738564971373366,0.050346109610807176,0.735389684479137,0.7821420841667073,0.04358446309153763,0.04979955204421427,1
2024-08-24 00:00:00+00:00,153.10833740234375,162.16932678222656,152.15208435058594,160.73175048828125,2749419604,146.21653594970704,154.77387817382814,58.583155909858036,-1.7845341655162485,-3.541053570394038,1.7565194048777895,161.64273719596758,146.21653594970704,130.7903347034465,0.04979955204421427,0.12197450682490762,0.11353500552025486,1.0992720450138889,1.0384940429531768,0.9447106816402813,0.02917252684160419,0.050447893623551274,0.8078767134671779,0.9704727465581597,0.11678629981993538,-0.011339588042814097,0
2024-08-25 00:00:00+00:00,160.73175048828125,161.94796752929688,155.50714111328125,158.90911865234375,2085078554,147.66877670288085,155.08723693847656,56.90051458481011,-0.8007428423460965,-2.99299142478445,2.1922485824383533,162.04619021454027,147.66877670288085,133.29136319122142,-0.011339588042814097,0.03789525759650214,0.10995059919696382,1.076118609501853,1.0246434315893018,0.9521658881669377,0.031052657803712407,0.04812422947371009,0.7441912295329391,0.8909027844385048,0.11323133429324894,-0.01052325521102393,0
2024-08-26 00:00:00+00:00,158.9114990234375,161.91110229492188,155.88449096679688,157.23687744140625,2588808155,148.32610244750975,155.5964926147461,55.33027377654864,-0.15423904936909594,-2.425240949701379,2.271001900332283,163.20791439716677,148.32610244750975,133.44429049785273,-0.01052325521102393,-0.02174351387487572,0.1017959999858864,1.0600755689447843,1.0105425565775554,0.9532740742091296,0.032662877581112595,0.04235423873095464,0.9803966507824886,0.7993847464287392,0.12851674615996544,-0.06575927278062887,0
2024-08-27 00:00:00+00:00,157.23658752441406,159.62355041503906,145.65640258789062,146.8970947265625,2783392784,148.4393524169922,155.74516052246094,46.74118722970969,-0.4707872452365507,-2.0343502088084136,1.5635629635718629,163.23703656169377,148.4393524169922,133.64166827229062,-0.06575927278062887,-0.07559052638169095,0.025402852324831304,0.9896101831130519,0.943188823548566,0.9530912672922821,0.0440699075416752,0.04523373168529211,1.111909148702367,0.44788854541871304,0.03595656343058207,-0.02046130859636308,0
2024-08-28 00:00:00+00:00,146.8970947265625,148.69497680664062,140.97080993652344,143.89138793945312,2932401182,147.48738479614258,155.79601928710937,44.57500283798873,-0.9532014757826062,-1.818120462203252,0.8649189864206459,160.72746132378336,147.48738479614258,134.2473082685018,-0.02046130859636308,-0.0848750606035551,-0.06019119344518342,0.9756182750025716,0.9235883471084216,0.9466697895813679,0.04504535293093699,0.03457644426599748,1.2317941623942714,0.3642002994022643,0.009148838673651793,-0.026668424165854243,0
2024-08-29 00:00:00+00:00,143.8910675048828,147.2205810546875,138.2660675048828,140.0540313720703,2098251665,146.66722564697267,155.7576040649414,41.904884219331215,-1.6264125623459904,-1.7797788822317997,0.1533663198858093,159.59631895892804,146.66722564697267,133.7381323350173,-0.026668424165854243,-0.046584061905581065,-0.12864738331658077,0.9549102108822848,0.8991794154311487,0.9416376588960715,0.0463010082989091,0.034017032298465304,0.9026251501005391,0.2442514291088294,-0.029718359171340136,-0.013952047707592286,0
2024-08-30 00:00:00+00:00,140.0540313720703,141.01318359375,132.4513397216797,138.09999084472656,2683385690,145.87426681518554,155.80193939208985,40.572121049738186,-2.2912004065658493,-1.8820631870986098,-0.4091372194672396,158.86548918103074,145.87426681518554,132.88304444934033,-0.013952047707592286,-0.04024839274719816,-0.13094986608756376,0.9467056380800286,0.8863817188898098,0.9362801733043873,0.03408492738941078,0.03398572447483008,1.1295467535054136,0.20078735658862762,-0.03539728313168966,-0.019737427270761554,0
2024-08-31 00:00:00+00:00,138.09999084472656,138.99224853515625,134.6364288330078,135.37425231933594,892155699,145.56663665771484,155.7188641357422,38.72207609857247,-3.0033728688026997,-2.106325123439428,-0.8970477453632717,159.26353542984722,145.56663665771484,131.86973788558245,-0.019737427270761554,-0.03341409745144697,-0.13904260551229364,0.9299813159635937,0.8693503710721163,0.934804125791866,0.01925483236450368,0.029219949736520055,0.38795282478178666,0.12793094597748453,-0.051400586595174325,-0.04937202198359836,0
2024-09-01 00:00:00+00:00,135.37425231933594,135.99781799316406,128.24325561523438,128.6905517578125,1974170865,144.6784523010254,155.45417572021483,34.560549432163256,-4.060288969550783,-2.497117892661699,-1.5631710768890836,160.30138346121055,144.6784523010254,129.05552114084026,-0.04937202198359836,-0.06813497256124812,-0.12394079680500192,0.8894935611424177,0.8278359276075589,0.9306823160634585,0.020398166892633254,0.0297245537141201,0.8855366147196864,-0.011680566831078272,-0.10168639423842996,0.049046439449343726,1
2024-09-02 00:00:00+00:00,128.6905517578125,135.35238647460938,127.26619720458984,135.0023651123047,2092221241,144.09293594360352,155.20177673339845,41.00828096400864,-4.33857956186344,-2.865410226502047,-1.4731693353613933,160.26303725920116,144.09293594360352,127.92283462800589,0.049046439449343726,-0.0027471044209648188,-0.06177591970194063,0.9369117523231202,0.8698506418789794,0.9284232370040622,0.03605217385572772,0.032157483771687416,0.9412817513568812,0.21890804349722612,-0.11824874681409037,-0.05499742017956455,0
2024-09-03 00:00:00+00:00,135.0023651123047,137.14476013183594,127.57423400878906,127.57758331298828,1787700523,143.2756420135498,154.55464889526368,36.4576631712548,-5.099461285565411,-3.3122204383147196,-1.7872408472506915,161.05417195306785,143.2756420135498,125.49711207403176,-0.05499742017956455,-0.008648408368927885,-0.0890831055475787,0.8904345604043643,0.8254529011252401,0.9270225324030384,0.03399545846124097,0.03401463824842711,0.8214045854316883,0.05851077805741566,-0.2062701804377487,0.04723658250950602,1
2024-09-04 00:00:00+00:00,127.57758331298828,134.86917114257812,123.61295318603516,133.60391235351562,2663812153,142.81854667663575,154.01568954467774,42.07604006883692,-5.156747370297637,-3.6811258247113035,-1.4756215455863337,161.1169188889502,142.81854667663575,124.52017446432129,0.04723658250950602,-0.010358727846180527,-0.03255668927788802,0.9354801281938294,0.8674694944943193,0.9272986868990781,0.04227954416224286,0.035981757861080856,1.2344198019929042,0.24821163827570283,-0.1592432612642578,-0.03199729187267142,0
2024-09-05 00:00:00+00:00,133.6043701171875,135.085205078125,128.14137268066406,129.32894897460938,1926178088,142.3184658050537,153.49058639526368,39.413725227070216,-5.483885998302014,-4.041677859429446,-1.4422081388725685,161.54151197326914,142.3184658050537,123.09541963683827,-0.03199729187267142,0.013727847919210445,-0.04465622702363092,0.9087292238785286,0.8425855422922545,0.9272129916720762,0.04268043169674491,0.036276538092178005,0.9090570397215391,0.16213687683063477,-0.17748971437821048,-0.03354913846664265,0
2024-09-06 00:00:00+00:00,129.32894897460938,134.16807556152344,121.05538177490234,124.99007415771484,3520537699,141.47804412841796,152.80893951416016,36.864202975183595,-6.023817831866268,-4.43810585391681,-1.5857119779494573,162.20749316612014,141.47804412841796,120.74859509071578,-0.03354913846664265,-0.06447294876372023,-0.028754850682913502,0.8834591609441732,0.8179500136255611,0.9258492636506243,0.043574970490922536,0.03653904261285442,1.5752434199128464,0.10230563917267581,-0.14913174838226628,0.02185366403911848,1
2024-09-07 00:00:00+00:00,124.99007415771484,129.2908935546875,124.26908111572266,127.72156524658205,1321261949,140.734778213501,151.9796534729004,39.516695590514,-6.1602971264942425,-4.7825441084322975,-1.377753018061945,162.34415763249177,140.734778213501,119.12539879451019,0.02185366403911848,-0.012428646028376011,-0.05393090602276451,0.9075337799788386,0.8403859485661754,0.9260106533839118,0.04535618796410784,0.03698128100182446,0.5984876822452923,0.19889896617108213,-0.11237519440478982,0.017757001027614017,1
2024-09-08 00:00:00+00:00,127.72156524658205,131.51524353027344,126.81302642822266,129.98951721191406,1317794291,140.0170696258545,151.1016081237793,41.70655865273851,-6.0161032874270575,-5.02925594423125,-0.9868473431958078,162.07068543869366,140.0170696258545,117.96345381301533,0.017757001027614017,0.0399987206015322,0.01890562461124956,0.9283833575382239,0.8602788469691821,0.9266418231045922,0.04197254982445776,0.03713373101712031,0.6073680481875526,0.27265513965962446,-0.0718616526890159,0.03874237248463519,1
2024-09-09 00:00:00+00:00,129.98951721191406,136.18653869628906,127.21979522705078,135.02561950683594,2443769044,139.60996360778807,150.11128829956056,46.35154106212048,-5.432830970757578,-5.109970949536516,-0.3228600212210626,161.7192257993504,139.60996360778807,117.50070141622574,0.03874237248463519,0.05718732186027098,0.010641208990635587,0.9671632025216258,0.8995034353271301,0.9300430713057626,0.04019869476093213,0.03835614586171884,1.1180977738750173,0.3963252581377031,-0.022261922821901647,0.00451472753143034,1
2024-09-10 00:00:00+00:00,135.0263671875,137.8063507080078,132.63108825683594,135.63522338867188,1642358500,139.2562442779541,149.2444270324707,46.90307421120557,-4.865309262328651,-5.0610386120949435,0.19572934976629242,161.38306015690623,139.2562442779541,117.12942839900197,0.00451472753143034,0.04343201127175478,0.04876150671649371,0.9739974253358815,0.9088126510691223,0.9330750035152502,0.03188396873576806,0.03838462127447979,0.7562882993712213,0.4181757350652817,0.0019277747789168131,-0.023134349346776162,0
2024-09-11 00:00:00+00:00,135.63494873046875,135.8038787841797,128.4340057373047,132.4973907470703,2122617674,138.71821708679198,148.4392234802246,44.37428586320272,-4.6155360631764495,-4.971938102311245,0.35640203913479507,160.95834213451582,138.71821708679198,116.47809203906816,-0.023134349346776162,-0.018724067099263553,0.0600633021457575,0.9551549430899225,0.8926036369674347,0.9345118751936365,0.028850159159146384,0.03864749072209647,0.9607584589052613,0.36014407908290186,0.029581340178119975,0.027506322733314104,1
2024-09-12 00:00:00+00:00,132.49708557128906,136.61480712890625,132.44332885742188,136.14190673828125,1597055803,137.869958114624,147.60141555786132,47.88858560484771,-4.076515488323253,-4.792853579513646,0.7163380911903934,159.0690989892878,137.869958114624,116.67081723996023,0.027506322733314104,0.003735632507180231,0.06592732774173804,0.9874660774546252,0.9223617959470869,0.93406934881717,0.02683212317857012,0.035585817512199316,0.7389949972791593,0.45924241962069207,0.008440901202201978,0.021731981678053236,1
2024-09-13 00:00:00+00:00,136.14190673828125,139.83250427246094,131.86395263671875,139.1005401611328,1668690414,136.7883975982666,146.9441648864746,50.61620425297328,-3.3717335627455896,-4.508629576160035,1.1368960134144457,155.08492757867748,136.7883975982666,118.49186761785575,0.021731981678053236,0.049836071313038355,0.07009044378836804,1.016903060518749,0.9466217339667651,0.9308868964204596,0.01992451476777599,0.03380964092614879,0.7919437097724498,0.5631852751680698,0.09032117201871626,-0.013808437452316524,0
2024-09-14 00:00:00+00:00,139.1025390625,139.7345733642578,135.9435577392578,137.17977905273438,952465288,135.70193061828613,146.0250260925293,48.82931236842845,-2.934352785680943,-4.193774218064217,1.2594214323832738,150.76211139450032,135.70193061828613,120.64174984207195,-0.013808437452316524,0.007623459516020503,0.015953709775716973,1.0108904009524025,0.9394264991660396,0.9293059843885808,0.02244866732797836,0.033832144094844606,0.4645149217286484,0.5490647641090183,0.026764685526251775,-0.041408358021288505,0
2024-09-15 00:00:00+00:00,137.17977905273438,137.92349243164062,130.9698028564453,131.4993896484375,1358403273,134.4150562286377,144.9733058166504,43.89411589470134,-3.0113720976034983,-3.957293793972073,0.9459216963685746,145.63655313452674,134.4150562286377,123.19355932274864,-0.041408358021288505,-0.0546450107518649,-0.030492328149767323,0.9783084822340088,0.9070593300448461,0.9271710779544073,0.029331934177541204,0.03470565771949619,0.6829815324814094,0.3700856666159198,0.01678232670285018,-0.00020376089703066924,0
2024-09-16 00:00:00+00:00,131.4993896484375,132.29637145996094,129.13807678222656,131.47259521484375,1623218789,133.64383125305176,143.90503616333007,43.871591227620016,-3.039534680306957,-3.77374197123905,0.7342072909320927,143.25840898236558,133.64383125305176,124.02925352373794,-0.00020376089703066924,-0.041603681514144175,-0.0077344582142212515,0.9837535633493115,0.9136066305950844,0.9286946087235474,0.024501524255534046,0.03198459141753842,0.8406441978616312,0.38708625072590863,0.051864286830881845,0.000490472120617591,1
2024-09-17 00:00:00+00:00,131.47244262695312,135.4871368408203,130.47569274902344,131.53707885742188,1726861492,133.0261157989502,142.88016586303712,43.946141160157524,-3.0218168157201717,-3.6233569401352748,0.6015401244151031,141.37237292803243,133.0261157989502,124.67985866986795,0.000490472120617591,0.0002866112845476554,-0.033823735770879715,0.9888064314846358,0.9206111853447275,0.9310327643828964,0.024327541134783883,0.03179564648620788,0.9231366849240239,0.4107961258262807,0.02987368345724173,0.018662212742914575,1
2024-09-18 00:00:00+00:00,131.53707885742188,133.99185180664062,127.25076293945312,133.99185180664062,2260675347,132.7230068206787,141.97785903930665,46.840749593300025,-2.7776762954854917,-3.4542208112053183,0.6765445157198267,140.40879118276132,132.7230068206787,125.0372224585961,0.018662212742914575,0.019161838158591626,-0.036726588901627055,1.009560098255431,0.9437517420906094,0.934814820555466,0.0240094737598,0.031710071456481144,1.2032762544222009,0.5825449249019846,0.03078967197179283,0.06600715840155602,1
2024-09-19 00:00:00+00:00,133.99185180664062,143.9043731689453,133.99185180664062,142.83627319335938,2884543933,132.95982093811034,141.3980613708496,55.71418393400559,-1.8492057909994344,-3.133217807164142,1.2840120161647075,141.5784441886825,132.95982093811034,124.34119768753817,0.06600715840155602,0.08590121077711577,0.04123416861934537,1.0742814798152165,1.0101713687483855,0.9403227996838797,0.03342812962168638,0.03496198099701522,1.5271634687713824,1.0729715737715626,0.05784571635405844,0.026117523943698595,1
2024-09-20 00:00:00+00:00,142.8365478515625,151.7609405517578,141.316162109375,146.56680297851562,3241123621,133.51944847106932,140.9759550476074,58.83539149452125,-0.8031059451816418,-2.667195434767642,1.864089489586,144.0415053925837,133.51944847106932,122.99739154955496,0.026117523943698595,0.09384862588526288,0.11458162178821296,1.0977187567567983,1.0396581667350306,0.9471079548706016,0.03378175898204962,0.03494655896842549,1.6154948115486136,1.1200001865019598,0.08059543322694696,0.020197176547113838,1
2024-09-21 00:00:00+00:00,146.56680297851562,149.83645629882812,144.79803466796875,149.52703857421875,1385610390,134.56127281188964,140.91373123168944,61.17381499040589,0.2617843057024061,-2.0813994866736323,2.3431837923760384,147.01841388065384,134.56127281188964,122.10413174312545,0.020197176547113838,0.046842200732876815,0.13732476589415188,1.1112189670147559,1.0611246843529207,0.9549195215805113,0.032548938599188955,0.03268499765921472,0.7009201060793591,1.100690225779621,0.1285281750163445,-0.031588859893928234,0
2024-09-22 00:00:00+00:00,149.52703857421875,149.86582946777344,141.38461303710938,144.80364990234375,1597826979,135.0513370513916,140.95136428833007,55.73345961606868,0.7163221944710756,-1.5218551504446909,2.2381773449157665,148.32588883490413,135.0513370513916,121.77678526787908,-0.031588859893928234,-0.012029689127014187,0.10085803303646435,1.072211894112837,1.0273306018247077,0.9581413967383149,0.029927452075442843,0.03233167344993381,0.8185063785065381,0.8673311540004262,0.06362290180578856,7.82941609627219e-05,1
2024-09-23 00:00:00+00:00,144.80364990234375,148.97042846679688,142.6438446044922,144.8149871826172,2344229720,135.91320724487304,141.0865623474121,55.743633278988405,1.065182805528508,-1.004447559250051,2.069630364778559,149.38153780478044,135.91320724487304,122.44487668496562,7.82941609627219e-05,-0.031513038956246686,0.0807745786780758,1.0654960626578838,1.026426505637186,0.963332049371221,0.029904945214836276,0.02923922100775165,1.183983272691942,0.8304707995600814,0.04108141503163698,0.0557757443026492,1
2024-09-24 00:00:00+00:00,144.8149871826172,153.53628540039062,143.30413818359375,152.89215087890625,2927238360,136.87761917114258,141.5471192932129,62.37772538472987,1.9706999574224255,-0.40941805591555575,2.3801180133379813,152.2739997102499,136.87761917114258,121.48123863203526,0.0557757443026492,0.055858405378714115,0.07040142857783827,1.1169989060646954,1.0801502117622916,0.9670109844312869,0.03281483414154496,0.029915889045916008,1.4686691749453085,1.0200745612608826,0.11453854157420507,-0.03184420265989618,0
2024-09-25 00:00:00+00:00,152.89096069335938,153.54763793945312,147.45013427734375,148.02342224121094,2138602628,137.81234283447264,141.62578048706055,56.846157785355615,2.26930398900555,0.1263263530686654,2.1429776359368846,153.54533112695242,137.81234283447264,122.07935454199286,-0.03184420265989618,0.022155407537672867,0.009938261823919436,1.0740940847294274,1.0451728614108848,0.9730738454575626,0.03873532100644866,0.029905353104886106,1.0673031838505134,0.8245117588887769,0.12565862576967324,0.05102350172350656,1
2024-09-26 00:00:00+00:00,148.02110290527344,157.858154296875,146.87075805664062,155.5760955810547,3009969111,139.34164390563964,141.84466049194336,62.41430926211771,3.0798844626379207,0.7170379749825164,2.3628464876554043,155.75805402158605,139.34164390563964,122.92523378969322,0.05102350172350656,0.017554496334309277,0.04045460315749816,1.1165082542474438,1.0968061472422592,0.9823538187646769,0.035742922937838435,0.02982009184524684,1.521557488771856,0.9944580319556402,0.18333478795959413,0.013972862448244694,1
2024-09-27 00:00:00+00:00,155.5760955810547,160.9813995361328,154.13027954101562,157.74993896484375,2765830721,140.84306259155272,141.74104446411133,63.85973293522752,3.8532682436762116,1.3442840287212556,2.508984214954956,158.24767125366992,140.84306259155272,123.43845392943551,0.013972862448244694,0.06570930854296164,0.08940582002754094,1.1200405335001928,1.112944663003283,0.9936646306230235,0.035281818583757625,0.029726937453365392,1.3488933900572595,0.985701135300171,0.19928114821399534,-0.005309093371250628,0
2024-09-28 00:00:00+00:00,157.7519073486328,159.34521484375,155.29931640625,156.9124298095703,1300870644,142.18920822143554,141.75014877319336,62.856802281198654,4.348473971491501,1.9451220172753048,2.403351954216196,160.21290529576663,142.18920822143554,124.16551114710443,-0.005309093371250628,0.008589585845592884,0.08353722817167952,1.1035466880524847,1.106964833318357,1.0030974179007366,0.03550065388001644,0.029899139314008925,0.6346954812929687,0.9084406636278644,0.1710594912592569,0.01094072561317927,1
2024-09-29 00:00:00+00:00,156.9124298095703,161.62306213378906,155.2430877685547,158.62916564941406,1773980028,143.36938552856446,141.84354873657227,64.101374831036,4.823847996502508,2.5208672131207455,2.3029807833817624,162.47658281961589,143.36938552856446,124.26218823751306,0.01094072561317927,0.005573546908099081,0.03752327858250659,1.1064368105128644,1.1183389520521343,1.0107571814550829,0.031069930276176376,0.029122645239233476,0.8799029955744785,0.8993202113424634,0.11056639957747727,-0.03789149609736353,0
2024-09-30 00:00:00+00:00,158.63241577148438,159.50892639160156,152.01983642578125,152.61846923828125,2376780676,144.21854782104492,142.0653810119629,56.911123227278324,4.661833652856643,2.949060501067925,1.712773151788718,163.38793376513937,144.21854782104492,125.04916187695049,-0.03789149609736353,-0.02736533094605842,0.03104270207712445,1.0582443905041914,1.0742833204764342,1.0151561681934371,0.03662541128076262,0.0309155339615162,1.1578070136162282,0.7190973002926081,0.041289474402008475,-0.048018976997009855,0
2024-10-01 00:00:00+00:00,152.61846923828125,157.25819396972656,142.8423309326172,145.28988647460938,3656164855,144.85817260742186,142.04209396362305,49.60507197414364,3.89715673976022,3.1386797488063847,0.7584769909538354,163.21739684290003,144.85817260742186,126.4989483719437,-0.048018976997009855,-0.08409096221489176,-0.06611689969482637,1.0029802520590778,1.0228650002288624,1.0198256626977071,0.03508297448004979,0.03261910647607448,1.716906625396617,0.5117574103799345,-0.02833702947648653,-0.03375546303723764,0
2024-10-02 00:00:00+00:00,145.28988647460938,148.82568359375,138.9187469482422,140.38555908203125,2892264150,145.0703552246094,141.91555130004883,45.404321471615795,2.8624104575586387,3.083425890556836,-0.22101543299819726,163.1005687318015,145.0703552246094,127.04014171741726,-0.03375546303723764,-0.08015353723113883,-0.11007535087973841,0.9677067300529818,0.98921899535321,1.0222301495196282,0.035317635146399594,0.03327620339160044,1.3181000595350403,0.3700848400738738,-0.030510907862419723,-0.02564631531900885,0
2024-10-03 00:00:00+00:00,140.38490295410156,142.80543518066406,133.55316162109375,136.78518676757812,2914986844,144.95458755493163,141.77278579711913,42.55523002482498,1.7318825537399505,2.8131172231934594,-1.0812346694535089,163.17492395022217,144.95458755493163,126.73425115964112,-0.02564631531900885,-0.0585360751074544,-0.12827054597534882,0.9436416540852309,0.96481977128757,1.0224429656222298,0.024577726341656867,0.03348768790033849,1.2917706520893726,0.27581641166995435,-0.05544868367051803,0.04669427378704594,1
2024-10-04 00:00:00+00:00,136.78518676757812,144.42678833007812,136.0756378173828,143.17227172851562,2361841303,145.25421218872071,141.78131484985352,48.70456156129765,1.3359158162503775,2.517676941804843,-1.1817611255544653,163.1300508145198,145.25421218872071,127.37837356292165,0.04669427378704594,0.019850422398902223,-0.0974404287989491,0.9856669185090472,1.0098105796249324,1.0244947463108591,0.033246014605638585,0.03490686920189393,1.0149503202375514,0.4417666352950747,-0.06357343457146447,-0.003216583121406158,0
2024-10-05 00:00:00+00:00,143.17227172851562,144.83428955078125,141.16966247558594,142.7117462158203,1113937760,145.81483001708983,141.8489384460449,48.303059537665106,0.9737242765634448,2.2088864087565634,-1.2351621321931185,162.5406359490723,145.81483001708983,129.08902408510735,-0.003216583121406158,0.04332749465271002,-0.06491169169698396,0.9787190109476119,1.0060825817889614,1.0279585565778022,0.03333894661015883,0.0333771970189094,0.48121839883454703,0.40723664336748294,-0.03588402392653112,0.026140955014654965,1
2024-10-06 00:00:00+00:00,142.7117156982422,146.62001037597656,142.11424255371094,146.44236755371094,1168715645,146.5633186340332,141.94181564331055,51.77149828379631,0.9764588262522977,1.9624008922557103,-0.9859420660034126,161.86597870135728,146.5633186340332,131.26065856670914,0.026140955014654965,0.022840287338571352,0.007932287009550176,0.9991747520358468,1.031707019457254,1.0325591367827516,0.03557691294185014,0.03369496645717353,0.5098879905000153,0.49604803740689046,-0.058709070909837235,-0.016734069676439534,0
2024-10-07 00:00:00+00:00,146.44354248046875,152.1038360595703,143.60458374023438,143.99179077148438,2678803498,147.18605422973633,141.9699137878418,49.42568360024254,0.7719859372411406,1.7243179012527965,-0.9523319640116559,160.83876212136292,147.18605422973633,133.53334633810974,-0.016734069676439534,0.008969440775591586,0.02568805305213706,0.9782977845627537,1.0142415877399493,1.036741167918785,0.033744585182692154,0.03405977553868439,1.1449346988047122,0.3830172196018695,-0.08721491928073277,-0.004148613818935276,0
2024-10-08 00:00:00+00:00,143.99179077148438,145.44879150390625,141.2363739013672,143.39442443847656,1710617951,147.65618286132812,141.95092849731446,48.844681952450436,0.5553356650153489,1.490521454005307,-0.935185788989958,159.97862380171594,147.65618286132812,135.3337419209403,-0.004148613818935276,-0.020813260302668057,0.04831837296920671,0.9711372843299491,1.0101689785085795,1.0401917368516655,0.028729208780838872,0.03396281577408848,0.739823637328726,0.3270732867185717,-0.08614999708754278,-0.028445233874509368,0
2024-10-09 00:00:00+00:00,143.3953399658203,145.1295166015625,138.7974395751953,139.31553649902344,1697499287,147.48014602661132,141.87388442993165,44.95850760536239,0.053885437588434115,1.2031942507219324,-1.1493088131334983,160.18710383184956,147.48014602661132,134.7731882213731,-0.028445233874509368,-0.03247583940310994,-0.02693772462314048,0.94463926333437,0.9819674498855938,1.0395158109556695,0.027791061427356212,0.03134388314280908,0.7534914770457314,0.17873468800604028,-0.12175332998394273,-0.0030658750213440333,0
2024-10-10 00:00:00+00:00,139.3137664794922,140.58058166503906,135.58270263671875,138.88841247558594,1770157917,147.09622650146486,141.79746047973632,44.5587151790545,-0.37367532295007777,0.8878203359875304,-1.261495658937608,160.37068155030153,147.09622650146486,133.82177145262818,-0.0030658750213440333,-0.03142389936384127,-0.02679060302753511,0.9442010565390189,0.9794844844589717,1.0373685537371509,0.025649681815389215,0.03069830893985675,0.8122611949589331,0.19084177106772368,-0.08996327136041937,0.04674786543152076,1
2024-10-11 00:00:00+00:00,138.88674926757812,146.43063354492188,138.755859375,145.3811492919922,1797846253,146.88893203735353,141.83992477416993,51.60388774290047,-0.18646129730021244,0.6729640093299819,-0.8594253066301943,160.1330069199997,146.88893203735353,133.64485715470735,0.04674786543152076,0.04353866729724909,-0.007246661464480386,0.9897352188184069,1.024966345149015,1.035596516786246,0.02566508856335594,0.0322544031244684,0.8172369372120121,0.443077083196766,0.0006281429464725097,0.007697976185015998,1
2024-10-12 00:00:00+00:00,145.3811492919922,147.13690185546875,144.7617645263672,146.5002899169922,1118630507,146.97376403808593,141.70778884887696,52.719170483999854,0.05161744840609117,0.5486946971452038,-0.49707724873911263,160.18328954340595,146.97376403808593,133.76423853276592,0.007697976185015998,0.05480570557132891,0.01742112610772928,0.9967785126536526,1.033819602345402,1.037160802747581,0.02559359600161816,0.03147486191244259,0.5140887121450259,0.482078307017801,0.04355669397154971,0.007318371556090275,1
2024-10-13 00:00:00+00:00,146.50033569335938,148.7133331298828,144.62364196777344,147.5724334716797,1294444111,147.11163635253905,141.44460250854493,53.81718447436706,0.3230852683686294,0.503572811389889,-0.18048754302125958,160.2837987169765,147.11163635253905,133.9394739881016,0.007318371556090275,0.015072684391058022,0.02913648176743222,1.003132295517646,1.043323186989511,1.0400653948152725,0.02380968915363152,0.03150472123839828,0.6095921995439314,0.517491323990384,0.07886268212968828,0.06690067847086234,1
2024-10-14 00:00:00+00:00,147.57025146484375,157.7541046142578,147.00582885742188,157.44512939453125,2929339176,147.33928527832032,141.41532272338867,62.4620920840748,1.3196573346252478,0.6667897160369608,0.652867618588287,161.07730851027276,147.33928527832032,133.60126204636788,0.06690067847086234,0.07470865404935689,0.1301333171525696,1.0685889313031567,1.1133526859921483,1.0418905281326483,0.032593236108319636,0.03259445215007471,1.37944463392679,0.8678056131360427,0.09969009706767751,-0.017304457584390698,0
2024-10-15 00:00:00+00:00,157.44512939453125,158.71575927734375,150.90951538085938,154.7206268310547,3451652506,147.6741455078125,141.36499771118164,59.170389980573646,1.8680693491686498,0.9070456426632987,0.9610237065053511,161.80329882021948,147.6741455078125,133.54499219540554,-0.017304457584390698,0.04843854093350575,0.11399233437311951,1.0477164184631722,1.094476209359544,1.0446301977065136,0.03411014343922245,0.031956515191069436,1.5766609990351954,0.7493596455300184,0.08414780796721222,-0.003143759361034837,0
2024-10-16 00:00:00+00:00,154.7206268310547,158.1370391845703,153.08169555664062,154.23422241210938,2397546608,147.60705184936523,141.51174026489258,58.5768838117383,2.2376468502292823,1.1731658841764956,1.0644809660527867,161.59020250816155,147.60705184936523,133.62390119056892,-0.003143759361034837,-0.020393815894906964,0.060895605539175834,1.044897384506448,1.089904075261896,1.0430728332014219,0.030312486227486637,0.029872453791603464,1.1106974806371344,0.7369698619593723,0.05320765423667839,-0.025404203882628762,0
2024-10-17 00:00:00+00:00,154.23817443847656,155.5516357421875,147.94349670410156,150.31602478027344,2157747733,147.23535614013673,141.640233001709,53.88783204900182,2.189138849372739,1.3763604772157443,0.8127783721569948,160.45780600824244,147.23535614013673,134.01290627203102,-0.025404203882628762,-0.028468098539897957,0.026045920219292862,1.0209234298126366,1.0612523122470419,1.0395023576271598,0.033538240342426695,0.03019799845803909,1.0138880181456102,0.6164938672812701,0.0439207955877543,0.031000767324619538,1
2024-10-18 00:00:00+00:00,150.3227081298828,156.53741455078125,149.70101928710938,154.97593688964844,1754226839,147.13853149414064,141.93867111206055,58.17589802367031,2.4979174346418347,1.6006718687009625,0.8972455659408722,160.0881581316263,147.13853149414064,134.18890485665497,0.031000767324619538,0.004809013628358283,0.050168606993863385,1.0532654860417707,1.0918514008581564,1.036634557315073,0.03125627686043236,0.03106643828105518,0.8155935327590137,0.8026112495328874,0.08076682546426994,0.030091262711191114,1
2024-10-19 00:00:00+00:00,154.97593688964844,159.71041870117188,153.91282653808594,159.6393585205078,1440375026,147.1890411376953,142.36945846557617,61.98571716922563,3.083382525452407,1.8972140000512514,1.1861685254011558,160.3337893089717,147.1890411376953,134.04429296641894,0.030091262711191114,0.062024882269624104,0.013936468752095754,1.0845872579003026,1.12130340482476,1.0338526445493539,0.03216423357340701,0.03171516267698561,0.6749082770119262,0.9735852380199519,0.14588338481276875,0.04573095809885652,1
2024-10-20 00:00:00+00:00,159.64122009277344,167.5856475830078,157.76573181152344,166.9398193359375,2579198899,147.9051086425781,143.0007698059082,67.04641774049435,4.089314926316007,2.335634185304203,1.753680741011804,163.60683779854955,147.9051086425781,132.20337948660668,0.04573095809885652,0.0771983230842348,0.07897584669318469,1.1286954241679235,1.1674050395849005,1.0342958911572746,0.03428408025584582,0.031858925993940274,1.2028163444299023,1.106134219495195,0.2019708221899541,-0.004330579545778646,0
2024-10-21 00:00:00+00:00,166.93861389160156,171.4306640625,161.8105010986328,166.2168731689453,3924173188,148.95145797729492,143.75129623413085,66.1078678588377,4.773165803399877,2.8231405089233377,1.9500252944765393,166.58915571637277,148.95145797729492,131.31376023821707,-0.004330579545778646,0.04120233700132614,0.07769125794156517,1.115913032514809,1.1562808651006826,1.0361747120157752,0.027303872887711956,0.02944030053807322,1.818683188140815,0.9894463962095621,0.14331791967819307,0.0062765825508031,1
2024-10-22 00:00:00+00:00,166.2176055908203,170.7600860595703,163.28536987304688,167.26014709472656,3470792372,150.2951873779297,144.39645187377928,66.82949188117203,5.337775484044727,3.3260675039476157,2.011707980097111,169.2321526856573,150.2951873779297,131.3582220702021,0.0062765825508031,0.0019188217650125683,0.11272332633344595,1.1128775978311074,1.1583397301267002,1.0408509726354402,0.02500637798952574,0.02782914045454327,1.5872816415317141,0.94793237567674,0.14170522931727314,0.021955905732769176,1
2024-10-23 00:00:00+00:00,167.26063537597656,173.8150177001953,164.19381713867188,170.9324951171875,3861697575,152.00255279541017,145.26355010986327,69.30682320500279,6.012254985099048,3.8633050001779026,2.1489499849211455,171.9417632132928,152.00255279541017,132.06334237752753,0.021955905732769176,0.028370296338381618,0.1029615213031494,1.1245370026597932,1.1767060283733306,1.0463915598954463,0.024354333948294202,0.026708866618210786,1.7286315595176756,0.9746913725530443,0.15829556439476078,0.03641461808682411,1
2024-10-24 00:00:00+00:00,171.11087036132812,178.99530029296875,170.5173797607422,177.1569366455078,3529481044,153.70178604125977,146.13461059570312,72.98906893600821,6.9687142604338135,4.484386852229085,2.484327408204728,176.11178767635,153.70178604125977,131.29178440616954,0.03641461808682411,0.0591700397416024,0.10973220067624889,1.1526016789287779,1.212285959659695,1.0517822260907927,0.017479918550438536,0.026088421330088565,1.5396819779871322,1.0233188061780705,0.1251979488141679,-0.06999466070958382,0
2024-10-25 00:00:00+00:00,177.15713500976562,177.1919403076172,160.0352783203125,164.75689697265625,4869966180,154.80404357910157,146.84316955566408,58.048440930487175,6.649484439452294,4.917406369673727,1.7320780697785674,177.10638658487332,154.80404357910157,132.50170057332983,-0.06999466070958382,-0.03612887146061605,-0.013076103544166995,1.064293239139254,1.1219922415948778,1.0542134445035918,0.03902411010054972,0.03168080071595036,1.9635807466600361,0.7231347036268548,0.0648670468001693,0.03610814643527016,1
2024-10-26 00:00:00+00:00,164.75599670410156,172.8228302001953,162.443359375,170.70596313476562,2755373492,156.0172233581543,147.75748733520507,62.06088199950823,6.798167385353537,5.293558572809689,1.5046088125438484,179.03273852749803,156.0172233581543,133.00170818881057,0.03610814643527016,-0.03641389173290244,0.027007426383587108,1.094148193772759,1.1553117626283078,1.0559006258966157,0.03961632740786346,0.03206249719864023,1.0765370692819063,0.8191051703282418,0.10679692525465745,0.03422980131372966,1
2024-10-27 00:00:00+00:00,170.70596313476562,177.89515686035156,170.19244384765625,176.5491943359375,2427933420,157.64509353637695,148.73403991699217,65.54652240227506,7.303311585394113,5.695509175326574,1.6078024100675385,181.6630376392739,157.64509353637695,133.62714943347999,0.03422980131372966,0.071573922427286,0.05553652440560253,1.1199155671482943,1.1870127002162305,1.0599126711300115,0.03811234856079847,0.03200305986561724,0.9532765524036689,0.893541194004203,0.17452011250304666,0.008811764022592872,1
2024-10-28 00:00:00+00:00,176.55368041992188,179.40797424316406,172.87225341796875,178.1049041748047,3623055701,159.38061752319337,149.69634765625,66.43081573346903,7.739953420601665,6.1043980243815925,1.6355553962200728,184.06973379721654,159.38061752319337,134.6915012491702,0.008811764022592872,0.043343190268039455,0.0419604771620512,1.117481579269741,1.1897745466962875,1.0646927598339373,0.03768675849833162,0.0318165653730499,1.3710417029732251,0.8792012327171104,0.1492423130284115,0.007051148434286558,1
2024-10-29 00:00:00+00:00,178.1036376953125,183.03944396972656,176.85548400878906,179.36074829101562,3919545873,161.38287811279298,150.58305023193358,67.16349191376335,8.094028424173104,6.502324104339896,1.591704319833208,185.71302573595312,161.38287811279298,137.05273048963284,0.007051148434286558,0.015925045512970692,0.012439883457217693,1.1113988694987682,1.1911084814310613,1.0717200764908474,0.03767327820121753,0.030438278627082597,1.4233954016926629,0.8694566604501262,0.12353713992138315,-0.024731028383304987,0
2024-10-30 00:00:00+00:00,179.36074829101562,181.1526641845703,173.39939880371094,174.9249725341797,2772422773,163.18470611572266,151.36884521484376,62.01492853401987,7.9253469173185636,6.78692866693563,1.1384182503829336,185.77602745800655,163.18470611572266,140.59338477343877,-0.024731028383304987,-0.017854262101081653,0.061715629198885624,1.0719446490906532,1.1556207110247938,1.0780600584229085,0.03943058049863064,0.0314157487044392,0.9888187464550845,0.7598401890836486,0.047832525697020456,-0.03713008934232842,0
2024-10-31 00:00:00+00:00,174.92507934570312,176.27984619140625,167.5767822265625,168.42999267578125,2652620406,164.3371482849121,152.08749725341798,55.32712085663003,7.184753646408524,6.866493662830209,0.3182599835783151,185.40461378035963,164.3371482849121,143.26968278946458,-0.03713008934232842,-0.06094285243223363,-0.013332694518630173,1.0249051686340167,1.107454562127039,1.0805434454028984,0.03914629799059651,0.03213342474296421,0.9318847691887916,0.5971366107554221,0.013314650099250036,-0.01287099704771455,0
2024-11-01 00:00:00+00:00,168.4302215576172,173.8500213623047,164.0325469970703,166.2621307373047,3157093060,165.32524032592772,152.68990173339844,53.26246677322926,6.349704363322331,6.763135802928633,-0.4134314396063017,184.65210469318015,165.32524032592772,145.9983759586753,-0.01287099704771455,-0.049523185119736524,-0.05826740607526426,1.0056669532705953,1.088887535127266,1.082751632223793,0.02810688817637115,0.032466902057731055,1.0707693439069315,0.5242380345195685,-0.005966850889211894,-0.001514387414643048,0
2024-11-02 00:00:00+00:00,166.2621307373047,168.4605712890625,162.38702392578125,166.01034545898438,1618170398,166.24713592529298,153.22809783935546,53.015014464842075,5.60301673342218,6.531111989027343,-0.9280952556051627,183.67407150577534,166.24713592529298,148.82020034481062,-0.001514387414643048,-0.014365892786414647,-0.06790693817139282,0.99857567190562,1.083419736979505,1.0849650832289695,0.023662738555258335,0.032520212431576906,0.5458271424878532,0.49320619321695885,-0.028795868537627167,-0.020836324390463123,0
2024-11-03 00:00:00+00:00,166.01034545898438,166.37632751464844,158.1367645263672,162.55130004882812,2645801646,166.5024444580078,153.73552825927734,49.605366740370165,4.678217768634113,6.160533144948697,-1.4823153763145838,183.53149785210613,166.5024444580078,149.47339106390947,-0.020836324390463123,-0.022319157537681877,-0.09371865585057615,0.9762697513418419,1.0573437505914889,1.0830446699165002,0.017211234039487804,0.029728251811340922,0.8967470258338424,0.383988137281048,-0.08244462154990673,-0.029554972598231366,0
2024-11-04 00:00:00+00:00,162.55169677734375,164.71389770507812,155.16552734375,157.74710083007812,2809006700,166.65376815795898,154.26048248291016,45.25225074224161,3.517106188815717,5.6318477537221,-2.1147415649063834,183.29128423537938,166.65376815795898,150.01625208053858,-0.029554972598231366,-0.04977547999228649,-0.09820136859386996,0.9465558599344788,1.0226021485933978,1.0803399903563884,0.01566628788466835,0.03026867710480894,0.9625452085398651,0.23233181905174732,-0.042546298645946834,0.0568967415139745,1
2024-11-05 00:00:00+00:00,157.74710083007812,169.12664794921875,156.98818969726562,166.72239685058594,3243848057,167.2781768798828,154.965478515625,53.46781629982092,3.2833004320319787,5.162138289384076,-1.8788378573520976,182.85680487939695,167.2781768798828,151.69954888036867,0.0568967415139745,0.025660187279368918,-0.010138312055159582,0.996677510242738,1.0758679832926499,1.0794544596783622,0.031644590153811526,0.03267519788694492,1.0956627038475952,0.48216209959843054,-0.02333583555622376,0.12135376973709078,1
2024-11-06 00:00:00+00:00,166.72239685058594,189.9154815673828,166.6982421875,186.9547882080078,9822932731,169.11011505126953,156.0738327026367,65.89289552637644,4.676682691758941,5.065047169859049,-0.3883644781001081,184.90571283493975,169.11011505126953,153.3145172675993,0.12135376973709078,0.1851551453195428,0.12445803129636102,1.1055210278304657,1.1978611979383358,1.0835263805782902,0.05771424015095861,0.04103641471551355,2.9375802313778143,1.0648622293733776,0.05893877857222374,0.05017152333171926,1
2024-11-07 00:00:00+00:00,186.9547882080078,197.90093994140625,186.13604736328125,196.3345947265625,4700842780,171.17804794311525,157.32068756103516,69.90499342523658,6.463315093973762,5.344700754681992,1.1186143392917698,189.76496859498067,171.17804794311525,152.59112729124982,0.05017152333171926,0.17761379655856646,0.18266481636272625,1.146961290222255,1.2479896812705655,1.0880835228787307,0.05497132159632542,0.041727868094862605,1.3464769919210666,1.1767271258814591,0.10235366980050098,0.018358536856811103,1
2024-11-08 00:00:00+00:00,196.3345947265625,204.96975708007807,196.02374267578125,199.9390106201172,5673142495,173.1930305480957,158.4627423095703,71.3020170263132,8.076974054807692,5.891155414707132,2.1858186401005604,194.97592202071735,173.1930305480957,151.41013907547404,0.018358536856811103,0.06945113594877816,0.23000560783001012,1.1544287318455009,1.2617414523189274,1.092957423453827,0.05276198430684413,0.04155270355591139,1.5320995792954422,1.1139217124971177,0.11473113557551073,0.0012799160632710471,1
2024-11-09 00:00:00+00:00,199.93960571289065,203.3472900390625,195.4741058349609,200.1949157714844,3363617004,174.85578536987305,159.5353045654297,71.40351346259773,9.269605571184883,6.566845446002683,2.7027601251822,199.51579901873336,174.85578536987305,150.19577172101273,0.0012799160632710471,0.019661950306303577,0.26908776591165484,1.1449144524901558,1.254862779851836,1.0960319149806745,0.05251286915420873,0.0408430350252606,0.8988639310234814,1.0137695940160687,0.14446161043339356,0.05204331959804165,1
2024-11-10 00:00:00+00:00,200.19595336914065,215.1790771484375,198.9831085205078,210.6137237548828,8564655765,177.07562789916992,160.75703826904297,75.24260184510254,10.929496933732281,7.439375743548602,3.490121190183679,206.0728968593313,177.07562789916992,148.07835893900852,0.05204331959804165,0.05338984674205238,0.26325993227911426,1.189399841489254,1.3101368750175635,1.101510887522176,0.048209903116827185,0.041744759253573016,2.155118346769111,1.0782974924602389,0.250452608878889,0.05710907099083884,1
2024-11-11 00:00:00+00:00,210.6137237548828,223.2198028564453,204.5623016357422,222.6416778564453,10290809023,179.84470443725587,162.313798828125,78.78373862008306,13.064923861964047,8.564485367231692,4.5004384947323555,214.85015719074224,179.84470443725587,144.8392516837695,0.05710907099083884,0.11212453622240393,0.19088513319451272,1.2379662695829914,1.371674370656569,1.1080062553874084,0.03777359197327671,0.042864510302918116,2.3848362959060556,1.1112900998677566,0.3391003523720064,-0.046756143922522364,0
2024-11-12 00:00:00+00:00,222.6416778564453,225.0115203857422,205.44786071777344,212.2318115234375,11308516682,181.90967025756837,163.6621353149414,69.51624906649654,13.75867443886338,9.60332318155803,4.15535125730535,219.48003577819648,181.90967025756837,144.33930473694025,-0.046756143922522364,0.007682727125787103,0.08097002374449214,1.1666879018742413,1.2967679488907535,1.1114951537660958,0.05252620967535635,0.04499984041782569,2.412513532409463,0.9035380125490219,0.2784252146253916,0.013912822536254588,1
2024-11-13 00:00:00+00:00,212.2080078125,220.3391876220703,201.4705810546875,215.1845550537109,11296665808,183.81105117797853,164.9079833984375,70.57362058116661,14.380963697380508,10.558851284722527,3.8221124126579813,224.11803954619543,183.81105117797853,143.50406280976162,0.013912822536254588,-0.03349383131914141,0.07625097466627029,1.1706834473480836,1.304876517310864,1.1146279724606718,0.03686778577100353,0.04463240779887727,2.2255927308158214,0.8891819402274073,0.32379473427202665,-0.027722643094210908,0
2024-11-14 00:00:00+00:00,215.18446350097656,222.6391448974609,207.49681091308597,209.2190704345703,8094554275,186.0341598510742,166.1318963623047,65.62130033530049,14.228747520647602,11.292830531907542,2.9359169887400594,226.8179689072342,186.0341598510742,145.25035079491423,-0.027722643094210908,-0.014195520771561942,0.04507684237788867,1.1246271684837683,1.2593552172443756,1.1197979673052436,0.03827951584338354,0.041501155356396695,1.5456382052168172,0.7842416037154609,0.3262942350993614,0.04242366250343421,1
2024-11-15 00:00:00+00:00,209.2362365722656,219.53878784179688,204.82801818847656,218.09490966796875,6109860311,188.4036071777344,167.38227264404296,69.0960872118311,14.65538301879863,11.96534102928576,2.6900419895128707,230.9078932450441,188.4036071777344,145.89932111042467,0.04242366250343421,0.013524923354891305,0.03552088524769026,1.1575941296188903,1.3029749579979228,1.125588774734799,0.04021365676662905,0.041711248524063216,1.1304602334083924,0.8492742172308843,0.3081320433716057,-0.010298628677901767,0
2024-11-16 00:00:00+00:00,218.56936645507807,221.6623687744141,213.8047790527344,215.8488311767578,4698955745,190.36858901977538,168.54425048828125,67.24387126186005,14.643454335500735,12.500963690528756,2.1424906449719785,234.17896565813857,190.36858901977538,146.5582123814122,-0.010298628677901767,0.03168812827825285,-0.03051022048112384,1.1338468824514718,1.280665644490588,1.129487291724683,0.041015059421810954,0.04171391602298663,0.8515214384283857,0.7908014506164995,0.15455096521305567,0.10065701866742849,1
2024-11-17 00:00:00+00:00,215.8477935791016,241.2353363037109,212.7281646728516,237.57553100585935,9981076722,193.3421203613281,170.15751251220703,74.39425178480752,16.200415560474852,13.240854064517976,2.9595614959568763,241.50449454566896,193.3421203613281,145.17974617698727,0.10065701866742849,0.08932176073044618,0.1194152719165904,1.2287831051085272,1.39620947378868,1.1362538010036896,0.05173340894219764,0.046277865651513705,1.7101992563492685,0.9592112763713478,0.21005435306362386,0.009339006727789645,1
2024-11-18 00:00:00+00:00,237.57553100585935,248.19281005859372,234.4010467529297,239.79425048828125,8798714213,196.3637954711914,171.78081420898437,74.99454665706736,17.41262872324924,14.07520899626423,3.3374197269850114,248.27034932686294,196.3637954711914,144.45724161551985,0.009339006727789645,0.11093606196975236,0.11436552882909123,1.2211734343027687,1.3959315048801282,1.1431066756517987,0.048858560663969784,0.046258726199544686,1.4471175923491106,0.9183523253908373,0.19933698653680332,-0.0070756535919846986,0
2024-11-19 00:00:00+00:00,239.80088806152344,247.09056091308597,234.15306091308597,238.09754943847656,6711919414,199.52242431640624,173.49039581298828,73.5740524866793,18.0285844938345,14.865884095778284,3.1627003980562165,253.57974954222382,199.52242431640624,145.46509909058867,-0.0070756535919846986,0.002197273559305879,0.13802986001191275,1.1933372915562472,1.3723961394101074,1.15004881614011,0.04289004142707657,0.045612384755409505,1.0692639069777898,0.8567983151305365,0.18932865263300047,-0.011230225453652487,0
2024-11-20 00:00:00+00:00,238.0925750732422,242.10787963867188,230.9105529785156,235.4236602783203,6454141445,202.8721076965332,175.2930712890625,71.28257340507665,18.092415270048832,15.511190330632395,2.581224939416437,257.1194463429313,202.8721076965332,148.62476905013506,-0.011230225453652487,-0.018226417860567223,0.07945508969802706,1.1604535633379403,1.3430288975318425,1.1573310125988505,0.04425399852432094,0.04436042417006323,0.9979783003586145,0.8000290280963714,0.11779829006922582,0.09192885348594904,1
2024-11-21 00:00:00+00:00,235.42739868164065,259.0535583496094,230.3415679931641,257.0658874511719,10735314060,207.41229553222655,177.62667785644533,77.41413595449694,19.662689239332565,16.34149011237243,3.321199126960135,263.9111721917668,207.41229553222655,150.9134188726863,0.09192885348594904,0.07966624628195373,0.19095334475386427,1.2393956047375718,1.4472256676383257,1.167686622500779,0.04848130713665118,0.046677854953466824,1.568085670408365,0.9394210544941953,0.15461709562269177,-0.0021286787554156694,0
2024-11-22 00:00:00+00:00,257.0814208984375,263.70086669921875,252.1354217529297,256.5186767578125,7249493783,211.93771209716797,180.02134765625,76.96666421191634,20.625232501958294,17.198238590289602,3.426993911668692,268.9701347474883,211.93771209716797,154.90528944684763,-0.0021286787554156694,0.08960448773310814,0.07973525586473773,1.2103493720844043,1.4249347652236992,1.177292109277296,0.049615330146891075,0.0466950504338318,1.0170883261458665,0.890838777216087,0.20867213504175486,-0.005224431224692516,0
2024-11-23 00:00:00+00:00,256.5181579589844,263.83154296875,253.18743896484372,255.1785125732422,6234742858,216.56907272338867,182.26147247314452,75.81091082705922,21.037408769896388,17.96607262621096,3.0713361436854285,271.72830817529365,216.56907272338867,161.4098372714837,-0.005224431224692516,-0.0073419888443509995,0.06415609237350228,1.1782777169626946,1.4000683145520054,1.1882328710764654,0.04905685805131626,0.04604982257506021,0.8532397678001944,0.8499816443568935,0.18585886663449713,-0.008852576982199434,0
2024-11-24 00:00:00+00:00,255.1785125732422,259.6256408691406,243.1221618652344,252.9195251464844,5330146683,221.32769393920898,184.46562805175782,73.799249149589,20.940392219053592,18.560936544779487,2.379455674274105,271.2971845482786,221.32769393920898,171.35820333013936,-0.008852576982199434,-0.01403075852728719,0.06225169365650185,1.142737813985233,1.3710929663032922,1.1998316232502042,0.036941122270806995,0.045008897273687364,0.717073196055215,0.8161111992758777,0.20887414622932599,-0.07303870920489453,0
2024-11-25 00:00:00+00:00,252.9160614013672,256.4226989746094,231.55198669433597,234.4466094970703,6616015635,224.7139045715332,186.225712890625,59.820205901201604,19.15212225169867,18.679173686163324,0.47294856553534714,267.8087851737462,224.7139045715332,181.6190239693202,-0.07303870920489453,-0.08124470539117723,-0.004150180912551149,1.0433115384830978,1.258937908508728,1.2066749595611066,0.04836852075059503,0.04930606569157221,0.8703215718408611,0.612921822610147,0.07497515578880609,-0.014794047625943496,0
2024-11-26 00:00:00+00:00,234.4456787109375,239.63780212402344,222.9571990966797,230.9781951904297,6996936265,226.9150749206543,187.96544097900392,57.61357089243693,17.256115611768962,18.39456207128445,-1.1384464595154888,266.21992646893,226.9150749206543,187.61022337237858,-0.014794047625943496,-0.08675221868832339,-0.10148251298296973,1.0179059071822185,1.2288333109926861,1.207216995522071,0.048584843364612364,0.043372560080816816,0.9378634934012777,0.5516872613649859,0.07009240648276882,0.049026361022546316,1
2024-11-27 00:00:00+00:00,230.9722137451172,243.1248016357422,228.1300506591797,242.30221557617188,5381404312,229.21345596313478,189.94359680175782,62.47989472292677,16.477330091464182,18.011115675320397,-1.5337855838562149,266.3024986284053,229.21345596313478,192.12441329786424,0.049026361022546316,0.033507015076708724,-0.055420764528045785,1.0571029286131535,1.2756535079677374,1.2067448433250556,0.05215923787499144,0.043319551654897814,0.7180438733504072,0.6764504914721506,0.01989550249682881,-0.01872953574535463,0
2024-11-28 00:00:00+00:00,242.3004608154297,245.20445251464844,233.20286560058597,237.76400756835935,4047310070,231.10470581054688,191.91256622314452,59.530181334599604,15.317372363064152,17.47236701286915,-2.1549946498049977,265.68084123911666,231.10470581054688,196.5285703819771,-0.01872953574535463,0.0293785842959553,-0.068244402043391,1.0288150850691529,1.2389183900125722,1.2042187250095548,0.03568673473704159,0.04379931968131339,0.5459567885452632,0.596299104501858,-0.008466603831358888,0.024332917343244276,1
2024-11-29 00:00:00+00:00,237.76397705078125,246.7762908935547,236.8212432861328,243.54949951171875,4152396835,233.2724349975586,194.0057879638672,61.993592627721206,14.69553734782707,16.917001079860732,-2.221463732033662,265.0086676331329,233.2724349975586,201.5362023619843,0.024332917343244276,0.005147637352720613,-0.037047458591181415,1.0440560605211142,1.2553723374329373,1.2023993585232862,0.038048887867472,0.04387229868935654,0.5571681598998169,0.6619137443339794,0.022897968022350224,-0.023838092982634063,0
2024-11-30 00:00:00+00:00,243.54884338378903,245.23687744140625,237.7225341796875,237.7437438964844,3549156564,234.62893600463866,195.85303985595704,58.1672211774127,13.577736960909533,16.249148256070495,-2.6714112951609614,264.5548751227106,234.62893600463866,204.70299688656672,-0.023838092982634063,-8.522598555682492e-05,0.014063476569300848,1.0132754635676486,1.2138884546869249,1.1979846530704854,0.03857099000159919,0.04339142411064143,0.49280791783089684,0.552041940598027,0.009854929684727898,-0.0028341980956787527,0
2024-12-01 00:00:00+00:00,237.74383544921875,239.80657958984372,234.5303955078125,237.06993103027344,3726118866,235.35034866333007,197.66443267822265,57.72192765214317,12.49348392814639,15.498015390485675,-3.004531462339285,264.7505780816596,235.35034866333007,205.9501192450005,-0.0028341980956787527,-0.026604729200576882,0.026373640311897928,1.0073064789438797,1.199355533102907,1.1906560298911044,0.0386525643440728,0.041785088149849964,0.5420856350435491,0.5292443698733742,-0.07778533596643211,-0.04772320096752103,0
2024-12-02 00:00:00+00:00,237.0654296875,237.87661743164065,220.5511932373047,225.75619506835935,7374176295,236.02656784057618,199.22810791015624,50.70325017768314,10.599101800921176,14.518232672572775,-3.9191308716516,263.76295721206026,236.02656784057618,208.29017846909207,-0.04772320096752103,-0.05042214205789797,-0.06828670744288345,0.9564863698769964,1.1331543396987247,1.1847051619192936,0.03227098776828905,0.041847371505702044,1.1044220436141692,0.3148574308886824,-0.11992297043734168,0.037403723569562564,1
2024-12-03 00:00:00+00:00,225.76856994628903,239.27252197265625,216.4730224609375,234.2003173828125,8404095315,236.97735595703125,200.76321166992187,55.09228086588494,9.667716993553825,13.548129536768986,-3.8804125432151615,262.9533585905147,236.97735595703125,211.00135332354776,0.037403723569562564,-0.012104502814802354,-0.014988350095513359,0.9882814180156425,1.1665499641830055,1.180382371779595,0.03548440423589578,0.04246806469800192,1.2865393878406426,0.4465460753642077,-0.08220988114901895,-0.021695206166679304,0
2024-12-04 00:00:00+00:00,234.2003173828125,240.71958923339844,225.25491333007807,229.11929321289065,6569129896,237.97236709594728,202.2511849975586,52.08715676867842,8.422502273445417,12.523004084104272,-4.100501810658855,260.8058659286668,237.97236709594728,215.13886826322775,-0.021695206166679304,0.01489703590864,-0.0592495830529669,0.9627978912379891,1.1328452449643565,1.1766179125171499,0.029619378790332967,0.04224381800069113,1.0175145080114776,0.3061384733913293,-0.09410199516944873,0.021296372390190887,1
2024-12-05 00:00:00+00:00,229.119384765625,244.6809539794922,223.4605407714844,233.9987030029297,8820663279,238.7675567626953,203.846474609375,54.64568930794619,7.740164430133461,11.56643615331011,-3.8262717231766494,259.71627277853815,238.7675567626953,217.81884074685243,0.021296372390190887,-0.0008608629660961098,-0.015752426676620912,0.9800272121370942,1.1479163593647352,1.1713106994871436,0.030942905828412873,0.04152687465414235,1.3381681864057304,0.3861778985366199,-0.0019104839907962967,0.013044380694812174,1
2024-12-06 00:00:00+00:00,236.54147338867188,246.4186553955078,231.42596435546875,237.0510711669922,6726557034,239.82766876220703,205.58117553710937,56.22062513499766,7.360856008373986,10.725320124322886,-3.3644641159489,257.83195438752483,239.82766876220703,221.8233831368892,0.013044380694812174,0.03461855107387901,-7.95540083859958e-05,0.9884225301878413,1.1530777102896865,1.1665837990060322,0.02961566643262878,0.041422107086047925,1.0050174331154205,0.4228906480102065,0.026291988174709457,0.006314619038261027,1
2024-12-07 00:00:00+00:00,237.0510711669922,243.1240234375,234.6590576171875,238.54795837402344,4003422914,239.87629013061525,207.25261596679687,57.009046196286576,7.099202452190326,10.000096589896375,-2.9008941377060484,257.8602079908964,239.87629013061525,221.89237227033408,0.006314619038261027,0.019441370027750926,0.056661848423653405,0.9944624299639263,1.1510009524426956,1.157410192443819,0.028325507877994954,0.03486781565948899,0.6261127336570229,0.463068899476973,-0.015494110085709112,-0.007862677271002871,0
2024-12-08 00:00:00+00:00,239.48516845703125,241.4407196044922,233.71337890625,236.67233276367188,3204778349,239.72019424438477,208.79327545166015,55.6565176146942,6.663678079400796,9.332812887797258,-2.6691348083964623,257.761214617078,239.72019424438477,221.67917387169152,-0.007862677271002871,-0.001597708044329016,0.010555132497189312,0.9872857541671866,1.133524689680278,1.1481221975459877,0.028497150145750282,0.03485763259928754,0.5241365381559313,0.4155296813109833,-0.004591421619496439,-0.08167778361036382,0
2024-12-09 00:00:00+00:00,237.4574432373047,237.4574432373047,209.7061309814453,217.34146118164065,8610208198,238.68238983154296,209.8013082885742,44.05556999323692,4.704452098968886,8.407140730031585,-3.702688631062699,259.3178546217317,238.68238983154296,218.0469250413542,-0.08167778361036382,-0.08889825482862757,-0.05140480256416646,0.9105885915380507,1.035939494155562,1.1376592061248916,0.038963931177899924,0.03934759059244881,1.3866609329946722,-0.017093481219985968,-0.10760867249828632,-0.016181200236736637,0
2024-12-10 00:00:00+00:00,217.32894897460935,220.7409820556641,203.7238311767578,213.8246154785156,8419973004,237.60243759155273,210.75346313476564,42.32702096563759,2.835287903236292,7.292770164672527,-4.457482261436235,261.02811007835817,237.60243759155273,214.1767651047473,-0.016181200236736637,-0.09653733927560837,-0.08621452711283406,0.8999260177881168,1.0145722509043,1.1273951756589575,0.03428749944116614,0.03941222452591598,1.334892878410829,-0.007516318398757646,-0.10060886577265049,0.0637074588905755,1
2024-12-11 00:00:00+00:00,213.8352203369141,230.5073699951172,211.99317932128903,227.44683837890625,5615074058,236.12148513793946,211.9571969604492,50.43857416456652,2.4252050991665612,6.3192571515713345,-3.8940520524047733,258.0643105375683,236.12148513793946,214.1786597383106,0.0637074588905755,0.04649539550495674,-0.04051545829683334,0.9632619337712297,1.0730791010665581,1.1140055092443937,0.04419060151374093,0.03616613572336838,0.9278675601153104,0.3023352371208327,-0.040591789138110235,-0.0018471139992630725,0
2024-12-12 00:00:00+00:00,227.4451141357422,234.33322143554688,225.95188903808597,227.02671813964844,4935392005,234.64688720703126,213.07908142089843,50.204053710431225,2.0427636227703942,5.463958445811147,-3.4211948230407527,254.70074424820362,234.64688720703126,214.5930301658589,-0.0018471139992630725,0.061742669952138174,-0.0482973751395962,0.9675249513936255,1.0654575598211775,1.1012197238804948,0.043168718388779156,0.03616756073154853,0.8314500820115229,0.31000739529213933,0.0056278547346368946,-0.009643898415846897,0
2024-12-13 00:00:00+00:00,227.02671813964844,228.27305603027344,220.82472229003903,224.83729553222656,4029626623,233.12982635498048,214.0326885986328,48.92729219409029,1.545195834998765,4.68020592364867,-3.1350100886499055,251.12922746579764,233.12982635498048,215.13042524416332,-0.009643898415846897,-0.01147319903533861,-0.05000600236303554,0.9644295586180075,1.0504811064344253,1.0892253322676322,0.04256702276872674,0.03617955327143555,0.6917066889965469,0.2696442572811401,-0.039978689846442816,-0.02222289786512166,0
2024-12-14 00:00:00+00:00,224.83729553222656,227.241943359375,215.34423828125,219.84075927734372,2925240730,231.47588806152345,215.13436584472657,46.04912194242021,0.7391703645887446,3.891998811836685,-3.1528284472479404,247.82184831969133,231.47588806152345,215.12992780335557,-0.02222289786512166,-0.031652480911451564,0.011499407807948447,0.949735029070988,1.0218765301124135,1.0759596085573393,0.0424746548155775,0.03636432283144937,0.5127158533432858,0.14409772811096264,-0.040496519544190424,0.017362157056707517,1
2024-12-15 00:00:00+00:00,219.84075927734372,225.066650390625,215.9107360839844,223.6576690673828,2969473030,230.93644104003906,216.1933999633789,48.53950850861704,0.4037281660131953,3.1943446826719875,-2.790616516658792,247.57902295151302,230.93644104003906,214.2938591285651,0.017362157056707517,-0.0052465782514034,0.04598653698902688,0.9684814923973204,1.0345258879561923,1.0681937611377474,0.043816057671631416,0.03311133151538564,0.5376502905762203,0.2813208307649065,-0.044192697663873015,-0.03274069769401311,0
2024-12-16 00:00:00+00:00,223.6561279296875,227.04476928710935,213.48239135742188,216.3349609375,5071129914,230.20427932739258,216.98911529541016,44.313336135167084,-0.44783122119204677,2.465909501899181,-2.9137407230912276,248.08172199472023,230.20427932739258,212.32683666006494,-0.03274069769401311,-0.015946989772815168,-0.048854833598059755,0.939752126109837,0.9969853125719251,1.0609024282807515,0.03236199601449301,0.03371881736980365,0.934466231516217,0.11210004562789633,-0.08739091592165216,0.02996171177779683,1
2024-12-17 00:00:00+00:00,216.33377075195312,228.6862945556641,211.90963745117188,222.8167266845703,6445051900,229.2300048828125,217.88335174560547,48.580923267933976,-0.5928399553194197,1.8541596104554607,-2.44699956577488,246.44288684732868,229.2300048828125,212.0171229182963,0.02996171177779683,-0.003759953263928306,-0.01854403521125858,0.9720225185986416,1.0226422757839935,1.0520767330147145,0.03325694648136714,0.032423385597388985,1.1761153618663858,0.31370701863107664,-0.06594578212565483,-0.07376009218136859,0
2024-12-18 00:00:00+00:00,222.82318115234372,225.89439392089844,205.0048675537109,206.3817443847656,6888988933,227.6608917236328,218.42377166748048,40.174003508293765,-2.0107474950866333,1.081178189347042,-3.0919256844336753,247.1669889353913,227.6608917236328,208.15479451187431,-0.07376009218136859,-0.046008359026213586,-0.08208402927002689,0.9065313889541518,0.9448685132081357,1.0422899027227428,0.03432505058834926,0.03591488704282201,1.2253555460122254,-0.04544861301213817,-0.12798533747141794,-0.058615790073723306,0
2024-12-19 00:00:00+00:00,206.3828125,211.9952087402344,188.02752685546875,194.28451538085935,8043974299,225.19764251708983,218.81096252441407,35.32792336194362,-4.063750331454173,0.052192485186798976,-4.115942816640972,248.35613484291122,225.19764251708983,202.03915019126845,-0.058615790073723306,-0.12805237617597032,-0.11624888842493253,0.8627289043050949,0.8879103365727475,1.0291881170805743,0.037715196385296065,0.03694992875669716,1.3829313193100898,-0.16742529481858356,-0.10608627399220316,-0.00039292746274710577,0
2024-12-20 00:00:00+00:00,194.2822723388672,199.36219787597656,175.90516662597656,194.2081756591797,9600073165,223.0208641052246,219.32652618408204,35.29898612473515,-5.632007570435007,-1.0846475259375625,-4.547360044497445,249.2011097860009,223.0208641052246,196.8406184244483,-0.00039292746274710577,-0.058985685782799835,-0.13167218245188217,0.8708072064842747,0.8854750906699704,1.0168440087271609,0.03835168462412163,0.03687892819948158,1.5688554081219506,-0.050275364054386595,-0.09174079315160466,-0.06645818580321372,0
2024-12-21 00:00:00+00:00,194.2073974609375,201.63169860839844,178.74005126953125,181.30145263671875,5368845730,220.23244018554686,219.62731262207032,30.717788728785962,-7.826112855525906,-2.4329405918552314,-5.3931722636706745,251.49803202217663,220.23244018554686,188.9668483489171,-0.06645818580321372,-0.06682500001963443,-0.1619410387898541,0.8232277337706081,0.8254959297739902,1.0027552473153365,0.04221735709580335,0.038967257068071436,0.8657622039339433,-0.12258516890151772,-0.20288426988513852,-0.006246711349115253,0
2024-12-22 00:00:00+00:00,181.2868194580078,187.5334625244141,177.13406372070312,180.16891479492188,4001292417,217.953076171875,219.91048400878907,30.345624804247564,-9.546299640563547,-3.8556124015968947,-5.690687238966651,253.82995935760923,217.953076171875,182.0761929861408,-0.006246711349115253,-0.07228975204883048,-0.1914030985206181,0.8266408437972353,0.8192829714645217,0.9910990699432237,0.038957857649465716,0.03809274742969701,0.6632728108439307,-0.026580879132462036,-0.2063977479333663,0.053198843113092975,1
2024-12-23 00:00:00+00:00,180.17428588867188,193.0481414794922,176.71888732910156,189.75369262695312,4922594345,215.73074493408203,220.45453186035155,37.272197680211136,-10.020636928387546,-5.088617306955026,-4.93201962143252,252.85478541169454,215.73074493408203,178.60670445646952,0.053198843113092975,0.04661981394694337,-0.08056939244980965,0.8795857664373876,0.8607384526218491,0.9785725115904542,0.049871224291491045,0.03928358081718693,0.8402375616177796,0.15013166706902165,-0.15603996135171805,0.03813014757997513,1
2024-12-24 00:00:00+00:00,189.75369262695312,198.69613647460935,186.11529541015625,196.9890289306641,3412375255,214.1242317199707,221.2393704223633,41.963891335495696,-9.700895589168539,-6.011072963397729,-3.6898226257708098,251.5880509289024,214.1242317199707,176.66041251103903,0.03813014757997513,0.09335747043205433,0.013920376230205589,0.9199754149651038,0.8903886706719361,0.9678396359164771,0.0512428293024433,0.040580283598114636,0.5985849547521865,0.2713099845247299,-0.10394674045794505,0.0024877084383401193,1
2024-12-25 00:00:00+00:00,196.99136352539065,201.6346435546875,195.35304260253903,197.4790802001953,2688415733,212.298250579834,221.85450408935546,42.27879119880769,-9.30074206726323,-6.66900678417083,-2.6317352830923992,249.23970249050257,212.298250579834,175.3567986691654,0.0024877084383401193,0.04071271270820498,0.01684225975509812,0.9301964555093403,0.8901287851278307,0.956925582607633,0.04467796404527319,0.04011179426394392,0.4983970599697008,0.29942355249768965,-0.11704757979615943,-0.046895960118649604,0
2024-12-26 00:00:00+00:00,197.47515869140625,199.39797973632807,186.8555908203125,188.21810913085935,2864701219,209.85660247802736,221.8797705078125,38.07436661709867,-9.620007033497984,-7.259206834036261,-2.360800199461723,246.36213141801875,209.85660247802736,173.35107353803596,-0.046895960118649604,-0.04452491515602075,0.03815003351351964,0.8968891467237319,0.8482887317761674,0.9458122387531412,0.04251944591433476,0.04071716013466018,0.5507948123079301,0.2036271768211077,-0.1299690613333816,-0.02332205545460564,0
2024-12-27 00:00:00+00:00,188.216552734375,193.75335693359372,182.94712829589844,183.82847595214844,2788285851,207.1206283569336,221.6296481323242,36.23499856537668,-10.110683861373957,-7.8295022395038005,-2.2811816218701564,242.76407666496937,207.1206283569336,171.47718004889782,-0.02332205545460564,-0.06912430539077108,0.02031183437715689,0.8875430584120984,0.8294399124903789,0.9345348427087337,0.043097924086493586,0.04060566824648733,0.5424390705114572,0.17326179830454327,-0.17497901217988654,0.06084508145876999,1
2024-12-28 00:00:00+00:00,183.83338928222656,195.43544006347656,183.8333282470703,195.01353454589844,2158687217,205.0376884460449,221.53113861083983,43.69862159745832,-9.487640418625801,-8.1611298753282,-1.3265105432976014,238.19177495569573,205.0376884460449,171.8836019363941,0.06084508145876999,0.03610399364024297,0.02771931257899629,0.951110676402381,0.8802985249332175,0.9255479375575788,0.04062217899282563,0.043770685774046005,0.4242727728503404,0.34882476105579713,-0.05508340804442935,-0.02702003152168786,0
2024-12-29 00:00:00+00:00,195.0224456787109,197.1810760498047,188.34100341796875,189.7442626953125,2165753102,203.6578285217285,221.3221255493164,41.24911303494151,-9.311720485253034,-8.391247997313167,-0.9204724879398665,236.95266667966143,203.6578285217285,170.36299036379557,-0.02702003152168786,0.032181013918126444,-0.036777511289228126,0.9316816548256011,0.8573217080053411,0.9201873875748051,0.04280673590639901,0.0405642994049793,0.4544414355568451,0.291055211615424,-0.023369091852979196,0.0067658591661654555,1
2024-12-30 00:00:00+00:00,189.74420166015625,196.12290954589844,185.93760681152344,191.02804565429688,3246300054,202.51800003051758,220.9304119873047,42.1006637030881,-8.965364968244216,-8.506071391499377,-0.45929357674483917,235.90806585945998,202.51800003051758,169.1279342015752,0.0067658591661654555,-0.02043698608346356,-0.03266692623521783,0.9432645277235145,0.8646525570471209,0.9166596767227992,0.03799993954287812,0.04058517642049341,0.7202693844994289,0.3279435201612982,-0.016374851337173868,-0.009231969355264602,0
2024-12-31 00:00:00+00:00,191.04530334472656,198.6783905029297,187.97987365722656,189.2644805908203,3276526561,200.60888214111327,220.2628680419922,41.21686056519908,-8.732517659773976,-8.551360645154297,-0.1811570146196786,232.3216473946254,200.60888214111327,168.89611688760115,-0.009231969355264602,-0.002528572393583284,0.005559355923788756,0.9434501532075084,0.8592663950727175,0.9107703169599518,0.034456658405887214,0.03724116078870891,0.7463382135240028,0.3211382473334363,0.04392147905211452,0.024353502121998494,1
2025-01-01 00:00:00+00:00,189.2669219970703,194.8184967041016,187.87945556640625,193.8737335205078,2324231668,198.95123291015625,219.8957064819336,44.49639022437335,-8.082881869176646,-8.457664889958767,0.37478302078212167,228.22157600689582,198.95123291015625,169.68088981341668,0.024353502121998494,0.014896701981450322,0.054644730726996826,0.9744786734146987,0.8816622053347654,0.9047526943255797,0.03621554857491922,0.03794110382513756,0.5456482911383279,0.41326546168476547,0.07606649982426505,0.07166164438363887,1
2025-01-02 00:00:00+00:00,193.87213134765625,209.0667266845703,193.25852966308597,207.7670440673828,4230329837,198.09772033691405,219.74735626220703,53.006853421802475,-6.37349706802712,-8.040831325572439,1.6673342575453187,225.09728092899746,198.09772033691405,171.09815974483064,0.07166164438363887,0.0977603585142004,0.065398073785913,1.048810878358538,0.945481427405529,0.9014794248561507,0.039346591253621,0.04181989826903438,0.9907992349756335,0.6790644647251023,0.09493017601424536,0.04803594183731308,1
2025-01-03 00:00:00+00:00,207.76760864257807,219.5595245361328,205.65240478515625,217.7473297119141,4064420852,197.99304885864257,219.9179214477539,57.99002974431798,-4.1654548838815515,-7.2657560372342616,3.10030115335271,224.65177144281478,197.99304885864257,171.33432627447036,0.04803594183731308,0.12313992080253078,0.14758320814984716,1.0997725979126425,0.9901299915825391,0.900304293325544,0.03697662048970534,0.0430621010059256,0.9394089203816594,0.8705031400304232,0.1053779537567876,-0.005163805722505077,0
2025-01-04 00:00:00+00:00,217.748046875,217.9050445556641,213.8314514160156,216.6229248046875,2432220391,197.6413116455078,219.88848175048827,57.25341975294841,-2.4777338503396322,-6.308151599855337,3.8304177495157044,223.02962533760007,197.6413116455078,172.25299795341556,-0.005163805722505077,0.0426240878434625,0.13398492908580373,1.0960407163924584,0.9851490313644248,0.8988252139089998,0.03467440885083432,0.04288950474774334,0.5656708092028236,0.8738257961790492,0.09694112705550895,-0.014907442627107859,0
2025-01-05 00:00:00+00:00,216.6227569580078,218.8784027099609,211.7652282714844,213.3936309814453,2403765299,197.49424514770507,219.83937774658204,55.089109393946366,-1.3848164925772721,-5.323484578399724,3.938668085822452,222.45712796082418,197.49424514770507,172.53136233458596,-0.014907442627107859,-0.01999426921206726,0.12748905824960866,1.080505565222162,0.9706797443151107,0.8983570057924967,0.03242033669577534,0.04237101406020084,0.5769486703315185,0.8184605310365918,0.13375717122459552,0.024974964184751203,1
2025-01-06 00:00:00+00:00,213.39483642578125,222.95297241210935,211.65313720703125,218.7231292724609,3408034919,197.2895652770996,219.46232971191407,57.916546338949715,-0.08761566208323757,-4.2763107951364265,4.188695133053189,221.43186615349765,197.2895652770996,173.14726440070154,0.024974964184751203,0.00969520871194507,0.12817309132453758,1.108640129878421,0.9966317661877394,0.8989677888505038,0.032158167733154795,0.04220081272142984,0.8489332901317584,0.9439006063484849,0.18982180611341049,-0.07540525869563064,0
2025-01-07 00:00:00+00:00,218.41293334960935,219.14230346679688,202.1249084472656,202.23025512695312,4360983978,197.08199081420898,218.7110498046875,47.87224455932149,-0.3859626280092243,-3.498241161710986,3.1122785337017618,220.96513500131385,197.08199081420898,173.1988466271041,-0.07540525869563064,-0.05231353814614481,-0.0266490239839674,1.0261224492987666,0.9246458069107528,0.9011066930098246,0.04799608291997211,0.04235332146788998,1.1216261226157593,0.6077802878970145,0.037006254965119556,-0.023098440984257396,0
2025-01-08 00:00:00+00:00,202.22787475585935,203.0603179931641,188.9578857421875,197.55905151367188,5028291858,197.2457176208496,217.9002798461914,45.46715100271335,-0.9879434436488168,-2.9961816180985528,2.008238174449736,221.0929830538912,197.2457176208496,173.398452187808,-0.023098440984257396,-0.09676195576200441,-0.0927142400549843,1.0015885459851888,0.9066489113879168,0.9052109421799679,0.04905385090963669,0.04047631823498959,1.3454320363962948,0.5065695979629625,0.04118590310637327,-0.0634431457539566,0
2025-01-09 00:00:00+00:00,197.55905151367188,198.9010009765625,182.32232666015625,185.02528381347656,3815664216,196.78657302856445,216.89231231689453,39.703304978177236,-2.448166936901657,-2.8865786818591737,0.43841174495751645,221.22633093997726,196.78657302856445,172.34681511715164,-0.0634431457539566,-0.08507614898016069,-0.1458647140864714,0.9402332738759535,0.8530744212968782,0.9073008209762906,0.04420993754872141,0.043016610756842405,1.1066035441761752,0.2593820434367799,-0.03142345837366467,0.013802946226221247,1
2025-01-10 00:00:00+00:00,185.0131378173828,192.75631713867188,183.86676025390625,187.5791778564453,3739014100,197.10045928955077,215.502578125,41.335221652729395,-3.3605879046903055,-2.9813805264254003,-0.37920737826490525,220.85446204480556,197.10045928955077,173.34645653429598,0.013802946226221247,-0.0505159018569995,-0.12097105713171252,0.9516932559800979,0.8704266069041734,0.9146083587697253,0.037364384762302374,0.0402992770213551,1.1106220730293135,0.29958574705900487,-0.008904485031285603,0.0022195217205231987,1
2025-01-11 00:00:00+00:00,187.57118225097656,191.71881103515625,184.2774353027344,187.9955139160156,2174290937,197.49178924560547,214.13211486816405,41.612648879353664,-4.003938345873053,-3.185892090314931,-0.8180462555581216,220.31080311493193,197.49178924560547,174.67277537627902,0.0022195217205231987,0.016053103885700803,-0.140486355780729,0.9519155942337426,0.8779417045021942,0.922289444379683,0.037967586107660045,0.04024726047224221,0.6638560948859955,0.291921873049149,-0.03031983496552626,0.0030046733591582164,1
2025-01-12 00:00:00+00:00,187.99533081054688,190.74917602539065,185.2522735595703,188.5603790283203,1544086708,197.43212356567383,212.79975219726563,42.01331748748625,-4.417298445010459,-3.432173361254037,-0.9851250837564223,220.34238727649972,197.43212356567383,174.52185985484795,0.0030046733591582164,0.005230864017465198,-0.06759560328918801,0.9550643310869195,0.8860930385554425,0.9277836159445054,0.03891329682168322,0.03847145363908061,0.4970792484896821,0.3063805670390141,-0.09244327041989109,-0.030361740848245056,0
2025-01-13 00:00:00+00:00,188.5509185791016,191.77517700195312,170.6289825439453,182.8353576660156,5225490858,196.7244400024414,211.39806884765625,39.085780593886334,-5.147513349931444,-3.7752413589895184,-1.3722719909419254,220.5485047580774,196.7244400024414,172.90037524680542,-0.030361740848245056,-0.027448294602951173,-0.07452806507646825,0.9293982875932779,0.8648866030927448,0.9305876873653497,0.03435438002390808,0.037980434109947156,1.6345111354858997,0.2085072912853774,-0.16033249221511936,0.02550512430921037,1
2025-01-14 00:00:00+00:00,182.8329925537109,189.93731689453125,181.9566650390625,187.49859619140625,2748310371,196.22541580200195,210.45910858154298,42.59461777216063,-5.288961688229506,-4.077985424837516,-1.2109762633919896,220.3984760624113,196.22541580200195,172.0523555415926,0.02550512430921037,-0.005630996513613207,0.013367429180235924,0.9555265581936575,0.8909027385657646,0.9323683689650042,0.030515484273376914,0.03850174149116607,0.8588551769545838,0.3194928669232566,-0.13444712114168178,0.09820206987226787,1
2025-01-15 00:00:00+00:00,187.4981842041016,205.93495178222656,186.00299072265625,205.91134643554688,4071481523,197.11007766723634,209.9577716064453,53.88904820798275,-3.870686586927775,-4.036525657255568,0.16583907032779344,221.34423260336635,197.11007766723634,172.87592273110633,0.09820206987226787,0.12621185018099212,0.0977302960200157,1.0446515412731405,0.9807274332360355,0.9388082001399248,0.05017218454390957,0.0429833378776328,1.2488025302722003,0.6815881096639557,-0.03506329833503341,0.025819353303090153,1
2025-01-16 00:00:00+00:00,205.9219665527344,216.83995056152344,198.6625213623047,211.22784423828125,6099125467,198.48004608154298,209.3362841796875,56.547438628511664,-2.291283915468398,-3.6874773088981345,1.3961933934297366,222.65058874769366,198.48004608154298,174.3095034153923,0.025819353303090153,0.12655693711248484,0.12357917398307916,1.0642271019601688,1.009035987554695,0.9481397210202418,0.03949464719761929,0.04266015753500774,1.7803244696396887,0.7637052533907474,-0.034268369600925275,0.039737982181354825,1
2025-01-17 00:00:00+00:00,211.22840881347656,221.8524169921875,209.96925354003903,219.62161254882807,5118230275,199.71044998168944,208.97343627929686,60.42656922667649,-0.3581603171535619,-3.0216139105492203,2.6634535933956585,225.58339108360823,199.71044998168944,173.83750887977064,0.039737982181354825,0.06658334448593739,0.16472831503930419,1.0997001537424016,1.050954688113085,0.955673857584333,0.04005715843557634,0.041525546922405315,1.4321424472894728,0.8847873824762422,0.08599780191622286,0.19236785459054717,1
2025-01-18 00:00:00+00:00,219.6206970214844,268.74658203125,217.57504272460935,261.8697509765625,23186958912,203.31672439575192,209.33984130859375,73.33144418720646,4.530698676526669,-1.5111513931340428,6.041850069660711,240.82894736978525,203.31672439575192,165.80450142171858,0.19236785459054717,0.23975014714988663,0.4322708381981488,1.2879892284062098,1.2509312577080487,0.9712280429984516,0.0736500917717575,0.057883803659932564,5.013517995856742,1.2804526356828025,0.3255264639617894,-0.043087780044815616,0
2025-01-19 00:00:00+00:00,261.8724365234375,294.3349609375,239.61058044433597,250.58636474609372,33172955667,206.2946403503418,209.59669372558594,67.04330595732745,7.409270226677194,0.27293293082820447,7.136337295848989,248.82039786800462,206.2946403503418,163.768882832679,-0.043087780044815616,0.1409913707394408,0.3364706181068411,1.214701285115954,1.1955644924159607,0.9842456800412733,0.08036955367693291,0.059434030290102774,5.419336629934968,1.020763497009496,0.3543357944458503,-0.033266518203032835,0
2025-01-20 00:00:00+00:00,250.62496948242188,272.1530456542969,231.63455200195312,242.25022888183597,22690757561,208.94392776489258,209.70029968261719,62.76142442840374,8.915134304128657,2.001373205488295,6.913761098640362,253.55332913006586,208.94392776489258,164.3345263997193,-0.033266518203032835,-0.0749209178286594,0.1764782906592457,1.1594030583861725,1.1552211858947428,0.9963930813696051,0.08082386575898859,0.060193217072602966,3.1995169578064693,0.8733103347912861,0.2914558622664958,0.0336988699562506,1
2025-01-21 00:00:00+00:00,242.2365264892578,259.829345703125,231.6759185791016,250.41378784179688,10694802909,211.77093048095702,210.19345153808592,65.11139418617498,10.644569446469234,3.7300124536844828,6.914556992784751,259.4216187321474,211.77093048095702,164.12024222976663,0.0336988699562506,-0.0006886923176036008,0.18551504771932836,1.182474796106705,1.1913491405626557,1.0075048910007802,0.08057689664289136,0.060313583512060245,1.4239875752463547,0.9054805793898947,0.33202001806099357,0.027249209956323517,1
2025-01-22 00:00:00+00:00,250.41378784179688,271.530029296875,248.7516021728516,257.23736572265625,8880832578,214.24444656372071,210.65419250488281,66.9867137037163,12.422565363910394,5.468523035729666,6.954042328180728,265.9808094702849,214.24444656372071,162.50808365715653,0.027249209956323517,0.06186634749530273,0.17127527995663505,1.2006722687495592,1.2211357517448587,1.0170433544006237,0.07712574325478926,0.058899835820309415,1.146951914108182,0.9155000153043296,0.36421748327108094,-0.014703017645661731,0
2025-01-23 00:00:00+00:00,257.2362365722656,258.129150390625,242.4961853027344,253.4552001953125,9264528949,216.02984008789062,211.14091064453126,64.90424806526485,13.372303201731057,7.049279068929944,6.323024132801113,270.6588353416801,216.02984008789062,161.40084483410112,-0.014703017645661731,0.012145546695843557,-0.03213258022307097,1.173241622972991,1.2004078196954449,1.0231548184027215,0.07938627301759765,0.05856583956186089,1.1576332544015968,0.8425411718955765,0.38624828058858185,-0.000370790900180884,0
2025-01-24 00:00:00+00:00,253.4552001953125,269.8057861328125,247.6314697265625,253.36122131347656,7483041553,217.86675491333008,211.5281610107422,64.85030003574823,13.956511987777645,8.430725652699484,5.525786335078161,274.9932977068115,217.86675491333008,160.74021211984862,-0.000370790900180884,-0.015068356800694405,0.011073453937505473,1.1629182314404352,1.1977659149630195,1.0299657212179232,0.07991569132070489,0.05851393706409174,0.9064274914704427,0.8106652762837652,0.35126996393527676,0.010705492155908436,1
2025-01-25 00:00:00+00:00,253.36631774902344,260.5824890136719,246.65911865234372,256.0735778808594,5035419721,220.0007522583008,211.90861114501953,65.73551324500463,14.47154717894125,9.638889957947837,4.832657220993413,279.5605807812393,220.0007522583008,160.44092373536228,0.010705492155908436,0.010330731756654332,0.05706227425595589,1.1639668285325036,1.2084151582948914,1.0381869385559959,0.02920163617552786,0.0582336242597383,0.6003756511199054,0.8028284879015871,0.24361081753702174,-0.05931937467904658,0
2025-01-26 00:00:00+00:00,256.0738830566406,259.6344909667969,240.85243225097656,240.88345336914065,4178231600,221.10876846313477,211.95532104492187,57.067590437709725,13.49839903798997,10.410791773956264,3.0876072640337053,281.38868300569277,221.10876846313477,160.82885392057676,-0.05931937467904658,-0.04924892562345806,-0.0380583455679252,1.0894341958641178,1.1364822179580372,1.043185740150741,0.03328988984153353,0.060162859952780964,0.49589574736851566,0.6640238299611791,0.14039630635725087,-0.024115420366390694,0
2025-01-27 00:00:00+00:00,240.8853302001953,242.42901611328125,221.97532653808597,235.07444763183597,10736630238,222.7509780883789,211.92336334228514,54.1281586572336,12.118736657482572,10.752380750661526,1.3663559068210454,282.65375606063685,222.7509780883789,162.84820011612092,-0.024115420366390694,-0.08200428338918064,-0.0861574601674141,1.0553239750021102,1.1092427183319031,1.05109212394202,0.03216201495620177,0.057524793512489084,1.227828241479398,0.6028622541442427,0.07036117667869468,-0.0334808120479515,0
2025-01-28 00:00:00+00:00,235.07296752929688,243.894775390625,225.2598571777344,227.20396423339844,5105320114,224.23322372436525,212.1206134033203,50.344514446950264,10.271854502423537,10.65627550101393,-0.384420998590393,282.9670268136543,224.23322372436525,165.4994206350762,-0.0334808120479515,-0.056788828557597704,-0.10357347547686879,1.013248440439339,1.0711074260444413,1.0571024669724782,0.028958394044700898,0.05787573943166921,0.5835812910403507,0.525289870166563,-0.1323779726901969,0.003261240618644523,1
2025-01-29 00:00:00+00:00,227.20278930664065,237.7097625732422,222.9235076904297,227.94493103027344,5385638692,226.37920608520508,212.40301971435548,50.69395174450836,8.766917350462222,10.278403870903588,-1.511486520441366,282.1424134110928,226.37920608520508,170.6159987593174,0.003261240618644523,-0.030328760413503075,-0.1003164183983637,1.0069163814651734,1.0731718001788255,1.065800318609618,0.02440272623560431,0.055379304719557994,0.610149166401473,0.514039050299941,-0.09035381369916784,0.048600407575034366,1
2025-01-30 00:00:00+00:00,227.9530487060547,244.32595825195312,227.1376190185547,239.0231475830078,4636567306,228.9514045715332,212.6345458984375,55.71209388895418,8.371660020790841,9.89705510088104,-1.525395080090199,281.8513012951775,228.9514045715332,176.0515078478889,0.048600407575034366,0.05202014581694514,-0.06658410617351718,1.0439907456795174,1.1241030782325208,1.0767366309371444,0.03483519386855682,0.05598739142711593,0.5226282703617979,0.5951962445606526,-0.013321272445122267,-0.030897587627558898,0
2025-01-31 00:00:00+00:00,239.0166931152344,241.6665954589844,228.4788360595703,231.63790893554688,4043216055,231.13352432250977,212.72676971435547,51.918553489974286,7.377446095230454,9.393133299750923,-2.0156872045204697,280.39543443500986,231.13352432250977,181.87161421000968,-0.030897587627558898,0.016201184595690643,-0.0383818162031474,1.0021822217893988,1.0888987279155549,1.0865276835297715,0.035648943802065354,0.056824637855287595,0.45099602511857423,0.5051194179426379,-0.07497941334648861,-0.07707240190816955,0
2025-02-01 00:00:00+00:00,231.6406097412109,233.86383056640625,213.4364013671875,213.78501892089844,3546350864,232.39475631713867,212.50572418212892,44.10097726358085,5.090267934774062,8.532560226755551,-3.44229229198149,278.2404444211555,232.39475631713867,186.54906821312187,-0.07707240190816955,-0.10558863824410436,-0.09056462293290235,0.9199218704795371,1.0060200483713704,1.093592924197956,0.04125530794864412,0.060206876930064566,0.39120515729402244,0.29703939273397306,-0.16891926520739808,-0.04988838819709196,0
2025-02-02 00:00:00+00:00,213.78094482421875,218.38438415527344,195.44923400878903,203.11962890625,8432593480,233.4089698791504,212.17130157470703,40.20609503036571,2.389510139119494,7.303950209228341,-4.914440070108847,275.3713723905131,233.4089698791504,191.4465673677877,-0.04988838819709196,-0.12311577219958447,-0.10600314747328732,0.8702306042969001,0.9573379029054508,1.1000967998349458,0.04007406512261982,0.061013323408768576,0.9140478087219989,0.13908952824259083,-0.1985975085548607,0.06414915718925251,1
2025-02-03 00:00:00+00:00,203.1215057373047,218.64768981933597,180.4093017578125,216.1495819091797,15260840772,234.84151916503907,212.02113983154297,46.43071392965874,1.2857273747905822,6.10030564234079,-4.814578267550208,271.87091126976503,234.84151916503907,197.8121270603131,0.06414915718925251,0.011060470935786881,-0.051746485731359426,0.9204061644537255,1.0194718417272772,1.1076325660338755,0.0519322605933771,0.06223168953937542,1.549138949897187,0.24760674975442326,-0.14687188201645107,-0.04190432314838666,0
2025-02-04 00:00:00+00:00,216.1505126953125,219.99588012695312,202.84884643554688,207.09197998046875,7328632702,234.90055084228516,211.83628021240236,43.07391548109837,-0.3162555986952498,4.816993394133583,-5.1332489928288325,271.7390254787893,234.90055084228516,198.062076205781,-0.04190432314838666,0.019556707028310916,-0.13359027326610706,0.8816155570427445,0.9776039296612619,1.1088778117079705,0.052639236034537115,0.05947217803679594,0.7318362280149493,0.12256077190747451,-0.19127939050072462,-0.05361789510447257,0
2025-02-05 00:00:00+00:00,207.0771026611328,209.3187561035156,195.3905792236328,195.98814392089844,3826498437,234.13856582641603,211.2997085571289,39.320840893489176,-2.453542507475248,3.3628862138118167,-5.816428721287065,273.577429148095,234.13856582641603,194.69970250473702,-0.05361789510447257,-0.09327539664986517,-0.1539029823679161,0.8370604954768482,0.9275362718633817,1.1080875000975792,0.05426222467162414,0.060433670010907284,0.38649928305539266,0.01633466722471665,-0.1863777225887019,-0.031714430992973885,0
2025-02-06 00:00:00+00:00,195.98638916015625,203.8878173828125,188.16552734375,189.77249145507807,3936545265,232.6461097717285,210.96752349853514,37.35855930119526,-4.595929968807354,1.7711229772879826,-6.3670529460953365,276.41902097359264,232.6461097717285,188.87319856986437,-0.031714430992973885,-0.08363186506316722,-0.11232090811145723,0.8157131517964437,0.8995341477589832,1.102757931238378,0.04502142011040494,0.05994031871656664,0.4000018287692453,0.010272253552733765,-0.1927132303537643,0.01281618534477591,1
2025-02-07 00:00:00+00:00,189.75770568847656,203.1505279541016,188.48074340820312,192.20465087890625,4593806344,229.1628547668457,210.9259262084961,38.64874429811082,-6.0280449777073954,0.21128938628890692,-6.239334363996303,274.2128875846152,229.1628547668457,184.11282194907622,0.01281618534477591,-0.01930470367390802,-0.053736697364593744,0.8387251549753062,0.9112424173447307,1.086461294190657,0.048058497172905244,0.03823382670340798,0.5154826446990743,0.08980935666087125,-0.15404358578241473,0.038475907733081405,1
2025-02-08 00:00:00+00:00,192.2025451660156,200.83197021484372,190.12876892089844,199.5998992919922,2387525186,226.61353149414063,211.03376068115233,42.525018588841554,-6.4914423907281105,-1.1292569691144965,-5.362185421613614,272.3246875522275,226.61353149414063,180.90237543605377,0.038475907733081405,0.05178520744267301,-0.07656587845791551,0.8807942666793183,0.9458197524782047,1.0738259639723122,0.047155268665768975,0.03937362625750008,0.32384688066802986,0.20451816873958273,-0.12435034905214337,0.0044972933600764264,1
2025-02-09 00:00:00+00:00,199.5897979736328,207.27464294433597,194.24131774902344,200.49755859375,3380872965,224.52589797973633,211.41768280029297,42.9958237024412,-6.708918341065896,-2.2451892435047767,-4.463729097561119,271.03689261727504,224.52589797973633,178.01490334219764,0.0044972933600764264,0.04314623853752897,-0.03184295880188448,0.8929818804770802,0.9483481038014299,1.0620015081322478,0.043606263500755124,0.03913265681549792,0.5276929117243901,0.24169183465931263,-0.1611793225000464,-0.0007042720867764807,0
2025-02-10 00:00:00+00:00,200.4982452392578,208.82749938964844,196.3807678222656,200.3563537597656,4106376694,222.02302627563478,211.82143157958984,42.936242525262564,-6.81411477505506,-3.1589743498148337,-3.6551404252402264,268.0533175521858,222.02302627563478,175.99273499908378,-0.0007042720867764807,0.003789853955120437,0.02228813310579736,0.9024124980218463,0.9458738535835249,1.048161296144445,0.03306139702216918,0.03790867906647914,0.6756716767888891,0.2646476709685005,-0.13504505941851408,-0.011848852683595812,0
2025-02-11 00:00:00+00:00,200.35891723632807,205.9241943359375,195.32150268554688,197.98236083984372,3907611299,219.06027603149414,211.98600494384766,41.88534719062919,-7.008258256549709,-3.928831131161809,-3.0794271253879,263.1333917370843,219.06027603149414,174.987160325904,-0.011848852683595812,-0.012544779954166918,0.04326164093550444,0.9037802947503816,0.9339407141159468,1.033371406237503,0.03009234885170722,0.03685845045485723,0.6703957895590068,0.2608755944048568,-0.07391845397222052,-0.006104367701140201,0
2025-02-12 00:00:00+00:00,197.98385620117188,198.44981384277344,189.60842895507807,196.7738037109375,4290836657,216.2262062072754,211.98170043945314,41.330745592182275,-7.176907897558834,-4.578446484441215,-2.5984614131176196,258.2277719998461,216.2262062072754,174.2246404147047,-0.006104367701140201,-0.01788089063111875,0.023772332309013322,0.910036795088146,0.9282584454366175,1.0200229819792137,0.021774001227945133,0.03687978323830819,0.7689495317926336,0.26843241282473007,-0.031241811682520493,-0.01175385599368739,0
2025-02-13 00:00:00+00:00,196.7738037109375,198.26075744628903,189.4277191162109,194.46095275878903,2755407329,213.28119277954102,211.921337890625,40.232840405112434,-7.411753613648386,-5.145107910282649,-2.2666457033657377,252.48613229601597,213.28119277954102,174.07625326306606,-0.01175385599368739,-0.01778647383593579,-0.02574623810649046,0.9117585579137041,0.9176091218296881,1.0064167907887493,0.017744375040478242,0.03677975904039296,0.515632158537407,0.259976163043904,-0.10034083322679588,0.02815329303314873,1
2025-02-14 00:00:00+00:00,194.45455932617188,205.12501525878903,194.3540496826172,199.9356689453125,3732334277,210.47429733276368,212.15568908691407,44.023346302876,-7.0745556200511714,-5.530997452236353,-1.543558167814818,244.47188589925298,210.47429733276368,176.47670876627438,0.02815329303314873,0.01606852728740149,-0.0028024762614491383,0.9499291432683136,0.9424006954788973,0.9920747270017276,0.019886005100567476,0.03755773861401971,0.7070700688093429,0.3450091781239025,-0.03455619592719705,-0.02727668750873835,0
2025-02-15 00:00:00+00:00,199.88677978515625,200.0533905029297,192.81378173828125,194.48208618164065,1869221857,208.15422897338868,212.36876129150392,41.21896765172617,-7.16479108063055,-5.857756177915193,-1.3070349027153574,239.65561018758908,208.15422897338868,176.6528477591883,-0.02727668750873835,0.00010867694800320571,-0.02931909803653343,0.9343172470759845,0.915775394643323,0.9801546503709637,0.01724144991400718,0.03607001610908588,0.3620318985559915,0.28299137585775425,-0.007684432890316284,-0.030828966720850337,0
2025-02-16 00:00:00+00:00,194.4811553955078,196.0703125,186.97987365722656,188.4864044189453,2160799161,205.82482681274413,212.23821868896485,38.328198839764575,-7.632126341862119,-6.212630210704578,-1.4194961311575405,235.79745888716815,205.82482681274413,175.85219473832012,-0.030828966720850337,-0.05726474213812671,-0.047963648784752566,0.9157612681507415,0.8880888917333601,0.969782106560084,0.01950563546389566,0.0362389267933404,0.45640885542811405,0.21076243236252357,-0.006776994000930792,-0.05728084956703605,0
2025-02-17 00:00:00+00:00,188.48521423339844,189.50650024414065,175.2635498046875,177.6897430419922,4345262539,203.34911575317383,211.99712829589845,33.73949137496095,-8.77256853566817,-6.724617875697297,-2.0479506599708737,234.05703078258128,203.34911575317383,172.6412007237664,-0.05728084956703605,-0.08634390688284221,-0.09698476275317613,0.8738161579107768,0.8381705189608929,0.95920693543238,0.026237322111579812,0.03741006964318565,0.9252430957570865,0.08220262289691535,-0.07551798445324209,-0.048429658031399536,0
2025-02-18 00:00:00+00:00,177.68861389160156,178.94607543945312,161.30545043945312,169.08428955078125,6684824301,200.4060836791992,211.55825317382812,30.595387514707127,-10.252580008340232,-7.430210302225884,-2.8223697061143476,232.44235143497656,200.4060836791992,168.36981592342187,-0.048429658031399536,-0.10293641564215594,-0.1304974744183487,0.8437083667651705,0.7992327740192301,0.9472855852829071,0.028641560376690915,0.03811216483307205,1.4039895894117742,0.011151012234103575,-0.1528838934761687,-0.0004346135783533933,0
2025-02-19 00:00:00+00:00,169.08543395996094,174.12147521972656,163.9593963623047,169.01080322265625,3717681436,196.90546646118165,211.15317962646483,30.569190020481813,-11.301156795060905,-8.20439960079289,-3.096757194268015,226.37206213518405,196.90546646118165,167.43887078717924,-0.0004346135783533933,-0.04884322342277747,-0.1546740803468889,0.8583347443834191,0.8004179881242637,0.9325242783912241,0.029237705541513496,0.03534066870421896,0.788419113913603,0.026673125950275343,-0.15704308616990448,0.04164281692826455,1
2025-02-20 00:00:00+00:00,169.00534057617188,176.588134765625,167.8734588623047,176.04888916015625,3347070717,194.12601547241212,210.79668273925782,36.20341193919713,-11.432460450097778,-8.850011770653868,-2.5824486794439103,220.07527177823877,194.12601547241212,168.17675916658547,0.04164281692826455,0.041190104816233086,-0.09478095069521375,0.9068794243354525,0.8351596755339723,0.920915893693326,0.03780071673341879,0.037453526148010875,0.715101305925813,0.15168315231838014,-0.12132115674631838,-0.04065494030789929,0
2025-02-21 00:00:00+00:00,176.03500366210938,180.4339599609375,167.30506896972656,168.89163208007812,4684370707,191.8813461303711,210.0191744995117,33.24858769154402,-11.97599851726855,-9.475209119976805,-2.5007893972917454,218.43023021009247,191.8813461303711,165.33246205064972,-0.04065494030789929,-0.0007051096161061476,-0.10395854491082679,0.8801878634170466,0.804172440361967,0.9136372742519147,0.03391234475949058,0.03497562339249277,0.9887946392194227,0.067030501522039,-0.14693596255930252,0.01936878065122216,1
2025-02-22 00:00:00+00:00,168.89163208007812,174.46559143066406,168.367431640625,172.16285705566406,2026581266,190.3335075378418,209.10748504638673,35.82660396713649,-12.004416395007809,-9.981050574983005,-2.0233658200248037,217.72005492074524,190.3335075378418,162.94696015493835,0.01936878065122216,-0.022073596277889407,-0.031104136297962826,0.9045325717093451,0.8233223072692631,0.9102185294592383,0.03740863543325554,0.03435991372344486,0.4587978615288914,0.16825590995232395,-0.1250722717716386,-0.02395836518472927,0
2025-02-23 00:00:00+00:00,172.16346740722656,173.0360565185547,166.62765502929688,168.03811645507812,1621130854,187.9279342651367,208.13578887939454,34.041338768338136,-12.218917784223379,-10.42862401683108,-1.7902937673922992,214.19573827477222,187.9279342651367,161.6601302555012,-0.02395836518472927,-0.0050536288535319995,-0.0061872874084433205,0.8941625262479755,0.8073484976312688,0.9029102360384192,0.03706344539542962,0.030044002360743907,0.4340180155550923,0.12140311000564344,-0.1358773364464897,-0.1550161969811522,0
2025-02-24 00:00:00+00:00,168.03811645507812,169.56248474121094,140.56651306152344,141.98948669433594,7062261489,184.67280960083008,206.70770599365235,25.42487824250236,-14.325680873107075,-11.20803538808628,-3.1176454850207946,216.49022238063822,184.67280960083008,152.85539682102194,-0.1550161969811522,-0.17526062750905913,-0.15987922673038957,0.7688705608651644,0.6869094986652128,0.8934007017933868,0.06398164719675915,0.04356013879789207,1.8975132547617592,-0.17075414336613962,-0.28982413471618373,0.01491850504807779,1
2025-02-25 00:00:00+00:00,141.99234008789062,146.7398681640625,132.48583984375,144.10775756835938,9341433919,182.07879028320312,205.2153985595703,27.04212300837989,-15.644044239141067,-12.09523715829724,-3.5488070808438277,218.1826165047549,182.07879028320312,145.97496406165135,0.01491850504807779,-0.14241030185027148,-0.18143330380653067,0.7914582326926488,0.7022268240096393,0.8872569581095492,0.06534660324327801,0.043283537431652704,2.3367618728588972,-0.025858845013182648,-0.25901783347918794,-0.06437147020524459,0
2025-02-26 00:00:00+00:00,144.09996032714844,144.8746795654297,130.69107055664062,134.83132934570312,4916419994,179.33173217773438,203.86742004394532,24.533029004525588,-17.238670275999056,-13.123923781837604,-4.1147464941614516,220.91554161524738,179.33173217773438,137.74792274022138,-0.06437147020524459,-0.05041329126037586,-0.20166956950374948,0.7518542742456353,0.66136771298052,0.8796488038112119,0.06651765021801535,0.04457162066953859,1.214953388622103,-0.035068857735376005,-0.28466283941617365,0.020688622598628914,1
2025-02-27 00:00:00+00:00,134.83160400390625,142.1814727783203,134.729736328125,137.6208038330078,3723520943,176.60253982543946,202.66865509033204,26.734445803233783,-18.06904689533644,-14.112948404537374,-3.956098490799068,221.64960859956452,176.60253982543946,131.5554710513144,0.020688622598628914,-0.045014604659810886,-0.20063592004335773,0.7792685426213991,0.679043356614117,0.8713855615547724,0.06315728257492621,0.04487267919385769,0.9301646648404321,0.0673221693081317,-0.2254994493380249,0.07563689438777654,1
2025-02-28 00:00:00+00:00,137.6207733154297,148.183837890625,125.74221801757812,148.03001403808594,7544673033,174.02404556274413,201.9287496948242,34.42192715696876,-17.683347456573586,-14.827028214944617,-2.8563192416289684,219.43079316842537,174.02404556274413,128.6172979570629,0.07563689438777654,0.09789034014892639,-0.11906883294744008,0.8506296561455003,0.7330804269417026,0.861809157070241,0.0749208926869253,0.04789488946557569,1.7706615545904232,0.21376466169307998,-0.12451940726504962,-0.02941504201243239,0
2025-03-01 00:00:00+00:00,148.03021240234375,150.7871551513672,138.68467712402344,143.6757049560547,3305410077,171.18295288085938,201.05068023681642,32.86829715625444,-17.526993948912065,-15.367021361738107,-2.1599725871739572,216.72566664655486,171.18295288085938,125.6402391151639,-0.02941504201243239,0.04399698994923784,0.011875655733221357,0.8393108223577069,0.7146243165495383,0.8514417990489959,0.07332309044268201,0.04781743322136588,0.7764352217622882,0.1980060513486111,-0.14990224165271193,0.2423499067697077,1
2025-03-02 00:00:00+00:00,143.67672729492188,178.50856018066406,140.29757690429688,178.49549865722656,11540413390,170.08991012573242,200.86067993164062,51.658272410823876,-14.427109578440906,-15.179039005078668,0.7519294266377621,213.69254246788572,170.08991012573242,126.48727778357912,0.2423499067697077,0.2058061320679352,0.23862519040694186,1.0494185018104873,0.8886532631372868,0.8468054085230594,0.12421433585144398,0.07493887867465904,2.493141995382778,0.5963885444522573,0.013897329933417302,-0.20434359009123104,0
2025-03-03 00:00:00+00:00,178.4952392578125,178.6346435546875,139.79010009765625,142.02108764648438,9241009702,167.29184646606444,199.9298941040039,39.26142229573701,-14.743653362222801,-15.091961876507495,0.3483085142846942,210.5388412084924,167.29184646606444,124.04485172363647,-0.20434359009123104,-0.01151633332912061,0.05332409266949334,0.84894207725356,0.7103544384043176,0.836752538762607,0.13627837282157496,0.0874252359859058,1.887641112355746,0.20783219770427316,-0.1590993236470909,0.020387764955851706,1
2025-03-04 00:00:00+00:00,142.03318786621094,146.39646911621094,131.57347106933594,144.9165802001953,8035056091,164.69898529052733,199.1715185546875,40.48247713143251,-14.592659446516905,-14.992101390509378,0.399441943992473,206.7038604177713,164.69898529052733,122.69411016328338,0.020387764955851706,-0.18812193422039425,0.0530136154126839,0.879887510809881,0.7275969036727752,0.8269203673581729,0.1363408259921851,0.08773306119570434,1.5808499990145115,0.26452251041806635,-0.15825874013382235,0.00932069515258771,1
2025-03-05 00:00:00+00:00,144.91880798339844,149.4854736328125,140.59686279296875,146.26730346679688,4501939048,162.28930282592773,198.34689270019533,41.07756330540571,-14.20031125258518,-14.833743362924539,0.6334321103393581,202.6006335677228,162.28930282592773,121.97797208413267,0.00932069515258771,0.029898488250435618,-0.011907791691727732,0.901275074326272,0.7374317866823473,0.8182094542374846,0.13255023143383307,0.08785671416410498,0.8707693326371123,0.30127176324497834,-0.12955877777945268,-0.019909294752828544,0
2025-03-06 00:00:00+00:00,146.27066040039062,152.7792510986328,142.7803955078125,143.355224609375,4204376336,159.46028060913085,197.09577026367188,40.14560925601422,-13.963391622004707,-14.659673014740573,0.696281392735866,196.45231157507794,159.46028060913085,122.46824964318374,-0.019909294752828544,-0.010774168067334888,-0.0022305813413459052,0.899002711281861,0.7273379049058052,0.8090497345316299,0.13336157680174984,0.0874005887536481,0.8095189017665277,0.2823172237477134,0.009618584775780814,-0.02892177566448617,0
2025-03-07 00:00:00+00:00,143.355224609375,150.02325439453125,135.7171630859375,139.20913696289062,6090751623,156.69663314819337,195.65539611816405,38.796033756421885,-13.949385893240901,-14.517615590440638,0.5682296971997367,190.81955704906318,156.69663314819337,122.57370924732356,-0.02892177566448617,-0.04825525826083532,-0.2200972124780548,0.8883990304452539,0.7115016489441298,0.8008807130142123,0.13106904421920373,0.08741562340153335,1.1269258294232485,0.24375736035831058,-0.033992761306725794,-0.01628527678306213,0
2025-03-08 00:00:00+00:00,139.20913696289062,140.90457153320312,135.48297119140625,136.94207763671875,2270939562,154.11941680908203,194.00180541992188,38.04295148208044,-13.960293420733223,-14.406151156499154,0.4458577357659319,185.83389372478527,154.11941680908203,122.40493989337878,-0.01628527678306213,-0.044736053325794556,-0.035762365251054695,0.888545262316675,0.7058804290006689,0.7944225904263448,0.13069647486809483,0.08731961510962828,0.4197471274042941,0.22918772682235203,0.015654731739711103,-0.07672327880484497,0
2025-03-09 00:00:00+00:00,136.9428253173828,139.72576904296875,125.93571472167967,126.43543243408205,3429886567,151.55670127868652,191.29311904907226,34.68282640261785,-14.64788448070837,-14.454497821340999,-0.19338665936737165,183.5339323659166,151.55670127868652,119.57947019145642,-0.07672327880484497,-0.09175909575686614,-0.12752956038972518,0.8342450803385407,0.6609512828406947,0.7922747144909473,0.0767412549473194,0.08795342183404663,0.6393689114334389,0.10720068638718862,-0.08127674804529084,-0.06440982745444246,0
2025-03-10 00:00:00+00:00,126.43543243408205,131.24095153808594,115.91789245605467,118.291748046875,5519806938,149.0170742034912,188.6472267150879,32.301364390197094,-15.669306607238667,-14.697459578520533,-0.971847028718134,183.1296659897519,149.0170742034912,114.90448241723048,-0.06440982745444246,-0.1361913731097284,-0.1912632198505827,0.793813384668531,0.6270526744903062,0.7899245422173646,0.03555112319267755,0.08836187384460027,1.0402489120057221,0.04964831829355138,-0.20089348896204062,0.058940700441465044,1
2025-03-11 00:00:00+00:00,118.29167175292967,128.14886474609375,113.189208984375,125.26394653320312,5259428587,146.82973136901856,186.30750106811524,36.33209023328476,-15.734811737579662,-14.90493001033236,-0.8298817272473027,181.15388233503555,146.82973136901856,112.50558040300157,0.058940700441465044,-0.009265487358456115,-0.12619894479233906,0.8531238555383894,0.6723505270322198,0.7881042391059534,0.04541278763984808,0.08982714948995925,0.9769853246470153,0.1858511539416243,-0.12814802912213352,0.010532142943282308,1
2025-03-12 00:00:00+00:00,125.26190185546876,130.6551055908203,121.36756134033205,126.58324432373048,4112201839,144.35644912719727,183.83089019775392,37.095300514287814,-15.501576198430627,-15.024259247952013,-0.4773169504786132,176.89798021886568,144.35644912719727,111.81491803552885,0.010532142943282308,0.070093615266974,-0.09069729842895202,0.8768797313114413,0.6885852763241262,0.7852676390344817,0.0455439901422399,0.08913356191343602,0.7584876337220465,0.2269150496729817,-0.29083228834350416,-0.026046861652631148,0
2025-03-13 00:00:00+00:00,126.58324432373048,128.15863037109375,120.90947723388672,123.28614807128906,2871050068,142.0761749267578,181.15186584472656,35.9359203497941,-15.405201887913961,-15.100447775944403,-0.30475411196955804,173.75883760384883,142.0761749267578,110.39351224966677,-0.026046861652631148,-0.015789047979498316,-0.09972047891413094,0.8677468135304511,0.6805679174012107,0.7842931910430208,0.045611324714584504,0.08895117430655257,0.538566137628556,0.2034651562121489,-0.1319166039752483,0.0813419490200169,1
2025-03-14 00:00:00+00:00,123.2865982055664,135.6434783935547,123.11714935302734,133.31448364257812,3161542602,140.1337562561035,178.74905151367187,41.88533982103047,-14.354155908028389,-14.951189402361202,0.5970334943328126,168.65561040623092,140.1337562561035,111.61190210597611,0.0813419490200169,0.053176384874705995,0.054407621946344076,0.9513374022383106,0.7458192505842829,0.7839692298752432,0.059200068061884166,0.09114869364781789,0.586811539122093,0.38045530669865424,-0.08006051855204865,0.019488152431217598,1
2025-03-15 00:00:00+00:00,133.31324768066406,136.48133850097656,132.55995178222656,135.91253662109375,1844463215,138.5274772644043,176.40007781982422,43.3530501727485,-13.159854621706216,-14.592922446230205,1.433067824523988,163.8742076167119,138.5274772644043,113.18074691209667,0.019488152431217598,0.10241530575278901,0.1489604208675337,0.9811233071232542,0.770478892644908,0.7853028126546341,0.059572597252905604,0.09128513876037363,0.3416413317030007,0.44841660823774715,-0.07079344870847148,-0.07302071680728006,0
2025-03-16 00:00:00+00:00,135.9167938232422,136.468994140625,125.3874053955078,125.98810577392578,2456569508,137.7274082183838,173.79836837768553,39.2727828144156,-12.865871121692777,-14.247512181322719,1.381641059629942,163.6183439677318,137.7274082183838,111.83647246903583,-0.07302071680728006,-0.05495560323583959,0.0057810667854911735,0.9147642245191755,0.7249096004177549,0.7924551277667059,0.05878444733492912,0.08595390488751185,0.4752923063171924,0.27329319886104037,-0.1211474425349508,0.01726834259917931,1
2025-03-17 00:00:00+00:00,125.98741912841795,130.52687072753906,125.86190032958984,128.16371154785156,2487364373,136.9302059173584,171.54397354125976,40.592763537807066,-12.31536995741817,-13.86108373654181,1.5457137791236395,162.97535876428188,136.9302059173584,110.8850530704349,0.01726834259917931,-0.05701332096276657,0.012485595803494398,0.935978374451597,0.7471187060793227,0.7982221881109914,0.05126874625765691,0.08598055818573562,0.5154260745232846,0.3317058375308719,-0.07934411243411033,-0.022245089106437965,0
2025-03-18 00:00:00+00:00,128.16134643554688,128.16134643554688,121.9445343017578,125.3126983642578,2534317858,136.45427436828612,169.3487385559082,39.38463068998834,-11.971150781165846,-13.483097145466617,1.511946364300771,163.00390384132118,136.45427436828612,109.90464489525108,-0.022245089106437965,-0.005360882327097971,0.016437777679588983,0.9183493807313244,0.7399683011095326,0.8057590244360608,0.04813709630349324,0.08489094056164498,0.538444863146297,0.29017454809785204,-0.08492188429703451,0.08187367709171878,1
2025-03-19 00:00:00+00:00,125.31228637695312,135.92552185058594,124.29732513427734,135.572509765625,3539287974,136.351859664917,167.51610946655273,45.6531541135683,-10.746593528082286,-12.935796421989751,2.1892028939074653,162.8983446612261,136.351859664917,109.80537466860785,0.08187367709171878,0.057807300742903855,0.01693759043541543,0.9942842737810307,0.809310281843038,0.8139626696150188,0.05718275105580527,0.08676765486718381,0.7534368441535524,0.48532103403896343,0.07226674639885178,-0.05956461989357209,0
2025-03-20 00:00:00+00:00,135.57415771484375,135.77261352539062,126.85357666015624,127.49718475341795,2469659459,135.3252182006836,165.50715454101564,41.97384272367944,-10.308899743556594,-12.41041708630312,2.1015173427465257,161.55636275176866,135.3252182006836,109.09407364959853,-0.05956461989357209,0.017432282742889438,-0.0619174071567562,0.9421539196363469,0.7703424368994385,0.8176396879999988,0.06202351442261662,0.08605738969222423,0.5557572466611691,0.35078742118895023,0.07781977068168056,0.0073188153819889745,1
2025-03-21 00:00:00+00:00,127.49885559082033,129.95623779296875,124.97737121582033,128.43031311035156,2370317364,134.56294860839844,163.2952978515625,42.55001418491939,-9.77405933411805,-11.883145535866106,2.109086201748056,160.6580559324735,134.56294860839844,108.46784128432338,0.0073188153819889745,-0.052681746967882526,0.019384427771365287,0.9544255267778509,0.7864911898877599,0.8240466833938958,0.05274229535986718,0.08587753351808439,0.5390737013620925,0.3824945339008248,0.025277557228401193,0.0004256957714021681,1
2025-03-22 00:00:00+00:00,128.429931640625,131.57618713378906,127.93255615234376,128.4849853515625,1442831196,132.06242294311522,161.2322393798828,42.58598547557239,-9.239278215354574,-11.3543720717638,2.115093856409226,148.06475557712506,132.06242294311522,116.06009030910539,0.0004256957714021681,0.007747626742151015,0.002506745472886651,0.9729110104765102,0.7968938832936273,0.8190819866488368,0.05180360360901155,0.06383887587232707,0.3707038281429155,0.3882213714283886,0.015023639487137919,0.03202190586851539,1
2025-03-23 00:00:00+00:00,128.48448181152344,133.9619598388672,128.34225463867188,132.5993194580078,1711242607,131.5913345336914,159.608525390625,45.358695883179166,-8.386790250961866,-10.760855707603413,2.3740654566415476,146.89891336262318,131.5913345336914,116.28375570475961,0.03202190586851539,0.03246123322983796,0.05814750770563837,1.0076599642969526,0.830778425735624,0.8244630680700514,0.04407886723264927,0.04624569179000242,0.48674976415892496,0.5329243747682454,0.07554110118951485,0.06236803122291068,1
2025-03-24 00:00:00+00:00,132.5993194580078,144.88308715820312,132.16180419921875,140.86927795410156,4207560020,131.38896942138672,158.36351837158202,50.53018205064367,-6.9635988290175135,-10.001404331886235,3.0378055028687214,146.04810262535068,131.38896942138672,116.72983621742276,0.06236803122291068,0.09638708031645082,0.03906963290443999,1.0721545238878454,0.8895311205676032,0.8296669003848312,0.048687666516810224,0.04824443422559671,1.265706866803542,0.8233584278418073,0.05666896878045269,0.020925781159875312,1
2025-03-25 00:00:00+00:00,140.87472534179688,147.05799865722656,138.3466796875,143.81707763671875,3585353324,131.2664581298828,156.91686828613283,52.26444755392613,-5.534053451627074,-9.107934155834402,3.573880704207328,145.43477901542235,131.2664581298828,117.09813724434325,0.020925781159875312,0.08459891215552906,0.12800198619964664,1.095611778405856,0.9165176389734784,0.8365350364405864,0.04589691598847929,0.04843578948643839,1.0936131410448786,0.9429113233751413,0.05815902794649341,-0.045394493652970214,0
2025-03-26 00:00:00+00:00,143.81707763671875,145.3684844970703,136.1363525390625,137.28857421875,3083070981,130.96312561035157,155.52080017089844,48.23163866152935,-4.871765426311498,-8.260700409929822,3.3889349836183236,144.27563377090792,130.96312561035157,117.65061744979523,-0.045394493652970214,-0.025418627733140187,0.0689732890457655,1.048299462760367,0.8827666400114105,0.8420939544192096,0.0427562961532289,0.04932171547103079,0.9567676054532255,0.7375753889541308,0.08969472455679184,0.007712275978333238,1
2025-03-27 00:00:00+00:00,137.29095458984375,140.1745147705078,135.92221069335938,138.34738159179688,2660348034,130.92003784179687,154.3679849243164,48.92003706705086,-4.212896836247836,-7.451139695193425,3.238242858945589,144.12531630236552,130.92003784179687,117.71475938122822,0.007712275978333238,-0.03803231253758543,0.07675913425408232,1.0567319095872487,0.8962180963858917,0.8481035617973791,0.03287756090457309,0.04890892033911245,0.8719987805041743,0.7812263206784421,0.07945829533926307,-0.0645059180075207,0
2025-03-28 00:00:00+00:00,138.3472442626953,138.95281982421875,127.98094177246094,129.42315673828125,3532896573,130.544091796875,153.16099822998046,43.65125318668657,-4.360583008002692,-6.833028357755278,2.4724453497525865,143.45227795893263,130.544091796875,117.63590563481736,-0.0645059180075207,-0.05729112947109727,-0.023953084621466725,0.9914133604733495,0.8450137974678422,0.8523324691371832,0.043985138397181524,0.05094310795812102,1.1345350051996568,0.45658045814799975,0.032801610911570966,-0.03736201755366386,0
2025-03-29 00:00:00+00:00,129.4245147705078,130.38050842285156,123.07389068603516,124.587646484375,2253256988,130.45170249938965,151.80865814208985,41.070144313056936,-4.812337003187707,-6.428890086841765,1.6165530836540576,143.50929537684596,130.45170249938965,117.39410962193335,-0.03736201755366386,-0.09945786432027237,-0.11557971834732828,0.955048068345125,0.8206886748696736,0.8593166166931631,0.04645111057124822,0.048593668142165675,0.7375326458914259,0.2754541717586079,-0.08102574260991702,0.0004413362635726781,1
2025-03-30 00:00:00+00:00,124.58648681640624,126.6233901977539,123.3007583618164,124.64263153076172,1639017444,130.76924667358398,150.30951278686524,41.11278435254378,-5.107047599667197,-6.164521589406852,1.0574739897396546,142.85440593267583,130.76924667358398,118.68408741449211,0.0004413362635726781,-0.036937170503317907,-0.13332523801096552,0.9531494193117512,0.8292398080452935,0.869999804064372,0.043893588217120354,0.0461445696918605,0.5728648929128016,0.24652319380015197,-0.02238914708726314,0.00041316853193396064,1
2025-03-31 00:00:00+00:00,124.64402770996094,127.6968994140625,123.07923889160156,124.69412994384766,3206702485,130.74075584411622,148.7934442138672,41.155730116569124,-5.275638106979983,-5.986744892921479,0.7111067859414959,142.88311390960993,130.74075584411622,118.59839777862251,0.00041316853193396064,0.0008546871417625113,-0.09173701705747828,0.9537510253690286,0.8380351070079367,0.8786728241615063,0.031973778863267466,0.04426976644541443,1.1625004445843867,0.25101105289210934,-0.02909113180541467,0.015945022699281886,1
2025-04-01 00:00:00+00:00,124.6953353881836,130.0324249267578,123.94904327392578,126.68238067626952,2993289339,130.74571266174317,147.31996475219728,42.88750886116439,-5.188996558761403,-5.827195226089464,0.6381986673280613,142.88100349958833,130.74571266174317,118.61042182389802,0.015945022699281886,0.016364779212836078,-0.0843167451477016,0.9689218720617934,0.8599131888835185,0.8874948679336627,0.03103533316776065,0.044349515804724245,1.1075972276125967,0.332582010609843,-0.014029691254278998,-0.07044982288851231,0
2025-04-02 00:00:00+00:00,126.67960357666016,135.69578552246094,117.74427795410156,117.75762939453124,5399672438,130.46928672790528,145.71547012329103,37.546025809304346,-5.773927111164596,-5.816541603104491,0.04261449193989453,143.53613570017563,130.46928672790528,117.40243775563494,-0.07044982288851231,-0.05562812421434815,-0.09013477678758819,0.9025697338264421,0.8081340251305889,0.8953701801017707,0.03585446715655964,0.04681600622191044,1.9087276133515858,0.013591327168855563,-0.11192885547332476,-0.005911927958821006,0
2025-04-03 00:00:00+00:00,117.74919891357422,120.78982543945312,112.47826385498048,117.06145477294922,4633002432,129.65663528442383,144.12122314453126,37.15726584591915,-6.221941592277176,-5.897621600939028,-0.3243199913381476,143.94313122460466,129.65663528442383,115.370139344243,-0.005911927958821006,-0.07594525656970474,-0.060408811979361654,0.9028574165614822,0.8122430008490472,0.8996359623897884,0.034367760430030175,0.04258903045660404,1.5962048528758044,0.059192801222495255,-0.16900649685241853,0.048909572594324935,1
2025-04-04 00:00:00+00:00,117.06481170654295,123.90060424804688,113.60323333740234,122.78688049316406,5182517335,129.00035247802734,142.68774169921875,42.43614488032403,-6.045315654302357,-5.927160411611694,-0.11815524269066291,143.2827444832039,129.00035247802734,114.71796047285076,0.048909572594324935,0.042708494765829386,-0.014888573955851192,0.9518336821139957,0.8605285852234941,0.9040745262473633,0.03810393738571466,0.043986854796226424,1.6884387464411623,0.28247789366755804,-0.14622878930050898,-0.020587585797917973,0
2025-04-05 00:00:00+00:00,122.78643035888672,122.7869110107422,117.18880462646484,120.25899505615234,1667996329,128.71389694213866,141.09420822143554,40.806293250206515,-6.039695701812434,-5.949667469651842,-0.0900282321605923,143.4725410853272,128.71389694213866,113.95525279895011,-0.020587585797917973,0.0273150567742817,-0.035568112867001456,0.934312439551208,0.852331194682463,0.9122550001494958,0.036353154113019794,0.04113565185250857,0.5504965218241895,0.21356102213872918,-0.12404221734769727,-0.1209637732689437,0
2025-04-06 00:00:00+00:00,120.25850677490234,120.93267822265624,104.0041275024414,105.7120132446289,3822458629,127.59131202697753,139.31880676269532,32.96094839844724,-7.1269071575978415,-6.1851154072410415,-0.9417917503568001,145.58671203756967,127.59131202697753,109.5959120163854,-0.1209637732689437,-0.13906100700624746,-0.16553499641934688,0.8285204655805833,0.7587777680632194,0.9158226013542201,0.05682152604855276,0.048725402539244435,1.2343492519570576,-0.10791365486375462,-0.23589436946093267,0.011264238985817299,1
2025-04-07 00:00:00+00:00,105.7120132446289,111.47198486328124,96.58806610107422,106.90277862548828,8644174246,126.67081604003906,137.68713424682616,34.07820240549472,-7.802502858585129,-6.5085928975098595,-1.2939099610752693,146.90154087114684,126.67081604003906,106.44009120893128,0.011264238985817299,-0.11106209913385412,-0.09217959655654429,0.8439416589192703,0.7764180670203216,0.9199902135588166,0.05767040510026818,0.04880147496744332,2.5407357039208307,0.011435265429678317,-0.1740057859841384,-0.013007957986751473,0
2025-04-08 00:00:00+00:00,106.90526580810548,112.29893493652344,103.14452362060548,105.51219177246094,5353641480,125.16780014038086,136.24358322143556,33.378603968477435,-8.353828323604887,-6.877639982728865,-1.4761883408760221,147.0158720677515,125.16780014038086,103.31972821301021,-0.013007957986751473,-0.0018902437484145107,-0.0986598280611588,0.8429659357608319,0.7744378801383465,0.9187060203558114,0.055643959549480614,0.04411935382456654,1.532698954478607,0.050175218361123965,-0.1531087170372577,0.12837709930530616,1
2025-04-09 00:00:00+00:00,105.50959014892578,120.47077178955078,101.43473815917967,119.05754089355467,7096350476,124.74581794738769,135.24304824829102,45.18345652189217,-7.610037480856704,-7.024119482354433,-0.5859179985022713,146.73004448870986,124.74581794738769,102.76159140606553,0.12837709930530616,0.11369921740433031,-0.03037245986404069,0.9544010601122349,0.8803228146335361,0.9223824777918966,0.07544016587038525,0.05255231163253525,1.9054262771715826,0.3706282196660141,-0.04480883120498502,-0.052525999496318754,0
2025-04-10 00:00:00+00:00,119.06228637695312,119.08255767822266,108.60169219970705,112.80392456054688,4310698523,123.96449851989746,134.11891067504882,41.52512158769363,-7.439435274717212,-7.107182640826989,-0.3322526338902234,146.5011523650502,123.96449851989746,101.42784467474473,-0.052525999496318754,0.06910796435553812,-0.06199179106830621,0.9099695953873502,0.8410739693066465,0.9242879911263664,0.07845901779388904,0.05367926119615597,1.1280700183553372,0.2523906158377845,-0.0953549729137626,0.07737722445249506,1
2025-04-11 00:00:00+00:00,112.80731964111328,122.39859008789062,112.1864242553711,121.53237915039062,3953610468,123.61686820983887,133.02858047485353,47.869469155728396,-6.52470571260082,-6.990687255181755,0.46598154258093505,146.07427635494287,123.61686820983887,101.15946006473486,0.07737722445249506,0.020786908903557944,0.14965532696034933,0.9831375030800017,0.9135809667108638,0.9292504495543816,0.08222425906300296,0.05676495987106728,1.0017146515422717,0.4535901684206002,-0.04065286347151509,0.08827425256247978,1
2025-04-12 00:00:00+00:00,121.53269958496094,133.75885009765625,119.65934753417967,132.26055908203125,4089397536,123.59993019104004,132.2959590148926,54.41589756773777,-4.87787240628073,-6.5681242854015505,1.6902518791208205,146.02930628283278,123.59993019104004,101.17055409924731,0.08827425256247978,0.1724818936688779,0.23720412867263896,1.0700698526091807,0.9997324186382945,0.9342683715466046,0.08749430876680328,0.059812007596637004,1.0058160923850867,0.6930644181886153,0.12315915123350418,-0.027822079533650235,0
2025-04-13 00:00:00+00:00,132.26258850097656,133.5068359375,125.52386474609376,128.58079528808594,3818650340,122.98550605773926,131.424317779541,52.00363512800223,-3.825572512740351,-6.019613930869311,2.1940414181289603,144.05503324755045,122.98550605773926,101.91597886792808,-0.027822079533650235,0.057996199753262756,0.2186344831635465,1.045495517396333,0.978363802532915,0.9357895717902259,0.06791251034581101,0.058369023134434705,0.9437375791471116,0.6327815565090716,0.09840421458523196,0.005674126828969506,1
2025-04-14 00:00:00+00:00,128.5781707763672,135.18695068359375,128.23287963867188,129.3103790283203,4425565001,122.26017112731934,130.64976303100585,52.453679730043916,-2.899324348919478,-5.395556014479345,2.4962316655598666,141.20147139074268,122.26017112731934,103.318870863896,0.005674126828969506,-0.02230581871260018,0.08611666306741839,1.057665614533281,0.9897482860158907,0.9357856324492875,0.068205575180025,0.058139927255262146,1.082490971638703,0.6861067562139676,0.0531286283107375,-0.023565384799194233,0
2025-04-15 00:00:00+00:00,129.31101989746094,134.1931915283203,126.1368637084961,126.26313018798828,3272094237,121.70889892578126,130.3352359008789,50.33092611221386,-2.383675987332225,-4.79318000904992,2.4095040217176953,139.40970964398292,121.70889892578126,104.00808820757959,-0.023565384799194233,-0.018024970952348784,0.11931504759142708,1.037419049078607,0.9687566782325273,0.9338142374510447,0.0694077639947455,0.05751771425789007,0.7985066558701029,0.6286447082766646,0.04992670302152802,0.04107740380545444,1
2025-04-16 00:00:00+00:00,126.26312255859376,133.59011840820312,123.72075653076172,131.44969177246094,4448562334,121.36401443481445,130.08207458496094,53.76088889801193,-1.5387707800642687,-4.14229816325279,2.6035273831885215,137.9323981440618,121.36401443481445,104.7956307255671,0.04107740380545444,0.01654401417903273,0.0816022256076967,1.0831027004554434,1.0105134945907306,0.9329803112537813,0.05462917042425821,0.05831142379618581,1.0624250077502677,0.8043651545810513,0.24346976032205814,0.02471709070799677,1
2025-04-17 00:00:00+00:00,131.45022583007812,135.9093475341797,129.73309326171875,134.69874572753906,3504448606,121.62779388427734,130.07942291259766,55.8191455349819,-0.600088370203494,-3.433856204642931,2.833767834439437,138.8898761580296,121.62779388427734,104.36571161052507,0.02471709070799677,0.06680980842935957,0.018434722054937014,1.1074668168009203,1.0355115567974589,0.9350271638735735,0.0456643005292497,0.05658025203075397,0.8372320709049026,0.8786029876342515,0.2600116429099395,-0.004641796308109014,0
2025-04-18 00:00:00+00:00,134.70419311523438,135.868896484375,132.58799743652344,134.07350158691406,2142264993,122.10208663940429,130.00847686767577,55.30891950321543,0.09230815473961229,-2.728623332766422,2.8209314875060345,140.2072670058156,122.10208663940429,103.99690627299297,-0.004641796308109014,0.01996056269949209,0.042717936893466035,1.0980443109286422,1.0312673820752145,0.9391855791348229,0.0406962815743387,0.05580385324794582,0.5124783633988037,0.8306074478473332,0.2706920341115284,0.04234063961415968,1
2025-04-19 00:00:00+00:00,134.07350158691406,140.0926055908203,133.69476318359375,139.75025939941406,2522912658,122.85746803283692,129.84288177490234,58.975476132158036,1.0865788968774837,-1.965582886837641,3.0521617837151247,142.59591570767017,122.85746803283692,103.11902035800368,0.04234063961415968,0.03750230668140686,0.08073505351652632,1.1374991006819553,1.076302816828167,0.9462010266055598,0.028859493712831998,0.05640107760908638,0.597223833638415,0.9279159041497382,0.17380434998535743,-0.014137091694397252,0
2025-04-20 00:00:00+00:00,139.75289916992188,141.8303680419922,135.77146911621094,137.77459716796875,2796023398,123.51149139404296,129.72485961914063,57.21612313867035,1.695580594939969,-1.2333501904821191,2.928930785422088,144.3427557891845,123.51149139404296,102.68022699890142,-0.014137091694397252,0.02760497441513765,0.09117045461205886,1.1154799898612002,1.0620523897459697,0.9521034885422925,0.026363920384482327,0.05658736818970536,0.6651075554997307,0.8423485368764355,0.22136350933445592,-0.007767801252736128,0
2025-04-21 00:00:00+00:00,137.77459716796875,142.66159057617188,134.1223602294922,136.7043914794922,4162691832,124.0125919342041,128.88903747558595,56.23743068371003,2.068023288131087,-0.5730754947594779,2.641098782890565,145.63226390320344,124.0125919342041,102.39291996520475,-0.007767801252736128,-0.021795078828559578,0.03997498690318069,1.1023428294444635,1.0606362973684758,0.9621655523472619,0.027224785056035893,0.056627841059864174,0.9766220173599262,0.7935243319946526,0.12483926041081528,0.08803681279473663,1
2025-04-22 00:00:00+00:00,136.70184326171875,149.94924926757812,135.3777618408203,148.73941040039062,4659792312,125.56168098449707,129.02340393066407,63.74729994232661,3.296314391436482,0.2008024824797141,3.0955119089567678,149.59891518740628,125.56168098449707,101.52444678158787,0.08803681279473663,0.0795851590772867,0.1042375309214254,1.1845923790933897,1.1528095358600348,0.9731698060917127,0.03654415251330597,0.056554113666266205,1.1028199814520925,0.9821213875989188,0.12459384288659159,0.016225120247818303,1
2025-04-23 00:00:00+00:00,148.74000549316406,153.86874389648438,147.45079040527344,151.15272521972656,4699152180,127.26624450683593,129.1481268310547,65.04274435141505,4.413601031848572,1.0433621923534857,3.370238839495086,153.50014361693422,127.26624450683593,101.03234539673765,0.016225120247818303,0.1056903409163843,0.1273870185432635,1.1876890514484193,1.1703826368109638,0.9854284969484648,0.03583519733387023,0.05637557232620263,1.1112653017261322,0.9552598264681124,0.17554666605590752,0.0076142155039220505,1
2025-04-24 00:00:00+00:00,151.15394592285156,152.75404357910156,145.66134643554688,152.3036346435547,3903057847,128.74208221435546,129.26885345458984,65.67272840859074,5.3304810485241205,1.9007859635876128,3.4296950849365078,157.1462227986432,128.74208221435546,100.33794163006772,0.0076142155039220505,0.023962877313884468,0.08982720531675281,1.1830136038189072,1.1781928173212783,0.9959249948757423,0.03609630942252145,0.05579694800163146,0.9371813676085062,0.9147555945106242,0.17781446306176707,-0.009117484962737121,0
2025-04-25 00:00:00+00:00,152.32135009765625,156.04518127441406,150.12779235839844,150.91500854492188,4411923686,130.27488288879394,129.42004913330078,64.1700925292825,5.877314523253375,2.6960916755207656,3.1812228477326094,160.02812613439934,130.27488288879394,100.52163964318854,-0.009117484962737121,-0.0015726919541749762,0.09537615530773724,1.158435188721274,1.1660867814188636,1.0066051107322074,0.03660519626005064,0.0554992997728714,1.0255819112067677,0.8468550551909414,0.19524209735835285,-0.010771896611308396,0
2025-04-26 00:00:00+00:00,150.91726684570312,153.01953125,148.03741455078125,149.28936767578125,2128235815,132.45375061035156,129.62165374755858,62.37091193626574,6.109086611918855,3.3786906628003837,2.730395949118471,160.99081910896882,132.45375061035156,103.91668211173429,-0.010771896611308396,-0.019791168968671724,0.09205977993894221,1.127105627344266,1.1517317003725784,1.0218489486973261,0.03612347150226994,0.046205093812361105,0.5046606257817952,0.7949780399876295,0.1357148553394918,-0.006990004321416943,0
2025-04-27 00:00:00+00:00,149.28970336914062,150.20872497558594,145.7666015625,148.24583435058594,2015737709,134.52090339660646,129.84772888183593,61.184997284807714,6.137810386362929,3.930514607512893,2.2072957788500362,161.19360045401763,134.52090339660646,107.84820633919529,-0.006990004321416943,-0.01768660532886246,-0.0033183945564664308,1.10202823953326,1.141689851853263,1.0359896515327056,0.03542133951309018,0.04653220912188335,0.518752518827044,0.7572842732108699,0.10057323510976968,-0.0029403715056005586,0
2025-04-28 00:00:00+00:00,148.2451629638672,153.20770263671875,144.89144897460938,147.8099365234375,3819502747,136.63579063415528,130.27521896362305,60.66610108539358,6.055595734700574,4.355530832950429,1.700064901750145,160.14365601579107,136.63579063415528,113.1279252525195,-0.0029403715056005586,-0.009909822617486741,-0.0221153055059361,1.0817805191262162,1.1345974905995797,1.0488241103805653,0.03503923134306456,0.0462386979045184,1.0027484955774812,0.7376682380104873,0.10245451020475294,-0.009350283559027117,0
2025-04-29 00:00:00+00:00,147.8099365234375,150.044189453125,145.16932678222656,146.42787170410156,2872743502,138.00430717468262,130.83794143676758,58.95879061970596,5.811922723055659,4.646809210971475,1.1651135120841838,160.36205387222185,138.00430717468262,115.6465604771434,-0.009350283559027117,-0.012263161757281371,-0.03857926932081779,1.0610384175818266,1.1191545059188233,1.0547728408076373,0.010261181317646926,0.03854663922964822,0.7984604355654952,0.6883813392148787,0.04778246804968367,0.008299868167898516,1
2025-04-30 00:00:00+00:00,146.427490234375,148.20928955078125,140.71209716796875,147.64320373535156,3017472875,139.74627113342285,131.28552658081054,60.02419589288222,5.651727645507037,4.847792897878588,0.8039347476284497,159.05831946952767,139.74627113342285,120.43422279731803,0.008299868167898516,-0.0011280215120009762,-0.021679784145500758,1.0565090756116784,1.1245961956398318,1.0644453716488271,0.008100384073848606,0.03554640570186332,0.8540359175936839,0.7044561111408625,0.07162863670253694,0.021696795506795485,1
2025-05-01 00:00:00+00:00,147.6449737548828,153.86590576171875,147.61297607421875,150.84658813476562,3224541533,141.2119815826416,131.77079345703126,62.76774552784521,5.717352164811018,5.021704751265074,0.6956474135459443,159.10077422754097,141.2119815826416,123.32318893774224,0.021696795506795485,0.030176744217066176,0.010430886560965691,1.0682279679397144,1.1447649678451297,1.0716485639793085,0.01205344510254272,0.03237042687472015,0.9221568843054605,0.7692916940616207,0.10345093162127861,-0.018539064091600554,0
2025-05-02 00:00:00+00:00,150.8431396484375,151.73170471191406,147.45223999023438,148.05003356933594,2823970426,142.00145530700684,132.2660711669922,58.963259269547024,5.4805254021822805,5.113468881448515,0.36705652073376527,159.61847997274012,142.00145530700684,124.38443064127355,-0.018539064091600554,0.0027554931327120613,-0.0013207843721729784,1.042595185022943,1.1193349304404434,1.0736045461554782,0.013508682953214467,0.027446625752198077,0.8224835888122508,0.6716685529223938,-0.0046347960449685255,-0.008469991621839368,0
2025-05-03 00:00:00+00:00,148.0498504638672,148.95945739746094,146.1094970703125,146.79605102539062,1567415096,142.91221809387207,132.53570251464845,57.28652273228169,5.1324884433159355,5.117272793821999,0.01521564949393639,159.458753151909,142.91221809387207,126.36568303583513,-0.008469991621839368,-0.0268520299959073,-0.0068593866007520266,1.0271763533119853,1.1075962796452228,1.0782922290548598,0.01330467830813313,0.026516802371759778,0.47198425990316356,0.6173609132635932,-0.028822994676429126,-0.01916256099262137,0
2025-05-04 00:00:00+00:00,146.79595947265625,147.68251037597656,143.82241821289062,143.98306274414062,1636835620,143.64585227966307,132.69711303710938,53.604029961502945,4.576922091929845,5.009202653443569,-0.43228056151372396,158.90408185521466,143.64585227966307,128.3876227041115,-0.01916256099262137,-0.02747024588340019,-0.016696336097142495,1.0023475127135661,1.0850504539904728,1.0825092497640987,0.014734301807117734,0.027154568444559626,0.5144905184618703,0.5110501176695449,-0.054631472970997685,0.01884650332331006,1
2025-05-05 00:00:00+00:00,143.98593139648438,147.61659240722656,142.89988708496094,146.69664001464844,2238980623,144.6675277709961,133.11128372192383,56.508411483742286,4.305958355677205,4.868553793890296,-0.5625954382130907,157.58130106890798,144.6675277709961,131.7537544730842,0.01884650332331006,-0.0006772049387417933,-0.006411156739729251,1.014026038012237,1.1020601403041466,1.0868164119971515,0.01711980541716706,0.026391904681264046,0.7153719458089939,0.5785638789237708,-0.0279519483909898,0.0004755608825586233,1
2025-05-06 00:00:00+00:00,146.69577026367188,147.0896453857422,141.6705322265625,146.7664031982422,2728680947,145.43336334228516,133.48333755493164,56.58365955998364,4.050159233877878,4.704874881887813,-0.654715648009935,156.7665965027667,145.43336334228516,134.10013018180362,0.0004755608825586233,0.01933102686562238,-0.027048572904268986,1.0091659838246307,1.09951103925495,1.089524475535651,0.016714674643109037,0.025237689962814485,0.8964661662054567,0.5588111016989077,-0.016899826938903684,0.003047985841426293,1
2025-05-07 00:00:00+00:00,146.7668914794922,149.33984375,144.88270568847656,147.2137451171875,4316881378,146.0591133117676,133.92135848999024,57.096265012071036,3.8392765509723006,4.5317552157047105,-0.6924786647324099,156.21792394796614,146.0591133117676,135.90030267556904,0.003047985841426293,0.003524996226821786,-0.00564868802786711,1.007905236306312,1.0992551656962977,1.090633450546162,0.016418823201542514,0.024845743014334856,1.3995669152202523,0.5568290839729628,-0.0069620117011696125,0.11376002819295583,1
2025-05-08 00:00:00+00:00,147.21726989746094,163.9750518798828,147.2141876220703,163.96078491210938,6372889923,147.55347747802733,134.48912399291993,70.93256255690454,4.966248830900781,4.618653938743925,0.3475948921568559,159.00000562796427,147.55347747802733,136.1069493280904,0.11376002819295583,0.11715475298963463,0.11692912559173574,1.1111956675946544,1.2191378755708229,1.0971405946981643,0.046426676069952405,0.03466117819246621,1.9335387919866092,1.216693621819837,0.10926767691366202,0.05408300942530042,1
2025-05-09 00:00:00+00:00,163.96023559570312,175.86207580566406,161.24777221679688,172.82827758789062,7452318987,149.20737838745117,135.39574584960937,75.44764263862224,6.499987225711578,4.994920596137456,1.505066629574122,164.73715844223247,149.20737838745117,133.67759833266987,0.05408300942530042,0.1739955222952383,0.20033755564019518,1.158309189905491,1.2764675618380166,1.102009353773811,0.046357138978600096,0.035319347485614126,2.1037233918436695,1.2605033399416068,0.18029631638120414,0.02773581610658349,1
2025-05-10 00:00:00+00:00,172.82769775390625,178.5718536376953,168.92941284179688,177.62181091308594,4012477696,151.19973907470703,136.37957580566408,77.48372289164945,8.009950310542308,5.597926539018427,2.412023771523881,170.35483070394164,151.19973907470703,132.0446474454724,0.02773581610658349,0.08331886193579474,0.21081035595191167,1.1747494539347314,1.3024077092466584,1.1086684951283405,0.04420097647618483,0.03497514396216007,1.1135671519511805,1.1896879521592416,0.20304766097781668,-0.025871553438334027,0
2025-05-11 00:00:00+00:00,177.62289428710938,179.62252807617188,169.7177276611328,173.02645874023438,4025374577,153.01584243774414,137.2704052734375,71.37311937512544,8.735107536315695,6.225362738477881,2.509744797837814,173.24185098712113,153.01584243774414,132.78983388836716,-0.025871553438334027,0.0011466940196922515,0.1789241609097818,1.130774800724518,1.2604789677394204,1.1147038003781102,0.04545896679315349,0.035775185253002995,1.1192791095686236,0.9946753644852636,0.1470359447948093,0.007059241434911101,1
2025-05-12 00:00:00+00:00,173.03668212890625,180.9514923095703,169.07826232910156,174.24789428710938,6940951587,154.29126663208007,138.10337677001954,72.00507896927243,9.301141730774134,6.840518536937132,2.4606231938370016,176.501564248473,154.29126663208007,132.08096901568715,0.007059241434911101,-0.018994945545440345,0.18363875702232635,1.129343857825845,1.2617207367585261,1.117215742588379,0.046044861595925156,0.031036539706229164,1.8706458914218578,0.9492652012078345,0.17695275094621477,0.05600275318292969,1
2025-05-13 00:00:00+00:00,174.24620056152344,184.70140075683597,166.80731201171875,184.0062561035156,5170161208,155.93394317626954,138.96611633300782,76.47358270720525,10.417064714854888,7.555827772520684,2.8612369423342043,181.73612465689308,155.93394317626954,130.131761695646,0.05600275318292969,0.06345733157357891,0.12225771669824304,1.1800269547183373,1.324108789674866,1.1221004608245748,0.04574586405166878,0.03279057454469899,1.3846145049707044,1.0439910758771946,0.2534823302003464,-0.039656410289580224,0
2025-05-14 00:00:00+00:00,184.0063018798828,184.7181854248047,173.7317352294922,176.709228515625,4610872279,157.15422286987305,139.62395935058595,67.76331901204566,10.590551294062465,8.16277247682904,2.427778817233424,184.49602196280577,157.15422286987305,129.81242377694034,-0.039656410289580224,0.014125474735781074,0.022455532057019667,1.124431945185106,1.2656082046199575,1.1255534050232012,0.052814436964462676,0.03465056851496607,1.2232382403280457,0.8576027601418246,0.22729177410011836,-0.043570073127834896,0
2025-05-15 00:00:00+00:00,176.7086639404297,178.10504150390625,167.28016662597656,169.00999450683594,4347587992,158.05897216796876,140.25838775634764,59.99826037837652,9.991599874859446,8.528537956435123,1.463061918424323,185.72706701288257,158.05897216796876,130.39087732305495,-0.043570073127834896,-0.08149865072111073,-0.04848400296100985,1.0692844081462807,1.2049902840779452,1.1269127978466693,0.04250057394793579,0.036360885882110484,1.1543755516160548,0.6978998265014312,0.15210542306871777,-0.009916813821009063,0
2025-05-16 00:00:00+00:00,169.0146942138672,173.95809936523438,166.75723266601562,167.33395385742188,3495576096,158.9612014770508,140.83811920166016,58.42862968609643,9.27477030801083,8.677784426750264,0.5969858812605651,186.6020387768673,158.9612014770508,131.3203641772343,-0.009916813821009063,-0.053054810645467465,-0.03289962081093445,1.0526716727262524,1.1881297109472433,1.128680234996897,0.036697720916519044,0.03634027211013922,0.9116004057140921,0.6514562002871502,0.14013800305100088,-0.008385159830967326,0
2025-05-17 00:00:00+00:00,167.33395385742188,169.76828002929688,164.22494506835938,165.9308319091797,2783616834,159.84545135498047,141.56827270507813,57.082286614717674,8.49552635739488,8.641332812879188,-0.14580645548430837,187.1726853525074,159.84545135498047,132.51821735745355,-0.008385159830967326,-0.018218819583073254,-0.0477312073810523,1.0380704017700508,1.172090530869546,1.1291050480497014,0.033920924567179316,0.03636850860459052,0.7187343382417588,0.6113427827117435,0.1271422500466428,0.04801928705681746,1
2025-05-18 00:00:00+00:00,165.93197631835938,176.4924774169922,165.51353454589844,173.89871215820312,3866092629,161.14989013671874,142.5544940185547,62.38312770476777,8.423806856322756,8.597827621567902,-0.17402076524514598,188.54871251450905,161.14989013671874,133.75106775892843,0.04801928705681746,0.03923147782890979,-0.05493043638487116,1.0791115774926583,1.2198753420959756,1.1304441241659045,0.038984169431263906,0.03745897803722649,0.997631273060093,0.7326527367800062,0.06061161058371933,-0.04045162138338132,0
2025-05-19 00:00:00+00:00,173.83578491210938,173.83853149414062,159.64749145507812,166.86422729492188,4498613127,162.17170791625978,143.3989259338379,55.8272799050437,7.710463077428187,8.42035471273996,-0.7098916353117719,188.77141928177596,162.17170791625978,135.5719965507436,-0.04045162138338132,0.005625207654313957,-0.055712999843879785,1.0289354995329096,1.1636365210427764,1.1309129887840539,0.04185749601628083,0.03887129694901653,1.1369995127172758,0.588206208597163,-0.034508532840846984,0.009705262091364908,1
2025-05-20 00:00:00+00:00,166.8642120361328,172.86056518554688,164.77964782714844,168.4836883544922,3787047019,163.2137321472168,144.27471710205077,56.94895809991578,7.192894753104127,8.174862720812794,-0.9819679677086661,189.03858527594406,163.2137321472168,137.38887901848955,0.009705262091364908,-0.03113895287956281,-0.0031140534255355012,1.0322886814604666,1.1677977384999307,1.131270505502151,0.03332134434618911,0.03887456456322162,0.9479361815959964,0.6020326462459752,-0.05144707461104103,0.030851911386848396,1
2025-05-21 00:00:00+00:00,168.48411560058594,175.5224151611328,166.30487060546875,173.68173217773438,5254974027,164.35548934936523,145.21470413208007,60.422823977366285,7.120080960651819,7.9639063687805995,-0.8438254081287804,189.89573630552454,164.35548934936523,138.81524239320592,0.030851911386848396,0.04085659936424246,0.03793478952706253,1.0567443342798526,1.1960340601579997,1.1318102414744147,0.034225296601920766,0.03910597154038853,1.2827754149997068,0.6825793392753398,0.003787128525145178,0.03459901184336589,1
2025-05-22 00:00:00+00:00,173.6822052001953,180.54624938964844,172.7552490234375,179.69094848632812,4913432701,165.93753509521486,146.453370513916,64.03577950561021,7.4612602765311635,7.863377150330713,-0.4021168737995495,191.14278126246455,165.93753509521486,140.73228892796516,0.03459901184336589,0.06651836887767848,0.08292682209102575,1.0828830763529274,1.2269499012264375,1.1330400557728881,0.03098677476299732,0.039028894430544823,1.169575593267842,0.7728283885793524,0.03123741736729513,-0.03264229134189511,0
2025-05-23 00:00:00+00:00,179.69146728515625,187.27975463867188,173.5706329345703,173.82542419433594,7488253558,167.28900375366212,147.58864990234375,58.42892374186443,7.175632329479612,7.725828186160493,-0.5501958566808813,191.02877316024734,167.28900375366212,143.5492343470769,-0.03264229134189511,0.0008273294767380257,-0.0004214405210805072,1.0390726245838542,1.1777695934568986,1.133481496472484,0.034333583886635766,0.04000715857725472,1.6651364868104745,0.6376681535680938,-0.055328726994218425,0.012754060522183419,1
2025-05-24 00:00:00+00:00,173.8404083251953,178.1427459716797,172.79171752929688,176.0424041748047,3002798120,168.8919708251953,148.65376037597656,59.8595256528234,7.046929265935518,7.590048402115499,-0.543119136179981,190.21186101186268,168.8919708251953,147.57208063852792,0.012754060522183419,-0.020304552579069046,0.05500386169445992,1.0423373196172254,1.1842445406665563,1.1361432795109392,0.03378720169828675,0.03944780277781651,0.6577324855141918,0.6676939535570635,-0.0037735682874160403,-0.0018002767589644364,0
2025-05-25 00:00:00+00:00,176.03448486328125,176.72129821777344,169.3577880859375,175.72547912597656,3395309315,170.34341278076172,149.76309005737303,59.54406478852033,6.840504875891213,7.4401396968706415,-0.5996348209794284,189.09937805985174,170.34341278076172,151.5874475016717,-0.0018002767589644364,0.010930822924478445,0.042982147661959624,1.0315953887347658,1.1733563928111896,1.1374191913074478,0.029116666332612687,0.03949688989328397,0.7344074709797584,0.6434761225330003,0.03973424553226046,-0.004652604624123313,0
2025-05-26 00:00:00+00:00,175.7256622314453,178.97799682617188,173.7002410888672,174.90789794921875,2872898398,171.75048751831054,151.14700775146486,58.68485882327141,6.535601742800168,7.2592321060565475,-0.7236303632563796,186.94291338068243,171.75048751831054,156.55806165593864,-0.004652604624123313,-0.006444505407114387,0.007059843059542992,1.018383705784658,1.15720384115592,1.1363141756714399,0.022933894966427684,0.0395771045736813,0.6204419584058823,0.6039139654032601,0.04526244624716336,0.010904525295993173,1
2025-05-27 00:00:00+00:00,174.90769958496094,179.2212677001953,171.57545471191406,176.815185546875,3737068836,173.2305595397949,152.5452558898926,60.13020793442493,6.3743860281651905,7.082262890478276,-0.7078768623130856,183.24248655036064,173.2305595397949,163.21863252922918,0.010904525295993173,0.006201186227053901,-0.016003938783104243,1.0206928039521608,1.15909986525245,1.1356010944373978,0.02296216455975573,0.039548323040219456,0.8121563107387789,0.6790177856519121,0.06559572752369935,-0.026160793803116422,0
2025-05-28 00:00:00+00:00,176.8146514892578,177.37599182128906,169.10569763183594,172.18955993652344,3454599629,173.64199829101562,153.87880325317383,55.0960911690021,5.806439068828695,6.8270981261483605,-1.0206590573196657,182.67880097797075,173.64199829101562,164.6051956040605,-0.026160793803116422,-0.015541539544912553,-0.009410960826901849,0.9916354432177291,1.1189946652575877,1.128433511439037,0.02326106782019499,0.03183782926030858,0.775356003755044,0.4196375972339851,-0.009828435187747675,-0.03253030785720201,0
2025-05-29 00:00:00+00:00,172.1905975341797,175.1842803955078,166.25851440429688,166.5881805419922,3480369993,173.3299934387207,154.82941604614257,49.67285074533968,4.848462450197019,6.431370990958093,-1.582908540761074,182.9002359831992,173.3299934387207,163.7597508942422,-0.03253030785720201,-0.05784008298411425,-0.05370424061821344,0.9611041761268397,1.075946579119986,1.1194900676178003,0.019704491700538233,0.03037058206602572,0.8175824899997007,0.14777209849199932,-0.0016543195471236949,-0.06215008660847332,0
2025-05-30 00:00:00+00:00,166.5934295654297,167.3471221923828,156.03465270996094,156.23471069335938,4458908034,172.26063842773436,155.69803176879884,41.534715132116084,3.216740012344502,5.788444795235375,-2.5717047828908726,184.27824759823568,172.26063842773436,160.24302925723305,-0.06215008660847332,-0.09265863301495003,-0.11091600677124558,0.9069669781753533,1.0034469217013446,1.1063764677740429,0.02701040936292468,0.03241403370994216,1.0419895479997463,-0.1667685521722814,-0.0727012672904025,0.0025873625524686084,1
2025-05-31 00:00:00+00:00,156.23594665527344,157.9366912841797,152.441650390625,156.63894653320312,2817151487,171.4412628173828,156.40016311645508,41.93471145793651,1.9339137247570477,5.017538581139709,-3.083624856382661,185.32826671849926,171.4412628173828,157.55425891626635,0.0025873625524686084,-0.05972352886272825,-0.10444897932121777,0.9136595470604593,1.001526746596615,1.0961706138997322,0.025513389859175933,0.032114180668505354,0.6677590885044846,-0.032955718511378705,-0.09812652966341207,0.00731363042582478,1
2025-06-01 00:00:00+00:00,156.6378936767578,157.82785034179688,150.84341430664062,157.7845458984375,2554572841,170.61809539794922,156.9106428527832,43.12234444237114,0.9981983351302404,4.213670531937815,-3.215472196807575,185.7045746161082,170.61809539794922,155.53161617979023,0.00731363042582478,0.00991991599177977,-0.1076301200577161,0.9247820140672725,1.0055694313002987,1.0873583352661846,0.026584200331092742,0.03211903808494017,0.6387238162135682,0.0746671799983493,-0.12191155298819845,-0.0049845424351930845,0
2025-06-02 00:00:00+00:00,157.7837371826172,158.89463806152344,151.99745178222656,156.99806213378906,3070599881,169.2676856994629,157.47898818969728,42.47996520469619,0.1909730619164236,3.409131037933537,-3.2181579760171135,184.14188904239816,169.2676856994629,154.39348235652764,-0.0049845424351930845,0.002292632889418833,-0.08822542904653818,0.927513491337864,0.9969460938158372,1.0748588598725635,0.02656304722128962,0.028800317937130806,0.7884417427824411,0.08755358916410497,-0.09680610381674648,-0.0105408432771813,0
2025-06-03 00:00:00+00:00,156.9980926513672,163.39369201660156,154.70765686035156,155.34317016601562,3739800274,168.19938278198242,157.99964401245117,41.092827038701614,-0.575658896713577,2.612173051004114,-3.187831947717691,183.8709412981687,168.19938278198242,152.52782426579614,-0.0105408432771813,-0.01547284443175656,-0.06750185000755204,0.9235656373803057,0.9831868365081493,1.0645554541168931,0.024209461372819766,0.027808572383330756,0.9711336489145286,0.08982341792335681,-0.11758095503078547,-0.012768636726627314,0
2025-06-04 00:00:00+00:00,155.3417205810547,157.85304260253906,153.17564392089844,153.35964965820312,2694510572,167.41686553955077,158.54157440185546,39.43085580595174,-1.3279658119703868,1.824145278409214,-3.152111090379601,184.42400471029575,167.41686553955077,150.4097263688058,-0.012768636726627314,-0.02317488780520993,-0.01840219130817289,0.9160346489820839,0.9673150417283122,1.055980843959573,0.023991376168123267,0.026440718356672447,0.715044889884757,0.08672602898645283,-0.12727710050367547,-0.05749032543202992,0
2025-06-05 00:00:00+00:00,153.3593292236328,154.5604248046875,141.90293884277344,144.54295349121094,4691163987,166.27731552124024,158.80343963623048,33.03516049050285,-2.6055727382482132,0.9382016750777286,-3.543774413325942,186.12484333407377,166.27731552124024,146.4297877084067,-0.05749032543202992,-0.06952488907791998,-0.07722212967914832,0.8692884717202873,0.9102003950437981,1.0470636901954398,0.028299167843746434,0.02897131674936049,1.2254584231645538,-0.04753323020854342,-0.17360533637436837,0.023316101831703406,1
2025-06-06 00:00:00+00:00,144.54290771484375,152.02252197265625,144.44039916992188,147.9131317138672,2780168622,165.3764305114746,159.06772735595703,37.22656099676064,-3.3080075631457646,0.08895982743302988,-3.3969673905787943,186.858526024945,165.3764305114746,143.8943349980042,0.023316101831703406,-0.03551467388243745,-0.06256261745002789,0.8944027347573225,0.9298751806698764,1.0396604846274076,0.025209771385895707,0.029742228006655887,0.7262876583752891,0.09353828432014419,-0.16345911548047254,0.015015110430710354,1
2025-06-07 00:00:00+00:00,147.90805053710938,152.82553100585938,147.18727111816406,150.13406372070312,1895979261,164.1881980895996,159.38893859863282,39.89636950909427,-3.6434817808176376,-0.6575284942171037,-2.985953286600534,186.3050864521025,164.1881980895996,142.07130972709672,0.015015110430710354,0.03868130610623055,-0.04372027475878426,0.9144022863249467,0.9419352750617471,1.0301103673389287,0.026446629982343806,0.02745551045209414,0.5083857126724121,0.18227595721096213,-0.12808846380669614,0.015293236655959053,1
2025-06-08 00:00:00+00:00,150.13389587402344,155.04188537597656,148.22442626953125,152.4300994873047,1928262265,163.46649169921875,159.6425354003906,42.61368819170774,-3.681636998115806,-1.2623501949968443,-2.419286803118962,186.15044900106744,163.46649169921875,140.78253439737006,0.015293236655959053,0.030537976723901794,-0.01875248635390747,0.9324852934861952,0.954821339469479,1.0239532420932647,0.027262173353126147,0.026695183179346396,0.535495508710334,0.256735739160146,-0.08498850884032949,0.05680344043775665,1
2025-06-09 00:00:00+00:00,152.4300994873047,161.4990997314453,149.8399200439453,161.08865356445312,3689102023,163.09673995971679,160.10881652832032,51.51577344028892,-2.9788638431425625,-1.6056529246259879,-1.3732109185165746,185.6772002579603,163.09673995971679,140.51627966147328,0.05680344043775665,0.07296538555120313,0.05039789751395385,0.9876877588371193,1.0061198193664713,1.018661829474381,0.03578521510647738,0.0298718817390801,1.0258915268119153,0.4555348657923535,0.031068274454199463,0.02445556575826746,1
2025-06-10 00:00:00+00:00,161.09471130371094,165.53392028808594,156.84259033203125,165.02816772460938,4891108456,162.66406173706054,160.67529205322265,54.94068965060391,-2.080047690793293,-1.700531877859449,-0.3795158129338443,184.71596598065395,162.66406173706054,140.61215749346712,0.02445556575826746,0.08264816646894557,0.14172406013997807,1.0145336711889705,1.027091132779425,1.0123775700571256,0.03582187531750785,0.029536095872339935,1.3670703991845272,0.5536032163352892,0.053557696710045066,-0.024070468409249646,0
2025-06-11 00:00:00+00:00,165.02816772460938,168.0181121826172,159.42578125,161.0558624267578,5292694830,161.73230743408203,160.92162109375,51.026600177612195,-1.6690218095415048,-1.6942298641958602,0.025208054654355383,182.27837323588875,161.73230743408203,141.1862416322753,-0.024070468409249646,-0.00020355957399686986,0.08885438744083096,0.9958175022785728,1.0008342032108266,1.005037771399654,0.0372066775870103,0.028594290158049124,1.4715149114215562,0.4835383325000172,0.02073280694058588,-0.05132498408093944,0
2025-06-12 00:00:00+00:00,161.0558624267578,161.20278930664062,152.23741149902344,152.7896728515625,3655760294,160.68051986694337,160.9543600463867,44.00151356600528,-1.987383927840824,-1.7528606769248531,-0.23452325091597093,180.76859432471383,160.68051986694337,140.5924454091729,-0.05132498408093944,-0.07416003608226351,0.017688251853354542,0.9508910786328353,0.94927327726648,0.9982986470241352,0.035439568635886085,0.02982137364680004,1.073600156911477,0.3035937433433662,-0.0268053581364609,-0.027235583664162566,0
2025-06-13 00:00:00+00:00,152.78704833984375,152.78704833984375,141.43714904785156,148.62835693359375,6346327306,159.3098175048828,160.8808544921875,40.945395485014515,-2.5461215133794894,-1.9115128442157805,-0.634608669163709,178.713895404162,159.3098175048828,139.9057396056036,-0.027235583664162566,-0.07716270184710372,-0.024940891375771712,0.9329516489405202,0.9238411705527786,0.9902347796929374,0.037031635972249545,0.029838270665957536,1.7765293107451847,0.22476247965161403,-0.043225674004500725,-0.026001826598777034,0
2025-06-14 00:00:00+00:00,148.63223266601562,148.64666748046875,142.22569274902344,144.7637481689453,2159011897,157.76173095703126,160.75782928466796,38.2858905628999,-3.2631511298460794,-2.1818405013418403,-1.081310628504239,176.5830200414755,157.76173095703126,138.94044187258703,-0.026001826598777034,-0.05252923533918741,-0.10134112511515936,0.9176100394611787,0.900508229136383,0.9813626599651875,0.03773388913353879,0.030063458678694595,0.615014979692749,0.15469998548535224,-0.05605060723870803,0.055612292598993696,1
2025-06-15 00:00:00+00:00,144.76339721679688,153.21786499023438,144.36363220214844,152.81439208984375,3600058127,156.6570556640625,160.82832977294922,46.134870257877594,-3.1455229538454432,-2.374576991842561,-0.770945962002882,173.75567581513684,156.6570556640625,139.55843551298818,0.055612292598993696,0.028164444811297207,-0.0740102480877528,0.9754708553794154,0.9501708579923748,0.9740638100589893,0.04385439943551958,0.03338146274462122,1.0149983879516673,0.3876323486846592,0.0572247792012619,-0.012723912624100775,0
2025-06-16 00:00:00+00:00,152.81439208984375,158.60787963867188,150.8699951171875,150.8699951171875,4629439778,155.35979614257812,160.88081298828126,44.657589576158024,-3.172626301477351,-2.534186853769519,-0.6384394477078317,169.73964737279587,155.35979614257812,140.97994491236037,-0.012723912624100775,0.04218077402303755,-0.0632443126011788,0.9711006248922327,0.9377749422995335,0.965682564979919,0.03639504182641072,0.033161726376468255,1.2890063291608627,0.3438856927825591,0.019990540184358085,-0.020681338784572234,0
2025-06-17 00:00:00+00:00,150.8648681640625,154.14801025390625,145.87115478515625,147.7498016357422,4505742897,154.13780822753907,160.87961029052735,42.315954939677404,-3.4066101558173614,-2.708671514179088,-0.6979386416382733,166.5093507379197,154.13780822753907,141.76626571715843,-0.020681338784572234,-0.03314210386102867,-0.032985679737115636,0.95855652376757,0.9183873666086432,0.9580941173911754,0.03340606528784387,0.0330207272218269,1.2364702500506175,0.24182659169473522,-0.015880886894505286,-0.009453026154993771,0
2025-06-18 00:00:00+00:00,147.74905395507812,149.15914916992188,143.96722412109375,146.35311889648438,3507323344,153.12605514526368,160.878115234375,41.27270653563421,-3.6625253581519814,-2.899442282973667,-0.7630830751783146,164.4781083852997,153.12605514526368,141.77400190522766,-0.009453026154993771,-0.02993886370311516,-0.01530823649033497,0.9557688843851287,0.9097142807974229,0.9518140793866353,0.03321575253050258,0.03248437123260829,0.9621271852005508,0.20168672989954126,-0.0398673268026466,0.0049083564252052625,1
2025-06-19 00:00:00+00:00,146.3552703857422,147.78707885742188,143.11187744140625,147.07147216796875,2754965137,152.66789321899415,160.86668060302733,42.063855322187806,-3.7639860066073823,-3.0723510277004102,-0.691634978906972,164.22939261483828,152.66789321899415,141.10639382315003,0.0049083564252052625,-0.0045910685514540805,0.015941311469293007,0.9633425147028286,0.9142444639042364,0.9490336510127574,0.0289622422539145,0.02972174368029707,0.7738259282816434,0.2579716583717038,-0.08701532408597579,-0.046935532131843205,0
2025-06-20 00:00:00+00:00,147.07290649414062,148.71890258789062,136.5124053955078,140.16859436035156,4112242022,151.84437561035156,160.65312072753906,36.91721408618529,-4.351240459348389,-3.3281289140300063,-1.023111545318383,164.50865489733567,151.84437561035156,139.18009632336745,-0.046935532131843205,-0.04225755202734782,-0.08275266194860353,0.9231069231042098,0.8724921976341288,0.9451691627445771,0.03224478964503682,0.03128856387412865,1.1344298399475494,0.03902701506275427,-0.15063836499561822,-0.035725432226924814,0
2025-06-21 00:00:00+00:00,140.1680450439453,142.49974060058594,132.41424560546875,135.1610107421875,3335622844,150.71319885253905,160.3953402709961,33.69629591580967,-5.161218675801308,-3.694746866384267,-1.4664718094170412,165.07163066805228,150.71319885253905,136.35476703702582,-0.035725432226924814,-0.08098417218655729,-0.1041226544933479,0.8968093821326947,0.842674173163797,0.9396357687068804,0.03334541414778414,0.031866408679501745,0.9103788571308237,-0.041569870239887806,-0.16078180138488485,-0.026230335094771795,0
2025-06-22 00:00:00+00:00,135.19635009765625,137.55213928222656,126.82627868652344,131.61569213867188,4990284543,149.4440803527832,160.09173309326172,31.59457506452746,-6.0198171251454085,-4.159760918136495,-1.8600562070089133,165.8101794658393,149.4440803527832,133.0779812397271,-0.026230335094771795,-0.06101867726297883,-0.10919885724683986,0.8807019443525299,0.8221267244449089,0.9334903024987823,0.01727239459240522,0.03214067536084448,1.3272109518536856,-0.04467433231809922,-0.1385825384511522,0.10052777985815653,1
2025-06-23 00:00:00+00:00,131.61585998535156,146.59849548339844,131.16085815429688,144.8467254638672,5742740781,148.91925811767578,160.10900634765625,45.305322037796294,-5.5684392674918115,-4.441496588007558,-1.1269426794842534,165.1615767532199,148.91925811767578,132.67693948213167,0.10052777985815653,0.07166056741137194,-0.010292868672533428,0.9726527468288185,0.9046756879456926,0.9301116877480123,0.049418460857896446,0.0402927611506745,1.4877083287646509,0.3746320416071506,-0.025443539495065393,0.007648107619822708,1
2025-06-24 00:00:00+00:00,144.8467254638672,146.5894775390625,142.56668090820312,145.95452880859375,3709899362,148.54900207519532,160.09416412353517,46.27625762871078,-5.062965872685396,-4.565790444943126,-0.4971754277422704,164.7024901895065,148.54900207519532,132.39551396088413,0.007648107619822708,0.10894473475711619,-0.007594561629867602,0.9825345628017867,0.9116792583143087,0.9278851786288029,0.04905967160180887,0.040283820534119094,0.9486062570038356,0.4196930951308593,0.008225682567010839,-0.016781951717859456,0
2025-06-25 00:00:00+00:00,145.95350646972656,147.77401733398438,142.55795288085938,143.505126953125,3095794422,148.49711074829102,160.0289385986328,44.39951121633351,-4.8046359720888745,-4.613559550372275,-0.19107642171659922,164.7113377274454,148.49711074829102,132.28288376913665,-0.016781951717859456,-0.009262194270845625,0.02380371015347227,0.9663832934525733,0.8967448525859999,0.9279391093178174,0.0493536467070186,0.03829674704106356,0.8080637625203196,0.3460616160861722,-0.06091877217458408,-0.030976361737130365,0
2025-06-26 00:00:00+00:00,143.5052947998047,147.7301483154297,138.8082275390625,139.0598602294922,3480832173,148.05444717407227,159.8658609008789,41.1387366137457,-4.902095236217974,-4.671266687541415,-0.2308285486765591,164.81016662849598,148.05444717407227,131.29872771964855,-0.030976361737130365,-0.04723846964792233,0.028845962795746916,0.9392481136753369,0.8698533848681614,0.9261167227308772,0.050393627911246866,0.03850462618826727,0.9003332877706255,0.23159651637025355,-0.07828020991531048,0.022519958737805323,1
2025-06-27 00:00:00+00:00,139.05978393554688,144.4037322998047,137.79420471191406,142.1914825439453,3327165986,147.65731811523438,159.43047485351562,44.245300626356276,-4.672771851277645,-4.671567720288661,-0.0012041309889836427,164.58115653796355,147.65731811523438,130.7334796925052,0.022519958737805323,-0.009153989387492567,0.08035356752240963,0.9629829686665213,0.8918714108741791,0.9261549164355284,0.047982795270296426,0.03871918349693706,0.8449475571822882,0.3385166699550766,-0.03761980747358418,0.06073554988211294,1
2025-06-28 00:00:00+00:00,142.19203186035156,152.43739318847656,141.3493194580078,150.8275604248047,2847495210,147.5771911621094,158.9904605102539,51.800186977033924,-3.7509336776942632,-4.487440911769782,0.7365072340755185,164.42086900625225,147.5771911621094,130.73351331796653,0.06073554988211294,0.08462327069718123,0.04129078473665215,1.022024875504812,0.9486579253921793,0.9282141248505382,0.04885195859820966,0.04105161177613176,0.7147900437349414,0.5964863283652023,0.03057291543943852,0.016744472608245076,1
2025-06-29 00:00:00+00:00,150.82598876953125,154.42337036132812,149.532470703125,153.35308837890625,2462940245,147.19041290283204,158.50508605957032,53.77289785647634,-2.784483492050242,-4.146849427825874,1.3623659357756317,163.05450323440257,147.19041290283204,131.3263225712615,0.016744472608245076,0.07849700724170572,0.05069085303968235,1.041868728774764,0.9674963257726139,0.9286163400934281,0.04510279718337569,0.03907703816413856,0.6279210492789846,0.6942334967612388,0.04271131660233429,0.009013300102645339,1
2025-06-30 00:00:00+00:00,153.35308837890625,159.63160705566406,149.61244201660156,154.7353057861328,4752163067,146.6757698059082,158.13926300048828,54.86175674417405,-1.885298812783418,-3.6945393048173827,1.8092404920339646,160.65976239084173,146.6757698059082,132.69177722097467,0.009013300102645339,0.025908695667568926,0.07825629001168766,1.054947971235396,0.978474939431424,0.9275101389934726,0.02937970257670997,0.03868257774053806,1.2137029334434575,0.7881700605629618,0.10392279021028417,-0.05046469520497188,0
2025-07-01 00:00:00+00:00,154.7350311279297,155.34742736816406,145.212890625,146.9266357421875,3599415509,145.96930847167968,157.59283782958985,47.98524699782844,-1.7822383546095466,-3.3120791147758157,1.5298407601662691,158.21388921515955,145.96930847167968,133.7247277281998,-0.05046469520497188,-0.04190624854479752,0.0565711449710411,1.0065584147827455,0.9323179769188746,0.9262432892383151,0.037257647984145326,0.039887902987496615,0.939608416377007,0.5390918762578942,0.08704895690993553,0.036079195894395566,1
2025-07-02 00:00:00+00:00,146.92874145507812,154.4098358154297,146.232177734375,152.22763061523438,3941952132,145.9412063598633,156.95726531982422,52.3515339317076,-1.2583111869127777,-2.9013255292032083,1.6430143422904306,158.1222942010638,145.9412063598633,133.76011851866278,0.036079195894395566,-0.016206224934627533,0.07058192158723231,1.0430750465353147,0.969866736051036,0.9298149153050416,0.038268165928955475,0.03919372611711853,1.0251962309549223,0.758040346532446,0.15660699831176306,0.0011441012229875813,1
2025-07-03 00:00:00+00:00,152.2285614013672,156.1884765625,150.15145874023438,152.40179443359375,3748228101,146.12987823486327,156.4711166381836,52.492635521402995,-0.8195938000799572,-2.484979183378558,1.665385383298601,158.5996839417923,146.12987823486327,133.66007252793423,0.0011441012229875813,0.037264575369530206,0.010437310027128,1.0429201493526883,0.9739931414051352,0.9339096018133947,0.03439223110704282,0.03864552393035051,1.0088992586678887,0.7514841187639915,0.052159059485340054,-0.030433716961205892,0
2025-07-04 00:00:00+00:00,152.4020233154297,153.55760192871094,145.45196533203125,147.76364135742188,3575641174,146.2798728942871,156.0461895751953,48.383485846377646,-0.8365243686083375,-2.1552882204245143,1.3187638518161768,158.75265725297592,146.2798728942871,133.8070885355983,-0.030433716961205892,-0.02932443499101378,-0.03644821946900678,1.0101433535166322,0.9469224577650949,0.937413936812587,0.037781000002571404,0.038826506142920644,0.9444383739186717,0.559480241959813,0.012395042234013998,-0.0008269448538895663,0
2025-07-05 00:00:00+00:00,147.76290893554688,148.59071350097656,146.07684326171875,147.64144897460938,1579874806,146.0212257385254,155.65233947753907,48.2762670314523,-0.8500035583223564,-1.8942312880040828,1.0442277296817264,158.13276996758233,146.0212257385254,133.90968150946847,-0.0008269448538895663,-0.031235494809469633,-0.0458451080410065,1.0110958062972657,0.948533439781124,0.9381241954259001,0.029120502797404205,0.03669648489933675,0.4287326662296796,0.5668875580785512,0.0288235139002071,0.02866059035762314,1
2025-07-06 00:00:00+00:00,147.64146423339844,153.38705444335938,146.8997344970703,151.87294006347656,2921512526,146.07137298583984,155.371181640625,52.224586481177305,-0.5133226821109247,-1.6180495668254513,1.1047268847145266,158.27540030458337,146.07137298583984,133.86734566709632,0.02866059035762314,0.02780994477602783,0.0336651301944213,1.0397173447407735,0.9774846175448424,0.9401445714927,0.0307479165514553,0.037170014223809104,0.8116232831169058,0.7376906789091825,0.09214075012615996,-0.019757272701241613,0
2025-07-07 00:00:00+00:00,151.8733367919922,153.27696228027344,147.78939819335938,148.87234497070312,3661294298,146.12750015258788,154.870654296875,49.347917441822226,-0.48305524880910866,-1.3910507032221828,0.9079954544130742,158.37427983185364,146.12750015258788,133.88072047332213,-0.019757272701241613,0.008337062556907249,-0.02204123936614344,1.018783903202676,0.9612689095077136,0.9435454432346676,0.03111092627085825,0.037142243787376635,1.0292139788363004,0.6120639421137934,0.0469849691924622,0.019735359962150367,1
2025-07-08 00:00:00+00:00,148.87196350097656,152.79660034179688,147.9498748779297,151.81039428710938,3885408944,146.40036392211914,154.56957763671875,52.12845462314794,-0.21946224022616434,-1.1567330106229792,0.9372707703968148,158.90869755362795,146.40036392211914,133.89203029061034,0.019735359962150367,-0.00041182962772068343,-0.003880532697678074,1.036953667464025,0.9821492470135733,0.9471486314480362,0.024698651010348467,0.037282261042502,1.0864406107964326,0.7162570380822844,0.006516275006613892,0.036039133802376666,1
2025-07-09 00:00:00+00:00,151.81039428710938,157.88002014160156,150.69989013671875,157.28150939941406,4759358090,146.9108657836914,154.3455340576172,56.87583031251971,0.42599972406370057,-0.8401864636856433,1.2661861877493439,160.33444398917052,146.9108657836914,133.4872875782123,0.036039133802376666,0.05648573904284104,0.0644127875745133,1.0705913994883958,1.0190220945472959,0.9518310113776897,0.024690236894257242,0.03803134664236347,1.294537399208421,0.8862846201279498,0.02561683668738013,0.04311546401534172,1
2025-07-10 00:00:00+00:00,157.28150939941406,165.0765838623047,156.0460662841797,164.06277465820312,5703252463,148.10557479858397,154.15315490722656,61.91695442782875,1.4678044777091657,-0.37858827540668155,1.8463927531158473,163.15704654142735,148.10557479858397,133.0541030557406,0.04311546401534172,0.08070844179431869,0.11122436008073722,1.1077420609002742,1.0642842487196609,0.9607690149949757,0.028428777552016494,0.036995713694020285,1.5184201024698913,1.0300876928266642,0.06028015923503749,-0.00718869704273184,0
2025-07-11 00:00:00+00:00,164.06253051757812,167.92196655273438,160.06564331054688,162.8833770751953,7095844188,149.49169311523437,153.81700347900392,60.59034149094536,2.173223158670538,0.13177401140876238,2.0414491472617757,164.62960320865312,149.49169311523437,134.35378302181562,-0.00718869704273184,0.03561682296394664,0.07249768791673383,1.0895814588817192,1.0589425966644122,0.971880154560676,0.02376679103831937,0.035727268164281914,1.7991240908438866,0.9423227472391652,0.10860346221366668,-0.013497584246900951,0
2025-07-12 00:00:00+00:00,162.8833770751953,163.84532165527344,157.99803161621094,160.68484497070312,3795297694,150.94515075683594,153.55419189453124,58.09168873393155,2.525754058111886,0.6105700207493872,1.9151840373624989,164.3378194874665,150.94515075683594,137.55248202620538,-0.013497584246900951,-0.020589251245673124,0.07934650322277514,1.064524724146702,1.0464373716418602,0.9830089878660733,0.025524306476921874,0.03515723829022354,0.9770852567573941,0.8636203661034111,0.05555636858623214,0.003168752674338471,1
2025-07-13 00:00:00+00:00,160.68484497070312,163.9575958251953,159.9158477783203,161.1940155029297,3865898680,151.76251525878905,153.25722412109374,58.51834070685474,2.813787551035716,1.0512135268066531,1.762574024229063,165.57680021968278,151.76251525878905,137.94823029789532,0.003168752674338471,-0.010371602078742104,0.06181145408313515,1.0621464412872825,1.0517873883423912,0.9902470577104824,0.02462773846879653,0.028078109062180737,1.0199013200959226,0.841367659304838,0.05769106001679658,0.006707490175843267,1
2025-07-14 00:00:00+00:00,161.1940155029297,168.33612060546875,160.7777862548828,162.2752227783203,7130680773,152.57854995727538,152.98821899414062,59.46210846206593,3.0936390155965228,1.459698624564627,1.6339403910318957,166.86825761044167,152.57854995727538,138.2888423041091,0.006707490175843267,0.00989749722761446,0.03175016184658297,1.0635520053360066,1.0607040453522463,0.9973222184063668,0.02132230589342311,0.028075521548510823,1.7999939996781888,0.8392887054234576,0.09820806585157671,0.01032330534583914,1
2025-07-15 00:00:00+00:00,162.27561950683594,164.12208557128906,157.60275268554688,163.950439453125,6533486768,153.6008155822754,152.76906982421875,60.944746662225526,3.4112762337913125,1.8500141464099642,1.5612620873813483,168.08145320558745,153.6008155822754,139.12017795896335,0.01032330534583914,0.01710003899087198,-0.0006847086751529119,1.0673800059694727,1.0731913183851411,1.00544446437367,0.0210916104148705,0.02758372950175234,1.5806617054182122,0.8573607785815996,0.11046349512134879,0.05951823864812433,1
2025-07-16 00:00:00+00:00,163.950439453125,175.83580017089844,161.69142150878906,173.70848083496094,8415349750,155.33324661254883,152.70693572998047,68.23304263829354,4.399681614873373,2.359947640102646,2.039733974770727,170.7494007321954,155.33324661254883,139.91709249290227,0.05951823864812433,0.0704559689451747,0.06645922962886641,1.1182955653289464,1.1375284298947352,1.0171983732763274,0.026790098459302983,0.028428362414820253,1.9212631526151231,1.0959733562534395,0.14377505803442037,0.012000359446841857,1
2025-07-17 00:00:00+00:00,173.70848083496094,178.0684356689453,169.03152465820312,175.7930450439453,7913250794,157.01332473754883,152.7790054321289,69.5407282981036,5.290224495755524,2.9460030112332216,2.3442214845223024,173.67288008727152,157.01332473754883,140.35376938782613,0.012000359446841857,0.07223283835238647,0.09402380215755124,1.1196059018416888,1.1506361397413354,1.027715321836553,0.023668207047381675,0.02831212051561158,1.7167573136934766,1.0636320991817192,0.1808307653012382,0.009038629612787341,1
2025-07-18 00:00:00+00:00,175.79193115234375,184.36900329589844,173.91468811035156,177.38197326660156,8439352014,158.34104537963867,152.99488128662108,70.53633585004502,6.054407927362206,3.567683994459019,2.486723932903187,177.03345896510655,158.34104537963867,139.6486317941708,0.009038629612787341,0.021147455863889553,0.10042530247270665,1.1202526346931103,1.1593980908047088,1.03494341802849,0.022450593682297043,0.025783267952516474,1.7261882957899901,1.0093223461994754,0.1684441905284184,-0.0017580358721210887,0
2025-07-19 00:00:00+00:00,177.3819122314453,178.369384765625,174.31314086914062,177.07012939453125,4074891432,159.52689743041992,153.41158966064452,70.05237619650453,6.559254604183934,4.165998116404002,2.393256487779932,179.827034936344,159.52689743041992,139.22675992449584,-0.0017580358721210887,0.007264703505571957,0.09117169191270724,1.1099703701801327,1.1542161174799166,1.039862097663565,0.02054552549422024,0.02580215298308582,0.8199624015946977,0.9320963825735609,0.12581656973334532,0.02527759135532981,1
2025-07-20 00:00:00+00:00,177.07049560546875,183.31976318359372,176.52830505371094,181.5460357666016,6503778374,160.86743392944337,153.9097314453125,72.92389051040668,7.237092769788518,4.780217047080905,2.456875722707613,183.2676047868053,160.86743392944337,138.46726307208144,0.02527759135532981,0.023475116570845334,0.10732265416407949,1.1285443630948193,1.1795617733964332,1.0452063844098323,0.020274953040718528,0.026105851054474005,1.286046282397907,0.9615724131934935,0.1065644607365801,0.07958437025463772,1
2025-07-21 00:00:00+00:00,181.54525756835935,198.91555786132807,178.56219482421875,195.9942626953125,11211509986,163.3208152770996,154.67392578125,79.69277895786664,8.83825367709909,5.591824373084542,3.2464293040145478,189.68891004448489,163.3208152770996,136.9527205097143,0.07958437025463772,0.10687366279953547,0.12829414979182907,1.2000568473943583,1.267144812581407,1.0559039893257678,0.030206804103171482,0.0268718861283823,2.0617757384427455,1.1195640547118086,0.20327970978175092,0.04952330458991572,1
2025-07-22 00:00:00+00:00,195.98789978027344,205.87147521972656,194.2823028564453,205.70054626464844,14508715185,165.9944610595703,155.6479754638672,82.80309482611162,10.766294060983455,6.626718310664325,4.13957575031913,197.89093247017547,165.9944610595703,134.09798964896515,0.04952330458991572,0.1330489558532706,0.17012903561245407,1.239201265823134,1.3215754695916406,1.0664736278442952,0.030079193420328016,0.02758955062624914,2.4318464429598303,1.1224212812436107,0.2801490165556857,-0.07854917415454332,0
2025-07-23 00:00:00+00:00,205.71124267578125,205.75608825683597,184.32736206054688,189.54293823242188,10671351702,167.8515182495117,156.3319708251953,64.9652013712766,10.865248204635662,7.474424289458593,3.3908239151770694,200.72568082246627,167.8515182495117,134.97735567655715,-0.07854917415454332,-0.032915884241569326,0.06855806563580513,1.1292298110206296,1.2124387432201047,1.0736864466270764,0.04921295662776036,0.03463119313957694,1.6905680757325607,0.8299159322275118,0.17586833258693124,-0.03659790469820767,0
2025-07-24 00:00:00+00:00,189.539306640625,191.88336181640625,179.94815063476562,182.60606384277344,8921891799,169.5936393737793,156.91689910888672,59.080645709989476,10.265586990321282,8.032656829631131,2.2329301606901506,201.6687134165915,169.5936393737793,137.5185653309671,-0.03659790469820767,-0.11227234366292005,0.03126407862902458,1.0767270784272467,1.1637119066191888,1.0807863291773057,0.0527734320585421,0.03504926087314735,1.3559930361975336,0.7028432491165229,0.1252861694864318,0.02285575383059335,1
2025-07-25 00:00:00+00:00,182.60394287109372,186.78858947753903,176.41354370117188,186.7796630859375,8613557362,171.5505500793457,157.76163330078126,61.3490707061997,10.011716896050245,8.428468842914954,1.583248053135291,202.7501453468578,171.5505500793457,140.3509548118336,0.02285575383059335,-0.014578623568112015,0.028828100251466537,1.0887733265766155,1.1839359112733814,1.0874034864501885,0.05313501931110382,0.035020673902442304,1.2427072944427036,0.7440594641695522,0.13924466264904156,-0.009989222919562724,0
2025-07-26 00:00:00+00:00,186.77980041503903,189.6469573974609,184.5326690673828,184.91387939453125,3756183776,173.20259704589844,158.50164825439452,59.75429357322774,9.549884739730828,8.65275202227813,0.8971327174526991,203.5011295409297,173.20259704589844,142.9040645508672,-0.009989222919562724,0.01263821969102219,-0.056534222728787276,1.067616089760648,1.1666369494009627,1.092749501051932,0.053492822980369795,0.03514290843594778,0.5386740627462875,0.6932648446018528,0.0645069170239101,0.020656159549568676,1
2025-07-27 00:00:00+00:00,184.91197204589844,190.44314575195312,184.74012756347656,188.7334899902344,4713357652,175.195654296875,159.27363677978516,61.93577482657158,9.383918115038313,8.798985240830167,0.5849328742081461,203.96079041104394,175.195654296875,146.43051818270607,0.020656159549568676,0.01046059764760332,-0.08248425481857835,1.0772726683643594,1.1849637755881786,1.0999664341130349,0.05326406139582802,0.03446833647323705,0.67088129837098,0.7353167327216474,0.07361181406837902,-0.03280777062485596,0
2025-07-28 00:00:00+00:00,188.7321014404297,194.65802001953125,182.36875915527344,182.54156494140625,7456216270,176.73221282958986,159.87586608886718,56.58153364761156,8.653005307010432,8.76978925406622,-0.11678394705578832,203.4477860107911,176.73221282958986,150.0166396483886,-0.03280777062485596,-0.012829293619779802,-0.036938191189325065,1.0328709295198941,1.1417706087042576,1.105433966696093,0.04375167420170865,0.03586192080961635,1.0349874224197637,0.6087259493257704,0.029087463510454548,-0.006608100747602319,0
2025-07-29 00:00:00+00:00,182.55848693847656,186.4884490966797,178.57058715820312,181.33531188964844,5430304723,177.93490295410157,160.2807992553711,55.573621974251985,7.885517760329748,8.592934955318926,-0.7074171949891781,203.08333881931324,177.93490295410157,152.7864670888899,-0.006608100747602319,-0.039199074318865046,-0.0069589800381389955,1.0191104099257244,1.131360167481644,1.1101448444277013,0.03555577703848883,0.03549004369002527,0.7502795492583241,0.5676067679471613,0.024087532491795294,-0.020080459502199166,0
2025-07-30 00:00:00+00:00,181.33531188964844,182.3795166015625,172.34226989746094,177.6940155029297,6074764559,178.6164649963379,160.5341162109375,52.53154484252187,6.903872617290887,8.255122487713319,-1.351249870422432,202.90611937915594,178.6164649963379,154.32681061351985,-0.020080459502199166,-0.026555866550352913,-0.04864366619414817,0.9948355853228473,1.1068925390877322,1.1126386665476182,0.023636769517009368,0.03498422051813014,0.83717291292486,0.4810114734678825,-0.02121787042832557,-0.02965585849465302,0
2025-07-31 00:00:00+00:00,177.69378662109375,182.48248291015625,171.85279846191406,172.42434692382812,5443530167,179.09351348876953,160.7614859008789,48.402222569537514,5.6357283864655585,7.731243667463767,-2.0955152809982085,202.43852529939403,179.09351348876953,155.74850167814503,-0.02965585849465302,-0.04914081473134746,-0.06754242846236291,0.962761540409672,1.0725476065215036,1.1140324592371187,0.022395933403507255,0.0357346356147336,0.7588209836415171,0.3571607798050842,-0.1202581924968158,-0.05537069816447815,0
2025-08-01 00:00:00+00:00,172.4171142578125,172.4171142578125,159.78857421875,162.87709045410156,8200357157,179.20312576293946,160.96323425292968,41.96593448530697,3.81633876203486,6.948262686377986,-3.131923924343126,202.20222638837458,179.20312576293946,156.20402513750435,-0.05537069816447815,-0.08338449106961532,-0.1369995305945475,0.9088964813569438,1.0118900207867627,1.1133171285645798,0.023928562165766398,0.037938846538730885,1.1090673895744334,0.14507231011497368,-0.20818348122153962,-0.026977848597844134,0
2025-08-02 00:00:00+00:00,162.87709045410156,165.1070098876953,156.0843505859375,158.48301696777344,4455060056,179.06757583618165,161.1603274536133,39.37103571714326,1.99687562988737,5.957985275079863,-3.9611096451924928,202.5406550232135,179.06757583618165,155.5944966491498,-0.026977848597844134,-0.08085476445048412,-0.1317976428072989,0.8850458617519913,0.9833872856419303,1.1111144948977756,0.023708378646856276,0.03845858838104479,0.6001390669880101,0.06152836395276733,-0.1638674674683055,0.02190742208301799,1
2025-08-03 00:00:00+00:00,158.48341369628906,162.8240509033203,156.87167358398438,161.95497131347656,3702562222,179.05156326293945,161.5041519165039,42.401612025743205,0.8255789285186665,4.931504005767624,-4.1059250772489575,202.5732614439081,179.05156326293945,155.5298650819708,0.02190742208301799,-0.005661441630950836,-0.10687571203983581,0.9045158185837432,1.0027913796123689,1.1086499086135408,0.024081408230709957,0.038750221181311335,0.5105592536124299,0.13657828150996984,-0.11309094613132764,0.046128367182560304,1
2025-08-04 00:00:00+00:00,161.9629669189453,169.71173095703125,161.43699645996094,169.42568969726562,4977909460,179.3253257751465,161.83637786865233,48.38064182529532,0.4944427637198885,4.044091757358077,-3.549648993638188,202.22624939970558,179.3253257751465,156.4244021505874,0.046128367182560304,0.06904634287544709,-0.046531256453753445,0.9447951033403175,1.0468949684154005,1.1080656162527829,0.034192193314052224,0.0400283873310877,0.6938631655389852,0.2838594582433251,-0.09291147174137093,-0.03145481750679646,0
2025-08-05 00:00:00+00:00,169.4277801513672,171.56015014648438,161.64089965820312,164.096435546875,4979304041,178.8447235107422,162.1009066772461,44.80742686492803,-0.19575476501367461,3.196122452883727,-3.3918772178974015,202.6283933543737,178.8447235107422,155.06105366711068,-0.03145481750679646,0.01322259030414985,-0.04829892950461423,0.91753579488197,1.0123104115241142,1.1032925550924535,0.03504896857754499,0.038329513192595935,0.7110861160836691,0.18994927904668366,-0.11257913097610306,0.02485916231612806,1
2025-08-06 00:00:00+00:00,164.09857177734375,169.86183166503906,161.40118408203125,168.1757354736328,3851544154,178.46385803222657,162.5094253540039,47.97484081230973,-0.4088627518868009,2.4751254119296218,-2.8839881638164226,202.69308098113854,178.46385803222657,154.2346350833146,0.02485916231612806,-0.007377595604694087,0.03253155495815041,0.9423517866752833,1.0348675783406758,1.0981754297848767,0.03768970683957388,0.03868545070107819,0.5664612724173911,0.28769185911808715,-0.10892478339517431,0.043464607793902266,1
2025-08-07 00:00:00+00:00,168.17543029785156,175.48870849609375,166.89454650878906,175.4854278564453,5177005321,178.36903076171876,163.09207153320312,53.161904251162376,0.01194106958379848,1.982488543460457,-1.9705474738766586,202.6309052925202,178.36903076171876,154.10715623091733,0.043464607793902266,0.06940426385018572,0.10728222628503614,0.983833500171195,1.075989937504222,1.0936707657515128,0.04046676089420221,0.03992511379733267,0.7801171305379972,0.4405733695141198,-0.038654961061749815,0.00728187271408931,1
2025-08-08 00:00:00+00:00,175.48545837402344,179.35963439941406,173.70159912109375,176.76329040527344,6565011386,178.35368881225585,163.68590789794922,54.02488418693894,0.4434323459179268,1.6746773039519511,-1.2312449580340243,202.6194094447905,178.35368881225585,154.0879681797212,0.00728187271408931,0.0510629842495145,0.09143479185417669,0.9910828959155616,1.079893148257316,1.0896093078669382,0.031219459471572782,0.03995269884539911,0.9710555853529456,0.4672295244994689,-0.025213078670288436,0.019342546272953065,1
2025-08-09 00:00:00+00:00,176.76312255859375,183.1424865722656,176.7598419189453,180.18234252929688,5297615193,178.28550415039064,164.48618286132813,56.34262744406467,1.049186850421819,1.549579213245925,-0.500392362824106,202.52110042400912,178.28550415039064,154.04990787677215,0.019342546272953065,0.0267652689469684,0.0634889127572773,1.0106393303703827,1.0954253992336946,1.0838934982198243,0.026013008376764617,0.03978199916891838,0.7906430944741168,0.5391333136080302,0.014003437422045018,0.01509955176090294,1
2025-08-10 00:00:00+00:00,180.18289184570312,185.916748046875,177.99513244628906,182.90301513671875,6719478867,177.63094177246094,165.44102294921876,58.15058061387084,1.7288580024010116,1.5854349710769424,0.1434230313240692,200.5225943185389,177.63094177246094,154.739289226383,0.01509955176090294,0.034734161812492115,0.11460687447090567,1.029679926884648,1.1055481396102094,1.0736813554820912,0.026004288333366828,0.03539580016460862,1.037631387513514,0.6151527473529008,0.060772555615476787,-0.043330075286575176,0
2025-08-11 00:00:00+00:00,182.9030303955078,186.6573028564453,173.68667602539062,174.97781372070312,7353962794,176.09480514526368,166.30826538085938,51.46471201556868,1.6094520056381612,1.5902383779891862,0.01921362764897494,194.79506644229576,176.09480514526368,157.3945438482316,-0.043330075286575176,-0.028884788240265635,0.04044625241515165,0.9936568746384136,1.0521293894803712,1.058845781007891,0.031229176875349058,0.034235428231761365,1.2020112090439705,0.47013433644539954,0.07429358685659682,0.09646373275908826,1
2025-08-12 00:00:00+00:00,174.9778289794922,193.4408416748047,173.8356170654297,191.85682678222656,8611505118,176.21049957275392,167.24846740722657,61.59299168887985,2.8440329417929036,1.8409972907499297,1.0030356510429739,195.2859467747142,176.21049957275392,157.13505237079363,0.09646373275908826,0.0489538766696378,0.09329207060528,1.0887933877232587,1.1471365313924347,1.0535851377561867,0.04191465409037052,0.03734278369082041,1.4316583202753694,0.910116917412682,0.21058287791959107,0.05073364844507866,1
2025-08-13 00:00:00+00:00,191.85682678222656,204.4700164794922,191.49545288085935,201.5904235839844,11831412257,177.15971755981445,168.36118530273438,65.99931829922409,4.555355836734805,2.3838689999469045,2.1714868367879,199.2295219518118,177.15971755981445,155.08991316781712,0.05073364844507866,0.15209133830966648,0.14045412439307192,1.1379021504474989,1.1973687594411961,1.0522598616852168,0.043195216556825664,0.03778637035960438,1.9205179055273724,1.0534871444766563,0.24473130987618963,-0.04466715563720225,0
2025-08-14 00:00:00+00:00,201.58673095703125,209.66685485839844,187.7833709716797,192.58595275878903,14664456934,177.45003204345704,169.34280181884765,59.22954495882846,5.125917630628294,2.932278726083182,2.1936389045451117,200.19508121455831,177.45003204345704,154.70498287235577,-0.04466715563720225,0.0038003650367368635,0.0688392106317266,1.0852968046330094,1.137255027614374,1.0478746668741314,0.049919709505819185,0.03915753752003706,2.2689589950677007,0.8327300064614268,0.13669865002708148,-0.03554099323897586,0
2025-08-15 00:00:00+00:00,192.5877685546875,198.1383209228516,183.76400756835935,185.7412567138672,7685764515,177.49140090942382,170.27642974853515,54.64139979452948,4.968508324475522,3.3395246457616503,1.6289836787138716,200.29653955068426,177.49140090942382,154.68626226816338,-0.03554099323897586,-0.0786206337996721,0.01551774078205792,1.0464803126358408,1.0908218887850218,1.042372107352402,0.053439758864637935,0.03998594850439173,1.154095610994516,0.6808771245423878,0.13190305502284505,0.021673922360448072,1
2025-08-16 00:00:00+00:00,185.7395477294922,189.98114013671875,185.4577789306641,189.7669982910156,3716008732,177.5430763244629,171.22794006347655,56.76284711428286,5.109702545758296,3.6935602257609794,1.4161423199973164,200.45988455417407,177.5430763244629,154.62626809475174,0.021673922360448072,-0.014637383606602605,0.08452034149837262,1.0688504571375865,1.1082712215113162,1.0368814590577053,0.05352724170405726,0.04001295632479732,0.5622063160221393,0.7667021044995401,0.12838512497998233,0.007366018122360263,1
2025-08-17 00:00:00+00:00,189.76585388183597,195.4407958984375,187.7236785888672,191.16482543945312,4221788171,177.97423934936523,172.03468536376954,57.50602407434869,5.273602149251104,4.009568610459004,1.2640335387921002,201.6005164320615,177.97423934936523,154.34796226666896,0.007366018122360263,0.029199590987698087,-0.003606863276014227,1.0741151423841437,1.1111993202721455,1.03452532826759,0.053451289737490894,0.039225870044336426,0.6547471443696004,0.7791507532887733,0.08934871558585611,-0.04234542325308599,0
2025-08-18 00:00:00+00:00,191.16448974609372,191.35415649414065,180.4141082763672,183.0698699951172,6328028844,178.06096725463868,172.62902099609374,51.93840594601518,4.696164057861097,4.146887699939423,0.5492763579216735,201.75183962626127,178.06096725463868,154.3700948830161,-0.04234542325308599,-0.035291322285807,-0.09187218946018727,1.028130268063272,1.0604814239157372,1.0314660085957845,0.053296212178804404,0.04048197226950077,0.9746144505699994,0.6057137673511397,0.03567810700617957,-0.03800513883240797,0
2025-08-19 00:00:00+00:00,183.06968688964844,185.7837371826172,175.99241638183594,176.11227416992188,5990636025,177.98188018798828,173.05656036376953,47.666706745239125,3.6352158684902633,4.044553333649591,-0.4093374651593278,201.68846584229448,177.98188018798828,154.27529453368209,-0.03800513883240797,-0.07874121839584336,-0.0855393571175993,0.9894955260833761,1.0176573127290243,1.028460751871328,0.03799439265429269,0.04117149021577659,0.923248862162837,0.460567792314563,-0.022588608307793634,0.06515178794378018,1
2025-08-20 00:00:00+00:00,176.11387634277344,187.6895446777344,176.10101318359375,187.5863037109375,6283111574,178.73997802734374,173.86975372314453,54.33663831381211,3.6778688929845487,3.971216445516583,-0.29334755253203415,202.66695023170257,178.73997802734374,154.8130058229849,0.06515178794378018,0.024670546365389123,0.009933425829634634,1.04949270880094,1.0788897993703612,1.0280107620785737,0.04210184052032096,0.04295437829638706,0.9620994125671686,0.6848609512318948,0.02560531093879459,-0.03894569686999538,0
2025-08-21 00:00:00+00:00,187.5863037109375,189.4005279541016,179.7133331298828,180.28062438964844,5379108039,179.6101547241211,174.43081359863282,49.96967852021446,3.0865842353432242,3.7942900034819114,-0.7077057681386871,202.3441924278946,179.6101547241211,156.87611702034758,-0.03894569686999538,0.0236687092899881,-0.04998958716109014,1.0037329162516295,1.0335365677103134,1.0296928106831285,0.04135379102788387,0.041881212513927304,0.8418584279082464,0.5147459433793422,0.030305617359064563,0.11297287968696379,1
2025-08-22 00:00:00+00:00,180.2796936035156,201.93734741210935,177.47476196289062,200.6474456787109,10256417346,181.71837615966797,175.39572662353515,59.69479645933529,4.212855968394564,3.878003196464442,0.33485277193012175,204.0191570877464,181.71837615966797,159.41759523158953,0.11297287968696379,0.0696273752901495,0.04960441973286134,1.1041670628974298,1.1439699788659925,1.0360479109602458,0.05941795294266309,0.04742203892196398,1.5354765109068653,0.9244037368038927,0.045818640096984664,0.01639338776882804,1
2025-08-23 00:00:00+00:00,200.6461639404297,207.8390045166016,195.3718414306641,203.93673706054688,7845395369,183.81746444702148,176.51918853759764,61.01289050735278,5.3096464567334465,4.164331848518243,1.1453146082152035,206.1886531539055,183.81746444702148,161.44627574013745,0.01639338776882804,0.13121827567986144,0.11398307687652931,1.1094524542270794,1.1553233319850065,1.0413455101957334,0.05931628319219155,0.04738297592973619,1.1391975796481315,0.9496692794722689,0.011639012582286501,0.009393276478208534,1
2025-08-24 00:00:00+00:00,203.9371490478516,211.7602386474609,201.7071990966797,205.8523712158203,11456987571,185.63879852294923,177.68340698242187,61.7964710968534,6.261260573012407,4.583717593417076,1.677542979595331,208.986520960253,185.63879852294923,162.29107608564547,0.009393276478208534,0.025940651870763665,0.16887009827153632,1.1088865735702993,1.1585345796312043,1.0447728444407551,0.05929598184858003,0.04672359887632472,1.5888810368457216,0.9328810389782367,0.06888570151140394,-0.09022936545887283,0
2025-08-25 00:00:00+00:00,205.85543823242188,213.00613403320312,186.02505493164065,187.2784423828125,13048248034,186.7978988647461,178.3915170288086,51.07719291376038,5.453792858939579,4.757732646521577,0.6960602124180024,207.82943626952897,186.7978988647461,165.7663614599632,-0.09022936545887283,-0.08168363835687287,-0.0016411716742358307,1.0025725317093335,1.0498169728136162,1.0471232151390917,0.06864687498672119,0.05115867668512771,1.7136786602183667,0.5114243554529002,0.008275951698298867,0.04606321923366474,1
2025-08-26 00:00:00+00:00,187.26841735839844,197.84652709960935,186.17344665527344,195.90509033203125,8032115173,188.18436660766602,179.33217193603517,54.98292227908316,5.447175621823732,4.895621241582008,0.5515543802417238,207.64421216152394,188.18436660766602,168.7245210538081,0.04606321923366474,-0.048322401267654636,0.0866674718665994,1.0410274448592305,1.0924146415954152,1.0493620000029236,0.0671563902043392,0.05174592314088508,1.0267041918130553,0.6983757708404472,0.03234541356660259,0.03582489876808115,1
2025-08-27 00:00:00+00:00,195.906005859375,211.85757446289065,194.0631103515625,202.92337036132807,12883119559,189.55626373291017,180.35443145751952,57.92584895543715,5.939777895687428,5.104452572403092,0.8353253232843354,209.1150264720221,189.55626373291017,169.99750099379824,0.03582489876808115,0.083538328167724,0.011342903842700869,1.0705178840581735,1.1251365919951037,1.051020827162531,0.06453407121698787,0.05150510839819538,1.5694835963452136,0.8417165698750338,0.061509981738764985,0.056584262653749384,1
2025-08-28 00:00:00+00:00,202.9257049560547,216.08740234375,202.00714111328125,214.4056396484375,12079041801,191.43838119506836,181.4969140625,62.27148699327783,7.173994573091534,5.518360972540781,1.655633600550753,212.95984511248162,191.43838119506836,169.9169172776551,0.056584262653749384,0.09443628690326755,0.051334069274544314,1.119972067826704,1.1813183753339471,1.0547748548999842,0.06174207222954672,0.052609979029693395,1.4237084731057728,1.0335895955197099,0.171168361315579,-0.042842335876967286,0
2025-08-29 00:00:00+00:00,214.40133666992188,217.83670043945312,200.4359436035156,205.22000122070312,14055051455,192.69026412963868,182.32005859375,57.18318551702687,7.326461046074996,5.879980987247624,1.4464800588273725,214.3671454352515,192.69026412963868,171.01338282402585,-0.042842335876967286,0.011317724790819605,-0.003071958760456517,1.0650252733196455,1.1256029797466187,1.0568791257301855,0.052917944658148995,0.05391242147570956,1.5753107400840756,0.7890115260219676,0.16527937753331523,-0.011499187541238243,0
2025-08-30 00:00:00+00:00,205.2144775390625,206.80039978027344,197.89419555664065,202.86013793945312,5828701739,193.6881202697754,183.11959381103514,55.919016043067415,7.1741711999528945,6.138819029788678,1.0353521701642165,215.30529605704274,193.6881202697754,172.07094448250805,-0.011499187541238243,-0.05384887136325156,0.08320068961696281,1.0473545701042617,1.1078013756888772,1.0577137936950982,0.05291934212267681,0.054053122610347455,0.6565669920754237,0.7121465301466463,0.08142297132765064,-0.009842235691641665,0
2025-08-31 00:00:00+00:00,202.8571929931641,206.5069580078125,200.6566925048828,200.8635406494141,5028997406,194.98240661621094,183.92316772460939,54.81487712756634,6.81382613840168,6.273820451511279,0.5400056868904013,214.91700186307054,194.98240661621094,175.04781136935134,-0.009842235691641665,-0.02122824551883662,0.025310472070832812,1.0301623830337634,1.0921057044328952,1.060129667341097,0.052878203330529984,0.052933399424875835,0.5740016208221446,0.64751074602655,0.11417153856356133,-0.01869529549727833,0
2025-09-01 00:00:00+00:00,200.8618621826172,204.2178497314453,194.3780212402344,197.10833740234372,7253329838,195.2449821472168,184.64145416259765,52.70693066697808,6.154293695671868,6.249915100343397,-0.09562140467152958,215.14454485378857,195.2449821472168,175.34541944064503,-0.01869529549727833,-0.028353527684310875,-0.02865629990587093,1.009543678073744,1.0675194164619586,1.0574276672197434,0.037814428925140586,0.048944029519905,0.8343503695871675,0.5468190000605277,-0.017638441717490072,0.06277359763648205,1
2025-09-02 00:00:00+00:00,197.10958862304688,209.4815368652344,197.0936584472656,209.4815368652344,8625200488,195.6395378112793,185.58558044433593,58.38550148451729,6.554467451875752,6.310825570649868,0.2436418812258836,216.3646368097426,195.6395378112793,174.914438812816,0.06277359763648205,0.042904731181962585,-0.022966293196751697,1.0707525646850975,1.128759768747582,1.0541742377983883,0.04101417479981568,0.049637933631909346,1.0107962314523902,0.8339428934689637,0.027188822791851086,0.006037622822225863,1
2025-09-03 00:00:00+00:00,209.4827880859375,212.82351684570312,207.5840759277344,210.74630737304688,6966454259,196.54755554199218,186.5214978027344,58.92837398364277,6.894192487110217,6.427498953941939,0.46669353316827866,218.2763450366514,196.54755554199218,174.81876604733296,0.006037622822225863,0.06919022376443107,0.02692869174287016,1.0722407958313231,1.1298767694645724,1.05375282665734,0.039443211757426565,0.04834908781980192,0.8549710831148184,0.8267267105363748,0.023774009151906528,-0.03884351195057445,0
2025-09-04 00:00:00+00:00,210.74630737304688,211.7950134277344,202.12701416015625,202.5601806640625,5241887525,197.38850173950195,187.09853179931642,54.01666777596761,6.428768176254067,6.427752798404365,0.0010153778497024035,218.65323977490965,197.38850173950195,176.12376370409424,-0.03884351195057445,-0.03304041160259685,-0.0014786407937874557,1.0262005075218907,1.0826390710608589,1.054997598544614,0.03535517934983339,0.0485024395342473,0.6531148320431389,0.6216022251473129,0.08159902488943649,0.004632397297051227,1
2025-09-05 00:00:00+00:00,202.54673767089844,209.8600616455078,201.1800079345703,203.4985198974609,7780086538,198.07507781982423,187.65264129638672,54.48497281026165,6.065710456438353,6.355344330011162,-0.289633873572809,219.18987891657463,198.07507781982423,176.96027672307383,0.004632397297051227,-0.03439105323329106,0.01311825550584067,1.0273807393506114,1.0844426089161545,1.0555411128318513,0.03183720981255547,0.04835186580966672,0.9454260924659743,0.6284274962569113,0.038760756816272,-0.015981504563535753,0
2025-09-06 00:00:00+00:00,203.4985198974609,204.5575408935547,199.6403961181641,200.24630737304688,3057210360,198.5291519165039,188.10992797851563,52.48968265355697,5.4527028625390415,6.174816036516738,-0.7221131739776965,219.40751848169424,198.5291519165039,177.65078535131357,-0.015981504563535753,-0.011423139945027416,0.015920026580599878,1.008649386953837,1.064517484669482,1.0553890166774094,0.032132517578837935,0.04856288365425563,0.3741557527290877,0.541122840026334,-0.013192482381474191,0.03107112502287901,1
2025-09-07 00:00:00+00:00,200.2473602294922,207.86734008789065,200.2285003662109,206.4681854248047,4153166545,199.69906768798828,188.69788909912108,55.82282971759693,5.406619345948599,6.02117669840311,-0.6145573524545114,219.52578651209456,199.69906768798828,179.872348863882,0.03107112502287901,0.014593057132995968,-0.014384806821272744,1.0338965915824532,1.0941732650562352,1.0583004857202636,0.034010674686408504,0.04768751354436497,0.515139748090329,0.6707069585459141,-0.03702073432698838,0.03738210769132655,1
2025-09-08 00:00:00+00:00,206.46453857421875,216.8997802734375,205.7173614501953,214.1864013671875,10019366594,201.60277404785157,189.35069641113282,59.608451019387815,5.92459826885613,6.001861012493714,-0.07726274363758456,219.06420976620967,201.60277404785157,184.14133832949346,0.03738210769132655,0.06961473685590147,0.016323389183048542,1.0624179274256869,1.1311624695698477,1.0647057437281144,0.03425986040626892,0.04690760444527835,1.2124626240168288,0.8603262504384481,0.04369164844142803,0.014306628519646702,1
2025-09-09 00:00:00+00:00,214.18653869628903,219.52349853515625,211.1582489013672,217.2506866455078,8798692220,203.08599319458008,189.77582489013673,61.036027719603794,6.507349831582957,6.102958776311563,0.4043910552713941,220.57391503921338,203.08599319458008,185.5980713499468,0.014306628519646702,0.05222354813899455,0.07252415520802136,1.0697472692632046,1.1447753515036838,1.070136269001327,0.026384181573705014,0.045155979618633366,1.0487832166256181,0.9049850398683764,0.07093827723980839,0.031006674443649684,1
2025-09-10 00:00:00+00:00,217.2503967285156,225.5124664306641,215.27252197265625,223.9869079589844,9070263027,205.27130737304688,190.14155212402343,64.04450061855349,7.427126119904557,6.367792245030162,1.0593338748743948,221.6480021754773,205.27130737304688,188.89461257061646,0.031006674443649684,0.04575690393619136,0.10068077188889246,1.091174947075896,1.1780008391479033,1.079571009492732,0.028098750648931397,0.043995853063267004,1.0578816372536333,1.071409579641186,0.11511978348489671,0.021292636672582743,1
2025-09-11 00:00:00+00:00,223.98568725585935,228.9088287353516,222.025146484375,228.7561798095703,9580815361,206.67674407958984,190.9258169555664,66.0435589123255,8.443563688637482,6.782946533751627,1.6606171548858555,225.9508648241815,206.67674407958984,187.40262333499817,0.021292636672582743,0.052959524969586225,0.14237402332424165,1.1068307700912776,1.1981416838080523,1.0824976285301904,0.018587015077825255,0.03714525194884477,1.1218482026925627,1.0727741364330712,0.16056064814055038,0.05922071217098179,1
2025-09-12 00:00:00+00:00,228.75624084472656,243.78890991210935,228.2635498046875,242.30328369140625,13008621197,208.5950714111328,192.11976135253906,70.97924865390189,10.224375612678472,7.471232349536995,2.7531432631414763,233.52752251615368,208.5950714111328,183.66262030611193,0.05922071217098179,0.08177431395131296,0.17356232483407297,1.1615963984778714,1.2612095808654509,1.0857554160103375,0.023106040677860245,0.03889392079817097,1.4785266360416112,1.175990742712924,0.15668085749861116,0.0012076509793579326,1
2025-09-13 00:00:00+00:00,242.3009796142578,244.14328002929688,236.47329711914065,242.5959014892578,7478581447,210.4322479248047,193.23608612060548,71.0770415615639,11.526424259403257,8.282270731510248,3.2441535278930083,239.5734956016941,210.4322479248047,181.2910002479153,0.0012076509793579326,0.06049988110139126,0.1326391402102456,1.1528456492844499,1.2554378758108624,1.0889904269405792,0.01840071695857119,0.03893684963310235,0.8696583614689978,1.051857866915572,0.15112764969985082,-0.00840165887098776,0
2025-09-14 00:00:00+00:00,242.59559631347656,249.12413024902344,240.21392822265625,240.5576934814453,9358190854,213.09621047973633,194.34896240234374,69.32469845100819,12.25260048901282,9.076336683010762,3.1762638060020585,243.05501844848865,213.09621047973633,183.137402510984,-0.00840165887098776,-0.0072041541631936434,0.10728162564552912,1.1288689411223498,1.237761655672952,1.0964617862923383,0.022799129787648722,0.03156562511031406,1.1120917869063618,0.9583206886994953,0.18758629012283556,-0.025774001187045648,0
2025-09-15 00:00:00+00:00,240.548095703125,244.0004119873047,230.4840087890625,234.3575592041016,10017744936,215.01883392333986,195.2614437866211,64.14405737128355,12.187313598474248,9.69853206610346,2.488781532370787,245.2664055539042,215.01883392333986,184.7712622927755,-0.025774001187045648,-0.03395911569231935,0.046300256294516284,1.0899396807614374,1.2002244511732902,1.1011842878633498,0.02778215799618632,0.03170001289737936,1.176589011232032,0.8196740141152435,0.15164257372579404,0.011230783644902598,1
2025-09-16 00:00:00+00:00,234.35922241210935,240.6835174560547,231.8729705810547,236.9895782470703,7521208086,216.72214431762694,196.35040405273438,65.32857050105744,12.207237769161168,10.200273206715003,2.0069645624461643,247.92348400450948,216.72214431762694,185.5208046307444,0.011230783644902598,-0.01483267977313818,0.035992026289099366,1.0935180573875252,1.2069727046928886,1.1037519650808627,0.027787270823996554,0.031095227828969067,0.912089374472901,0.8247846748382422,0.18349037920371192,0.03319924109618522,1
2025-09-17 00:00:00+00:00,236.9775238037109,246.4639434814453,232.7739715576172,244.85745239257807,10420751509,218.24473495483397,197.62084686279297,68.66138813817533,12.711370737641147,10.702492712900234,2.0088780247409126,251.84956171759438,218.24473495483397,184.63990819207356,0.03319924109618522,0.044802878235014054,0.010541205477119231,1.1219397913230376,1.2390264300536127,1.1043608931924072,0.02803759168427748,0.029584810416579715,1.2765497593917345,0.8959656989994559,0.18593308644035456,0.011352230930958163,1
2025-09-18 00:00:00+00:00,244.85130310058597,253.20989990234372,242.90658569335935,247.6371307373047,9258651570,220.36559143066407,199.01970916748047,69.76709868499663,13.183228506968163,11.198639871713821,1.984588635254342,255.81283736482095,220.36559143066407,184.9183454965072,0.011352230930958163,0.04492835747879975,0.020780356210057915,1.1237558873397044,1.2442844569173364,1.107255117357349,0.027806596341469474,0.027154297341681222,1.16852060434937,0.8846778302226553,0.15617578500126816,-0.03668442956367335,0
2025-09-19 00:00:00+00:00,247.63824462890625,248.5066070556641,235.87193298339844,238.55270385742188,7513642552,222.1502197265625,200.34227630615234,62.060470070288055,12.677997794433509,11.49451145625776,1.183486338175749,257.480366698128,222.1502197265625,186.82007275499703,-0.03668442956367335,-0.025748648748692538,-0.008334755771085223,1.073835101991115,1.190725733259007,1.1088534273569122,0.02384604411864333,0.028731403534259587,0.9383088686060923,0.732131558128819,0.09805270372596331,0.004358699969744917,1
2025-09-20 00:00:00+00:00,238.5497589111328,240.99896240234372,237.17776489257807,239.5924835205078,3518711912,224.0866668701172,201.87658416748047,62.57010692048255,12.22062854497949,11.639734874002107,0.5808936709773835,258.7433436422924,224.0866668701172,189.42999009794195,0.004358699969744917,-0.032485626015957614,0.02233733929549553,1.069195623581558,1.186826518333288,1.1100181221820695,0.023945812586847793,0.02842747921643328,0.44360246569075623,0.7237060516840981,0.06967182012433093,-0.012592334969203978,0
2025-09-21 00:00:00+00:00,239.5933074951172,241.80892944335935,235.71669006347656,236.5754547119141,3513052984,226.0600227355957,203.4384329223633,60.04952244659824,11.482349728966994,11.608257844995086,-0.12590811602809104,258.68359124762856,226.0600227355957,193.43645422356286,-0.012592334969203978,-0.008288521209508293,-0.0017474335294376253,1.0465161059840176,1.162884767217002,1.1111962449192938,0.024197270651245904,0.028143227489855933,0.453583062977948,0.6611631169723183,0.03418169908613167,-0.06796567306335988,0
2025-09-22 00:00:00+00:00,236.57421875,236.8692626953125,216.9177703857422,220.49644470214844,12102727916,226.61076812744142,204.6092623901367,48.77293309642417,9.490417097648617,11.184689695525794,-1.6942725978771769,258.4175949475453,226.61076812744142,194.80394130733757,-0.06796567306335988,-0.07970216151094267,-0.09949057074796241,0.9730183897445932,1.0776464473134115,1.107529373207717,0.034239454522613504,0.030233642553505,1.5283168463171752,0.40388347350908377,-0.0899981158201334,-0.030744914260485312,0
2025-09-23 00:00:00+00:00,220.50390625,221.3500518798828,212.8028564453125,213.71730041503903,7373425460,226.75931777954102,205.49509460449218,44.94105466103619,7.280846778440065,10.403921112108648,-3.1230743336685833,258.28064442264053,226.75931777954102,195.2379911364415,-0.030744914260485312,-0.09662098853285606,-0.1369739272187258,0.9424851975556672,1.0400116889718063,1.1034780086404261,0.03395249368985844,0.031144347969024197,0.9287202116719359,0.2931239139746506,-0.11903993800776358,-0.00917588004207004,0
2025-09-24 00:00:00+00:00,213.71072387695312,216.38018798828125,206.0406036376953,211.7562561035156,8377116522,227.21912155151367,206.448291015625,43.86738228093896,5.31029274533816,9.385195438754552,-4.0749026934163926,257.49795518932984,227.21912155151367,196.94028791369746,-0.00917588004207004,-0.03963868265739745,-0.11232925605371458,0.9319473407765445,1.025710869592468,1.1006103292679552,0.027210817628956323,0.029816776157596436,1.0347099337480572,0.24465883275163555,-0.11972777490964437,-0.09149901229731994,0
2025-09-25 00:00:00+00:00,211.75344848632807,212.4007568359375,192.0831451416016,192.3807678222656,12314273479,226.6632339477539,206.93239166259767,34.97633771709778,2.160272226935348,7.940210796390711,-5.779938569455363,259.10654683553855,226.6632339477539,194.2199210599692,-0.09149901229731994,-0.09983530837858179,-0.1970500702047322,0.8487515353575585,0.9296793328322497,1.0953492207122764,0.03420000887619694,0.03648304208131118,1.47958110349874,-0.028344103514719637,-0.1791143051856009,0.06742766777502229,1
2025-09-26 00:00:00+00:00,192.39796447753903,205.415283203125,191.12664794921875,205.35255432128903,10334548744,226.918546295166,207.52973419189453,43.26682364605026,0.7024753337847471,6.492663703869519,-5.790188370084772,258.55692401152197,226.918546295166,195.28016857881005,0.06742766777502229,-0.030240909525223958,-0.13197861303340297,0.9049615277112482,0.9895090702106699,1.0934266705384175,0.05153840142595811,0.03946531727997139,1.1897009611098242,0.15917987061125302,-0.1334954227092574,-0.008615554260165803,0
2025-09-27 00:00:00+00:00,205.34518432617188,205.39913940429688,200.2690887451172,203.5833282470703,4016294139,226.7743034362793,208.06613494873048,42.47144519262728,-0.588813489661618,5.076368265163293,-5.665181754824911,258.82881952523303,226.7743034362793,194.7197873473256,-0.008615554260165803,0.05823118678450445,-0.07670471275817958,0.897735436344421,0.9784548951093613,1.0899145288211303,0.050742393953820436,0.038921235124677316,0.4627155458530531,0.13825728760259118,-0.16856388785477217,0.035142459880751264,1
2025-09-28 00:00:00+00:00,203.58323669433597,210.89622497558597,198.3204345703125,210.7377471923828,4467879569,226.60187072753905,208.6772430419922,46.73558731426576,-1.023074008238126,3.856479810483009,-4.879553818721135,258.9770015500911,226.60187072753905,194.226739904987,0.035142459880751264,0.026224133850647258,-0.013941563068922913,0.9299912066735279,1.0098741200542696,1.0858964179526747,0.055209608800245995,0.0388111670670684,0.5317473801385932,0.25499522114509093,-0.14900585964253077,0.010988342621039537,1
2025-09-29 00:00:00+00:00,210.7397308349609,214.6881103515625,205.1308135986328,213.05340576171875,6886600486,226.39200668334962,209.28025085449218,48.07709158365552,-1.1669227450876178,2.8517992993688837,-4.018722044456501,259.0753151733374,226.39200668334962,193.70869819336184,0.010988342621039537,0.046516959891506726,0.006125673366500495,0.9410818380160951,1.0180291971737456,1.081764790318198,0.050460914845167015,0.038753454045500006,0.8290461579851891,0.29594169718593477,-0.10689167501930119,-0.020231018885502383,0
2025-09-30 00:00:00+00:00,213.0449676513672,213.50680541992188,204.56564331054688,208.7431182861328,6873718512,225.62981719970702,209.9555569458008,45.76652114631052,-1.6101670783345696,1.9594060238281932,-3.569573102162763,259.24692973233675,225.62981719970702,192.01270466707726,-0.020231018885502383,-0.009464981631549407,0.0850519033117898,0.9251575030146497,0.9942252604441378,1.0746551340765536,0.049674963527015815,0.03826887914702352,0.838582757614783,0.24883775492045201,-0.12875765041157672,0.06195535748811665,1
2025-10-01 00:00:00+00:00,208.7422332763672,221.6758728027344,206.62066650390625,221.6758728027344,8264703260,225.27580184936522,210.55193786621095,53.05649570107492,-0.9074160722511522,1.386041604612324,-2.2934576768634765,258.9034117685343,225.27580184936522,191.64819193019613,0.06195535748811665,0.04047091859521412,0.07948924003110447,0.9840199035267979,1.0528322610053193,1.0699298431179014,0.05501741134424063,0.040624621233199217,1.0164408605805804,0.44647361118907974,-0.06298025265268292,0.05946068730532916,1
2025-10-02 00:00:00+00:00,221.6947326660156,234.86058044433597,219.8598480224609,234.85687255859372,9665302715,224.90348129272462,211.21726684570314,59.091942280074655,0.7049890107288945,1.2498310858356383,-0.5448420751067438,257.8961951080547,224.90348129272462,191.9107674773945,0.05946068730532916,0.12509995293193676,0.15361544867549082,1.0442562792210148,1.111920801106472,1.0647968542127735,0.0358003020224631,0.04064330672868938,1.213646041734221,0.6508422635612997,0.06512770705143867,-0.007898019566542236,0
2025-10-03 00:00:00+00:00,234.8539886474609,236.7911834716797,227.6767425537109,233.00196838378903,9289248668,224.42378463745118,212.02558715820314,57.962564328380786,1.8122657197946523,1.362318012627441,0.44994770716721133,256.60232477773116,224.42378463745118,192.2452444971712,-0.007898019566542236,0.05109304606700937,0.10564894750953746,1.038223148942059,1.0989332537960823,1.058475005990655,0.03374290232397725,0.04067100114006184,1.1533150271240975,0.6332904430863223,0.09023447297574494,-0.021453741669049786,0
2025-10-04 00:00:00+00:00,233.0009765625,233.90084838867188,224.4738311767578,228.00320434570312,4553115834,223.79606018066406,212.87082611083986,54.916495605949365,2.2603758025510103,1.541929570612155,0.7184462319388554,255.12808881590092,223.79606018066406,192.4640315454272,-0.021453741669049786,-0.02918231916411429,0.07016925418551812,1.0187990090694303,1.07108714008083,1.0513233037585692,0.03576259706759158,0.040896338204540784,0.5826768138430807,0.5671380748118492,0.07672476148353002,0.002622734821097872,1
2025-10-05 00:00:00+00:00,228.00250244140625,236.77723693847656,226.89816284179688,228.6011962890625,7132874650,223.50824203491212,213.6475100708008,55.219672951964384,2.633402993325575,1.760224255154839,0.8731787381707359,254.53605086266288,223.50824203491212,192.48043320716135,0.002622734821097872,-0.018887274323270087,0.09513165351736008,1.0227864270587161,1.0699923262073412,1.0461542096177183,0.03509661832983446,0.040514131378492794,0.9299836623046971,0.5820708011065759,0.1882746850259991,0.01712519777583288,1
2025-10-06 00:00:00+00:00,228.60110473632807,237.32254028320312,227.998046875,232.5160369873047,7521265450,223.28456497192383,214.4745343017578,57.246667129415854,3.2079454578283446,2.0497684956895403,1.1581769621388043,253.96573247994803,223.28456497192383,192.60339746389963,0.01712519777583288,0.01979284744945553,0.048900965393815055,1.041343977433199,1.0841195564045993,1.0410772808009487,0.03513774627133765,0.04062491054685866,0.9806216589922869,0.6504419936589196,0.1322773060008613,-0.05175266769220532,0
2025-10-07 00:00:00+00:00,232.5147705078125,235.08648681640625,220.45469665527344,220.4827117919922,9339230314,222.06582794189453,215.2227911376953,49.786731228915905,2.6616044049457344,2.172135677540779,0.4894687274049554,251.02711316698785,222.06582794189453,193.1045427168012,-0.05175266769220532,-0.035513744586028406,-0.061203917986327516,0.9928709600906422,1.0244394221750042,1.031795130841051,0.04155290623489189,0.04138724016326597,1.2262935901724656,0.4726684065020247,0.08300966336699567,0.03908923146768206,1
2025-10-08 00:00:00+00:00,220.4855499267578,229.5643310546875,218.18418884277344,229.1012115478516,7198664384,221.13903198242187,216.2825698852539,54.37278893968354,2.890743396403167,2.315857221313257,0.5748861750899099,247.74539164873306,221.13903198242187,194.53267231611068,0.03908923146768206,-0.01468640823101397,-0.016741304217277264,1.0360053107497669,1.0592680291777485,1.022454246311871,0.0373431192269438,0.04239561895921729,0.9581840775338089,0.6496292552849946,0.08713894212176787,-0.0353998038013833,0
2025-10-09 00:00:00+00:00,229.0968780517578,229.31578063964844,217.19894409179688,220.99107360839844,7901186012,220.2609504699707,216.95066528320314,49.766614606798626,2.390362731903167,2.330758323431239,0.05960440847192805,245.5753219257368,220.2609504699707,194.94657901420462,-0.0353998038013833,0.002305676541595858,-0.030754527145472665,1.0033148097148854,1.0186236272653095,1.0152582393902614,0.031110489938199058,0.04234287518629146,1.0489882246874445,0.5144211192386019,0.03725670480741927,-0.1462828744383624,0
2025-10-10 00:00:00+00:00,220.99305725097656,224.25440979003903,174.06973266601562,188.6638641357422,16784427014,217.71451950073242,217.118330078125,36.49515625649314,-0.6077227350469343,1.7430621117356044,-2.3507848467825387,245.00964781700782,217.71451950073242,190.41939118445703,-0.1462828744383624,-0.17650429318512528,-0.17470307593150214,0.8665653745482396,0.8689448931734868,1.0027459193445016,0.06072840927487074,0.053023991754924504,2.0480095452742755,-0.03215824868769829,-0.09619121490207483,-0.05623597016404114,0
2025-10-11 00:00:00+00:00,188.63890075683597,190.87913513183597,173.75479125976562,178.05416870117188,12850012618,214.7884552001953,216.66646453857422,33.35163062968688,-3.796081950542856,0.6352332992799125,-4.431315249822768,245.85658286639475,214.7884552001953,183.72032753399586,-0.05623597016404114,-0.19429248523997766,-0.23422843857048203,0.8289745765675118,0.8217892375747516,0.991332256505969,0.061520605771263004,0.05400407721646875,1.4834359173676024,-0.09118925500921764,-0.19678146994544932,0.10926099828279434,1
2025-10-12 00:00:00+00:00,178.0561981201172,198.8739776611328,173.52139282226562,197.508544921875,11797041281,213.63906021118163,216.53790069580077,43.040002801453134,-4.698907939943155,-0.43159494856470104,-4.2673129913784535,245.5086220713395,213.63906021118163,181.76949835102377,0.10926099828279434,0.046880629879228586,-0.10419940268056693,0.9244964133742132,0.9121199766286697,0.9866127801400849,0.08169897756960091,0.05878248444035912,1.364285636909955,0.24692913319476162,-0.15902590897100877,0.05497863089388688,1
2025-10-13 00:00:00+00:00,197.5121917724609,209.2491912841797,191.9441680908203,208.36729431152344,11469454798,213.37155990600587,216.58819915771485,47.6171762908656,-4.486476408362449,-1.2425712405242508,-3.2439051678381983,245.32804969548272,213.37155990600587,181.41507011652902,0.05497863089388688,0.17024664927236866,-0.09050112435567603,0.9765467075523706,0.9620436160503596,0.9851485941329301,0.08555332570217371,0.059831148422828453,1.295713041896172,0.4217018886077669,-0.10572732171810928,-0.028348747934815455,0
2025-10-14 00:00:00+00:00,208.36355590820312,211.10504150390625,191.6710205078125,202.46034240722656,13600198608,212.9067642211914,216.89183715820312,45.47635050210509,-4.740123349964051,-1.942081662412211,-2.79804168755184,245.23047768935706,212.9067642211914,180.58305075302573,-0.028348747934815455,0.02507130761005949,-0.08385284934181902,0.950934288761667,0.9334622504006452,0.9816264503578115,0.08420278177130007,0.06014669002484534,1.492394994325518,0.33840931791062473,-0.11202852175598355,-0.04167965173903998,0
2025-10-15 00:00:00+00:00,202.4618682861328,208.33116149902344,192.70005798339844,194.02186584472656,9867608882,212.98881912231445,216.85417266845704,42.534349717148416,-5.557985912045467,-2.6652625123388622,-2.892723399706605,245.10077737089114,212.98881912231445,180.87686087373777,-0.04167965173903998,-0.06884683373269451,0.028399724205422583,0.910948596476815,0.8947112405411806,0.9821753323969826,0.0820218568042184,0.057135132378095574,1.0975389156146393,0.2046746085871519,-0.15126487090037333,-0.04810239412517903,0
2025-10-16 00:00:00+00:00,194.02186584472656,197.95574951171875,182.2513427734375,184.6889495849609,10042886154,211.95563888549805,216.48948425292969,39.491380891844614,-6.8799286932353425,-3.5081957485181583,-3.371732944717184,246.35060698392772,211.95563888549805,177.56067078706837,-0.04810239412517903,-0.08777715482926762,0.03726271017514993,0.8713566223389458,0.8531081785440651,0.979057433745213,0.08254452773430877,0.056001844285573484,1.1188491872882278,0.10362386116325517,-0.20569371481656173,-0.014370971040026603,0
2025-10-17 00:00:00+00:00,184.6862030029297,187.42857360839844,174.74417114257812,182.0347900390625,10401735741,210.87821197509766,215.8420672607422,38.64465759536324,-8.048962930669632,-4.416349184948453,-3.6326137457211782,247.6456470234256,210.87821197509766,174.11077692676972,-0.014370971040026603,-0.061782087052276724,-0.07834473637043493,0.8632223705527187,0.8433703047291531,0.9770023733156332,0.062046451963400175,0.05604283277548995,1.1190247888842753,0.10775857905069096,-0.17438066431803612,0.03090345278961193,1
2025-10-18 00:00:00+00:00,182.03616333007807,188.26788330078125,182.02398681640625,187.6602935791016,4108902789,209.7243392944336,215.49087310791015,41.507254867209404,-8.424388755315391,-5.217957099021842,-3.2064316562935495,247.9306597723229,209.7243392944336,171.5180188165443,0.03090345278961193,0.01608836912450906,-0.09937740373718851,0.8947950162124191,0.870850309679371,0.9732400090532425,0.05833279082908361,0.05589460168242992,0.44289335842849464,0.21125136575110812,-0.18088476131910103,0.0007348860694855741,1
2025-10-19 00:00:00+00:00,187.6602935791016,192.2006072998047,183.458251953125,187.79820251464844,4863227045,208.4615791320801,215.18963439941408,41.57921483261638,-8.611520084549028,-5.896669696127279,-2.714850388421749,247.85558192751196,208.4615791320801,169.06757633664822,0.0007348860694855741,0.03166104937605163,-0.07241981179250823,0.9008768104728812,0.8727102633859941,0.9687342966769207,0.03816335464378399,0.0557942310475788,0.5299803535746825,0.23773448810553752,-0.15020005356672717,0.010396632374146453,1
2025-10-20 00:00:00+00:00,187.79830932617188,194.34115600585935,184.046630859375,189.75067138671875,6103945646,207.51195678710937,214.96737701416015,42.65484279913246,-8.504243465697414,-6.418184450041306,-2.086059015656108,247.78326973100522,207.51195678710937,167.24064384321352,0.010396632374146453,0.011139158783933345,-0.022013985070249764,0.9144083759057205,0.882695197858881,0.9653183644392718,0.028739305764677228,0.05576817489060297,0.6679920748311593,0.27947968290561037,0.0057605480305154,-0.02152506935788656,0
2025-10-21 00:00:00+00:00,189.7620391845703,197.37448120117188,183.3132476806641,185.6662750244141,8186574439,205.71147689819335,214.73853576660156,40.95604701646487,-8.649101169679028,-6.864367793968851,-1.7847333757101769,246.53260483263736,205.71147689819335,164.89034896374935,-0.02152506935788656,-0.011352225216682,0.005291737495120685,0.9025567159595105,0.8646155398312579,0.9579625574134506,0.02824030090070039,0.05371734625404725,0.8962900402485793,0.2544751592120322,0.0427516321508743,-0.029720759461941748,0
2025-10-22 00:00:00+00:00,185.66732788085935,187.32662963867188,177.6731414794922,180.14813232421875,7337365275,202.9760398864746,214.15186767578126,38.712799788209495,-9.104222136977313,-7.312338662570545,-1.7918834744067684,242.89598475629748,202.9760398864746,163.05609501665174,-0.029720759461941748,-0.050606087411041,-0.010364270008161092,0.8875339790104112,0.8412167228770424,0.947813540406631,0.026446742128088806,0.05152998753995613,0.8136853184056888,0.21407891923828265,-0.08789702037713454,0.062393890390361584,1
2025-10-23 00:00:00+00:00,180.14813232421875,193.17556762695312,179.80087280273438,191.3882751464844,6358339771,200.89535522460938,213.76470703125,45.28659858348721,-8.46039700431541,-7.541950330919518,-0.9184466733958923,238.49643143750293,200.89535522460938,163.29427901171582,0.062393890390361584,0.030818737120233086,0.01986558528861848,0.9526764565188893,0.8953221408925356,0.9397966484488046,0.03238989386089146,0.054146766323198196,0.7167635458404623,0.37357968127964175,-0.08148600873827272,0.01134840309461449,1
2025-10-24 00:00:00+00:00,191.3885955810547,195.3123321533203,189.10888671875,193.5602264404297,5855077941,199.1732063293457,213.58470794677734,46.48118090492859,-7.686299751524103,-7.5708202150404365,-0.11547953648366693,234.6411967097216,199.1732063293457,163.7052159489698,0.01134840309461449,0.07445036450376707,0.03068199721097864,0.9718185995377582,0.9062457153471047,0.9325255925109451,0.03119077986850371,0.0542262791181745,0.6552235144020548,0.420872597675824,-0.04395979904496694,0.0024806145573375016,1
2025-10-25 00:00:00+00:00,193.56082153320312,195.08335876464844,191.60333251953125,194.04037475585935,3170047006,197.44516525268554,213.3955450439453,46.757930698664524,-6.953917710624552,-7.44743971415726,0.4935220035327079,230.13514108738127,197.44516525268554,164.7551894179898,0.0024806145573375016,0.013857168665870834,0.022607052390333893,0.9827557666835305,0.909299089237781,0.9252543918478943,0.029712393287009115,0.05422499853415348,0.36279445610367206,0.4479230190618175,9.53960062810566e-05,0.030860849140063262,1
2025-10-26 00:00:00+00:00,194.0375823974609,200.6212158203125,192.1607666015625,200.02862548828125,4753310567,195.82079467773437,213.39119140625,50.21559893724996,-5.82317197672802,-7.122586166671412,1.2994141899433922,224.1048820679565,195.82079467773437,167.53670728751223,0.030860849140063262,0.03341801756902929,0.07735573120093342,1.021488171455293,0.9373799554240768,0.9176610964457973,0.03111364831341052,0.05462858990244841,0.5527451216916135,0.5743851260338266,0.0830568149193125,-0.006433634224105589,0
2025-10-27 00:00:00+00:00,200.0274810791016,205.02005004882807,197.5985412597656,198.74171447753903,6714497027,194.7337448120117,213.2366619873047,49.47202981353091,-4.973558710552339,-6.692780675447597,1.719221964895258,220.59425592402516,194.7337448120117,168.87323369999825,-0.006433634224105589,0.024228667500745038,0.10321273894672855,1.0205817932038255,0.9320241304910849,0.9132282553907424,0.03167462076537554,0.05356253919207003,0.7929048777215484,0.5774920814242034,0.09177874424384158,-0.021630686285642353,0
2025-10-28 00:00:00+00:00,198.74099731445312,203.83175659179688,191.38519287109372,194.4427947998047,8093133805,193.00082397460938,212.84178985595702,46.96996566133279,-4.594162322905703,-6.273057004939219,1.6788946820335164,213.1870113085043,193.00082397460938,172.81463664071444,-0.021630686285642353,-0.027925156586169786,0.015959805536584826,1.0074713195285891,0.9135555331093389,0.9067806848703197,0.031690526517193514,0.052718806978438795,0.9506851462821174,0.5357167701196867,0.03614244170328007,-0.00016416852448342123,0
2025-10-29 00:00:00+00:00,194.43362426757807,201.6774444580078,190.6092071533203,194.41087341308597,8057327834,191.67181396484375,212.3849935913086,46.95097717052085,-4.247105750067192,-5.867866753964814,1.6207610038976226,207.01867421882076,191.67181396484375,176.32495371086674,-0.00016416852448342123,-0.02179130373227467,0.004394740532699615,1.0142903611730028,0.9153701027822609,0.9024734314971278,0.02769273924847455,0.052300497655620705,0.945611880716798,0.5892384306272813,0.03521157716044554,-0.050339022068359496,0
2025-10-30 00:00:00+00:00,194.40017700195312,198.0394744873047,179.2217254638672,184.6244201660156,8688393422,191.46984176635743,211.59774383544922,41.42217147042536,-4.707480993335281,-5.6357896018389075,0.9283086085036265,207.08731652795814,191.46984176635743,175.85236700475673,-0.050339022068359496,-0.05049492650986598,-0.0485257493534057,0.9642480427351321,0.8725254665739269,0.9048765752212159,0.02571218143839999,0.04206318486905448,1.07053260618052,0.28084095845082,-0.02701572112098438,0.014001682377173585,1
2025-10-31 00:00:00+00:00,184.6289520263672,189.85353088378903,184.02078247070312,187.20947265625,5699604751,191.92760696411133,210.76680969238282,43.32079629953252,-4.808312327235086,-5.470294146918143,0.6619818196830574,206.3828423427828,191.92760696411133,177.47237158543987,0.014001682377173585,-0.03704217068936455,-0.06408659161027064,0.975417114908625,0.8882303287196163,0.9106158946194253,0.026008443377321073,0.0400264962968227,0.734633434547385,0.3368018858128423,0.008311674436474625,-0.004430448872602133,0
2025-11-01 00:00:00+00:00,187.20925903320312,187.34556579589844,184.0620880126953,186.3800506591797,2742470897,191.37118225097657,209.64834503173827,42.8410005904148,-4.898680371199362,-5.355971391774387,0.4572910205750258,205.778541737609,191.37118225097657,176.96382276434414,-0.004430448872602133,0.009509199766669196,-0.062199643647315006,0.9739191056193027,0.8890127447987436,0.9128199043116951,0.025831607345607438,0.03130089023892031,0.3753875706712809,0.3267853454886093,0.03459329971706371,0.007757927130337405,1
2025-11-02 00:00:00+00:00,186.3796539306641,188.1415252685547,182.82925415039065,187.8259735107422,3213989849,190.3441162109375,208.55294647216797,44.00529062252138,-4.798311854850738,-5.244439484389658,0.44612762953892027,202.38414088188773,190.3441162109375,178.30409153998727,0.007757927130337405,0.003293107158226949,-0.03402965533320523,0.9867705776762506,0.9006152954823303,0.9126896523437011,0.021538531751307436,0.028387823972006683,0.46627326491443044,0.39542618188021644,-0.01861295647821537,-0.11572028544450275,0
2025-11-03 00:00:00+00:00,187.8260498046875,188.7412109375,163.5452880859375,166.0906982421875,10083921329,188.52563400268554,207.0636065673828,33.092971963211326,-6.398862048880005,-5.4753239972877275,-0.9235380515922778,203.4912663294103,188.52563400268554,173.56000167596076,-0.11572028544450275,-0.10886010785614564,-0.14567176554329608,0.8809979561708916,0.8021240477531146,0.9104720869494533,0.0456706792898807,0.03747261422457206,1.5012273591500949,-0.24954854130804105,-0.14191721462309947,-0.06434746419817505,0
2025-11-04 00:00:00+00:00,166.0955352783203,168.20030212402344,146.7495574951172,155.40318298339844,11720472283,186.59469985961914,205.48451904296874,29.251821282865293,-8.432498181098254,-6.066758834049833,-2.3657393470484207,207.40044947348318,186.59469985961914,165.7889502457551,-0.06434746419817505,-0.17262144271803503,-0.15827395507236375,0.8328381411707458,0.7562768412295925,0.9080718135296627,0.04803762075208299,0.03882625850733314,1.7211282416067983,-0.249588874592532,-0.19911934215275573,0.046092283540983825,1
2025-11-05 00:00:00+00:00,155.3994598388672,163.65786743164062,147.89247131347656,162.56607055664062,7278004532,185.48855590820312,203.99604888916016,34.720686515072444,-9.358307558832877,-6.725068579006442,-2.6332389798264346,208.90896236775683,185.48855590820312,162.06814944864942,0.046092283540983825,-0.021221102222156896,-0.13163544424303286,0.8764210264114264,0.7969079373932864,0.9092752380169238,0.05550182425704638,0.0397019456759456,1.0909069744843811,0.01063006973963277,-0.1872859688966636,-0.04613602679950024,0
2025-11-06 00:00:00+00:00,162.56338500976562,162.779296875,153.79432678222656,155.06591796875,5543550041,184.1401123046875,202.2002182006836,31.93686794598264,-10.575312177358882,-7.495117298676931,-3.080194878681951,211.2177423473312,184.1401123046875,157.0624822620438,-0.04613602679950024,-0.0021702580872134947,-0.16801225549450927,0.8421083056155093,0.7668929309208122,0.9106820652484586,0.055189420035608956,0.0406948523224181,0.8623251258638072,-0.0368674121433352,-0.21976159672168416,0.04283505864756365,1
2025-11-07 00:00:00+00:00,155.06640625,164.09254455566406,150.44387817382812,161.7081756591797,6565811742,182.8425064086914,200.48163909912108,36.77183486785629,-10.878422735914967,-8.171778386124538,-2.7066443497904284,211.6424158226086,182.8425064086914,154.04259699477421,0.04283505864756365,-0.005277207565658859,-0.13905317440065745,0.8844123767245236,0.8065984315861902,0.9120162186936799,0.05935244978048958,0.04136438897721483,1.0021916483763147,0.13308338151753316,-0.16835089813602022,-0.022297370553837736,0
2025-11-08 00:00:00+00:00,161.70852661132812,164.70510864257812,156.08547973632812,158.10250854492188,3777278818,181.35772171020508,198.8726351928711,35.30567707296635,-11.279563453460469,-8.793335399591724,-2.4862280538687447,212.07967365639593,181.35772171020508,150.63576976401424,-0.022297370553837736,0.01958257891836568,-0.04809534658959369,0.8717715852074766,0.7949937827876146,0.9119289918108661,0.058997785971380425,0.041470579723515026,0.5813742052573231,0.1215212300635315,-0.18676097808076686,0.04017225075438602,1
2025-11-09 00:00:00+00:00,158.1029815673828,166.2310333251953,155.38453674316406,164.45384216308594,4538025398,180.09288024902344,197.36986236572267,39.85482622931952,-10.95864636571855,-9.22639759281709,-1.7322487729014604,211.4365949219236,180.09288024902344,148.7491655761233,0.04017225075438602,0.016979144639496013,0.05823985716337843,0.9131612639860465,0.8332267155273992,0.9124639298542687,0.06284101768708232,0.04267257556980211,0.7069830957051226,0.25052353798608545,-0.10925195044508262,0.0177141633976321,1
2025-11-10 00:00:00+00:00,164.45126342773438,170.15528869628906,163.8563995361328,167.36700439453125,5424364139,179.17791671752929,195.985693359375,41.873753671153594,-10.349941730184725,-9.451106420290618,-0.8988353098941069,210.90264443572266,179.17791671752929,147.4531889993359,0.0177141633976321,0.05859803196593205,0.029532200793509933,0.9340827679025997,0.853975622024786,0.9142397776401686,0.04587140046617913,0.04283457524574546,0.8636492019449159,0.3138532121077156,-0.10599072782045094,-0.07647072123570597,0
2025-11-11 00:00:00+00:00,167.36734008789062,171.6073455810547,154.26486206054688,154.56832885742188,6202061657,177.89892654418946,194.66713104248046,36.13482388421269,-10.776065300972562,-9.716098196427007,-1.0599671045455548,211.46787001037268,177.89892654418946,144.32998307800625,-0.07647072123570597,-0.06011117268917787,-0.0032088876643312503,0.8688547584857272,0.7940134938532166,0.9138621686748348,0.04892153260784884,0.04548937418543839,0.9964777411132004,0.15249728949213967,-0.17068201070472777,-0.008451211723046526,0
2025-11-12 00:00:00+00:00,154.56333923339844,161.01406860351562,151.46876525878906,153.2620391845703,5979682267,175.99261474609375,193.4580258178711,35.59855751088274,-11.091324080467132,-9.991143373235033,-1.1001807072320986,210.64877402382112,175.99261474609375,141.33645546836638,-0.008451211723046526,-0.08427566270297548,-0.05223073255374955,0.8708435828724003,0.792223731926517,0.9097198940290027,0.0445562996497493,0.04249240390186866,0.9636797524120182,0.17205576100679165,-0.18402105779153644,-0.05320015638905751,0
2025-11-13 00:00:00+00:00,153.2600555419922,156.98609924316406,141.3976593017578,145.1084747314453,7354986019,173.57002716064454,192.12507019042968,32.369449074480286,-11.862351638092889,-10.365385026206605,-1.4969666118862843,209.7939362381506,173.57002716064454,137.3461180831385,-0.05320015638905751,-0.061201762326761,-0.08218739811952158,0.8360226538257255,0.7552813101778822,0.9034220624544531,0.045643447400561046,0.04321809658576914,1.1711674142694695,0.10714410517785625,-0.12632991331125998,-0.04432456146162034,0
2025-11-14 00:00:00+00:00,145.1084747314453,145.46722412109375,136.0413360595703,138.67660522460938,8170562276,170.80183868408204,191.05098693847657,30.053546145490785,-12.844333170816896,-10.861174655128664,-1.9831585156882312,208.85463707890267,170.80183868408204,132.74904028926142,-0.04432456146162034,-0.09516664424904331,-0.1567445101885412,0.8119151778050115,0.7258617578838621,0.8940118102561004,0.04094278370329011,0.043579477479713344,1.251220772858145,0.07788605812699916,-0.10763343090968702,0.006191360109855326,1
2025-11-15 00:00:00+00:00,138.67660522460938,143.59059143066406,138.67660522460938,139.5352020263672,3449336899,167.77716751098632,189.73463989257812,30.765650084431186,-13.398825701775905,-11.368704864458113,-2.030120837317792,205.66480818108366,167.77716751098632,129.88952684088898,0.006191360109855326,-0.038407630673485293,-0.16629205062759356,0.8316697921201358,0.7354229154221269,0.884272727457551,0.04218699073771525,0.04252793146003933,0.5335505429475963,0.12729316229356846,-0.14167082006358223,-0.016264499437316893,0
2025-11-16 00:00:00+00:00,139.5326690673828,143.15945434570312,134.96566772460938,137.26573181152344,4722106857,164.70336837768554,188.4082879638672,29.89917361006607,-13.86160436052873,-11.867284763672238,-1.9943195968564922,201.98375115809702,164.70336837768554,127.42298559727405,-0.016264499437316893,-0.010173838700484494,-0.11194141240835198,0.8334118067139699,0.728554636820691,0.8741832440474817,0.034072201051768225,0.042456627916974805,0.7418567551896572,0.13200972576146852,-0.11479109265527832,-0.04675212906577886,0
2025-11-17 00:00:00+00:00,137.26535034179688,142.46754455566406,129.01918029785156,130.8482666015625,7330608944,161.52364196777344,186.8104983520508,27.537404678226423,-14.578147778174952,-12.40945736657278,-2.168690411602171,198.9717090185115,161.52364196777344,124.0755749170354,-0.04675212906577886,-0.06225622852621204,-0.14624477595535168,0.8100873965414229,0.7004331542169244,0.8646389972333172,0.028936782853983743,0.04295548015161411,1.1585997543695623,0.09042778730542814,-0.19083703672879426,0.07540122342474964,1
2025-11-18 00:00:00+00:00,130.84869384765625,141.83172607421875,129.3094024658203,140.71438598632812,7400753648,158.83881759643555,185.36371795654296,35.918118341339635,-14.186368592894524,-12.76483961183713,-1.421528981057394,193.9880893624605,158.83881759643555,123.6895458304106,0.07540122342474964,0.0251239266296992,-0.030281406742434624,0.8858941920849822,0.7591258286010291,0.8569034941005771,0.04462635343121681,0.04773019379371635,1.175786741129251,0.24217913061250995,-0.10998005483039652,-0.028052806712053013,0
2025-11-19 00:00:00+00:00,140.71438598632812,142.47825622558594,130.64390563964844,136.76695251464844,6005404886,156.4459442138672,183.92419464111327,34.21316123086767,-14.032646048402597,-13.018400899150224,-1.014245149252373,190.70883428092972,156.4459442138672,122.18305414680466,-0.028052806712053013,0.045233200766109816,-0.013770546999387179,0.8742121964356144,0.7436050095612402,0.8506001318594124,0.04494484933293728,0.0471161837222756,0.9748796735344669,0.21282352917834435,-0.16835659954348103,-0.02376160012334938,0
2025-11-20 00:00:00+00:00,136.76776123046875,144.3306121826172,131.38912963867188,133.51715087890625,8497498957,153.761328125,182.1610202026367,32.831451909601356,-14.011535398464957,-13.21702779901317,-0.7945075994517872,186.2426859540238,153.761328125,121.2799702959762,-0.02376160012334938,-0.05114782725997302,-0.04312926817079277,0.8683402550371034,0.7329622480725085,0.8440956685132486,0.042092718543786295,0.04669762382481264,1.34879981562373,0.18837236804176155,-0.2022492643521978,-0.03757305563999824,0
2025-11-21 00:00:00+00:00,133.5139617919922,134.7876434326172,122.27206420898438,128.50050354003906,10081815694,150.86735076904296,180.0338928222656,30.76590714800355,-14.235508490093395,-13.420723937229216,-0.8147845528641788,181.36518323972237,150.86735076904296,120.36951829836356,-0.03757305563999824,-0.06044185983981765,-0.0638559103995433,0.8517449460404164,0.7137572905058398,0.8379941598995659,0.041273391017339754,0.046864334051971115,1.5121940651480053,0.133304313503142,-0.16864920200714917,-0.00738754049352075,0
2025-11-22 00:00:00+00:00,128.49856567382812,129.64389038085938,125.40487670898438,127.55120086669922,3490973210,147.8536121368408,177.92487747192382,30.37645205787898,-14.324485815138843,-13.601476312811142,-0.7230095023277006,174.66331234968223,147.8536121368408,121.04391192399939,-0.00738754049352075,-0.04468302366351318,-0.02519762638432932,0.8626857269381326,0.716882330784949,0.8309889782566904,0.040694250843734146,0.046558474546453045,0.5225334310286017,0.12136071815497106,-0.167757381114498,0.024726243093608602,1
2025-11-23 00:00:00+00:00,127.55113220214844,133.32691955566406,127.55113220214844,130.70506286621094,3820042054,146.084330368042,175.978914642334,33.393132679432625,-13.979365259983894,-13.677054102245693,-0.3023111577382007,172.49399524190721,146.084330368042,119.6746654941768,0.024726243093608602,0.01715603647798125,-0.07113219483535749,0.8947233596985739,0.7427313842221422,0.8301240558560619,0.04287831849305938,0.04136418690830105,0.5999123453489962,0.20883258884041586,-0.09925961865350053,0.058653353704059,1
2025-11-24 00:00:00+00:00,130.70603942871094,139.48390197753906,128.54151916503906,138.37135314941406,6046925667,145.23273887634278,174.174317779541,40.17828075302063,-12.938106736800904,-13.529264629156735,0.5911578923558309,171.47504797000835,145.23273887634278,118.99042978267723,0.058653353704059,0.08482987387960961,0.011730908711984345,0.9527559296890298,0.7944417691048797,0.8338355546778677,0.04473176621308872,0.04216590400565013,0.993907941964488,0.36926863595656406,-0.0022011793171667904,0.0037564903253695103,1
2025-11-25 00:00:00+00:00,138.37889099121094,140.3466339111328,133.5081329345703,138.89114379882812,4512057787,144.04899253845215,172.3018199157715,40.61996171609411,-11.933398306584024,-13.210091364642194,1.2766930580581697,169.10839803958763,144.04899253845215,118.98958703731668,0.0037564903253695103,0.06263017478516808,0.040249457725441085,0.9641937881776771,0.8060921461347539,0.8360271099218191,0.033838650032414264,0.04049864309828416,0.7588784489526702,0.3970875677918552,-0.004615740101321264,0.02967106369000594,1
2025-11-26 00:00:00+00:00,138.88987731933594,144.47103881835938,135.63246154785156,143.01219177246094,5361639551,143.4463062286377,170.75240951538086,44.1412752686003,-10.681495871262968,-12.70437226596635,2.022876394703383,167.96402597950566,143.4463062286377,118.92858647776973,0.02967106369000594,0.03353901307907048,0.11293098340194607,0.9969736797859066,0.8375412808425338,0.8400836429527309,0.033283382150286187,0.04019539410880287,0.9031503587671588,0.49114692433497226,0.041863762244956026,-0.015144070699999679,0
2025-11-27 00:00:00+00:00,143.0125274658203,144.1732177734375,140.6957550048828,140.84640502929688,3419017564,142.40321769714356,168.98731338500977,42.70788326899604,-9.751703494084182,-12.113838511589917,2.362135017505734,165.37604467036505,142.40321769714356,119.43039072392206,-0.015144070699999679,0.014077652303740695,0.10423425316467361,0.9890675738018951,0.8334732484231022,0.8426858492785271,0.03209991988309136,0.038760315325786984,0.5916015668108305,0.4661162148293418,0.07641017101265124,-0.02453883913239896,0
2025-11-28 00:00:00+00:00,140.8464813232422,143.30421447753906,136.28543090820312,137.39019775390625,4865188881,141.36760215759278,167.31529586791993,40.45046324982253,-9.187812001236438,-11.528633209519223,2.340821208282785,163.19963485624078,141.36760215759278,119.53556945894479,-0.02453883913239896,-0.03931129191768168,0.05114671720511832,0.9718648095958179,0.8211454729301211,0.8449173844164823,0.0292615093671053,0.03881260731155035,0.8339867317770577,0.4089089765807092,-0.023623655883662442,-0.00952387404536914,0
2025-11-29 00:00:00+00:00,137.39064025878906,137.8857879638672,135.1206817626953,136.0817108154297,2428334173,139.94899559020996,166.26365280151367,39.59712295731971,-8.74569298624857,-10.972045164865094,2.226352178616523,158.9711218959789,139.94899559020996,120.92686928444103,-0.00952387404536914,-0.033829008364651525,-0.016547083495758064,0.9723664699523517,0.8184693919715854,0.8417293451220017,0.029482927190235066,0.03724103775235726,0.42392858398148153,0.39834772641564714,-0.005010287109712075,-0.018495442660225625,0
2025-11-30 00:00:00+00:00,136.0821075439453,139.93711853027344,133.5648193359375,133.5648193359375,3123775023,138.25888633728027,165.37386581420898,37.939191373338446,-8.50041509553381,-10.477719150998837,1.9773040554650265,152.40568986376087,138.25888633728027,124.11208281079968,-0.018495442660225625,-0.02784316843928547,-0.038348913524719364,0.9660487139329933,0.8076537285884839,0.8360383042179632,0.030315230905928203,0.03676301684728442,0.5565112934518386,0.3340944301461381,0.00035702122699188266,-0.05132936089047058,0
2025-12-01 00:00:00+00:00,133.5648193359375,133.60720825195312,123.31387329101562,126.70902252197266,6212210725,136.8659210205078,163.95787536621094,33.78909941298235,-8.758276150982027,-10.133830550995475,1.3755544000134474,149.67399108293952,136.8659210205078,124.0578509580761,-0.05132936089047058,-0.0688754442995605,-0.11399845739325065,0.9257894264488729,0.7728144942044384,0.8347627139886301,0.02498868159279767,0.03476692220574477,1.106626720874721,0.10349613762938804,-0.013941431891029143,0.09443042677311331,1
2025-12-02 00:00:00+00:00,126.7086181640625,140.66482543945312,126.1412582397461,138.67420959472656,6173683503,136.13652954101562,162.564013671875,45.080384582085465,-7.906006770945652,-9.688265794985512,1.7822590240398597,146.4272367137941,136.13652954101562,125.84582236823715,0.09443042677311331,0.03825401242776438,-0.015422441446897306,1.0186406988797696,0.8530437115967839,0.8374333683455827,0.04777166507063124,0.04180166036209701,1.0978665328004482,0.6232995950182972,0.08720426505158296,0.044884257560364516,1
2025-12-03 00:00:00+00:00,138.673095703125,145.73007202148438,137.94105529785156,144.89849853515625,5809364566,136.12603073120118,161.4127767944336,49.86965651173653,-6.651652933550167,-9.080943222698444,2.429290289148277,146.37855496677062,136.12603073120118,125.87350649563174,0.044884257560364516,0.1435531239302974,0.054649464838087525,1.0644437199618157,0.8976891508389759,0.8433411123616551,0.04961840458811336,0.04149996125754419,1.0474750152940338,0.9278199008552664,0.10859132276669081,-0.04060754409088052,0
2025-12-04 00:00:00+00:00,144.89154052734375,146.7203826904297,138.0679931640625,139.0145263671875,4304817495,136.14292678833007,160.3126300048828,45.80330968303175,-6.062471462567743,-8.477248870672303,2.4147774081045608,146.4142457725821,136.14292678833007,125.87160780407805,-0.04060754409088052,0.002454074001615014,0.02155187154970184,1.0210925359590812,0.8671464398216996,0.8492339423549063,0.052036020294584706,0.04129539896368622,0.8042212197977414,0.6397872845376608,0.004648167435921113,-0.0409419682176172,0
2025-12-05 00:00:00+00:00,139.01397705078125,140.3798828125,131.1352996826172,133.322998046875,4557254539,135.83231658935546,159.2853109741211,42.217376010619375,-5.985799105297957,-7.978958917597435,1.9931598122994778,146.0472680962024,135.83231658935546,125.61736508250851,-0.0409419682176172,-0.07988695952893343,-0.0018105163490266252,0.9815263509782686,0.8370074882079731,0.8527610974211174,0.053631238826092754,0.042310817815465494,0.8426605363338673,0.37717423128252275,-0.0400899985388421,-0.007309679156038085,0
2025-12-06 00:00:00+00:00,133.32437133789062,134.06983947753906,131.50657653808594,132.34844970703125,2061286212,135.58645248413086,158.29158416748047,41.61657467175581,-5.935255683204616,-7.570218270718872,1.6349625875142557,145.89243979814782,135.58645248413086,125.28046517011391,-0.007309679156038085,-0.04795237472196778,0.04450691097455706,0.9761185375251367,0.8361054089079046,0.8565613465632738,0.05359343839125286,0.04219292979593258,0.39075533208752894,0.34290671633683856,-0.07456526561313181,-0.0019258466046577771,0
2025-12-07 00:00:00+00:00,132.34986877441406,136.23268127441406,128.2851104736328,132.09356689453125,3824892147,135.6487174987793,157.18024963378906,41.45042842804272,-5.848350426627746,-7.225844701900647,1.377494275272901,145.84867451207882,135.6487174987793,125.44876048547977,-0.0019258466046577771,-0.009221448439912017,-0.0474539766220925,0.9737914912149461,0.8403954517332378,0.8630137553211957,0.053147033921852285,0.04080201357947127,0.7500013797326187,0.32572717710415106,-0.062144561893113126,0.00896835397124418,1
2025-12-08 00:00:00+00:00,132.0959930419922,139.2073516845703,131.67465209960938,133.27822875976562,4710407082,135.27690963745118,156.0898501586914,42.59750783809247,-5.619111453716869,-6.904498052263892,1.2853865985470234,145.23872338605236,135.27690963745118,125.31509588885,0.00896835397124418,0.007025235692541543,-0.08019592951524779,0.9852252621453127,0.8538558312681193,0.866660513159053,0.0481701888576946,0.03697177383285254,0.948659519065344,0.3996828826494471,-0.02992912930736147,0.03468970597360688,1
2025-12-09 00:00:00+00:00,133.27833557128906,144.74278259277344,131.8707275390625,137.901611328125,5869893316,135.333642578125,155.05286895751954,46.96453831341837,-5.006655968590337,-6.5249296355291815,1.5182736669388444,145.34399186670083,135.333642578125,125.32329328954916,0.03468970597360688,0.04396916950718066,-0.008005746364397104,1.0189750951875665,0.8893844548333154,0.8728225636070165,0.033366756912506325,0.037311846712110075,1.1837913685597574,0.62826569163429,0.01337358636799979,-0.010388469403110556,0
2025-12-10 00:00:00+00:00,137.90609741210938,142.44235229492188,135.8628692626953,136.46902465820312,5949930252,135.48123626708986,154.0689239501953,45.80179531197217,-4.5840364371762234,-6.13675099585859,1.552714558682367,145.46582927843664,135.48123626708986,125.49664325574307,-0.010388469403110556,0.023940863621386477,0.023597028700344858,1.0072909608616645,0.8857660659869243,0.879354725102681,0.026775330124616654,0.03696176036485417,1.2315698915144726,0.5494656311975219,0.021743789545067838,-0.0007141392413866354,0
2025-12-11 00:00:00+00:00,136.46376037597656,137.67807006835938,129.38401794433594,136.37156677246094,5833676784,135.87478942871093,153.19339263916015,45.71886946373012,-4.208458955447469,-5.751092587776366,1.5426336323288972,145.3060012255218,135.87478942871093,126.44357763190003,-0.0007141392413866354,-0.01109518983083857,0.03039791606426312,1.0036561406706772,0.8901922231964519,0.8869494113806697,0.02266149480124872,0.035799533332433575,1.2630372685849833,0.5263368777232847,0.07625774438290445,-0.0296782666966684,0
2025-12-12 00:00:00+00:00,136.36993408203125,139.98731994628906,130.67987060546875,132.3242950439453,5282060650,136.11344413757325,152.01211303710937,42.294202659319865,-4.189102730664644,-5.438694616354022,1.2495918856893784,144.875642890924,136.11344413757325,127.3512453842225,-0.0296782666966684,-0.030371211523190667,0.001746702393147448,0.972161830760831,0.8704852027919785,0.8954118288214643,0.01968248660267805,0.03649889966713392,1.1218560756796632,0.28377863819974813,-0.045790162203475204,0.006976587305934423,1
2025-12-13 00:00:00+00:00,132.32403564453125,134.24513244628906,131.98580932617188,133.24746704101562,2024059188,136.24056434631348,150.80585784912108,43.33682892048122,-4.0525551846364465,-5.161466730010507,1.1089115453740606,144.74228737922948,136.24056434631348,127.73884131339749,0.006976587305934423,-0.022908732409432142,-0.00023080828006383225,0.9780307919329398,0.8835695704494957,0.9034169248426679,0.01964874753215103,0.03614303024977172,0.4382480842929946,0.3239711353975231,-0.08040822791075208,-0.02826599832854393,0
2025-12-14 00:00:00+00:00,133.24761962890625,133.5909881591797,128.9016571044922,129.48109436035156,2489001258,135.79605140686036,149.51467224121095,40.14958279329945,-4.199841905896534,-4.969141765187713,0.7692998592911788,144.746499646278,135.79605140686036,126.84560316744269,-0.02826599832854393,-0.021486611227737984,-0.06106177358390352,0.9534967550154425,0.8660092847039161,0.9082456548998854,0.02262832406254658,0.03408523949404948,0.5605066487775362,0.1472267713533163,-0.06857867487642766,-0.013314500806241303,0
2025-12-15 00:00:00+00:00,129.48333740234375,134.71762084960938,123.998046875,127.75711822509766,5120043768,135.23935012817384,148.06924209594726,38.74493933873791,-4.404901200796985,-4.856293652309567,0.4513924515125822,144.74692617681234,135.23935012817384,125.73177407953533,-0.013314500806241303,-0.04120415147725065,-0.06383797682239678,0.9446741507114249,0.8628200996822313,0.913352079161317,0.022289521590298816,0.034126806952273984,1.145160599179659,0.10651211913536891,-0.04174733469330205,0.011694747345551537,1
2025-12-16 00:00:00+00:00,127.75730895996094,129.9452667236328,125.45384979248048,129.25120544433594,3918682307,134.5513008117676,146.6794319152832,40.68181741744991,-4.39617544340598,-4.76427001052885,0.3680945671228697,143.67436681664418,134.5513008117676,125.42823480689098,0.011694747345551537,-0.0017754631836508494,-0.05221294655949427,0.9606091109082157,0.8811815246120316,0.9173153935411995,0.016183445995207886,0.033433316155866796,0.8908365818326027,0.20952225027208188,-0.02340219526221443,-0.04743786366195479,0
2025-12-17 00:00:00+00:00,129.25282287597656,133.4417724609375,121.55805206298828,123.11980438232422,5452646038,133.66497077941895,145.25297210693358,35.69386457774765,-4.828354772979139,-4.777086963018908,-0.0512678099602315,143.6194274728996,133.66497077941895,123.7105140859383,-0.04743786366195479,-0.0362978901465425,-0.06956009596396684,0.9211074798759584,0.8476233057158019,0.9202219330907482,0.02176988237334218,0.03472784501051497,1.2115482426663353,-0.029670614971932508,-0.06793489435690714,-0.02883087832552622,0
2025-12-18 00:00:00+00:00,123.12610626220705,128.76417541503906,117.31623077392578,119.57015228271484,5835673225,132.7739685058594,143.75615768432618,33.1591116788271,-5.395095956254806,-4.900688761666088,-0.4944071945887183,144.37788916552523,132.7739685058594,121.17004784619355,-0.02883087832552622,-0.0749010667122203,-0.10264596440013896,0.9005541796202179,0.8317567345203999,0.9236054346793091,0.0214167567718802,0.034860524247345065,1.282823627615227,-0.0689377155533216,-0.1028530811417041,0.05538670491164055,1
2025-12-19 00:00:00+00:00,119.57015228271484,127.5052261352539,117.79812622070312,126.1927490234375,5045203467,132.27952041625977,142.5875242614746,41.50525962545214,-5.249343058350405,-4.970419621002952,-0.2789234373474532,144.13011526815833,132.27952041625977,120.4289255643612,0.05538670491164055,0.024958979235955026,-0.025396335682508653,0.9539855347700967,0.8850195672941719,0.9277075333301096,0.034246623317596044,0.037473725731649164,1.0780514964590313,0.2431870944500685,-0.08490736396710608,-0.003040687927984176,0
2025-12-20 00:00:00+00:00,126.19405364990234,126.76323699951172,125.39103698730467,125.8090362548828,1703857955,131.89173126220703,141.35951553344728,41.184382287637035,-5.105937184739048,-4.997523133750171,-0.10841405098887691,144.06833873670462,131.89173126220703,119.71512378770943,-0.003040687927984176,0.052177603298660724,-0.015248324299100835,0.9538811497194503,0.8899934028503015,0.9330233678609342,0.03380801504408233,0.03729871378387194,0.3696860513988441,0.2502303075768977,-0.07811287894831132,0.00145032984148874,1
2025-12-21 00:00:00+00:00,125.81024169921876,126.45636749267578,123.60157775878906,125.9915008544922,2335972346,131.855855178833,140.15174453735352,41.41631906442755,-4.920839256616176,-4.982186358323372,0.06134710170719604,144.10079323204985,131.855855178833,119.61091712561614,0.00145032984148874,-0.001594768086935927,-0.025219916353101834,0.9555245057840844,0.8989649131403619,0.9408078052406298,0.03263875768190907,0.0354724286620028,0.5290846420215289,0.26053964916546984,-0.07611605676781663,-0.0015101770272155646,0
2025-12-22 00:00:00+00:00,125.99151611328124,128.38507080078125,124.4066162109375,125.80123138427734,3657779407,131.21220626831055,138.91124969482422,41.23371744727853,-4.734919763470174,-4.932733039352733,0.19781327588255948,143.30039751872516,131.21220626831055,119.12401501789594,-0.0015101770272155646,-6.203744053523419e-05,0.021779006354058827,0.9587616500177695,0.9056230626436057,0.9445758105018291,0.032347293635667476,0.027711220115564875,0.8527633885607607,0.2761875713271984,-0.049296039381896084,-0.015453072132429413,0
2025-12-23 00:00:00+00:00,125.80123138427734,126.73116302490234,122.32801818847656,123.85721588134766,3084149409,130.1601421356201,138.06658004760743,39.32594074628038,-4.69037530310834,-4.884261492103855,0.19388618899551524,140.8099284482704,130.1601421356201,119.5103558229698,-0.015453072132429413,-0.016939912285110714,0.03585396118335926,0.9515756040915726,0.8970832466382511,0.9427346001526143,0.03209236071740417,0.025225268005268652,0.7426201847210256,0.20408203182511087,-0.0704722676400108,-0.011292139631283615,0
2025-12-24 00:00:00+00:00,123.85684204101562,124.10684204101562,120.78385925292967,122.45860290527344,2313559221,129.3323459625244,137.40768844604492,37.96499470621129,-4.713594492618725,-4.8501280922068295,0.13653359958810452,139.6529325606205,129.3323459625244,119.0117593644283,-0.011292139631283615,-0.026570713515461364,-0.029590813632806467,0.9468520963870652,0.8912063385256536,0.9412307813715141,0.02669987556486672,0.024024122375999536,0.5707557433444882,0.16698874177757467,-0.05423565107917783,-0.020508826486549614,0
2025-12-25 00:00:00+00:00,122.45835876464844,124.19391632080078,119.90099334716795,119.9471206665039,2194207451,128.66355209350587,136.55530944824218,35.583612710562434,-4.878416150255262,-4.855785703816516,-0.0226304464387459,139.60988391577987,128.66355209350587,117.71722027123187,-0.020508826486549614,-0.03156937758547329,-0.04659375640159058,0.9322540744043245,0.8783775684091347,0.942208344833875,0.02537919520890997,0.02286875024088345,0.557563613711683,0.10185605696396648,-0.061131603992766737,0.018748534271942008,1
2025-12-26 00:00:00+00:00,119.94737243652344,124.92918395996094,119.57316589355467,122.19595336914062,3779508002,128.15592727661132,135.89791015625,39.25769365674067,-4.772561379814221,-4.839140839016057,0.0665794592018365,139.32216454954607,128.15592727661132,116.98969000367656,0.018748534271942008,-0.0021448026508679163,-0.030125424807305512,0.9534943561790419,0.8991746321090928,0.943030890830203,0.012970179086445358,0.023466252799294925,0.9398814919175567,0.23312523449968459,-0.054585580466665506,0.020064161461815333,1
2025-12-27 00:00:00+00:00,122.19612121582033,124.74816131591795,121.8603973388672,124.64771270751952,1711358748,127.78363456726075,135.1567008972168,43.07009149947951,-4.4396566252126775,-4.759243996255382,0.3195873710427044,138.89345560842673,127.78363456726075,116.67381352609478,0.020064161461815333,0.03918886935256194,-0.009169375085322007,0.9754591276859432,0.9222458959124112,0.9454480149262959,0.01599510188256605,0.02406244688922042,0.4370635310812553,0.35886712989698516,0.012409931390490847,0.004425619689279348,1
2025-12-28 00:00:00+00:00,124.6484146118164,125.21761322021484,123.07058715820312,125.19935607910156,2003713687,127.37969093322754,134.4986378479004,43.92291201635201,-4.084233695239533,-4.624241936052212,0.5400082408126794,138.2328554750513,127.37969093322754,116.52652639140376,0.004425619689279348,0.024578577499108967,0.01083618897941041,0.9828831830399957,0.9308596583757595,0.9470704906117828,0.01611678448215758,0.0239685311798998,0.5300480947987731,0.39955303608805376,0.04707867046181291,-0.01656659636456259,0
2025-12-29 00:00:00+00:00,125.19874572753906,129.30441284179688,122.42872619628906,123.12522888183594,4871847248,126.64087181091308,133.6720655822754,41.411053908081136,-3.9246819032163387,-4.484329929485038,0.5596480262686994,136.43862313570574,126.64087181091308,116.84312048612044,-0.01656659636456259,-0.012214294130338588,0.005443684320636688,0.9722392709493793,0.921099171659408,0.9473996774065364,0.017197477137040684,0.02243456138265084,1.3060039385514506,0.3205892958223476,-0.024308212360377723,0.014668734628928481,1
2025-12-30 00:00:00+00:00,123.1244888305664,126.19066619873048,122.53900146484376,124.93132019042967,3096711898,126.06398658752441,132.82335189819335,44.39314763944875,-3.6108755583164367,-4.309639055251318,0.6987634969348813,134.71700211897675,126.06398658752441,117.41097105607207,0.014668734628928481,-0.0021408727414105044,0.04155330695918602,0.9910151469285136,0.9405824985217,0.9491101134396166,0.01731286724632267,0.022838098639007695,0.863150298214543,0.43455077059681246,-0.006976574104541444,-0.0035767943299900296,0
2025-12-31 00:00:00+00:00,124.93132019042967,127.11942291259766,123.46351623535156,124.48446655273438,3627228070,125.46963157653809,132.2216746520996,43.79915425667476,-3.3595127514068395,-4.119613794482422,0.7601010430755828,132.64910870426107,125.46963157653809,118.29015444881512,-0.0035767943299900296,0.011039473252089538,0.018728223975473135,0.9921481795122451,0.9414830577534031,0.9489339165206656,0.0166040195100638,0.022824332956028797,1.0430972825230753,0.4313901969267664,-0.01196139653497974,0.01828868426349195,1
2026-01-01 00:00:00+00:00,124.4847412109375,126.98711395263672,124.0515365600586,126.76112365722656,2461653813,125.19147300720215,131.69165634155274,47.642929761049906,-2.9426773615733595,-3.88422650790061,0.9415491463272505,131.6473529534183,125.19147300720215,118.735593060986,0.01828868426349195,0.014646475071325327,0.0169550720490641,1.0125379996921524,0.9625600222421195,0.9506408870924073,0.013914738309270265,0.022535928945359034,0.7378299958664023,0.6215675216315317,0.007630229548525547,0.042383210088045464,1
2026-01-02 00:00:00+00:00,126.76112365722656,132.98789978027344,125.79122161865234,132.1336669921875,4508641946,125.13578300476074,131.4321601867676,55.39572986939685,-2.1539831877003905,-3.538177843860566,1.3841946561601755,131.3122293149004,125.13578300476074,118.95933669462106,0.042383210088045464,0.061447027498910956,0.05538615477147357,1.05592232548831,1.005337406038393,0.9520940904185127,0.01892194773262512,0.024569291948886594,1.3028603346340606,1.0664975971651016,0.06682251859083044,0.008815392830450408,1
2026-01-03 00:00:00+00:00,132.13339233398438,133.60838317871094,129.93521118164062,133.29847717285156,2477037555,125.32665214538574,131.32459762573242,56.8863200550084,-1.4185942542974033,-3.1142611259479334,1.69566687165053,132.2582661836368,125.32665214538574,118.39503810713467,0.008815392830450408,0.05157222756483759,0.08262521323537153,1.0636083777153649,1.0150305394633272,0.9543273264202912,0.018535612681681926,0.023719088583076472,0.7159122334146789,1.0750338220993343,0.08851868313378675,0.00450969333375606,1
2026-01-04 00:00:00+00:00,133.2982177734375,135.35447692871094,133.22732543945312,133.8996124267578,2982580991,125.63377685546875,131.21188583374024,57.67247192227447,-0.7783147078233696,-2.6470718423230206,1.868757134499651,133.50011444311068,125.63377685546875,117.76743926782683,0.00450969333375606,0.01336484088248846,0.07178577976009537,1.0657930994210116,1.02048386528354,0.9574877767907432,0.018531594109459135,0.023457889298643515,0.8894993953153758,1.0253928832316295,0.1163220232609572,0.030547979002295556,1
2026-01-05 00:00:00+00:00,133.9026336669922,139.63558959960938,133.34866333007812,137.98997497558594,5200675282,126.07071533203126,131.22637069702148,62.66156652164385,0.0584952223157984,-2.105958429395257,2.1644536517110553,135.58190603943723,126.07071533203126,116.5595246246253,0.030547979002295556,0.03519543435331807,0.10849151542237068,1.0945442374318495,1.0515415022349466,0.9607117430924481,0.01570421831477383,0.024208925339210284,1.5219111681393185,1.1265913496127065,0.1292515927981126,0.02252659451831307,1
2026-01-06 00:00:00+00:00,137.9898223876953,143.0365753173828,136.3661346435547,141.09841918945312,5874437271,126.96964607238769,131.4313737487793,65.94649976382806,0.9614159855274522,-1.4924835464107153,2.4538995319381676,138.49226030855885,126.96964607238769,115.44703183621652,0.02252659451831307,0.05376271545694733,0.1131048315017773,1.1112767779868455,1.0735520383371449,0.9660527958497958,0.015830208147774825,0.021337467763575403,1.708534628540236,1.113088871478191,0.13197760411805137,-0.03391533667148772,0
2026-01-07 00:00:00+00:00,141.0961151123047,141.0989227294922,134.6916046142578,136.31301879882812,3910044770,127.80678939819336,131.3433464050293,57.552068479023106,1.276134888671578,-0.9387598593942565,2.2148947480658343,139.49745559029648,127.80678939819336,116.11612320609022,-0.03391533667148772,-0.012152739190325335,0.03162972694073285,1.0665553797312979,1.0378372603548078,0.9730739538497054,0.024426801073289428,0.02181249088714424,1.1699685550121133,0.8638043059676361,0.08876773066392518,0.014528382778804527,1
2026-01-08 00:00:00+00:00,136.31301879882812,139.83444213867188,132.82118225097656,138.29342651367188,4776764584,128.41182327270508,131.37387588500977,59.83090210741317,1.6661479223626543,-0.4177783030428744,2.083926225405529,140.97101846101958,128.41182327270508,115.85262808439056,0.014528382778804527,-0.01987968888591851,0.03747191600953714,1.0769524408977629,1.052670674303,0.9774532600766278,0.024340206911379798,0.018715746552043146,1.435072998351331,0.8934011333051409,0.12319325429553474,-0.01834529048135103,0
2026-01-09 00:00:00+00:00,138.29727172851562,140.8950653076172,135.04872131347656,135.7563934326172,5002612595,128.9091911315918,131.41866073608398,55.705110114237975,1.7503418434625928,0.015845726258219006,1.7344961172043738,141.81740383986005,128.9091911315918,116.00097842332355,-0.01834529048135103,-0.004083435104847988,0.013866963258575726,1.053116478669358,1.0330069768801273,0.9809047696085434,0.022800386180067002,0.019353272095132188,1.431967345166832,0.7652265830977308,0.08664819378909239,-0.0002164791432012203,0
2026-01-10 00:00:00+00:00,135.75704956054688,136.81883239746094,135.29322814941406,135.7270050048828,1631651535,129.39596633911134,131.56319076538085,55.657231862289294,1.7940144501636155,0.37147947103929835,1.4225349791243171,142.57238031643544,129.39596633911134,116.21955236178725,-0.0002164791432012203,-0.01855779825178705,-0.016399524466204962,1.0489276354193264,1.0316487781671955,0.9835271217301627,0.022744248746626925,0.019368364717914206,0.4718062858585572,0.7402413386778393,0.09031278169462098,0.02772814630233489,1
2026-01-11 00:00:00+00:00,135.72767639160156,141.0433807373047,135.6405029296875,139.49046325683594,3148787073,130.08042793273927,131.8019760131836,60.35631084629933,2.108005162690148,0.7187846093694683,1.3892205533206796,143.87815429271043,130.08042793273927,116.28270157276809,0.02772814630233489,0.027505664593779677,-0.011395988288558923,1.0723401319755983,1.0583336265222858,0.9869383742754195,0.024647667063660016,0.020030170057130828,0.917249289565541,0.8409994907348031,0.10041990187804473,-0.0025398049169914616,0
2026-01-12 00:00:00+00:00,139.49087524414062,143.9115753173828,138.42050170898438,139.1361846923828,6095296933,130.84437637329103,131.97059844970704,59.714784831066,2.3017248934290535,1.0353726661813853,1.2663522272476682,144.88115489262418,130.84437637329103,116.80759785395787,-0.0025398049169914616,0.025117917303025594,0.020710904346716408,1.063371529972643,1.0542968382871016,0.9914661137431667,0.022237517558459853,0.019525455013318472,1.7009738880050815,0.79536008948461,0.05299571153663152,0.04473807933362206,1
2026-01-13 00:00:00+00:00,139.13543701171875,147.30531311035156,137.80845642089844,145.36087036132812,6784244711,131.98948974609374,132.1103887939453,66.4602077891929,2.923825249867633,1.413063182918635,1.510762066948998,146.85789267254162,131.98948974609374,117.12108681964584,0.04473807933362206,0.04208464842276238,0.05110469836364606,1.1013064043277743,1.1002985585641551,0.9990848634315949,0.02685961990475487,0.020884067749103844,1.7820681490596184,0.949657595418315,0.09049160533795853,0.009575735563493781,1
2026-01-14 00:00:00+00:00,145.36163330078125,148.21600341796875,143.52069091796875,146.7528076171875,6358680886,133.32977409362792,132.2676220703125,67.7602057678333,3.4889435979736163,1.8282392659296316,1.6607043320439847,148.45792377273654,133.32977409362792,118.20162441451929,0.009575735563493781,0.05474221491443321,0.0810010777873853,1.1006754388868427,1.109514220639536,1.0080303252352323,0.020826720547627763,0.019711293873882072,1.5836626448063977,0.9436442594858864,0.0959912800155438,-0.03012115714619623,0
2026-01-15 00:00:00+00:00,146.75563049316406,146.76199340820312,141.03555297851562,142.3324432373047,4616638822,134.33659858703612,132.25402709960937,59.82935585221544,3.5393184375762985,2.170455100258965,1.3688633373173333,149.01849945324145,134.33659858703612,119.6546977208308,-0.03012115714619623,-0.02083385381840097,0.048667089001074304,1.059520969969238,1.0762049848970163,1.0157467529201074,0.025744522206306283,0.02155427201029562,1.1379354707860085,0.7723027734328779,0.03146944741809721,0.01776144874638974,1
2026-01-16 00:00:00+00:00,142.3328857421875,145.3809814453125,140.43679809570312,144.8604736328125,3652609587,135.34723663330078,132.3343084716797,62.530407503662005,3.740118033629443,2.484387686933061,1.255730346696382,150.0036608625794,135.34723663330078,120.69081240402214,0.01776144874638974,-0.01289470378864066,0.03849732985751908,1.0702876337644494,1.09465546241029,1.0227675513358343,0.02398409843226575,0.021491799719029956,0.8792796934650333,0.8245415406476656,0.02666262644876305,-0.007833718295403136,0
2026-01-17 00:00:00+00:00,144.8601531982422,144.8657684326172,143.57345581054688,143.72567749023438,1900249993,136.27355270385743,132.46101806640624,60.56187035258896,3.7642921783243537,2.7403685852113195,1.0239235931130342,150.5667879484366,136.27355270385743,121.98031745927827,-0.007833718295403136,0.009788592264989182,0.03298561627227681,1.0546850407765584,1.0850413169720685,1.028782314171403,0.024664778676045183,0.021765016533747437,0.4580107822300001,0.7606871243234881,0.05437968256242587,-0.039869390264954396,0
2026-01-18 00:00:00+00:00,143.72593688964844,143.82252502441406,137.9600372314453,137.99542236328125,2984193864,137.01706237792968,132.49929229736327,51.7094319371364,3.283219749615256,2.848938818092107,0.43428093152314906,149.9088305260783,137.01706237792968,124.12529422978105,-0.039869390264954396,-0.04739078298841237,-0.05067008734701672,1.0071404244724864,1.0414804484659679,1.0340965600814482,0.02876199677776642,0.02364395731364106,0.7360134545106715,0.5379451435252531,-0.0021548685132996015,-0.03374548910906505,0
2026-01-19 00:00:00+00:00,137.99720764160156,137.99765014648438,132.81777954101562,133.3386993408203,5018545520,137.43743133544922,132.49476989746094,45.8447510502748,2.49741906151732,2.77863486677715,-0.2812158052598299,149.16566984125285,137.43743133544922,125.70919282964559,-0.03374548910906505,-0.07226946729904837,-0.09140614407431713,0.9701774694506261,1.0063695302389106,1.0373045776962626,0.031312421365597344,0.025138964434639536,1.2091048787669456,0.32526225090832356,-0.017809062473340576,-0.05724499155173923,0
2026-01-20 00:00:00+00:00,133.33859252929688,134.38629150390625,125.67015838623048,125.70572662353516,5647782627,137.49849433898925,132.47470397949218,38.19746776551256,1.2444045271669495,2.4717887988551097,-1.2273842716881602,148.95228270432557,137.49849433898925,126.04470597365294,-0.05724499155173923,-0.08905872042184648,-0.11681606972802772,0.9142334774489954,0.9489036234645605,1.0379226388780969,0.027452128119831207,0.028571145346543574,1.3283722716597957,-0.014797695718897136,-0.07383407878916315,0.029221798972973723,1
2026-01-21 00:00:00+00:00,125.70572662353516,131.8393096923828,125.58707427978516,129.3790740966797,5435243612,137.6293918609619,132.28880126953126,43.11521982211308,0.5415473026456539,2.0857404996132187,-1.5441931969675649,148.6168506955516,137.6293918609619,126.64193302637221,0.029221798972973723,-0.029695994214100074,-0.10687110947444878,0.9400540999802064,0.9780047355110342,1.040370693060779,0.03168315252970947,0.029022809691845564,1.2351883134160144,0.12455751195584287,-0.0724880319706066,-0.00843048821751935,0
2026-01-22 00:00:00+00:00,129.3789520263672,130.49163818359375,126.85424041748048,128.28834533691406,3212054901,137.43712577819824,131.9565982055664,42.04538163882827,-0.10230549287393842,1.6481313011157874,-1.7504367939897258,148.95144664349786,137.43712577819824,125.92280491289861,-0.00843048821751935,0.02054495672351786,-0.1074083102121347,0.9334329760646417,0.9722010652098063,1.041532804324753,0.03129041460162141,0.027428974935016524,0.7408718648490868,0.10272166511984265,-0.07796562324496903,-0.0072240813416110106,0
2026-01-23 00:00:00+00:00,128.28851318359375,129.72862243652344,125.3766098022461,127.36157989501952,3766000022,137.14028091430663,131.72353927612303,41.111927305693996,-0.6795126984848707,1.1826025011956558,-1.8621151996805265,149.38668879837599,137.14028091430663,124.89387303023727,-0.0072240813416110106,-0.015593667026497449,-0.0770593856386591,0.928695632281828,0.9668854981799431,1.0411220474939475,0.0283054722184502,0.02735772317015353,0.8559178926149587,0.10075227316217113,-0.12382486718445751,-0.002416444160395659,0
2026-01-24 00:00:00+00:00,127.363037109375,127.90245056152344,126.56280517578124,127.05381774902344,1620566908,136.79799118041993,131.59815567016602,40.788081623610566,-1.148547658134305,0.7163724693296637,-1.8649201274639688,149.78600561883422,136.79799118041993,123.80997674200565,-0.002416444160395659,-0.009623068912834376,-0.047134714999224725,0.9287696160790467,0.9654680728768541,1.0395129816506443,0.028697119053124734,0.027315888971800945,0.3741046858959165,0.12487824918886654,-0.13423245652342086,-0.06517679066807469,0
2026-01-25 00:00:00+00:00,127.05250549316406,127.22686004638672,117.57979583740234,118.77285766601562,5349293195,135.8371353149414,131.3266438293457,33.20815225727402,-2.1635257367533427,0.14039282811306242,-2.303918564866405,151.0983017079649,135.8371353149414,120.57596892191789,-0.06517679066807469,-0.06743573875326714,-0.055151576175062944,0.874376932277305,0.9044079266988405,1.0343455932023735,0.033272911637996755,0.029558400973111472,1.2327591369149602,-0.05907514568239491,-0.16552505553501384,0.04518597237528055,1
2026-01-26 00:00:00+00:00,118.77265167236328,125.06038665771484,118.6618423461914,124.13972473144533,4273720547,134.98920059204102,131.16756698608398,40.87673516783784,-2.505954770488927,-0.3888766916073354,-2.1170780788815913,150.89059833877062,134.98920059204102,119.0878028453114,0.04518597237528055,-0.022935894955431246,-0.04049611115101359,0.9196270826628232,0.9464208842466044,1.029135507303894,0.040673288432694854,0.031143496532395988,1.0033976441137549,0.15885150370422432,-0.14303935629735298,0.023482165651521836,1
2026-01-27 00:00:00+00:00,124.13898468017578,127.62338256835938,123.04519653320312,127.05479431152344,3683537052,134.5262893676758,131.04309829711914,44.597512610357214,-2.513140573774251,-0.8137294680407186,-1.6994111057335326,150.80009920382793,134.5262893676758,118.25247953152365,0.023482165651521836,0.06972920251524362,-0.009615456666395072,0.9444607065929552,0.9695649443776667,1.0265804999715367,0.036040680788151945,0.03107216556403465,0.8671382233334057,0.27044419434118977,-0.11599098692607424,-0.015240258912844196,0
2026-01-28 00:00:00+00:00,127.0533218383789,127.9662857055664,124.89337921142578,125.11844635009766,3544660044,133.86754035949707,130.7874349975586,42.67627554536807,-2.6445972020599413,-1.1799030148445633,-1.464694187215378,150.56051016321058,133.86754035949707,117.17457055578356,-0.015240258912844196,0.007884032454314127,-0.01761232505729604,0.9346436485954399,0.9566549443563386,1.0235504684528447,0.034340284551746945,0.03089845485348998,0.8467248791324463,0.23794075852658958,-0.09331451574737148,-0.06004454397307235,0
2026-01-29 00:00:00+00:00,125.11925506591795,125.18667602539062,115.41664123535156,117.60576629638672,6044075471,132.96000900268555,130.41016983032227,36.1664115667787,-3.3167545395933757,-1.6072733197943259,-1.7094812197990499,151.12891048787193,132.96000900268555,114.79110751749917,-0.06004454397307235,-0.07436970848946334,-0.07436259389938193,0.8845198430605649,0.9018143788126688,1.0195524564969196,0.04039282397150029,0.03320048641970477,1.4260304258091956,0.07745814410360524,-0.11799224922855622,-0.002063922498493853,0
2026-01-30 00:00:00+00:00,117.60324096679688,118.86773681640624,112.96723175048828,117.363037109375,6818716389,132.04181060791015,130.02999923706054,35.97546860522755,-3.8249387757746973,-2.0508064109904005,-1.7741323647842968,151.43668328964657,132.04181060791015,112.64693792617375,-0.002063922498493853,-0.061984539186348386,-0.011869888325874767,0.888832382478283,0.9025843097592262,1.0154719017353975,0.04053354691805015,0.033184297079797566,1.5160300392090187,0.12158108126283979,-0.06636682145074368,-0.10157701276629383,0
2026-01-31 00:00:00+00:00,117.36463165283205,118.61029052734376,99.98045349121094,105.441650390625,9542017060,130.3393699645996,129.49234634399414,28.122390358216578,-5.130493584811077,-2.666743845754536,-2.4637497390565413,152.72773712510528,130.3393699645996,107.95100280409393,-0.10157701276629383,-0.10343128818280944,-0.15062120027469328,0.8089777510760037,0.8142693631523296,1.0065411095290169,0.052605788338300846,0.03831983156447063,1.9807374037902825,-0.05604143427430405,-0.1850177385576839,-0.04354185913510167,0
2026-02-01 00:00:00+00:00,105.44039916992188,106.20301818847656,98.52946472167967,100.85052490234376,5440089988,128.42508697509766,128.8444075012207,25.787730291700598,-6.461140627026552,-3.425623202008939,-3.0355174250176127,153.97093274310146,128.42508697509766,102.87924120709384,-0.04354185913510167,-0.14069601992016112,-0.20624384582395117,0.7852867946423836,0.7827311006990216,0.9967455279258506,0.050447427748715766,0.038814337281389465,1.1369890102292852,-0.03970736226887907,-0.2138761737281154,0.03590093715862697,1
2026-02-02 00:00:00+00:00,100.8449478149414,105.69131469726562,96.42904663085938,104.47115325927734,6949524331,126.38060111999512,128.34420867919923,30.67546742517557,-7.14121407462487,-4.168741376532125,-2.9724726980927443,152.75114032105643,126.38060111999512,100.01006191893381,0.03590093715862697,-0.009204115525053846,-0.16502197472182878,0.8266391545335718,0.8139919544044765,0.9847004584046934,0.04847067406148976,0.038140206172975,1.4499592672560444,0.08458475775428946,-0.17972787911872712,-0.06611633197482858,0
2026-02-03 00:00:00+00:00,104.47044372558594,104.91223907470705,96.8131332397461,97.56390380859376,5824450887,123.92115592956543,127.74034439086914,27.019403658281163,-8.143659449012858,-4.963724991028272,-3.1799344579845865,151.44176328138948,123.92115592956543,96.40054857774138,-0.06611633197482858,-0.032589033095588915,-0.17041564473364357,0.7873062761296977,0.7637673459691066,0.9701019401543377,0.0458160454422425,0.039242723888893764,1.2220327871146481,0.021136074796243225,-0.2321056892495963,-0.0567279402334836,0
2026-02-04 00:00:00+00:00,97.56403350830078,99.4518585205078,89.66161346435547,92.02930450439452,7163239530,121.40599899291992,126.99590637207031,24.499702106332663,-9.27775238541804,-5.826530469906226,-3.4512219155118142,150.9611840807697,121.40599899291992,91.85081390507014,-0.0567279402334836,-0.11909362887958697,-0.21585784782794115,0.758029300592975,0.7246635512389566,0.9559835624719022,0.045349302040638424,0.040065709746481305,1.4638188820529476,0.0030196156578588783,-0.22516552760583464,-0.1504074001458241,0
2026-02-05 00:00:00+00:00,92.02930450439452,92.90266418457033,77.77494049072266,78.18741607666016,10561367080,118.07234611511231,126.09725860595704,19.581438696232738,-11.16475359324231,-6.894175094573443,-4.270578498668867,151.3008572874016,118.07234611511231,84.84383494282301,-0.1504074001458241,-0.19860303837316173,-0.2584769321515482,0.6621992248755088,0.6200564305762509,0.9363593421493652,0.061366406824819614,0.04834200791880425,2.0159256942527812,-0.10016125657345022,-0.37016602666225484,0.11865539845558937,1
2026-02-06 00:00:00+00:00,78.18553161621094,89.50743865966797,68.69181823730469,87.46477508544922,11668451362,115.25930099487304,125.45515106201172,29.759238298444117,-11.775865460856593,-7.870513167830074,-3.905352293026519,148.86726315197316,115.25930099487304,81.65133883777293,0.11865539845558937,-0.04959865168520683,-0.13272860830279587,0.758852208285905,0.6971796243122446,0.9187291236682746,0.08930380365503894,0.05849207047575613,2.037311729423135,0.08648897276933123,-0.3115979954995176,0.002001450953809769,1
2026-02-07 00:00:00+00:00,87.4673080444336,89.0591812133789,84.32820892333984,87.63983154296875,5200795827,112.74152145385742,124.68409271240235,29.939419626253425,-12.10649429544334,-8.717709393352727,-3.388784902090613,146.72052866732037,112.74152145385742,78.76251424039448,0.002001450953809769,0.12089433236981284,-0.1611097531826463,0.7773518612558176,0.7028950496926638,0.9042173624658617,0.08545151358396313,0.058600787839002376,0.8908207892603549,0.1306294390357726,-0.29954507828732846,-0.006797434484929532,0
2026-02-08 00:00:00+00:00,87.63983154296875,88.67376708984375,85.87124633789062,87.04410552978516,3068974562,110.42679176330566,123.9087940979004,29.660580744188167,-12.275090536750255,-9.429185622032234,-2.8459049147180213,144.80296282690531,110.42679176330566,76.050620699706,-0.006797434484929532,-0.004809588262853048,-0.10782469610325274,0.7882516927265248,0.7024852930213458,0.8911941445903945,0.08509937305988807,0.058596681122218136,0.534596748829047,0.15989978653730824,-0.2598653257322514,-0.0039327568608941155,0
2026-02-09 00:00:00+00:00,87.04224395751953,88.4691162109375,82.9388427734375,86.7017822265625,4074999909,108.47659454345703,123.1229997253418,29.49061228865922,-12.294602379207902,-10.002268973467368,-2.292333405740534,143.620030686903,108.47659454345703,73.33315840001106,-0.0039327568608941155,-0.010703458688716583,-0.057889411492592746,0.7992671837778677,0.7041883516481373,0.8810424923486478,0.08220489924293116,0.05799533883024694,0.7196990292113195,0.190200863853841,-0.2612513755437168,-0.04367039018051111,0
2026-02-10 00:00:00+00:00,86.70360565185547,87.34439086914062,81.989990234375,82.91548156738281,2879051689,106.15341491699219,122.26528472900391,27.606270281379224,-12.471821084666743,-10.496179395707243,-1.9756416889595005,141.62038640913596,106.15341491699219,70.68644342484842,-0.04367039018051111,-0.04743140201480489,0.06047092649905372,0.7810910429232961,0.6781604586384569,0.8682220399050881,0.08068153029619367,0.05723890183143234,0.5202216067027274,0.17240037178312823,-0.21363634521833152,-0.0441561928534846,0
2026-02-11 00:00:00+00:00,82.91615295410156,84.22687530517578,78.39973449707031,79.2542495727539,4305057649,103.70171012878419,121.37322540283203,25.883989369393774,-12.760602724302416,-10.949064061426277,-1.8115386628761385,139.50364080759138,103.70171012878419,67.89977944997699,-0.0441561928534846,-0.08589826486319818,-0.09387236752937389,0.7642520983919197,0.652979677434729,0.8544035126742581,0.07986677991646839,0.05740269139970004,0.7702830511961276,0.1585734331570301,-0.21414142713190742,-0.011429134715176037,0
2026-02-12 00:00:00+00:00,79.25389862060547,82.10655975341797,76.66899108886719,78.34844207763672,3687924145,101.25105323791504,120.4910221862793,25.46077422241747,-12.913694319361909,-11.341990113013404,-1.571704206348505,136.94369149155858,101.25105323791504,65.55841498427151,-0.011429134715176037,-0.055080660492028866,-0.10601788366944287,0.7738037242292894,0.6502429862078015,0.8403203110135523,0.0549484782190485,0.05735265590065601,0.6603235787045827,0.17916897880278707,-0.25004712178115873,0.07625037648670263,1
2026-02-13 00:00:00+00:00,78.34674072265625,85.46414184570312,77.61656951904297,84.32254028320312,3663739655,99.11448936462402,119.77853057861329,33.21646562714632,-12.409907030495972,-11.555573496509918,-0.854333533986054,133.39145665631713,99.11448936462402,64.83752207293091,0.07625037648670263,0.06394976594657709,-0.03126650828355926,0.8507589639391268,0.7039870991559742,0.8274812596700959,0.04025632520884526,0.06135355552234179,0.6442097617651846,0.28422902826345336,-0.13571990263292744,0.04551920482968108,1
2026-02-14 00:00:00+00:00,84.32231140136719,88.80354309082031,84.23580932617188,88.16083526611328,2954230209,97.58388824462891,119.09782821655273,37.70148199757003,-11.567589674138134,-11.557976732035563,-0.009612942102570798,130.88475312976567,97.58388824462891,64.28302335949216,0.04551920482968108,0.1252404378220222,0.01682840885252035,0.9034363853703659,0.7402388153192226,0.8193590908072182,0.044563532666383014,0.061908843575704094,0.5306271634376467,0.35851639272706326,-0.04203518932490147,-0.024452341269899702,0
2026-02-15 00:00:00+00:00,88.16121673583984,91.07579040527344,85.0082015991211,86.00509643554688,4172988583,95.67715682983399,118.32497589111328,36.22983558549705,-10.947797809639269,-11.435940947556306,0.4881431379170369,126.87649752612836,95.67715682983399,64.47781613353962,-0.024452341269899702,0.019953812428951556,0.0372622194282648,0.8989094083189648,0.7268549669064942,0.8085964616454213,0.0456108073339419,0.06040802184815563,0.7502144138931093,0.34499575666616744,0.09998642685955694,0.0049263452220642545,1
2026-02-16 00:00:00+00:00,86.00759887695312,86.67033386230469,82.7319107055664,86.42878723144531,3523436883,93.64585647583007,117.54956451416015,36.75238429613823,-10.303645968440122,-11.20948195173307,0.9058359832929472,121.33623925693287,93.64585647583007,65.95547369472727,0.0049263452220642545,-0.019646456722418604,0.09052558944622047,0.9229323163246685,0.7352539976533389,0.7966499651689427,0.04563355111399585,0.05990335075022253,0.6343517758806546,0.3696827468685261,-0.011844629486462366,-0.01424500242488036,0
2026-02-17 00:00:00+00:00,86.4288330078125,87.5501708984375,83.13166046142578,85.1976089477539,3175385366,91.64981460571289,116.79101211547851,35.833511873845595,-9.779761785362737,-10.923537918459003,1.1437761330962655,115.23956473551374,91.64981460571289,68.06006447591204,-0.01424500242488036,-0.009388833002450081,0.08741931158414395,0.9295993594125962,0.7294877183144346,0.784733456330467,0.04211399199374076,0.05990560473427803,0.5735960820697981,0.36324133103453404,-0.02786658249128937,-0.04261458808038421,0
2026-02-18 00:00:00+00:00,85.19692993164062,85.85118865966797,80.5713119506836,81.56694793701172,3282222779,89.84787368774414,115.92372467041015,33.197628463189886,-9.547486317593652,-10.648327598285933,1.100841280692281,110.39960778688669,89.84787368774414,69.29613958860159,-0.04261458808038421,-0.056252545594724146,-0.03267919036756428,0.9078339262706225,0.7036260107145428,0.7750602729785998,0.041819348550958486,0.059375402872371835,0.6080630247257676,0.29853462216898974,-0.06292393447479605,0.010130348083455587,1
2026-02-19 00:00:00+00:00,81.56705474853516,82.57433319091797,79.75370025634766,82.39324951171875,2887552822,88.09938430786133,115.08190032958984,34.38068654859474,-9.190785055489172,-10.356819089726581,1.1660340342374091,104.2800636901521,88.09938430786133,71.91870492557055,0.010130348083455587,-0.032915940607615934,-0.06542117865586328,0.9352307074450984,0.7159531540211611,0.7655364054255995,0.041210006424231026,0.059592835894720385,0.5551624963549192,0.32367443723074585,-0.04969370414537755,0.02720926106593602,1
2026-02-20 00:00:00+00:00,82.39338684082031,85.26191711425781,81.85164642333984,84.6351089477539,3866512374,87.05905723571777,114.23938003540039,37.609105454251704,-8.627742173695225,-10.01100370652031,1.3832615328250846,101.07573701817637,87.05905723571777,73.04237745325918,0.02720926106593602,0.037615248435083126,-0.015929143092347497,0.972157425488759,0.7408575652417517,0.7620757151232789,0.0304140560551588,0.056727085711696296,0.7862760642198923,0.41353343567863493,0.020739521110705983,0.006806004312696068,1
2026-02-21 00:00:00+00:00,84.63516998291016,86.6406478881836,84.02863311767578,85.21113586425781,2020472698,86.27708778381347,113.3009294128418,38.447070701112764,-8.042338997483768,-9.617270764713002,1.5749317672292342,98.70964640695858,86.27708778381347,73.84452916066836,0.006806004312696068,0.03420045172679198,-0.014088493037936356,0.987645017385999,0.752077995351376,0.7614861434140594,0.023741351534898,0.05624615929152768,0.42567463299546354,0.45713062966897156,0.07516172727161585,-0.028401902658424905,0
2026-02-22 00:00:00+00:00,85.21121978759766,85.48234558105469,82.55017852783203,82.79097747802734,2030721314,85.19307899475098,112.2907794189453,36.2444868762576,-7.685100266333805,-9.230836665037163,1.545736398703358,94.27548403855414,85.19307899475098,76.11067395094781,-0.028401902658424905,-0.021789201817710935,-0.02824764097784005,0.9718040297983404,0.7372909682026764,0.7586827648324035,0.02433122894352223,0.05550633517322906,0.4512133704388362,0.3677607139772651,0.05670228127814525,-0.06084791899870057,0
2026-02-23 00:00:00+00:00,82.78715515136719,82.78715515136719,77.27669525146484,77.7533187866211,4967335032,84.20254974365234,111.16785354614258,32.119626015980856,-7.719497392338937,-8.928568810497518,1.2090714181585813,91.80473292021615,84.20254974365234,76.60036656708853,-0.06084791899870057,-0.08752162498475669,-0.04675458928947074,0.9234081274656718,0.6994226865624236,0.7574361387548271,0.0314433860957224,0.05523821974944491,1.1143211593993039,0.07583033667795018,-0.0779058775330872,0.01650351579874676,1
2026-02-24 00:00:00+00:00,77.7544174194336,79.57894897460938,76.02326965332031,79.0365219116211,3622232562,83.55291061401367,109.98878448486329,34.17462697356862,-7.556111445279271,-8.65407733745387,1.0979658921745994,90.53419056737195,83.55291061401367,76.57163066065539,0.01650351579874676,-0.04534860779246963,-0.0407403230239175,0.9459457645556266,0.7185871021467479,0.7596493679363486,0.03357151424105987,0.05438498753447508,0.846183036947377,0.17653576904475754,-0.10349622172873552,0.1123415037924218,1
2026-02-25 00:00:00+00:00,79.0365219116211,91.04756927490234,78.80804443359375,87.91560363769531,5782225888,84.03931999206543,108.92512817382813,46.29099001358297,-6.6336901645026245,-8.249999902863621,1.6163097383609966,90.79863261075192,84.03931999206543,77.28000737337894,0.1123415037924218,0.130699049373862,0.038760447416290145,1.0461246431550835,0.8071195793994864,0.7715328997176052,0.05368056335620159,0.04919016235569169,1.4306365191801282,0.786736526648707,0.022213883610725293,-0.022822853990975167,0
2026-02-26 00:00:00+00:00,87.9095687866211,89.1194076538086,84.5010986328125,85.90911865234375,4154129610,83.96153717041015,107.91705017089843,44.30628122593026,-5.995459300452055,-7.799091782381309,1.8036324819292542,90.5894027425737,83.96153717041015,77.33367159824661,-0.022822853990975167,0.08695469606326567,0.00819121563169678,1.0231961151209124,0.7960662241628851,0.7780192012054433,0.05528891094163883,0.04192257867717632,1.1331506278590446,0.6469237313829409,-0.006012679290639089,-0.04606768215355217,0
2026-02-27 00:00:00+00:00,85.90913391113281,88.04073333740234,80.9331283569336,81.95148468017578,3859172094,83.6771198272705,106.79021133422852,40.60802820929785,-5.742805244625828,-7.387834474830212,1.6450292302043845,90.12616637815357,83.6771198272705,77.22807327638743,-0.04606768215355217,-0.0678391401610341,-0.01013990682830579,0.9793774552630774,0.7674063348717113,0.7835654483853448,0.05776287684740094,0.04315648103476494,1.0723144516756558,0.3662100565192517,-0.038101119358511126,0.02946494196132865,1
2026-02-28 00:00:00+00:00,81.9506607055664,85.25884246826172,77.44635772705078,84.36618041992188,4761528427,83.54322357177735,105.76240707397461,43.696058775456216,-5.286786535099878,-6.9676248868841455,1.680838351784267,89.80645133149774,83.54322357177735,77.27999581205695,0.02946494196132865,-0.017960121773170856,0.08504925238559258,1.0098506714603546,0.7976953508718146,0.7899141659412474,0.05903870132927545,0.043723892185551956,1.2926480210007718,0.5656975029262921,0.03431822023145692,-0.009346408822392127,0
2026-03-01 00:00:00+00:00,84.36634826660156,88.65435028076172,81.84449005126953,83.5776596069336,4665364489,83.3870174407959,104.71942016601562,42.91143349340894,-4.932160584967789,-6.560532026500875,1.6283714415330852,89.47185260814874,83.3870174407959,77.30218227344307,-0.009346408822392127,0.019843141745437887,0.05745619348470843,1.002286233180999,0.7981104123230897,0.7962899079139222,0.05793861736811153,0.04376186575443843,1.2564728808522254,0.5156653517223072,0.014375086578499285,0.036575107412888164,1
2026-03-02 00:00:00+00:00,83.57645416259766,89.88912200927734,82.49097442626953,86.634521484375,5455789912,83.57296943664551,103.66230133056641,46.89270290751968,-4.354260553074468,-6.119277731815593,1.7650171787411253,89.82221636144399,83.57296943664551,77.32372251184702,0.036575107412888164,0.02688685268389235,-0.014571726750574499,1.0366332806931118,0.8357379719760234,0.8062040719136798,0.05145474346720827,0.04331480413036929,1.4200755654894772,0.7449536787849215,0.023623914017235403,0.004446622564145963,1
2026-03-03 00:00:00+00:00,86.63624572753906,87.32257080078125,82.87655639648438,87.0197525024414,4835947541,83.96124458312988,102.61997268676758,47.39062987442569,-3.821137990428255,-5.659649783538126,1.8385117931098707,90.0434184380339,83.96124458312988,77.87907072822587,0.004446622564145963,0.041184365674942436,0.012928008894983023,1.0364276153181995,0.8479806632579843,0.8181764464058987,0.05166239086857731,0.04186508535126867,1.2501009493478639,0.7514321353084531,0.02122512063522697,0.04383503802828259,1
2026-03-04 00:00:00+00:00,87.01956939697266,93.82653045654295,84.94286346435547,90.83426666259766,6907739136,84.58553581237793,101.52944061279297,52.17244013387191,-3.0556119130100257,-5.138842209432506,2.0832302964224807,90.80360919934171,84.58553581237793,78.36746242541415,0.04383503802828259,0.04847657846162523,0.1083907389486336,1.0738746972541529,0.8946593826810891,0.8331133836831159,0.03339575299154077,0.042507953997503956,1.7143189528089298,1.0024651898866475,0.09715176012633742,-0.02359415711413293,0
2026-03-05 00:00:00+00:00,90.83426666259766,92.78878784179688,88.00936889648438,88.69110870361328,4462211662,84.80396423339843,100.36820663452148,49.4527506411175,-2.591983149219473,-4.6294703973899,2.037487248170427,91.28451678751401,84.80396423339843,78.32341167928286,-0.02359415711413293,0.01920663013980639,0.05126376780559028,1.0458368250276202,0.8836574018560587,0.8449285593215954,0.03350454344649285,0.03988486189347259,1.0965389387859221,0.7999084134998842,0.14067296531751694,-0.04520529644889626,0
2026-03-06 00:00:00+00:00,88.69347381591797,89.24493408203125,83.7433090209961,84.68180084228516,3739561333,84.63001251220703,99.2151937866211,44.75275106069784,-2.5190337973046724,-4.207383077372855,1.6883492800681825,90.91499165498276,84.63001251220703,78.3450333694313,-0.04520529644889626,-0.06773287269622297,0.013210961404570787,1.000611938112034,0.8535164586223312,0.8529944787914042,0.033286150123960814,0.039985679714521306,0.9101730979971359,0.5041200081099436,0.07142620644385933,-0.01773517212126441,0
2026-03-07 00:00:00+00:00,84.68055725097656,85.00260162353516,82.49453735351562,83.1799545288086,1916017174,84.48875541687012,97.98158340454101,43.10030064513259,-2.552978212722209,-3.876502104442726,1.3235238917205168,90.7705974939863,84.48875541687012,78.20691333975394,-0.01773517212126441,-0.062138744856846784,-0.03987517788956052,0.9845091706984691,0.8489345817711451,0.8622922030973674,0.03231035487755751,0.03980851189174495,0.4795104221690672,0.3958266642177066,-0.05386585444379788,-0.01869881421460262,0
2026-03-08 00:00:00+00:00,83.18003845214844,84.05389404296875,80.71095275878906,81.62458801269531,2686950610,84.24854545593261,96.73956161499024,41.395574774716955,-2.6745538931783415,-3.6361124621898493,0.9615585690115078,90.58520619715796,84.24854545593261,77.91188471470727,-0.01869881421460262,-0.03610235964730746,-0.061999308600592995,0.9688545668173013,0.8437560254567786,0.8708799590309279,0.03287372561995252,0.039975690910313576,0.6795604738599074,0.29295424274758497,-0.049872827318681257,0.04057091806872193,1
2026-03-09 00:00:00+00:00,81.62455749511719,86.91543579101562,81.59979248046875,84.93617248535156,4216355210,84.2354736328125,95.67837661743164,46.26851281425284,-2.4751542673046885,-3.4039208232128173,0.9287665559081288,90.5649655285831,84.2354736328125,77.9059817370419,0.04057091806872193,0.021113475794636516,-0.06493247971224847,1.0083183345723614,0.887725894691623,0.8804024128631134,0.03369800744250656,0.04096699210024956,1.0525094769418142,0.5553519037608116,0.03642017977860723,0.010620373000247652,1
2026-03-10 00:00:00+00:00,84.93749237060547,88.63069152832031,84.92603302001953,85.83822631835938,4341777505,84.44903755187988,94.72836715698242,47.547907662177245,-2.218763892636062,-3.1668894370974665,0.9481255444614045,90.68699128535773,84.44903755187988,78.21108381840203,0.010620373000247652,0.051622169351821956,-0.03216649816372941,1.0164500248522792,0.9061512289777947,0.8914862578801999,0.033984809713146186,0.03971999617847306,1.0696720960516577,0.6113497170573736,0.017448293748876464,0.008466012051563832,1
2026-03-11 00:00:00+00:00,85.8381576538086,87.83213806152344,84.45158386230469,86.56493377685547,3960189193,84.65762176513672,93.94555130004883,48.60953029354629,-1.9346322190112488,-2.920437993480223,0.9858057744689743,90.88511466438162,84.65762176513672,78.43012886589183,0.008466012051563832,0.01917629725762371,0.022237752573041503,1.0225297140641412,0.9214372855227523,0.9011349722644367,0.028278700847069647,0.03970665018665621,0.9629377858266235,0.653136426052771,0.035742496068579266,0.0034986042511531146,1
2026-03-12 00:00:00+00:00,86.56668090820312,87.5905990600586,84.81645202636719,86.86779022216797,3741395035,84.76925582885742,93.09532562255859,49.07215047601629,-1.6658153540778642,-2.6695134655997514,1.0036981115218873,91.07460888622974,84.76925582885742,78.46390277148511,0.0034986042511531146,0.011994235528471009,0.04433563007157115,1.0247558430564416,0.9331058207407829,0.9105640402670914,0.027390999415239058,0.03930418517353206,0.9111229513133365,0.6664089523787178,0.0026925610460610816,0.014798345502587074,1
2026-03-13 00:00:00+00:00,86.86770629882812,92.88053131103516,86.81328582763672,88.15328979492188,5722483290,84.91636352539062,92.29262451171876,51.08496677558504,-1.333673224989255,-2.4023454174776524,1.0686721924883975,91.39989133420204,84.91636352539062,78.4328357165792,0.014798345502587074,0.01834872330822579,0.07998449904838889,1.0381189930320485,0.9551498861507477,0.9200774598690544,0.02032897047721501,0.03939592560435446,1.333459511679889,0.7496269288096612,0.013026206808030905,-0.0009370433568844927,0
2026-03-14 00:00:00+00:00,88.15412902832031,88.67119598388672,86.63023376464844,88.07068634033203,2167169768,85.18034896850585,91.506806640625,50.945629699008784,-1.0648388042747001,-2.134844094837062,1.0700052905623618,91.7291190629706,85.18034896850585,78.63157887404111,-0.0009370433568844927,0.013847435454356516,0.0369043455015714,1.0339319738276118,0.9624495660329656,0.9308635291255976,0.017918137293686687,0.038738191498572314,0.5041947910256431,0.7206778776879949,-0.030424424876251743,0.047474787113656935,1
2026-03-15 00:00:00+00:00,88.0704345703125,92.99776458740234,87.49870300292969,92.25182342529295,3277177955,85.90527420043945,90.8107667541504,57.29503218489839,-0.5085406296521597,-1.8095834018000816,1.3010427721479219,92.19720709976568,85.90527420043945,79.61334130111322,0.047474787113656935,0.04649325782288827,0.0747172603863766,1.0738784583824894,1.0158687865178355,0.945981156981182,0.01871894340085063,0.036746070876507615,0.7777304503381307,1.0043401865850419,0.04014736960362986,0.043054985716980854,1
2026-03-16 00:00:00+00:00,92.25813293457033,97.41771697998048,91.24591827392578,96.22372436523438,6507301442,86.76463432312012,90.35978408813476,62.28865626115337,0.24994765199502922,-1.3976771910410595,1.6476248430360887,93.7618616316569,86.76463432312012,79.76740701458334,0.043054985716980854,0.09257379911173302,0.11157855920362691,1.1090201107387563,1.0648954657901801,0.9602129442727749,0.01923922982954731,0.03749545262646158,1.4931769304004638,1.175917018629218,0.1362975681686951,-0.015773174558420866,0
2026-03-17 00:00:00+00:00,96.22423553466795,96.74771881103516,93.32286071777344,94.70597076416016,4239635773,87.10415267944336,89.77110900878907,59.42893979719779,0.7202820850859695,-0.9740853358156538,1.6943674209016233,94.94467216217787,87.10415267944336,79.26363319670885,-0.015773174558420866,0.026602697353235616,0.09023114922050768,1.087272740172247,1.0549716028893876,0.970291596496991,0.02314771290108339,0.029217575568348857,0.9903620419750843,0.9847777051926628,0.13856723414485206,-0.0489963950765393,0
2026-03-18 00:00:00+00:00,94.70464324951172,95.53937530517578,88.81206512451172,90.06571960449219,4331839385,87.31198272705078,89.03132751464844,51.62523309097134,0.7104068950260398,-0.6371868896473151,1.347593784673355,95.23900776280172,87.31198272705078,79.38495769129983,-0.0489963950765393,-0.0639967409426846,0.021694366869567272,1.031539048724274,1.0116182934560147,0.9806883168476312,0.03347515430413599,0.03101904194824037,1.0098044736328644,0.6736929595290817,0.10341407898419042,-0.012744837101678286,0
2026-03-19 00:00:00+00:00,90.06442260742188,91.22755432128906,87.19413757324219,88.9178466796875,3654219084,87.66030082702636,88.30731552124024,49.88033788183409,0.6030059071596128,-0.38914833028592954,0.9921542374455423,95.19822666006927,87.66030082702636,80.12237499398346,-0.012744837101678286,-0.061116781104397666,0.009619095462499061,1.014345671196618,1.0069137098647327,0.9926731472880267,0.034244545336134496,0.029089701988045554,0.8538827351978767,0.5834145811801847,0.04687842738643111,0.010523448171715355,1
2026-03-20 00:00:00+00:00,88.91725158691406,90.23690795898438,88.241943359375,89.85356903076172,3090719128,87.93467025756836,87.75227157592774,51.32462812501201,0.5866324898894533,-0.193992166250853,0.7806246561403063,95.36646783462098,87.93467025756836,80.50287268051574,0.010523448171715355,-0.002355508562659425,-0.025996823753553056,1.0218218680706113,1.0239457898593067,1.002078563647014,0.03405412776595995,0.028536838439592566,0.7365883818805986,0.6291005812051719,0.046778025183210614,-0.026578786778313157,0
2026-03-21 00:00:00+00:00,89.8543701171875,90.76116943359376,87.44123840332031,87.46537017822266,1903136993,88.12905578613281,87.1543182373047,47.55779630318213,0.3766074540491502,-0.07987224219085236,0.45647969624000256,95.2790452363315,88.12905578613281,80.97906633593412,-0.026578786778313157,-0.01633503909172651,-0.09102073573631198,0.9924691623892947,1.003568979107507,1.0111840419217564,0.035905692466062095,0.029198920875263448,0.46899775038366753,0.453588350547027,0.010401860916203098,-0.015286288405331971,0
2026-03-22 00:00:00+00:00,87.46663665771484,89.047119140625,85.29344940185547,86.12834930419922,2979255573,88.10374717712402,86.76805221557618,45.54258547936177,0.10110916588692476,-0.043675960575296935,0.1447851264622217,95.27954776021242,88.10374717712402,80.92794659403562,-0.015286288405331971,-0.04145878418348814,-0.09057107372164741,0.9775787303466962,0.99262743723015,1.0153938566954264,0.02914877988319729,0.028319971147198798,0.7572990780901275,0.3623569697867351,-0.008512256569179422,0.061486498157722114,1
2026-03-23 00:00:00+00:00,86.12869262695312,92.1643524169922,85.25033569335938,91.42407989501952,5416789599,88.32396354675294,86.57952331542968,53.87884649310594,0.30656213065846316,0.026371657671455086,0.28019047298700805,95.62886026712847,88.32396354675294,81.0190668263774,0.061486498157722114,0.04526030940851733,0.015081879060005576,1.0350993798713028,1.0559549925210372,1.0201484157514686,0.034935064295794856,0.03147815782650725,1.3668074827573862,0.7121943996565641,0.03710343774698299,-0.006580914496763124,0
2026-03-24 00:00:00+00:00,91.42520904541016,92.150390625,88.48899841308594,90.82242584228516,4147126404,88.3233715057373,86.30654876708985,52.888289532557955,0.41604077257578354,0.10430548065232079,0.3117352919234627,95.62741345165152,88.3233715057373,81.01932955982308,-0.006580914496763124,0.05450094627387769,0.021419537626215845,1.028294372077786,1.052323689681788,1.0233681310104303,0.03471216421335932,0.030015490386525692,1.084197457348615,0.67107338341244,0.031244669665904112,0.009753049261202573,1
2026-03-25 00:00:00+00:00,90.82242584228516,93.26300811767578,90.80261993408205,91.70822143554688,3750957246,88.47422714233399,86.18943511962891,54.22267985063828,0.5677351886677684,0.19699142225541033,0.37074376641235807,95.93323394076191,88.47422714233399,81.01522034390607,0.009753049261202573,0.0031079507811686558,0.020640831797679615,1.0365529533025495,1.064030890888866,1.0265089569218528,0.029074149611635108,0.02953375493829519,0.9898283125333998,0.7167845117056665,-0.005892588022244349,-0.05740259459351538,0
2026-03-26 00:00:00+00:00,91.70822143554688,91.8957977294922,85.51251220703125,86.44393157958984,4280339140,88.56233367919921,86.07772766113281,45.901711814091,0.2601708231515971,0.2096273024346477,0.050543520716949425,95.8728749376438,88.56233367919921,81.25179242075463,-0.05740259459351538,-0.04820939566510418,-0.011678205860805146,0.9760801007425697,1.0042543399832613,1.028864679465607,0.03692796942226422,0.030665930490592484,1.1215229367186652,0.35511318350318105,-0.10163598270758656,-0.039622240350477234,0
2026-03-27 00:00:00+00:00,86.4457015991211,86.91437530517578,82.04327392578125,83.01882934570312,3694287477,88.55427742004395,86.17435592651367,41.445288186425095,-0.25699084738508304,0.11630367247070156,-0.3732945198557846,95.89010444255473,88.55427742004395,81.21845039753316,-0.039622240350477234,-0.09475041554426733,-0.0361033269953136,0.9374909012233904,0.9633820694464899,1.0276175141426038,0.03859386600867458,0.03175864182633964,0.9459300394467031,0.12271138227805162,-0.1234044836260717,-0.012084333660128177,0
2026-03-28 00:00:00+00:00,83.0184555053711,84.05540466308594,81.86953735351562,82.0156021118164,2278504599,88.573828125,86.06537246704102,40.21376448709699,-0.7392753446981288,-0.05481213096306452,-0.6844632137350644,95.83358360729329,88.573828125,81.31407264270672,-0.012084333660128177,-0.05122776563784848,-0.10291028133951885,0.9259575186935775,0.952945415337911,1.0291459339111046,0.03797788253085394,0.031583447549905636,0.5864826900811785,0.0483163290293133,-0.08938048269670706,-0.007232778499693393,0
2026-03-29 00:00:00+00:00,82.01568603515625,83.07173919677734,79.57503509521484,81.42240142822266,2398386905,88.39813957214355,85.9410238647461,39.46699142356844,-1.1560296310882165,-0.27505563098809493,-0.8809740001001216,96.17986271770629,88.39813957214355,80.61641642658081,-0.007232778499693393,-0.019229708851141503,-0.10349893571864965,0.9210872742607004,0.9474218221598704,1.0285907195062565,0.037861037288851374,0.030186174495718452,0.6321301624335871,0.051787051952717524,-0.08429629744033273,0.012547556983815156,1
2026-03-30 00:00:00+00:00,81.42201232910156,84.7214126586914,81.19849395751953,82.44405364990234,3987544544,88.2284309387207,85.84902282714843,41.482505167371514,-1.387873072757401,-0.49761911934195613,-0.8902539534154448,96.38427139932904,88.2284309387207,80.07259047811237,0.012547556983815156,0.005224024783745396,-0.10101785467680724,0.9344386245196187,0.9603377060668264,1.0277161933032488,0.025536869181349488,0.030230543030965847,1.0559051836753046,0.14538435267608738,-0.08246211542607396,0.008034623384721273,1
2026-03-31 00:00:00+00:00,82.44381713867188,84.22917938232422,80.2129135131836,83.10646057128906,4833199759,88.05550727844238,85.77711639404296,42.81205451198504,-1.5008589997351152,-0.698267095420588,-0.8025919043145272,96.50135385009357,88.05550727844238,79.60966070679119,0.008034623384721273,0.02068299526329964,-0.03860850550542039,0.9437962841835228,0.9688651713297817,1.0265617565637546,0.026844322296744737,0.030223149605608183,1.2652112102025694,0.20701298767580137,-0.04983583329095531,-0.022997026511691554,0
2026-04-01 00:00:00+00:00,83.10919952392578,86.39097595214844,80.93441009521484,81.19525909423828,5093477642,87.77188072204589,85.74271194458008,39.988961696203305,-1.7247374478187396,-0.9035611659002183,-0.8211762819185213,96.74988886304936,87.77188072204589,78.79387258104242,-0.022997026511691554,-0.01514717557396017,-0.021965742781932196,0.9250714286431401,0.9469639722466319,1.0236657872307255,0.025164274175042214,0.03056648828092817,1.310159479597625,0.1337371539143791,-0.057276033382894775,-0.027636370470076166,0
2026-04-02 00:00:00+00:00,81.19540405273438,81.70182037353516,76.81694030761719,78.9513168334961,4928225665,87.31178207397461,85.73665328979492,36.911382171957555,-2.0594896037518,-1.1347468534705347,-0.9247427502812651,97.11291039212061,87.31178207397461,77.51065375582861,-0.027636370470076166,-0.049997842637380385,-0.03736222376496856,0.904245852714412,0.9208583937448085,1.0183717082920845,0.018936574258999684,0.03074352791569565,1.2807356730203425,0.07349475646595753,-0.1364275481453645,0.017950665746580663,1
2026-04-03 00:00:00+00:00,78.9513168334961,80.56055450439453,78.91806030273438,80.36854553222656,2994787677,86.92667503356934,85.77705535888671,40.04953888469964,-2.1852345635869312,-1.344844395493814,-0.8403901680931172,97.19631861683182,86.92667503356934,76.65703145030686,0.017950665746580663,-0.01018179597225255,-0.012943070672327361,0.9245556154217315,0.936946893268471,1.0134024147818164,0.017767898160234673,0.031163742859275246,0.7699978313536855,0.1807031593564137,-0.1151024123514599,0.005472720600003811,1
2026-04-04 00:00:00+00:00,80.3687515258789,81.29010009765625,79.74375915527344,80.80838012695312,2127989928,86.35450286865235,85.70677215576171,41.02990784329877,-2.2237632161452296,-1.5206281596240974,-0.7031350565211323,96.6500329079078,86.35450286865235,76.0589728293969,0.005472720600003811,0.0235216253247994,-0.01983979984651274,0.9357749444735379,0.9428470830763951,1.0075575207955967,0.01775609522532231,0.028832917585599537,0.5553374547050417,0.2306538507219827,-0.11885348050560796,0.012945588797886876,1
2026-04-05 00:00:00+00:00,80.80895233154297,81.96971893310547,78.60292053222656,81.8544921875,2423711503,85.63604125976562,85.58064529418945,43.40063769915661,-2.1451569166969193,-1.645533911038662,-0.49962300565825735,94.99457275457402,85.63604125976562,76.27750976495722,0.012945588797886876,0.01848915698838427,-0.015064633666056815,0.9558416174237341,0.9564603293901263,1.0006472954882,0.018387912201415734,0.026842855515179165,0.6681112070604458,0.29796247550358657,-0.05309151617964414,-0.020804221745666207,0
2026-04-06 00:00:00+00:00,81.8546371459961,82.87333679199219,79.73141479492188,80.15157318115234,3541988994,84.90832138061523,85.46357482910156,40.54324927402619,-2.1949699428013645,-1.7554211173912027,-0.4395488254101618,93.5319031886847,84.90832138061523,76.28473957254577,-0.020804221745666207,-0.008127955847758717,-0.0128540252808923,0.9439778325361068,0.9378448460812523,0.9935030397500146,0.019171866946734596,0.02694576070320515,0.9858508618500448,0.22420113212054213,-0.03453741984979197,0.06857553575812281,1
2026-04-07 00:00:00+00:00,80.14375305175781,86.81489562988281,78.43101501464844,85.64801025390625,5460070540,84.68743591308593,85.44795928955078,51.61582090016792,-1.7705211233438405,-1.7584411185817301,-0.012080004762110352,92.97454512395998,84.68743591308593,76.40032670221188,0.06857553575812281,0.04634465336021676,0.08482054117644555,1.0113425838256118,1.0023412023647935,0.991099572385483,0.033633886398518345,0.03015623336368589,1.496222951789864,0.5579559359227392,0.04428923337217694,-0.035801353565312666,0
2026-04-08 00:00:00+00:00,85.64922332763672,85.80680847167969,82.34860229492188,82.58169555664062,4682919248,84.3706283569336,85.39564102172852,46.42195318930064,-1.6624051737120595,-1.739233929607796,0.07682875589573657,92.45885602355096,84.3706283569336,76.28240069031622,-0.035801353565312666,0.030319085191202744,0.027537514953865028,0.9787967348930388,0.9670481369842765,0.9879968971187403,0.035682542297120784,0.03101374441655047,1.2654243889439163,0.38941132260183214,0.014238024279349393,0.008670613151261497,1
2026-04-09 00:00:00+00:00,82.58191680908203,85.60839080810547,81.54859924316406,83.2977294921875,4470806838,84.04283638000489,85.43025665283203,47.74429378485152,-1.5016346408376933,-1.6917140718537758,0.1900794310160825,91.71619149847061,84.04283638000489,76.36948126153916,0.008670613151261497,-0.027441160101107642,0.030805584288702503,0.9911342010823108,0.9750377999060613,0.9837596148345277,0.03303483807299068,0.030973218222265807,1.1859925500087243,0.45144842925200307,0.010354607815747041,0.018376808939366107,1
2026-04-10 00:00:00+00:00,83.2974853515625,85.48262786865234,82.76587677001953,84.82847595214844,12723244529,83.91099166870117,85.47896118164063,50.553883979544935,-1.2364513474396688,-1.6006615269709545,0.36421017953128576,91.42571588966338,83.91099166870117,76.39626744773896,0.018376808939366107,0.027206760291895504,0.036332566303582725,1.0109340178825403,0.9923901130699293,0.9816566615777237,0.03305630729940155,0.03082808799907757,2.9515627443804515,0.561045772038311,0.02072059583601482,0.0014180693714462844,1
2026-04-11 00:00:00+00:00,84.82858276367188,86.18183135986328,83.98721313476562,84.94876861572266,11558630681,83.85201263427734,85.485234375,50.77785424266741,-1.005000049279289,-1.4815292314326214,0.4765291821533324,91.31177650995822,83.85201263427734,76.39224875859647,0.0014180693714462844,0.019820937900714375,0.0598515443200105,1.0130796619781668,0.9937244629063773,0.9808946919001453,0.03314756399382346,0.030648754324771224,2.4387100381440048,0.5735114408259476,0.04622818577532839,-0.04018346736983247,0
2026-04-12 00:00:00+00:00,84.94941711425781,84.9939193725586,81.40650939941406,81.53523254394531,3897286488,83.35757026672363,85.41171630859375,44.60367968806,-1.0845154419247223,-1.4021264735310417,0.3176110316063194,89.96649833369582,83.35757026672363,76.74864219975143,-0.04018346736983247,-0.03882238094270174,-0.048019535979510475,0.9781383056518168,0.9546141450823602,0.9759500671494709,0.03752056370177892,0.02820482866782523,0.8356686692430907,0.36213061298961924,0.032727962168111135,0.06281125473543248,1
2026-04-13 00:00:00+00:00,81.53523254394531,86.6780014038086,81.50765991210938,86.65656280517578,4977932541,83.14927711486817,85.48902801513673,53.69969846979955,-0.7259155100026078,-1.266884280825355,0.5409687708227473,88.98495198561454,83.14927711486817,77.3136022441218,0.06281125473543248,0.020103813360480505,0.04934346795701616,1.042180591485629,1.0136571302440394,0.9726309802018771,0.04272856534543705,0.03204900645181443,1.0579607875828427,0.8005038635624876,0.07823977939762283,-0.033256974732637,0
2026-04-14 00:00:00+00:00,86.65412139892578,87.5316162109375,83.3962173461914,83.77462768554688,5728418790,82.75259742736816,85.60945419311524,48.83976732288088,-0.6665865642220297,-1.14682473750469,0.4802381732826604,87.00144050577295,82.75259742736816,78.50375434896337,-0.033256974732637,0.027465367691133835,0.00572522440007317,1.0123504311641185,0.9785674780330987,0.9666291907514949,0.03723018370785247,0.03266578565713951,1.1924051304320635,0.6202715938573135,0.03670717757160413,0.013664121914942262,1
2026-04-15 00:00:00+00:00,83.77422332763672,85.57784271240234,82.74671936035156,84.9193344116211,4650021670,82.67636756896972,85.72711044311524,50.74650116576002,-0.5211917075934736,-1.021698131522447,0.5005064239289734,86.69481849223169,82.67636756896972,78.65791664570776,0.013664121914942262,-0.0200472801749636,0.0010710844259882446,1.0271294797849004,0.9905773561325136,0.9644133243453965,0.03446216063359619,0.03033430088880294,0.9642203085773036,0.7790835181869844,0.03744256597549489,0.0479852427737828,1
2026-04-16 00:00:00+00:00,84.91986083984375,90.37765502929688,84.20401000976562,88.99420928955078,6215173056,82.9751365661621,85.74868255615235,56.90393691639117,-0.07627760792037463,-0.8326140268020326,0.7563364188816579,87.88946230182142,82.9751365661621,78.06081083050279,0.0479852427737828,0.062305040896104336,0.0476221226010729,1.0725406787199347,1.0378492897692406,0.9676549434077428,0.03825050087706895,0.030704282113832224,1.255941652315124,1.1124006676758416,0.11032392450255468,-0.0013489475765623427,0
2026-04-17 00:00:00+00:00,88.99522399902344,90.6697235107422,87.43824005126953,88.87416076660156,6454981141,83.31806449890136,85.8079833984375,56.67912817732119,0.263594555040342,-0.6133723104335578,0.8769668654738998,88.8667224993648,83.31806449890136,77.76940649843793,-0.0013489475765623427,0.046571565620270094,0.09000928793206997,1.0666853737075646,1.0357330081273055,0.9709826661701797,0.038267130561097484,0.030502895578944665,1.251586302014198,1.0006702762394208,0.037667547712215255,-0.03005876771002003,0
2026-04-18 00:00:00+00:00,88.87432861328125,89.15110778808594,85.94215393066406,86.20271301269531,3619028688,83.557080078125,85.89300796508789,51.77702429674285,0.3137652943128586,-0.42794478948427456,0.7417100837971331,89.1733387364616,83.557080078125,77.94082141978839,-0.03005876771002003,-0.031367167584725464,-0.005237338959552695,1.0316625824178713,1.0036057073205924,0.9728042137270084,0.04083642625904175,0.031377883652995216,0.6935035180230273,0.7355333946953474,0.04384770053033282,-0.030413951546195972,0
2026-04-19 00:00:00+00:00,86.2026138305664,87.0755844116211,83.17298126220703,83.58094787597656,4429065589,83.61392478942871,85.87730331420899,47.440512764590906,0.14035352307230653,-0.31428512697295835,0.4546386500452649,89.2057107140103,83.61392478942871,78.02213886484712,-0.030413951546195972,-0.05955851335154505,-0.002311914895012146,0.9996056050049654,0.9732600425303238,0.9736440428677762,0.03925897096126022,0.03217326424412752,0.845153130576582,0.4970513075878693,0.0034000732734933425,0.020961793031606613,1
2026-04-20 00:00:00+00:00,83.5799560546875,86.16846466064453,83.4819107055664,85.33295440673828,4326731566,83.72524948120117,85.91240921020508,50.42839203262108,0.14265133412041564,-0.22289783475428357,0.36554916887469924,89.36296105179406,83.72524948120117,78.08753791060829,0.020961793031606613,-0.010089689472174035,0.004870739955547654,1.0192021515074503,0.9932552839712709,0.9745419811979372,0.03120594778031484,0.03244711548201529,0.8296347455281476,0.6425848862083622,0.005947041355245153,0.00816226649813978,1
2026-04-21 00:00:00+00:00,85.33198547363281,86.7049789428711,84.42058563232422,86.02946472167969,4083758344,83.96695976257324,85.90030807495117,51.60620973739849,0.19838803360789825,-0.1386406610818472,0.33702869468974544,89.56231667497632,83.96695976257324,78.37160285017016,0.00816226649813978,0.029295155270749218,-0.033313904258927995,1.0245632920965393,1.0015035644181371,0.9774931154997604,0.028005729391836317,0.03193702617820576,0.7906998982768164,0.6843050399997317,0.012721739509205854,0.010302983650131603,1
2026-04-22 00:00:00+00:00,86.02954864501953,89.2636947631836,86.02729797363281,86.91582489013672,5098022834,84.36518516540528,85.89822952270508,53.132319922534336,0.3105023496803483,-0.0488120589294081,0.3593144086097564,89.5781356838318,84.36518516540528,79.15223464697875,0.010302983650131603,0.018549345846549548,-0.02203492960803044,1.0302333210047567,1.0118465231831426,0.9821527828243005,0.027843484356965893,0.031114268915332952,0.9854625215605368,0.7446445363058352,0.06599101000038732,-0.008913969528883348,0
2026-04-23 00:00:00+00:00,86.91651916503906,87.0466537475586,84.62688446044922,86.14105987548828,4738760145,84.65381088256837,85.80436538696289,51.600544863732075,0.3329980964354604,0.027549972143565603,0.30544812429189483,89.56555960743698,84.65381088256837,79.74206215769975,-0.008913969528883348,0.0012971736389342237,-0.00071521110011874,1.0175686006030258,1.0039239785412661,0.9865909560754197,0.019924669542952418,0.0311179738982325,0.9008318155133658,0.6513970966582475,-0.005948804256712403,0.0010543208155469053,1
2026-04-24 00:00:00+00:00,86.14019012451172,86.92535400390625,85.07626342773438,86.23188018798828,3681485520,84.92498588562012,85.7551808166504,51.77605275340022,0.3540730443611295,0.09285458658707839,0.2612184577740511,89.53224117513331,84.92498588562012,80.31773059610693,0.0010543208155469053,-0.007869046896959886,0.03171694482270482,1.0153888080020212,1.0055588404898486,0.9903190113632285,0.02000799655862404,0.03112211585488518,0.6896618994271012,0.6418300289700521,0.029331703050532898,-0.0009358920990197861,0
2026-04-25 00:00:00+00:00,86.23165130615234,86.7752456665039,85.6143569946289,86.15117645263672,2482382785,85.13982009887695,85.78456832885742,51.59700207607312,0.36011183043598294,0.14630603535685932,0.21380579507912362,89.54029479003607,85.13982009887695,80.73934540771783,-0.0009358920990197861,0.00011744198600593947,0.009588582178913008,1.0118787701522651,1.0042735905876905,0.9924841000830266,0.01642467077400382,0.031059972210389645,0.4647755637089669,0.6149144609093714,0.014506025624796415,0.009508938490739416,1
2026-04-26 00:00:00+00:00,86.15117645263672,87.12043762207031,85.90538024902344,86.97038269042969,2965743271,85.48076057434082,85.86037689208985,53.36014891473087,0.4260890199147269,0.20226263226843283,0.2238263876462941,89.26781295105762,85.48076057434082,81.69370819762402,0.009508938490739416,0.008564147051316029,0.010937159399910579,1.0174264022229116,1.0129280331454276,0.9955786786467741,0.009607790236343058,0.030572340282025323,0.5582866442115264,0.6966730279791246,-0.022741104340130547,-0.024750903162995996,0
2026-04-27 00:00:00+00:00,86.97071838378906,88.04618072509766,83.8490219116211,84.81778717041016,4759031980,85.43924942016602,85.92424087524414,48.37382470392075,0.3012078132664442,0.22205166846803512,0.07915614479840907,89.23676896668914,85.43924942016602,81.6417298736429,-0.024750903162995996,-0.015477319488023666,-0.02413873103521158,0.9927262674476494,0.9871229155641832,0.9943555922038079,0.012601665271875716,0.02722087217776472,0.9018149540354814,0.41817524016106056,-0.04564176540405396,-0.009182137612070318,0
2026-04-28 00:00:00+00:00,84.81807708740234,84.90164184570312,83.04501342773438,84.03897857666016,3290032033,85.51211357116699,85.90629699707031,46.674425360435215,0.1378066631059056,0.20520266739560925,-0.06739600428970363,89.13047160287638,85.51211357116699,81.8937555394576,-0.009182137612070318,-0.03370577457620072,-0.024402779602045288,0.9827727916784466,0.978263311472105,0.9954114722705745,0.012246848755759963,0.02600910956465384,0.6317839697674691,0.2964359826201479,-0.02510053756331887,-0.012043314498377145,0
2026-04-29 00:00:00+00:00,84.0380630493164,85.510009765625,81.62645721435547,83.02687072753906,4529973017,85.49857063293457,85.8500698852539,44.48716495587435,-0.07252257541819063,0.14965761883284928,-0.2221801942510399,89.1536669290472,85.49857063293457,81.84347433682194,-0.012043314498377145,-0.021114868739417925,-0.03716733826819263,0.9710907458791668,0.9671147715838987,0.9959056614305715,0.010963196441223443,0.02610793126900491,0.8693956155872368,0.16188306611452608,-0.006629227862546827,-3.7491392141819624e-05,0
2026-04-30 00:00:00+00:00,83.0271224975586,83.93118286132812,82.27413177490234,83.02375793457031,3355884138,85.40833473205566,85.77924636840821,44.48026101655375,-0.2367322862317991,0.0723796378199196,-0.3091119240517187,89.218888859198,85.40833473205566,81.59778060491332,-3.7491392141819624e-05,-0.012080354369892299,-0.03630151841032336,0.9720802799285775,0.9678769801496796,0.9956759746435689,0.011144727253762548,0.02575390790165412,0.7076763366790434,0.18710891934323148,-0.027061016323907117,0.008428252293447347,1
2026-05-01 00:00:00+00:00,83.02366638183594,84.72229766845703,83.0185317993164,83.72350311279297,3514127644,85.34707145690918,85.7163606262207,46.49058832659586,-0.3068686860568306,-0.003470026955430437,-0.3033986591014002,89.22749264627811,85.34707145690918,81.46665026754025,0.008428252293447347,0.008390444914393669,-0.03733316420135757,0.9809768710700761,0.9767505584830194,0.9956917306496262,0.012138410670054727,0.02583273562622095,0.8097269687349197,0.29079998473306873,-0.026804323569220245,0.006606367325395768,1
2026-05-02 00:00:00+00:00,83.72327423095703,84.81966400146484,83.51140594482422,84.276611328125,2492556942,85.48414039611816,85.63882705688476,48.0905896091849,-0.31419918514046685,-0.06561585859243772,-0.24858332654802912,88.9713783920052,85.48414039611816,81.99690240023112,0.006606367325395768,0.015090299749404679,-0.006380452265252634,0.9858742327828567,0.9840934798434953,0.9981937321413352,0.012788066039367225,0.02410211705374761,0.5837840763859026,0.326864545893145,-0.030365167279350236,-0.004473804088679811,0
2026-05-03 00:00:00+00:00,84.27677917480469,84.76557159423828,83.59339141845703,83.89957427978516,2703436374,85.34629096984864,85.55540481567382,47.057640551082216,-0.3464388656559976,-0.1217804600051497,-0.22465840565084788,88.85628161836274,85.34629096984864,81.83630032133453,-0.004473804088679811,0.002103007643564414,-0.0016588052262895836,0.9830488627727878,0.9806461024939792,0.9975558078852444,0.011526032175403673,0.019392163663374606,0.6505008190666564,0.2939144523538937,-0.026021105369994912,0.002268005894396463,1
2026-05-04 00:00:00+00:00,83.89957427978516,85.80261993408203,83.36557006835938,84.08985900878906,5375059086,85.36205253601074,85.39216552734375,47.66856296009711,-0.3525704447643818,-0.1679384569569961,-0.1846319878073857,88.84505458141291,85.36205253601074,81.87905049060856,0.002268005894396463,-0.002215944808326875,0.012802942853745503,0.9850964979235359,0.984749110055797,0.9996473565092646,0.007735531884762872,0.017893229999845075,1.2988684762830882,0.3173711197067676,-0.024840246722320547,0.02651130583988537,1
2026-05-05 00:00:00+00:00,84.08901977539062,86.894287109375,84.05145263671875,86.3191909790039,4431996628,85.43204536437989,85.19407485961914,54.31931641863769,-0.17551804393740156,-0.1694543743530772,-0.00606366958432436,88.93379906548569,85.43204536437989,81.93029166327409,0.02651130583988537,0.0288394395321947,0.0396926509521609,1.0103842253903699,1.0132065066876859,1.002793275297054,0.012121451533394762,0.01861289893563043,1.0738086756073513,0.6266716180443918,0.0019502290425430502,0.03273696752942734,1
2026-05-06 00:00:00+00:00,86.31890106201172,89.89232635498047,86.13868713378906,89.14501953125,5689603384,85.43958587646485,85.08285583496094,61.07265760579083,0.19062065083768687,-0.09743936931492439,0.28806002015261123,88.97413277120611,85.43958587646485,81.90503898172358,0.03273696752942734,0.060116173127755745,0.06475501163816721,1.0433690498002033,1.0477436218662972,1.0041927370444155,0.013982201391420776,0.016811326023695887,1.387341662451578,1.0241737859381823,0.02500433795446111,-0.008303709830255968,0
2026-05-07 00:00:00+00:00,89.14566802978516,90.3149642944336,87.68258666992188,88.40478515625,4791004890,85.41611709594727,85.04963714599609,58.627560864790176,0.41625910086560225,0.0053003247211809296,0.41095877614442133,88.8597057912826,85.41611709594727,81.97252840061195,-0.008303709830255968,0.02416141942008454,0.04898362384377619,1.0349895097308812,1.0394492924701662,1.0043090125043341,0.015288023097350943,0.01691706404870599,1.1924198409812778,0.9339467231308972,0.04229063390480925,0.04010005012344431,1
2026-05-08 00:00:00+00:00,88.40478515625,92.72510528564452,87.69198608398438,91.94982147216795,4607631630,85.7034725189209,85.1102766418457,65.70824286154875,0.8710925886146583,0.17845877749987643,0.6926338111147818,90.21651879306981,85.7034725189209,81.190426244772,0.04010005012344431,0.03146336111278458,0.0959509897575539,1.072883265632767,1.0803609751981407,1.0069697326865878,0.019230744917184458,0.0176426153070836,1.1328437362325463,1.1920324514537601,0.09413302052798689,0.013003766082226642,1
2026-05-09 00:00:00+00:00,91.94982147216795,94.03012084960938,91.89601135253906,93.14551544189452,3739835286,86.1817008972168,85.17611557006836,67.71523481010246,1.312899625449063,0.40534694708971375,0.9075526783593493,91.66950327715975,86.1817008972168,80.69389851727385,0.013003766082226642,0.05362526787736166,0.10769023209039941,1.0808038652310077,1.0935637862620102,1.011805954291508,0.01899157300975389,0.015845249781625836,0.9273423559095498,1.1344811695597277,0.12187192683150494,0.03522951413037645,1
2026-05-10 00:00:00+00:00,93.14557647705078,96.81140899658205,92.64257049560548,96.42698669433594,4711429504,86.73640251159668,85.35534790039063,72.47622361325615,1.905852707204133,0.7054480991125976,1.2004046080915352,93.8614881274197,86.73640251159668,79.61131689577365,0.03522951413037645,0.04869139657354493,0.11709789677929949,1.1117245343608022,1.129712303520406,1.0161800595414097,0.018278890623139355,0.01686405903936735,1.1627165474664054,1.1800328238315414,0.1614384736755532,0.009573713742628165,1
2026-05-11 00:00:00+00:00,96.42698669433594,98.26667785644533,94.4325180053711,97.35015106201172,5304012390,87.30243682861328,85.57978393554687,73.65334208089108,2.422340709907118,1.0488266212715018,1.3735140886356163,95.84812227982684,87.30243682861328,78.75675137739972,0.009573713742628165,0.045140505156580746,0.09204251200915814,1.1150908794576202,1.1375367707790607,1.0201292035787775,0.017263348900632434,0.016875372332707805,1.2895411681439812,1.0878822881300634,0.1627577375836844,-0.031493088610009656,0
2026-05-12 00:00:00+00:00,97.34989166259766,97.6183624267578,93.642822265625,94.28429412841795,4206766577,87.67086029052734,85.63698822021485,63.88211758514783,2.5548217462691127,1.3500256462710243,1.2047960999980885,96.76416216105677,87.67086029052734,78.57755841999791,-0.031493088610009656,-0.022220880682605082,0.06650668243552982,1.0754348002970968,1.1009762964335765,1.0237499252669,0.026023486206000326,0.01883248626817976,1.0339750857213965,0.8636431481134565,0.11874804459482546,-0.033927411251840844,0
2026-05-13 00:00:00+00:00,94.28395080566406,95.86444854736328,90.41958618164062,91.0854721069336,4567512131,87.9180809020996,85.64224914550782,55.594806659000625,2.3743259668187164,1.554885710380563,0.8194402564381535,97.10463381780355,87.9180809020996,78.73152798639566,-0.033927411251840844,-0.06435202089298808,-0.009400228857388115,1.036026619010952,1.063557683453381,1.026573703742006,0.029547075047076873,0.020508337638437825,1.125009843148033,0.672392802496108,0.08564879963735184,0.011673160224831003,1
2026-05-14 00:00:00+00:00,91.08574676513672,93.57910919189452,89.8965072631836,92.1487274169922,4117442304,88.2139232635498,85.65105926513672,57.565354895222995,2.2906721362361395,1.7020429955516783,0.5886291406844613,97.55168166441054,88.2139232635498,78.87616486268907,0.011673160224831003,-0.022650291134566403,-0.010701406505438493,1.0446052505984422,1.0758620874931815,1.0299221518146042,0.029184614559158484,0.02059276926769214,1.0087386543614152,0.7106931869794199,0.09583638863469646,-0.03199579603378622,0
2026-05-15 00:00:00+00:00,92.14762878417967,92.56310272216795,88.7619400024414,89.20035552978516,3954608210,88.36638221740722,85.70618774414062,50.829420510894764,1.9638291026265904,1.7544002169666608,0.20942888565992956,97.66180810254274,88.36638221740722,79.0709563322717,-0.03199579603378622,-0.020696127862578684,-0.07494407335841047,1.00943767631367,1.0407691425510104,1.031038534594586,0.027968018564812475,0.022065391259408495,0.9516828906722536,0.5448593384898888,0.03337803005454565,-0.029863914211050613,0
2026-05-16 00:00:00+00:00,89.20050811767578,89.34794616699219,85.6948013305664,86.53648376464844,3093543960,88.34468727111816,85.77654083251953,45.63378270638379,1.4728730910113086,1.6980947917755904,-0.22522170076428183,97.655843868255,88.34468727111816,79.03353067398132,-0.029863914211050613,-0.060904190536969605,-0.11108012858115657,0.979532402430487,1.0088595660859385,1.0299399627645627,0.028317652875240025,0.023090129209000106,0.7433233180506021,0.4029012406994776,-0.029261710640908323,-0.01575674167358021,0
2026-05-17 00:00:00+00:00,86.53648376464844,87.17208099365234,83.80232238769531,85.1729507446289,2900109291,88.3624454498291,85.83968780517579,43.19966743370456,0.9626642017839657,1.5510086737772657,-0.5883444719933,97.64659558583811,88.3624454498291,79.07829531382008,-0.01575674167358021,-0.04515009790304536,-0.09663691570283306,0.9639044088360916,0.9922327646151262,1.0293891754403748,0.020065256252904767,0.022666340312558843,0.7127627655622034,0.3282290431285906,-0.03655723393150068,0.0014552406893393321,1
2026-05-18 00:00:00+00:00,85.17218780517578,85.66810607910156,83.51810455322266,85.2968978881836,3814216398,88.42534141540527,85.917177734375,43.49471990040333,0.5618448817693746,1.3531759153756875,-0.7913310336063129,97.60259539986279,88.42534141540527,79.24808743094775,0.0014552406893393321,-0.01432443083585555,-0.06355101516029105,0.9646205094925803,0.9927804909035876,1.0291928080876285,0.018413008430096776,0.02255287857320498,0.9314240487564228,0.3295544869674541,-0.0723538499310531,-0.01275890460092477,0
2026-05-19 00:00:00+00:00,85.2970199584961,85.77772521972656,83.85479736328125,84.20860290527344,2746890424,88.48442802429199,85.95246871948243,41.45835668794703,0.15459430612101244,1.1134595935247524,-0.95886528740374,97.52960154566127,88.48442802429199,79.43925450292271,-0.01275890460092477,-0.011322231188712006,-0.0861664044017455,0.9516770892405533,0.9797112771722668,1.0294576682034922,0.01756142267921711,0.022575191319943958,0.6857140304525919,0.26364051452872156,-0.09594570918656897,0.021771360801783768,1
2026-05-20 00:00:00+00:00,84.2085189819336,86.90013885498047,83.86244201660156,86.04193878173828,3466596442,88.6353370666504,86.01117828369141,46.04145358809645,-0.01998940039396757,0.8867697947410085,-0.906759195134976,97.39305119090591,88.6353370666504,79.87762294239488,0.021771360801783768,0.008734677485356723,-0.035408118378992715,0.9707408086803802,1.0003576337246005,1.0305095085932168,0.020409853152337006,0.02304683114961851,0.8641820921276481,0.35193634730954554,-0.10769856311612469,0.012950259578890622,1
2026-05-21 00:00:00+00:00,86.04206085205078,87.78675842285156,85.3567886352539,87.15620422363281,3835849177,88.80697212219238,86.1303971862793,48.671618663563564,-0.06765643548514788,0.6958845486957773,-0.7635409841809252,97.28959762900062,88.80697212219238,80.32434661538413,0.012950259578890622,0.03500356515444314,0.007161377860808615,0.9814117308685154,1.0119099304178865,1.031075845733351,0.020618876593975998,0.023134823089159182,0.9524132503984375,0.40269711322074514,-0.10471423749394493,-0.032689737807362174,0
2026-05-22 00:00:00+00:00,87.15680694580078,87.66146087646484,84.03662109375,84.30709075927734,3382830764,88.80849609375,86.23751266479492,42.91184147032528,-0.3315110961976444,0.490405419717093,-0.8219165159147375,97.28770485124596,88.80849609375,80.32928733625403,-0.032689737807362174,-0.02016281881864268,-0.010165903350556005,0.9493133480188565,0.9776150558397815,1.0298128198449843,0.020756130607347413,0.024381812353547003,0.8307502931391529,0.23456218243870788,-0.10582041750825821,0.016029430515862142,1
2026-05-23 00:00:00+00:00,84.30712127685547,87.14362335205078,81.69161987304688,85.65848541259766,4032785357,88.89644165039063,86.34331146240234,46.166035136207555,-0.4266533669047021,0.306993662392734,-0.7336470292974362,97.19585223155181,88.89644165039063,80.59703106922944,0.016029430515862142,-0.01718430517226499,0.00423916383088252,0.9635760872124993,0.9920685686221,1.0295695189904783,0.019869894145159342,0.024600565203653228,0.974459058275157,0.3049285424471707,-0.05958125449429186,-0.0047723303349324064,0
2026-05-24 00:00:00+00:00,85.65848541259766,86.76220703125,83.82029724121094,85.24969482421875,3092213910,88.95443344116211,86.43213775634766,45.32438298623879,-0.5289429607834251,0.1398063377575022,-0.6687492985409272,97.12767979409844,88.95443344116211,80.78118708822578,-0.0047723303349324064,0.011180602443427112,0.012363248920260972,0.9583524005085838,0.9863194066139818,1.029182382274575,0.018948977165336098,0.02463671597108831,0.7683771470819903,0.27336186522675965,-0.07486845218766713,-0.0028057478498006994,0
2026-05-25 00:00:00+00:00,85.24903106689453,86.36697387695312,84.72305297851562,85.01050567626953,2786627394,88.8889991760254,86.49525802612305,44.80962084911097,-0.6221371562708669,-0.01258236104817162,-0.6095547952226952,97.1713039818876,88.8889991760254,80.60669437016318,-0.0028057478498006994,-0.007564688229157346,-0.011987562345441516,0.9563670022645283,0.9828342919168459,1.0276748252393142,0.018973491020237127,0.023898387524245782,0.706893466244844,0.2658566310545184,-0.046971223697831355,-0.01675073369999558,0
2026-05-26 00:00:00+00:00,85.00969696044922,85.98423767089844,83.1919174194336,83.58651733398438,3652722719,88.6110740661621,86.5639569091797,41.76824190059549,-0.8016571811083395,-0.1703973250602052,-0.6312598560481343,97.22366755282336,88.6110740661621,79.99848057950085,-0.01675073369999558,-0.019509483214735,-0.04095734688593178,0.9432965147400639,0.965604165041587,1.0236486088445584,0.019463152209039894,0.02281416540056649,0.9511725472976864,0.2083017595130023,-0.03408928006234957,-0.014576410853304744,0
2026-05-27 00:00:00+00:00,83.5865707397461,84.56281280517578,82.0627212524414,82.36812591552734,3313099113,88.30924110412597,86.4983592224121,39.30977212438124,-1.0303646962726276,-0.3423907993026897,-0.6879738969699379,97.36403832000774,88.30924110412597,79.25444388824421,-0.014576410853304744,-0.031082978976794906,-0.02299883469216535,0.9327237431290637,0.9522507323374222,1.0209354477702586,0.017115001652202658,0.022934199447573494,0.8796610238402851,0.17193549193028065,-0.03293093411206538,-0.004646191167133162,0
2026-05-28 00:00:00+00:00,82.36811065673828,82.8121337890625,80.04185485839844,81.98542785644531,3669754717,87.81102142333984,86.4864338684082,38.54239042812607,-1.2283380681797098,-0.5195802530780937,-0.7087578151016161,97.11548279260205,87.81102142333984,78.50656005407762,-0.004646191167133162,-0.019154877229082712,-0.04288025335096757,0.9336576038808483,0.947957086323951,1.0153155529218263,0.015016287043318755,0.02053684707878945,0.9866411191929016,0.18694622204893632,-0.03882286593914952,-0.000645729003757145,0
2026-05-29 00:00:00+00:00,81.9854507446289,83.04985046386719,80.35662078857422,81.93248748779297,3340907091,87.25037002563477,86.45912902832032,38.43062596066177,-1.3736704195301286,-0.6903982863685008,-0.6832721331616278,96.55272390454043,87.25037002563477,77.9480161467291,-0.000645729003757145,-0.005288919990496632,-0.03891166230290588,0.9390503153593576,0.9476441459519606,1.0091516188771144,0.010718420081759491,0.02011134835806721,0.9030709012907678,0.21416468309699496,-0.02702948794959681,0.00750382598841326,1
2026-05-30 00:00:00+00:00,81.93290710449219,82.98881530761719,81.82415008544922,82.54729461669922,2257737109,86.55638542175294,86.41350540161133,40.58536728272567,-1.4228359902818823,-0.8368858271511772,-0.5859501631307051,95.00825315341557,86.55638542175294,78.1045176900903,0.00750382598841326,0.006853251546576233,-0.028975372396330967,0.953682321812318,0.9552591835391506,1.0016534454825963,0.008263119535883651,0.017944086667261848,0.6312150505324988,0.262828114900879,-0.04061559065868903,-0.00301636681223838,0
2026-05-31 00:00:00+00:00,82.54814910888672,83.21792602539062,81.3418197631836,82.29830169677734,2207975455,85.80379295349121,86.36049606323242,39.9751931953217,-1.4650040522574272,-0.9625094721724272,-0.502494580085,92.75641177967718,85.80379295349121,78.85117412730524,-0.00301636681223838,0.00446482488449873,-0.015411763503194509,0.9591452646083609,0.9529623548771562,0.993553729597227,0.008306291698992526,0.017526382687017252,0.6452277534603109,0.2479013775707814,-0.05573788544520186,-0.01471817519657681,0
2026-06-01 00:00:00+00:00,82.29805755615234,82.88072204589844,79.1003189086914,81.08702087402344,3764320653,85.14392929077148,86.35153182983399,37.056482815260225,-1.5779728951957708,-1.085602156777096,-0.49237073841867485,91.1479709677506,85.14392929077148,79.13988761379237,-0.01471817519657681,-0.017690146593615563,-0.015553407671527464,0.9523523467786709,0.9390339598585825,0.9860152736903124,0.008977156409728163,0.01673742458370302,1.1071898883737854,0.16215187743423146,-0.0381945321117555,-0.08563837204247782,0
2026-06-02 00:00:00+00:00,81.08702087402344,81.14237976074219,72.87040710449219,74.14286041259766,4479904038,84.29679870605469,86.10125778198243,25.542539361483705,-2.2024487731079745,-1.3089714800432717,-0.8934772930647028,91.44337586327642,84.29679870605469,77.15022154883296,-0.08563837204247782,-0.09909610667578383,-0.09565806569406232,0.8795453866657013,0.8611123962943177,0.9790425933091846,0.03145590630725786,0.02362970741248995,1.3193624395736776,-0.21040569982486776,-0.13443647695300498,-0.034129778876488936,0
2026-06-03 00:00:00+00:00,74.14256286621094,75.54337310791016,70.97111511230469,71.61238098144531,4320073081,83.26998138427734,85.8580128479004,22.76650972450237,-2.8684729765429893,-1.6208717793432152,-1.247601197199774,91.48747269488142,83.26998138427734,75.05249007367327,-0.034129778876488936,-0.11684533221781446,-0.12595866209829454,0.8600023656900545,0.8340791803358928,0.9698568441339562,0.03211439864625366,0.023642012012390922,1.2685061491137914,-0.20931625980478652,-0.15996906347750572,-0.040404403061543026,0
2026-06-04 00:00:00+00:00,71.61207580566406,71.96021270751953,67.52440643310547,68.71892547607422,5532042136,82.2459098815918,85.53400466918946,20.07926882183486,-3.588414623804667,-2.014380348235506,-1.574034275569161,92.26004166491118,82.2459098815918,72.23177809827241,-0.040404403061543026,-0.07315518859590497,-0.16752056145311323,0.8355300047748007,0.8034105937381386,0.9615580399828739,0.03223366736461153,0.02408225218449106,1.587609792252672,-0.1753947670256138,-0.19164196319729765,-0.07613598653599529,0
2026-06-05 00:00:00+00:00,68.71894073486328,68.92997741699219,61.588035583496094,63.486942291259766,6580342268,81.09343280792237,85.02385932922363,16.326600882106334,-4.528944035988559,-2.5172930857861164,-2.0116509502024424,93.93472509186265,81.09343280792237,68.25214052398209,-0.07613598653599529,-0.11346416051004982,-0.22857530492946,0.7828863582780461,0.7466956074697801,0.953772663905056,0.03541873545785608,0.027762237327167132,1.798472877948518,-0.1855420049383127,-0.24046431989041106,-0.020431574860865553,0
2026-06-06 00:00:00+00:00,63.4875602722168,64.79163360595703,60.41471862792969,62.18980407714844,3098233389,79.94427547454833,84.49017219543457,15.550631014339373,-5.317689569326845,-3.0773723824942625,-2.2403171868325824,95.14512518615555,79.94427547454833,64.74342576294111,-0.020431574860865553,-0.09501198328834493,-0.23304860128273375,0.7779144123577385,0.7360596204407885,0.9461961479925606,0.03111488194483889,0.027788728218599113,0.8444915170054423,-0.08399601779638532,-0.24497730905123172,0.06626209524762916,1
2026-06-07 00:00:00+00:00,62.189266204833984,67.44498443603516,62.002479553222656,66.31063079833984,2721563824,78.99496212005616,84.09233055114746,27.361894833458507,-5.5463252251597766,-3.5711629510273655,-1.975162274132411,95.13099231951294,78.99496212005616,62.858931920599375,0.06626209524762916,0.0444766814272739,-0.10563700362613782,0.8394286042894896,0.788545523280601,0.9393836703337538,0.04989597117298861,0.03310540867883385,0.7530356556313097,0.10695625984440306,-0.19119003788760724,0.007303830297002767,1
2026-06-08 00:00:00+00:00,66.3108139038086,67.96731567382812,65.0238265991211,66.79495239257812,2829739169,78.12427959442138,83.7566106414795,28.625402258598328,-5.623614398421154,-3.981653240506123,-1.6419611579150306,94.94069332589746,78.12427959442138,61.30786586294531,0.007303830297002767,0.07404989264344453,-0.06727088979369888,0.8549832745894242,0.7974887221558449,0.9327535939680351,0.051633617001857236,0.03338336672730173,0.7820705428492926,0.1631467510626946,-0.1847562006154173,-0.027440597020107926,0
2026-06-09 00:00:00+00:00,66.79525756835938,67.38933563232422,63.63323211669922,64.9620590209961,2794618813,77.07028560638427,83.34919273376465,26.730411945029132,-5.766295536476676,-4.338581699700234,-1.4277138367764417,94.4308432503777,77.07028560638427,59.70972796239084,-0.027440597020107926,-0.020337188186988486,-0.05467004073551973,0.842893710719749,0.7793963791406949,0.9246674512201148,0.04467883960379097,0.03264807138541345,0.7796034627764613,0.15127195699334292,-0.2130322462699541,-0.027725498951402416,0
2026-06-10 00:00:00+00:00,64.96215057373047,65.40795135498047,62.37593078613281,63.16095352172852,2771122697,75.87052307128906,82.89182250976563,24.980398470263907,-5.956047914820999,-4.662074942724388,-1.2939729720966113,93.60869321366621,75.87052307128906,58.1323529289119,-0.027725498951402416,-0.054405291727603555,-0.005134737282443069,0.832483433156004,0.7619684500758493,0.9152956319949488,0.04435439776326391,0.03218133732983899,0.78470255947207,0.1417451899619315,-0.23253636807183597,0.05796386057721481,1
2026-06-11 00:00:00+00:00,63.16065216064453,67.20780944824219,63.15878677368164,66.82200622558594,2584434257,74.99626884460449,82.48994613647461,34.384052781377875,-5.7447893298563315,-4.878617820150777,-0.8661715097055547,92.70720096483427,74.99626884460449,57.2853367243747,0.05796386057721481,0.028631284670159518,0.07448491303640559,0.891004409353271,0.8100624300933956,0.9091564773303126,0.05079588880562662,0.03580833309834768,0.7402051321043586,0.2692311572443513,-0.1759222930461286,-0.0010884291294828152,0
2026-06-12 00:00:00+00:00,66.82258605957031,68.68759155273438,65.94096374511719,66.74927520751953,2496073408,74.05080833435059,82.10211044311524,34.292089550445596,-5.519607564389517,-5.006815768998525,-0.5127917953909922,91.3799346164132,74.05080833435059,56.72168205228799,-0.0010884291294828152,0.05681234189342255,0.006614993763423449,0.9013983332381257,0.8130031596906029,0.9019355036635384,0.03940062168596604,0.03533120949400231,0.730984124827578,0.28932771889403086,-0.09972079798288813,0.031813263312066464,1
2026-06-13 00:00:00+00:00,66.75007629394531,69.4537582397461,66.64533233642578,68.87278747558594,1473600629,73.23196296691894,81.75492858886719,39.38923160049995,-5.1108846035154585,-5.027629535901911,-0.08325506761354706,89.86677187860218,73.23196296691894,56.597154055235706,0.031813263312066464,0.03069020770009101,0.031107666202015105,0.9404744142485683,0.8424297918714658,0.8957498248844554,0.03807995870683311,0.03663691244729245,0.44202565184029136,0.3689742841508869,-0.038255863976498716,0.033299015186610825,1
2026-06-14 00:00:00+00:00,68.87287139892578,71.18206024169922,66.97917938232422,71.16618347167969,1618939393,72.53974685668945,81.45522872924805,44.40517266505735,-4.549467393985395,-4.931997107518608,0.38252971353321286,88.23658015758016,72.53974685668945,56.84291355579874,0.033299015186610825,0.06617162883684125,0.09550381475252179,0.9810646790962285,0.8736846557540402,0.8905474576445781,0.03233160818567867,0.03787678906530155,0.49427827632920207,0.4562471181709045,0.03561257657408401,0.03952928710381998,1
2026-06-15 00:00:00+00:00,71.16622924804688,75.93878936767578,70.76821899414062,73.97933197021484,2855926507,72.05938758850098,81.19540771484375,49.88388301847886,-3.8333541171885486,-4.7122685094525965,0.8789143922640479,86.89733042542478,72.05938758850098,57.22144475157718,0.03952928710381998,0.07414458862201667,0.17128269674973473,1.0266439175514204,0.9111270458795947,0.8874810733332574,0.03403519845842622,0.039269970094272064,0.8826791876094775,0.5646971215219988,0.1652684678184535,-0.007644623347581203,0
2026-06-16 00:00:00+00:00,73.979248046875,75.4468002319336,72.47508239746094,73.41378784179688,2180655774,71.61167068481446,80.96732772827148,48.84181921649387,-3.2737263907150833,-4.424560085705094,1.1508336949900109,85.65923579981036,71.61167068481446,57.56410556981855,-0.007644623347581203,0.031582477245131635,0.09864686782910392,1.0251651321600093,0.9067087910839234,0.8844514533707366,0.030545920268577866,0.03921476815858066,0.6859784814770221,0.5641433993090604,0.18047948423707405,-0.020197886368728546,0
2026-06-17 00:00:00+00:00,73.41378784179688,74.37615966796875,71.05014038085938,71.93098449707031,2589799897,71.1089485168457,80.72516784667968,46.121385517977544,-2.916250502707342,-4.122898169105544,1.2066476663982018,84.28603739570651,71.1089485168457,57.931859637984886,-0.020197886368728546,-0.027688104482603726,0.07762944651370596,1.0115602325357107,0.8910602035995508,0.8808770599511425,0.02874649502006433,0.03936130567214498,0.8287623602967533,0.5311918659645437,0.08475795858167556,-0.032037503057337546,0
2026-06-18 00:00:00+00:00,71.93000793457031,72.54530334472656,68.30553436279297,69.62649536132812,2261568852,70.49364891052247,80.45716033935547,42.188459532718895,-2.7867770684846107,-3.855673948981358,1.0688968804967471,82.65265023870042,70.49364891052247,58.334647582344516,-0.032037503057337546,-0.051588299579776176,0.010943478743463908,0.9876988414900324,0.8653859403893286,0.8761637698023582,0.028591888253441205,0.039769692349731406,0.7364434307440688,0.46434108666536816,0.042391571029319675,0.001351620256837327,1
2026-06-19 00:00:00+00:00,69.62493896484375,69.98245239257812,67.91853332519531,69.7206039428711,1724372055,69.85231437683106,80.19109725952148,42.404453478175355,-2.646072387662983,-3.613753636717683,0.9676812490547002,80.60628316390432,69.85231437683106,59.0983455897578,0.001351620256837327,-0.03072918533861091,-0.020312730826486658,0.9981144442366013,0.8694307264213526,0.8710731834828105,0.028502400692855794,0.03967245519504039,0.5664329080140008,0.4938761941489784,0.07325114064406435,0.04951261263025919,1
2026-06-20 00:00:00+00:00,69.72179412841797,74.11849975585938,69.47498321533203,73.17265319824219,2008492615,69.39603195190429,79.98008026123047,49.81177671814962,-2.230301857956462,-3.337063280965439,1.1067614230089768,78.58739447266449,69.39603195190429,60.2046694311441,0.04951261263025919,0.050931155137296624,-0.010904109978952414,1.0544212851961814,0.9148859685967567,0.8676664455104743,0.03171695499166544,0.04168348927653331,0.6619314036298265,0.7054440371494314,0.15851090140793178,-0.010311143308345039,0
2026-06-21 00:00:00+00:00,73.17269134521484,74.50792694091797,72.38007354736328,72.41815948486328,1920143205,68.96258888244628,79.74291122436523,48.34819824732441,-1.9393267037498845,-3.0575159655223283,1.1181892617724438,76.50170810578025,68.96258888244628,61.423469659112314,-0.010311143308345039,0.03869093767751286,-0.013561871498568134,1.0501079013768952,0.9081454184824909,0.8648115277408501,0.030432168592878762,0.04164119423169529,0.6526476858827414,0.7291760151319683,0.08374716018530126,-0.007042356647334214,0
2026-06-22 00:00:00+00:00,72.41764831542969,74.89154052734375,71.63517761230469,71.90816497802734,2409081243,68.85085411071778,79.50308303833008,47.33576149058193,-1.729937450102014,-2.7920002624382656,1.0620628123362517,76.12841191213798,68.85085411071778,61.57329630929757,-0.007042356647334214,-0.01728088520706017,-0.0003172418562392698,1.0444048357394835,0.9044701441748987,0.8660148950138621,0.02582860978631733,0.037069132979307966,0.8487040020553296,0.7100506069984729,0.07728757734775593,-0.03149128602450446,0
2026-06-23 00:00:00+00:00,71.90752410888672,71.9219970703125,68.33940124511719,69.64368438720703,2072312842,68.75241928100586,79.21415954589844,43.027324560018435,-1.726813979986332,-2.578963005947879,0.852149025961547,75.92520831137493,68.75241928100586,61.57963025063678,-0.03149128602450446,-0.03831186980437096,0.00024687478221774306,1.0129633999140943,0.8791822672416784,0.8679309314791023,0.027913745269391447,0.03694906497372629,0.7601600970313117,0.5621282113852522,0.01119305519461311,-0.023852646982686965,0
2026-06-24 00:00:00+00:00,69.6436767578125,70.22642517089844,64.83097839355469,67.98249816894531,3271251788,68.71559791564941,78.84742568969726,40.14095167118351,-1.8372043045150264,-2.430611265661309,0.5934069611462824,75.89666699274024,68.71559791564941,61.534528838558586,-0.023852646982686965,-0.054592782478618096,-0.02492958574125348,0.9893313924503138,0.8622031420085838,0.8715008424761832,0.028230340253906173,0.036191637377349956,1.2518597541566439,0.4489560858672947,-0.04473592860296227,-0.006007562676461187,0
2026-06-25 00:00:00+00:00,67.98225402832031,69.4368896484375,64.41836547851562,67.57408905029297,3473874338,68.91995525360107,78.41600708007813,39.44044592074684,-1.9353352941150206,-2.3315560713520513,0.39622077723703075,75.69569823631431,68.91995525360107,62.14421227088784,-0.006007562676461187,-0.029716913387400123,-0.07651170079594316,0.9804720389275385,0.8617384583390807,0.878901614860602,0.02612550190510073,0.03151347823543876,1.4134136790373217,0.40068497235345407,-0.08658151877473996,0.06306102773704758,1
2026-06-26 00:00:00+00:00,67.57408905029297,73.7033462524414,65.920654296875,71.83538055419922,4463148306,69.40223407745361,78.0846189880371,49.36871401056749,-1.6502313592265807,-2.195291128926957,0.5450597697003765,75.50018376124443,69.40223407745361,63.30428439366279,0.06306102773704758,0.056674621984014184,-0.008047414278539833,1.0350586189203965,0.9199683815477758,0.8888080005626502,0.036553563131571244,0.03362361313393958,1.7668585642789953,0.6995052930014529,-0.021500147778766632,-0.019832603463589726,0
2026-06-27 00:00:00+00:00,71.83490753173828,73.01641082763672,70.38837432861328,70.41069793701172,1872823921,69.6072374343872,77.65383651733399,46.617039378776916,-1.5217031704802224,-2.06057353723761,0.5388703667573878,75.54103297371746,69.6072374343872,63.67344189505693,-0.019832603463589726,0.04197775991634245,-0.020824714988530113,1.0115427724506647,0.9067252964545358,0.8963786022194716,0.031471898460712674,0.03116098524063075,0.7540766170270704,0.5677020717430387,-0.02113535037353076,0.012814026764487174,1
2026-06-28 00:00:00+00:00,70.41077423095703,72.04798889160156,69.83883666992188,71.31294250488281,1793569190,69.83313694000245,77.21718505859376,48.57199011591836,-1.3316891747891617,-1.9147966647479207,0.5831074899587589,75.65915907369155,69.83313694000245,64.00711480631334,0.012814026764487174,-0.007272712210694476,0.023968549802664052,1.0211905927432667,0.9235371951304532,0.9043729952990625,0.032038430693779874,0.031221077920266408,0.7375508704211718,0.6269996518141732,0.02422134181539426,0.05095671077646302,1
2026-06-29 00:00:00+00:00,71.31309509277344,75.92020416259766,70.50906372070312,74.94681549072266,4009589866,70.33237476348877,76.78758163452149,55.62117795390333,-0.8777602599238747,-1.7073893837831116,0.8296291238592368,76.1119135572296,70.33237476348877,64.55283596974795,0.05095671077646302,0.06442369819666993,0.1024427979164595,1.0656090561814693,0.9760278145942901,0.9159342339786537,0.03748306046870262,0.032012529324524405,1.6086367366857135,0.8992049272366914,0.07495935566097378,-0.018993571389379404,0
2026-06-30 00:00:00+00:00,74.94664764404297,75.05793762207031,71.91878509521484,73.52330780029297,2808926983,70.85049247741699,76.31104476928711,52.58070908667737,-0.6256711508195423,-1.4910457371903978,0.8653745863708555,75.70735800081032,70.85049247741699,65.99362695402367,-0.018993571389379404,0.030995289463182862,0.08803994006596527,1.0377247246902048,0.9634687616003376,0.9284434866751055,0.035622143747660436,0.031560984626383265,1.12608003578976,0.775158464857863,0.004792153717602332,0.05250576251755379,1
2026-07-01 00:00:00+00:00,73.52627563476562,78.61175537109375,72.5937271118164,77.38370513916016,3886778163,71.3785774230957,75.97303298950196,59.108811840744174,-0.11308335852540097,-1.2154532614573985,1.1023699029319975,76.66859025541248,71.3785774230957,66.08856459077893,0.05250576251755379,0.03251491917944338,0.07723665611786901,1.0841306724350799,1.0185680641426165,0.9395251790587178,0.03582374819939624,0.031127656259132736,1.5185417576220104,1.067591034881714,0.06856768647005951,0.042131309021332,1
2026-07-02 00:00:00+00:00,77.38359069824219,82.5986557006836,76.9002685546875,80.64398193359375,4145904986,72.07331275939941,75.76420318603516,63.65906138630279,0.5498845234094603,-0.8623857044840268,1.412270227893487,78.35929144011897,72.07331275939941,65.78733407867986,0.042131309021332,0.09684920804491348,0.1453370623557313,1.1189159877083157,1.064407444972087,0.9512845080997823,0.034780242623787774,0.031965804505138286,1.569207158493338,1.1817290997567667,0.12148574446637284,0.02028766240990687,1
2026-07-03 00:00:00+00:00,80.64398193359375,82.95433807373047,80.34859466552734,82.28005981445312,2166541336,72.74367637634278,75.56682983398437,65.72051674896058,1.1935506490576557,-0.45119843377569036,1.644749082833346,80.3197583196245,72.74367637634278,65.16759443306105,0.02028766240990687,0.06327371720555108,0.15378859607173534,1.1310957036151628,1.0888383169601967,0.9626403084019286,0.030723473129545275,0.03165381237164681,0.8094121217128786,1.1293743592997283,0.18144323549842656,-0.007661935357526128,0
2026-07-04 00:00:00+00:00,82.28022003173828,83.80886840820312,81.36467742919922,81.6496353149414,2119524835,73.26784896850586,75.4158154296875,64.2090866042902,1.6339554808829746,-0.03416765084395734,1.668123131726932,81.77751302617088,73.26784896850586,64.75818491084084,-0.007661935357526128,0.012470284294440637,0.08943435128405763,1.114399241474094,1.0826593182044937,0.9715183552820661,0.0283473424317386,0.03134991370354131,0.7845110815246679,0.99248632435059,0.20103905437589953,-0.002775187135914403,0
2026-07-05 00:00:00+00:00,81.64923858642578,82.21096801757812,79.73486328125,81.42304229736328,1773256119,73.64003448486328,75.3135466003418,63.64254375284406,1.9423056299890789,0.3611270053226499,1.581178624666429,82.89887203012768,73.64003448486328,64.38119693959888,-0.002775187135914403,-0.01041585918900001,0.1074453086159819,1.1056898990738495,1.0811208072492202,0.977779401037118,0.029741696203727182,0.030479828953867368,0.6697646804526965,0.9203015645565984,0.2049447272128675,0.006044162442874201,1
2026-07-06 00:00:00+00:00,81.42499542236328,83.05941772460938,79.2204818725586,81.91517639160156,2786913228,74.06510391235352,75.24839111328124,64.37770031581975,2.2010145277751008,0.7291045098131401,1.4719100179619606,84.03360114318289,74.06510391235352,64.09660668152415,0.006044162442874201,0.003252201625101092,0.05855846840484569,1.105988813416607,1.088597047454263,0.9842749169328237,0.026489467934676034,0.03032862227132763,1.0407109289185925,0.8937440266808863,0.14031798480968893,-0.015460771966582909,0
2026-07-07 00:00:00+00:00,81.9156723022461,82.6734390258789,80.46250915527344,80.6487045288086,2279589175,74.50098991394043,75.15542724609375,60.9615339643642,2.277594803051045,1.0388025684607212,1.2387922345903237,84.83235605599546,74.50098991394043,64.1696237718854,-0.015460771966582909,-0.00951005694096696,5.856103706203264e-05,1.0825185627998994,1.0730922234628153,0.9912922145993477,0.025801331361658516,0.030131749002148833,0.8562213042216297,0.7975267031648009,0.14540413448188838,-0.035483261558481916,0
2026-07-08 00:00:00+00:00,80.6482162475586,80.68988037109375,76.25662994384766,77.78702545166016,2467047352,74.90901641845703,75.02699569702149,53.990019934601754,2.0833560062662,1.2477132560218172,0.8356427502443831,85.07302899182118,74.90901641845703,64.74500384509288,-0.035483261558481916,-0.05039543490947851,-0.05460660058980338,1.0384200617069377,1.03678715546314,0.99842750895903,0.025101486235791642,0.030370554831630484,0.9230691707341245,0.6415783880839173,0.09078412304097627,0.0033223806778954756,1
2026-07-09 00:00:00+00:00,77.7870101928711,78.58692932128906,76.84323120117188,78.04546356201172,1792200591,75.32525939941407,74.86706619262695,54.496124111283734,1.9280488095395611,1.383780366725366,0.5442684428141951,85.27419726754023,75.32525939941407,65.3763215312879,0.0033223806778954756,-0.03227876978317701,-0.04414192101443648,1.0361127752401582,1.0424538790021103,1.0061200903159238,0.017700582308172345,0.030357915983112126,0.669719023498323,0.6367082696994464,0.041344626199262935,0.00027097899961625593,1
2026-07-10 00:00:00+00:00,78.04427337646484,79.552490234375,77.29653930664062,78.06661224365234,2145859531,75.56995735168456,74.68527435302734,54.540192471939584,1.7860843900180612,1.4642411713839052,0.321843218634156,85.53669405613876,75.56995735168456,65.60322064723037,0.00027097899961625593,0.00359425997290419,-0.04122211549714627,1.0330376644299128,1.0452744924607476,1.0118454810044004,0.01431585103272214,0.02859626534725076,0.7998233456545559,0.6252493652637583,0.0617940701974411,-0.01591521475962454,0
2026-07-11 00:00:00+00:00,78.06732940673828,78.716552734375,76.8143539428711,76.82416534423828,1454994477,75.79025764465332,74.53561584472656,51.39137174638204,1.5553918939722564,1.4824713159015754,0.07292057807068097,85.6579487419373,75.79025764465332,65.92256654736934,-0.01591521475962454,-0.015648548448982447,-0.06214979044939517,1.0136416965942046,1.030704106668673,1.016832782364614,0.014677101138304685,0.028766944487464658,0.5470604505278698,0.5523885318962576,-0.00723071858494817,0.0006466062803336392,1
2026-07-12 00:00:00+00:00,76.82418823242188,77.6579360961914,75.7974853515625,76.87384033203125,1385994112,76.03854141235351,74.35992294311524,51.51190614253926,1.3608873232307275,1.4581545173674058,-0.09726719413667828,85.74349855525382,76.03854141235351,66.3335842694532,0.0006466062803336392,-0.015278899357107467,-0.04680625955286011,1.010985204399805,1.0338074232653407,1.0225742362659844,0.01495662536467996,0.028672056960017345,0.5313365631809726,0.5430346526717434,-0.04675043953889857,-0.02617862153344852,0
2026-07-13 00:00:00+00:00,76.87406158447266,78.02100372314453,74.16178131103516,74.86138916015625,1940829057,76.29942665100097,74.15215682983398,46.48309909041426,1.0324515994149266,1.3730139337769098,-0.34056233436198324,85.55048276526708,76.29942665100097,67.04837053673486,-0.02617862153344852,-0.025548942514209028,-0.03761085186786073,0.981152709083616,1.0095645542981282,1.0289576178626145,0.014842523945269616,0.028351407038539,0.7459187640583292,0.4222771177105328,-0.09016365169187357,0.03875234503220071,1
2026-07-14 00:00:00+00:00,74.86170196533203,77.81726837158203,74.55088806152344,77.76244354248047,2122308075,76.78842391967774,74.00719558715821,53.52643698410307,0.9947874747940375,1.2973686419803354,-0.3025811671862979,85.18267557201105,76.78842391967774,68.39417226734443,0.03875234503220071,0.01155924052462054,-0.003626348113191402,1.012684459103127,1.0507416599903412,1.037580512414419,0.024290181925222976,0.028570306245724764,0.8340820143480471,0.5580170611475523,-0.04760819515564452,-0.006408941338019947,0
2026-07-15 00:00:00+00:00,77.76290893554688,78.8773422241211,77.05978393554688,77.26406860351562,2085836919,77.27292289733887,73.88074661254883,52.2541263207217,0.9141855304608981,1.220732019676448,-0.30654648921554983,84.45959073520041,77.27292289733887,70.08625505947734,-0.006408941338019947,0.03209504218815851,-0.01028024166889574,0.9998854153111949,1.0457943665446408,1.0459142122991738,0.020365922974722415,0.02858015529634813,0.8427345349336118,0.4993839778028559,-0.051078583856628224,-0.025782954266726055,0
2026-07-16 00:00:00+00:00,77.26362609863281,77.43384552001953,75.03547668457031,75.27197265625,1794252183,77.4447525024414,73.73882354736328,47.40374153371486,0.6817041534326904,1.1129264464276964,-0.43122229299500603,84.23755598966086,77.4447525024414,70.65194901522194,-0.025782954266726055,-0.032026654163329615,-0.020204484891350627,0.9719441308031437,1.0207916133609314,1.050257500415609,0.022269209752673602,0.02623317090178146,0.7662383961336109,0.3400675177576202,-0.08109857083861038,-0.0034591358160835917,0
2026-07-17 00:00:00+00:00,75.27239227294922,75.63973236083984,73.40169525146484,75.0115966796875,1654645230,77.6747974395752,73.59934692382812,46.79236892383752,0.4710211829477089,0.984545393731699,-0.5135242107839901,83.7369190317546,77.6747974395752,71.6126758473958,-0.0034591358160835917,-0.02915290334226117,-0.024224673104666028,0.9657134508530973,1.019188346294988,1.0553734603102523,0.02216799133776363,0.02574517254957106,0.7099263320392539,0.28034086586753426,-0.069897066320606,0.005989877867191851,1
2026-07-18 00:00:00+00:00,75.00988006591797,75.55998992919922,74.53146362304688,75.46090698242188,889545169,77.88219566345215,73.4699153137207,48.037775739407884,0.33643083212548675,0.8549224814104566,-0.5184916492849698,83.27472643779473,77.88219566345215,72.48966488910958,0.005989877867191851,0.0025100222500438196,0.0080083715917032,0.9689108831562319,1.0270994142323362,1.0600556068547344,0.021994498191028226,0.025660044397430512,0.38920792440868796,0.27549607203442755,-0.029903681953796002,0.011851908619838314,1
2026-07-19 00:00:00+00:00,75.46100616455078,76.58616638183594,75.43280792236328,76.35526275634766,1306988109,77.9526180267334,73.34607467651367,50.52040610136352,0.2984932021121125,0.7436366255507878,-0.4451434234386753,83.21905544999647,77.9526180267334,72.68618060347033,0.011851908619838314,0.017912777972155958,-0.018095892078855425,0.9795086385701895,1.0410272546023185,1.0628055880363945,0.02264691264452308,0.02319627215477107,0.6077892788177985,0.34834574665884566,-0.021656618187950172,0.018815378080636602,1
2026-07-20 00:00:00+00:00,76.35409545898438,78.19161224365234,75.55673217773438,77.79191589355469,2188464392,78.16604843139649,73.25594696044922,54.29776348921252,0.37997316444734963,0.6709039333301002,-0.2909307688827506,83.00533851032998,78.16604843139649,73.326758352463,0.018815378080636602,0.030890284842134186,0.006831730448311424,0.995213618375884,1.0619194634881237,1.067026660287365,0.020510527542998296,0.023005166717418632,1.0325996031829643,0.46134427449694687,-0.0035187430606096193,0.004070969765431531,1
2026-07-21 00:00:00+00:00,77.7923812866211,78.7259521484375,77.56338500976562,78.10860443115234,1592514558,78.2022933959961,73.1963786315918,55.111276141258614,0.46474346654746057,0.6296718399735723,-0.16492837342611177,83.02775056136579,78.2022933959961,73.3768362306264,0.004070969765431531,0.02296294468135951,0.03768509944407317,0.9988019665309643,1.0671102299238668,1.0683901971380279,0.014497448496655418,0.019862387586692037,0.7944061253672097,0.49029221878539125,0.01671920653037584,-0.0025904850539434365,0
2026-07-22 00:00:00+00:00,78.10875701904297,78.70796966552734,76.99382019042969,77.90626525878906,1695110149,78.06540756225586,73.27164672851562,54.44444975093231,0.5097217069610309,0.6056818133710641,-0.09596010641003316,82.75256718187948,78.06540756225586,73.37824794263223,-0.0025904850539434365,0.0014699389251557893,0.03858961423607998,0.9979614235237306,1.0632525504366719,1.065424499759122,0.014254064691053633,0.017298967983511097,0.9006383714476679,0.48302358823022407,0.013430120341309859,-0.02626827259524467,0
2026-07-23 00:00:00+00:00,77.90589141845703,78.45469665527344,75.46961212158203,75.85980224609375,1579075500,77.7443946838379,73.3565951538086,48.104747455570305,0.3759016640277508,0.5597257835024014,-0.1838241194746506,82.08260620025865,77.7443946838379,73.40618316741714,-0.02626827259524467,-0.02879071008163725,0.005286118065938261,0.9757591213436262,1.0341238178658185,1.0598146563486117,0.014407934199756832,0.017333381080556945,0.8522885891354748,0.2827915454778205,0.013336822855391173,-0.026099315545178303,0
2026-07-24 00:00:00+00:00,75.85990905761719,76.27669525146484,73.46923065185547,73.87991333007812,1659258809,77.35590858459473,73.45981491088867,42.90005888742945,0.10883326485054567,0.4695472797720303,-0.36071401492148464,81.61242702295218,77.35590858459473,73.09939014623728,-0.026099315545178303,-0.051682004205132914,-0.03241884497429415,0.9550649030162275,1.0057187513976051,1.0530370744662543,0.0177760013466378,0.01802006273012856,0.906830547495386,0.09168563406271052,-0.04992808913317359,0.007426276293456491,1
2026-07-25 00:00:00+00:00,73.88034057617188,74.64422607421875,73.61634063720703,74.4285659790039,879280475,77.00618476867676,73.67864738464355,44.68606405306821,-0.0578814606856497,0.3640615316804943,-0.421942992366144,80.99674948061879,77.00618476867676,73.01562005673473,0.007426276293456491,-0.018866859980030348,-0.04323521121594387,0.9665271199006169,1.0101782350922561,1.0451628457110729,0.017891960475089955,0.018224592737243785,0.4925843472840699,0.1770358363116929,-0.03669885207653556,0.029203830741240333,1
2026-07-26 00:00:00+00:00,74.42887878417969,76.9161605834961,74.42886352539062,76.60216522216797,1070329957,76.74053421020508,73.96689460754395,51.19854542795255,-0.014446260888277607,0.28835997316673995,-0.30280623405501755,79.99453613743997,76.74053421020508,73.4865322829702,0.029203830741240333,0.0368469827506086,-0.019286469396751382,0.9981969243573664,1.0356277038343482,1.03749839191408,0.021029911952380555,0.019601721976472315,0.629899986634406,0.47873864380979403,0.01767181753018021,-0.032118145902369055,0
2026-07-27 00:00:00+00:00,76.6031265258789,77.37088775634766,73.82536315917969,74.141845703125,1866082368,76.41519126892089,74.12351890563964,44.772807862208204,-0.17651600888078178,0.1953847767572356,-0.3719007856380174,79.30466168863389,76.41519126892089,73.5257208492079,-0.032118145902369055,-0.003852288057784037,-0.048319856473152845,0.9702500834186816,1.0002472467275696,1.0309169396854807,0.022460454766965107,0.020485622414353664,1.1117355199503016,0.10661553233313575,-0.011594886858314557,-0.005971236643232292,0
2026-07-28 00:00:00+00:00,74.14334869384766,74.42768096923828,72.3792724609375,73.69912719726562,1901784233,76.21079635620117,74.2616024017334,43.70973177171649,-0.3367987291841672,0.08894807556895502,-0.4257468047531222,79.26530005832528,76.21079635620117,73.15629265407706,-0.005971236643232292,-0.0378975974958764,-0.028482476685330216,0.9670431319573637,0.9924257599314252,1.0262476689355988,0.02197896282263076,0.019115382983970076,1.1524095388328637,0.08885805946332188,-0.0233469203539608,-0.0013829347160403405,0
2026-07-29 00:00:00+00:00,73.70181274414062,74.40301513671875,72.3996810913086,73.59720611572266,1911038318,75.98838348388672,74.43430534362793,43.45393201294302,-0.4666686535428255,-0.022175270253401075,-0.44449338328942445,79.12703779118755,75.98838348388672,72.8497291765859,-0.0013829347160403405,-0.007345913528820969,-0.0038265775041235184,0.9685323300939661,0.9887538518154931,1.0208785201001656,0.02203371364432576,0.019068563709693013,1.1538626148922797,0.1190760220706775,-0.036121369255529334,0.011831919301991789,1
2026-07-30 00:00:00+00:00,73.59806060791016,74.85637664794922,73.08580780029297,74.46800231933594,1435786109,75.8084529876709,74.66044631958007,46.343175498995464,-0.4936352087658804,-0.11646725795589695,-0.37716795080998344,78.85676541214598,75.8084529876709,72.76014056319583,0.011831919301991789,0.010432621813991405,0.0005298548993024621,0.982317926095221,0.9974224102623176,1.015376370282825,0.021434028874412456,0.019338515770966805,0.8859016927039496,0.28013233525992726,-0.042728264705126584,-0.02253748974199521,0
2026-07-31 00:00:00+00:00,74.46890258789062,75.11493682861328,72.65089416503906,72.78968048095703,1582701858,75.60672874450684,74.7797998046875,41.899577360926095,-0.6430206028567227,-0.2217779269360621,-0.42124267592066056,78.89644008929562,75.60672874450684,72.31701739971805,-0.02253748974199521,-0.010972232199900178,-0.04976993444184841,0.9627407730723374,0.9733869396691576,1.0110581860606627,0.020812132688200723,0.01964041665925752,0.9727185428544111,0.07183959802244054,-0.06809651752110868,-0.012685876250656536,0
2026-08-01 00:00:00+00:00,72.78939819335938,73.11865234375,70.6942138671875,71.86627960205078,1163302717,75.35635070800781,74.88213989257812,39.647101472362074,-0.8263941799875596,-0.34270117754636165,-0.48369300244119795,78.98480719486994,75.35635070800781,71.72789422114568,-0.012685876250656536,-0.03493745818678429,-0.03069206167574956,0.9536857733533246,0.9597252389574639,1.0063327626068106,0.020692251142903496,0.01975355887543879,0.7198848275706059,0.019069455759793453,-0.077528882133865,0.02202065319363533,1
2026-08-02 00:00:00+00:00,71.86648559570312,74.09449005126953,71.86648559570312,73.44882202148438,1052914463,75.28572235107421,74.9736605834961,45.09480776149831,-0.8344026393804143,-0.4410414699131722,-0.39336116946724203,79.00851048918544,75.28572235107421,71.56293421296299,0.02202065319363533,0.009055425661605776,-0.0033963112631072434,0.9756009470026208,0.9796616765121992,1.0041622853299337,0.01881758187255275,0.019739823042885206,0.6699800241295703,0.2532897036518176,-0.0317820525920699,0.00033873185276034334,1
2026-08-03 00:00:00+00:00,73.45074462890625,74.11248779296875,71.959716796875,73.47370147705078,1450637712,75.07128524780273,75.01981094360352,45.1785869161547,-0.8291835254762958,-0.518669881025797,-0.3105136444504988,78.6858923412135,75.07128524780273,71.45667815439197,0.00033873185276034334,0.022366844143051123,-0.0016781158577905408,0.9787191099036271,0.9793906509879766,1.0006861428141682,0.014840312833758248,0.017425343206357913,0.9432112943186464,0.27901003767957777,-0.005498271921523301,0.003321687852304356,1
2026-08-04 00:00:00+00:00,73.47379302978516,74.34225463867188,73.00811004638672,73.71775817871094,1454644591,74.8939697265625,75.01457946777344,46.048272874256625,-0.7961761805417495,-0.5741711409289876,-0.22200503961276197,78.4020205240392,74.8939697265625,71.3859189290858,0.003321687852304356,0.003661544866545352,-0.010074718231432911,0.9842949765896252,0.9827124100639713,0.9983921826654676,0.014757578833117627,0.017451800070122297,0.9656315449449552,0.3323553996570402,-0.00955020147094443,0.0033047915752033585,1
2026-08-05 00:00:00+00:00,73.71784973144531,74.64229583740234,73.28363037109375,73.96138000488281,1749454360,74.82844009399415,75.02553131103515,46.952929518762616,-0.7418082725304345,-0.607698567249277,-0.1341097052811575,78.35567105231067,74.82844009399415,71.30120913567762,0.0033047915752033585,0.006637456913537454,0.016097055464233234,0.9884126932484201,0.9858161443503723,0.9973730113789675,0.01478384425348427,0.01657305189322613,1.1630634231290293,0.3770905422188225,-0.0344740283727768,-0.018724058118479547,0
2026-08-06 00:00:00+00:00,73.96202850341797,74.21630859375,72.30938720703125,72.57652282714844,1489469428,74.7066864013672,75.03844207763672,42.58196209590663,-0.8012316149330729,-0.6464051767860362,-0.15482643814703678,78.37267682305846,74.7066864013672,71.04069597967593,-0.018724058118479547,-0.015481145652799788,0.009882843929455154,0.9714863062889137,0.9671912264924009,0.9955788570886602,0.015478092394668682,0.017049197788870533,0.9956884463370121,0.2094695663121742,-0.021112542601709028,0.014689758482037352,1
2026-08-07 00:00:00+00:00,72.57699584960938,74.23199462890625,72.46678161621094,73.64265441894531,1652529951,74.61577377319335,75.11876525878907,46.69597270907631,-0.7536099856757517,-0.6678461385639792,-0.08576384711177243,78.29317476251289,74.61577377319335,70.93837278387382,0.014689758482037352,-0.004309351528006378,0.0026390130178566285,0.9869582622408233,0.9803496392045522,0.9933040501416274,0.014217345811849972,0.017358797143525763,1.0772205124164749,0.36768925158361554,-0.0007662611548866494,0.031633599206007945,1
2026-08-08 00:00:00+00:00,73.6425552368164,76.61744689941406,73.56792449951172,75.97223663330078,1505941284,74.59662246704102,75.24379791259766,54.38659475016693,-0.5218758261588903,-0.6386520760829615,0.11677624992407121,78.23970978673853,74.59662246704102,70.9535351473435,0.031633599206007945,0.04678804762029909,0.034005842989010215,1.0184407030876974,1.0096810466897121,0.991398952956782,0.016414584865770434,0.01864969935486314,0.9753404264716362,0.6887978581822715,0.0322706613868422,0.003157614713964474,1
2026-08-09 00:00:00+00:00,75.97233581542969,77.61698150634766,75.73880767822266,76.21212768554688,1166793770,74.51763305664062,75.30458740234376,55.10491959908119,-0.3152338129547161,-0.5739684234573125,0.2587346105025964,77.93022815746654,74.51763305664062,71.1050379558147,0.003157614713964474,0.034891100638280825,0.03383675207253245,1.0227395122389122,1.0120515935948793,0.98954971572318,0.015252456963108538,0.018136057074824418,0.7815448763844858,0.7482706824047408,0.02342113809810198,-0.003502355926495615,0
2026-08-10 00:00:00+00:00,76.21320343017578,77.01038360595703,75.58626556396484,75.94520568847656,1496390290,74.40946311950684,75.37512832641602,54.08432144283137,-0.17103531447894227,-0.4933818016616385,0.3223464871826962,77.46082860438582,74.40946311950684,71.35809763462785,-0.003502355926495615,-0.00035580030313819844,0.02682245360298552,1.0206390760608395,1.007563202540655,0.9871885431129575,0.015530974399375157,0.018106526572457714,1.00555327380817,0.7516484138953663,0.04335127159055285,0.0032899383080058353,1
2026-08-11 00:00:00+00:00,75.9465103149414,76.54029083251953,74.66185760498047,76.19506072998047,1440764130,74.3239028930664,75.46086624145508,54.92587192950667,-0.036178706214371914,-0.4019411825721852,0.3657624763578133,77.03996704854647,74.3239028930664,71.60783873758633,0.0032899383080058353,-0.00022394015342053208,0.049858242884549764,1.0251757209199064,1.0097294733693642,0.98493307319385,0.015531496384469233,0.018131299374573643,0.9765184530047105,0.8444612737034805,0.060233828047029814,-0.008787589594873912,0
2026-08-12 00:00:00+00:00,76.19635772705078,76.99951171875,75.36260223388672,75.5254898071289,1317223755,74.30718727111817,75.57850234985352,52.16653754516595,0.01647740848012802,-0.3182574643617226,0.3347348728418506,76.98732895662353,74.30718727111817,71.6270455856128,-0.008787589594873912,-0.005526561914511285,0.025567185254789182,1.0163954871763026,0.9992985764327637,0.9831788797183301,0.01637947456229671,0.01724650140367513,0.9007788799793877,0.727283233308059,0.02827367040736317,0.008630630297546071,1
2026-08-13 00:00:00+00:00,75.52593231201172,76.50263977050781,75.07923889160156,76.17732238769531,1229603276,74.42205772399902,75.74239883422851,54.559807544870274,0.10954246307537119,-0.23269747887430384,0.342239941949675,77.21946047892354,74.42205772399902,71.6246549690745,0.008630630297546071,-0.00023280173432782547,0.0026994829095847717,1.0235852745459666,1.0057421412598602,0.9825680050995055,0.013270768120888485,0.016205785536661698,0.8533971108183491,0.8137311316016874,0.03679712409057001,-0.01115835666399656,0
2026-08-14 00:00:00+00:00,76.17520904541016,76.2370834350586,74.66978454589844,75.32730865478516,1141924174,74.46699485778808,75.89746322631837,50.977884517938456,0.11340096917196263,-0.16347778926505058,0.2768787584370132,77.29356038742864,74.46699485778808,71.64042932814752,-0.01115835666399656,-0.002624030017545742,-0.011609950510927947,1.0115529544147719,0.99248783098543,0.9811526194984307,0.014333242049845596,0.016389343660251788,0.7853858356115714,0.6521835931230785,0.021833958544591914,-0.0007302522226355634,0
2026-08-15 00:00:00+00:00,75.32775115966797,75.64248657226562,74.99343872070312,75.27230072021484,674624941,74.40050163269044,75.96620162963868,50.74570346517795,0.11074359917738263,-0.10863351157656392,0.21937711075394656,77.07400252540452,74.40050163269044,71.72700073997635,-0.0007302522226355634,-0.011880460471877297,-0.008860400892479525,1.0117176506662335,0.9908656626955388,0.9793895184521458,0.0070472389263327466,0.014956142184434954,0.4703905124621759,0.663044472867068,0.01772439501866363,-0.009741750810934091,0
2026-08-16 00:00:00+00:00,75.27239990234375,75.59960174560547,74.20420837402344,74.53901672363281,754939968,74.42036018371581,76.04876800537109,47.63133984956825,0.04890398934971074,-0.077126011391309,0.12603000074101972,77.09167090715131,74.42036018371581,71.74904946028032,-0.009741750810934091,-0.010464889098387609,-0.021734269787071048,1.0015944096430611,0.9801475905351729,0.9785873214732386,0.007366618405114045,0.013224262878045312,0.5476041764843703,0.522209423051392,0.027040340595516632,0.018849888914795887,1
2026-08-17 00:00:00+00:00,74.53902435302734,76.1190414428711,74.39868927001953,75.9440689086914,1367560466,74.53260726928711,76.14139053344726,53.5178894773622,0.11198077716062471,-0.03930465368092226,0.15128543084154697,77.26429472747724,74.53260726928711,71.80091981109699,0.018849888914795887,0.008924507183240005,0.005542222932038321,1.0189375052224414,0.9974084840929037,0.9788711073847088,0.011088865776699111,0.013753910987970517,1.011574854525747,0.7583497674985586,0.03125110722725433,0.014314946915057858,1
2026-08-18 00:00:00+00:00,75.94358825683594,77.28145599365234,75.18598937988281,77.03120422363281,1532779241,74.70430717468261,76.18307830810546,57.498665529206285,0.2468468237638035,0.017925641808022898,0.22892118195578062,77.61430616277337,74.70430717468261,71.79430818659185,0.014314946915057858,0.03343467098902364,0.011209134282664568,1.0311480975723284,1.0111327335986253,0.9805892441436628,0.012338266170031925,0.014020599359496844,1.1498724816832882,0.8998106285385459,0.013938876058676719,0.10831035372778697,1
2026-08-19 00:00:00+00:00,77.03154754638672,86.89724731445312,76.6189956665039,85.37448120117188,4534447560,75.24963111877442,76.42010177612305,75.11361646715638,1.015258592686635,0.21739223198374535,0.7978663607028897,80.8329268200355,75.24963111877442,69.66633541751334,0.10831035372778697,0.12417575760680899,0.1333802139730167,1.1345501623312457,1.1171730895004717,0.9846837333352736,0.04128722248161205,0.02753205770353705,3.0474822444247582,1.4067091037387285,0.12022172577872503,0.02650041053764518,1
2026-08-20 00:00:00+00:00,85.37183380126953,87.89700317382812,84.08366394042969,87.6369400024414,4371687960,75.99199409484864,76.62516647338867,77.80051062000547,1.7862017508592203,0.5311541357588404,1.2550476151003798,83.73041043209436,75.99199409484864,68.25357775760291,0.02650041053764518,0.13768103310469604,0.1642654623801869,1.1532391148080448,1.1437096196440504,0.9917367568948782,0.041138025921251986,0.026921178096031197,2.6863322569193726,1.2524114366620824,0.1539496036382304,0.0686544991972926,1
2026-08-21 00:00:00+00:00,87.63804626464844,94.74337768554688,87.60498809814453,93.6536102294922,7161166024,77.0813606262207,76.88535903930664,83.04355732701069,2.8498237675300118,0.9948880621130747,1.854935705416937,87.89676329588875,77.0813606262207,66.26595795655265,0.0686544991972926,0.09697428214892256,0.25643742493585986,1.2149968483772993,1.218094204146371,1.0025492706200911,0.041824498875828946,0.029399075330466335,3.715695226391836,1.2661411280482702,0.2291296749717311,0.0027646426183951522,1
2026-08-22 00:00:00+00:00,93.6584701538086,101.75000762939452,91.28316497802734,93.91252899169922,8719705613,78.10454597473145,77.11800842285156,83.22714341684038,3.6713237243851324,1.5301751945674864,2.141148529817646,91.12094184983388,78.10454597473145,65.08815009962902,0.0027646426183951522,0.07160894697011311,0.23660122957872498,1.2023951720055066,1.2177768968923621,1.0127925704002954,0.04138290528904096,0.029428177126977265,3.7737605719881753,1.1072334910773973,0.24345474927108324,0.016288574584604865,1
2026-08-23 00:00:00+00:00,93.91322326660156,96.62347412109376,91.81587982177734,95.44223022460938,4711237515,79.20297241210938,77.39386032104493,84.30810019797184,4.395138048485123,2.1031677653510137,2.291970283134109,94.14000466235171,79.20297241210938,64.26594016186704,0.016288574584604865,0.019098249290489422,0.23900737612158673,1.2050334389977664,1.233201572175057,1.0233753954585014,0.03794931876098538,0.029289759130333368,1.9045734652551856,1.0435905051432333,0.2528955761777454,0.032684045249629756,1
2026-08-24 00:00:00+00:00,95.44103240966795,98.65320587158205,93.33456420898438,98.5616683959961,5841862285,80.44516792297364,77.73663284301757,86.25365310288213,5.160986070514724,2.7147314263837563,2.446254644130968,97.45047031820957,80.44516792297364,63.439865527737716,0.032684045249629756,0.049504996343009866,0.15446286770107132,1.225203091009382,1.2678921737584503,1.0348424543345698,0.03722874051420387,0.02948514262321537,2.169272480071306,1.0326721057926564,0.30844537201894284,-0.019867052929189666,0
2026-08-25 00:00:00+00:00,98.558837890625,102.58708953857422,96.05950927734376,96.6035385131836,6535134478,81.57727584838867,78.03040008544922,79.58343555774235,5.545990700307684,3.2809832811685418,2.265007419139142,99.74043426632642,81.57727584838867,63.414117430450915,-0.019867052929189666,0.012167656663525594,0.1023152852038467,1.1841966712975465,1.238024390588737,1.0454550503272488,0.042760819008356314,0.030410507770896864,2.2286799825152634,0.9136467435629241,0.28338761521660394,0.057595159192226575,1
2026-08-26 00:00:00+00:00,96.60279846191406,102.28263854980467,95.2346420288086,102.1674346923828,3573894029,83.05682144165038,78.4607746887207,83.49026759548586,6.228273900904298,3.8704414051156935,2.357832495788605,102.87805684139515,83.05682144165038,63.23558604190562,0.057595159192226575,0.03658386018689974,0.09090759493444,1.2300908332274445,1.302146647133094,1.0585776366746784,0.030549376920529104,0.03089077029758394,1.176974025684226,0.982074221543691,0.3706571294223997,0.06891442123947766,1
2026-08-27 00:00:00+00:00,102.163818359375,110.03900146484376,100.63220977783205,109.20824432373048,7155838121,84.83510093688965,79.08919906616211,86.90511956305261,7.253508813263807,4.547054886745316,2.70645392651849,107.3047826830707,84.83510093688965,62.365419190708586,0.06891442123947766,0.13047871749363216,0.16287193515343645,1.2873002226398298,1.380823748542102,1.0726509047831019,0.034525927009641126,0.032927103775421525,2.1607905610344345,1.0423562216448237,0.4380088648533311,-0.046528457903487586,0
2026-08-28 00:00:00+00:00,109.20793151855467,109.91187286376952,102.58251190185548,104.126953125,6006683790,86.2428367614746,79.61082885742188,74.86939269262713,7.568749303524086,5.151393770101071,2.4173555334230157,109.87244411985043,86.2428367614746,62.61322940309879,-0.046528457903487586,0.019179481588405656,0.09099455115363919,1.2073692962232705,1.3079496171492575,1.0833053492751628,0.04119053075991123,0.03601600222231334,1.6983802961400163,0.8784260164015407,0.3517502961878187,0.014646257713878175,1
2026-08-29 00:00:00+00:00,104.12696075439452,105.76616668701172,103.14342498779295,105.65202331542967,2051847724,87.71483154296875,80.16253707885743,75.94613615145248,7.851137061186506,5.6913424283181575,2.1597946328683486,112.35954127297678,87.71483154296875,63.07012181296072,0.014646257713878175,-0.032563667975093136,0.07193825992216674,1.2044943991447337,1.3179725488415837,1.094212268465031,0.04079819037927926,0.03588367753803617,0.5729872491126777,0.8639156632187909,0.2375129175482411,-0.035733623184596164,0
2026-08-30 00:00:00+00:00,105.6521453857422,107.3084716796875,100.69129943847656,101.87669372558594,2856461629,89.01140594482422,80.66358764648437,68.16053789012629,7.681743490237196,6.089422640701965,1.5923208495352306,113.77717307819827,89.01140594482422,64.24563881145016,-0.035733623184596164,-0.021610729324930134,0.05458552857960486,1.1445352721283446,1.2629824273632604,1.103489300958506,0.04555402548363632,0.037541071669135805,0.7828132734423087,0.7597393351773991,0.16248574770807656,0.010995731204742176,1
2026-08-31 00:00:00+00:00,101.875732421875,104.82479095458984,100.98350524902344,102.99690246582033,3072699027,90.35149803161622,81.18604888916016,69.17044702964643,7.55084787415332,6.381707687392237,1.1691401867610827,115.09778441052246,90.35149803161622,65.60521165270997,0.010995731204742176,-0.025130809295363377,0.008118709997319451,1.1399578834849995,1.2686527288258305,1.112894386016608,0.04449877220395684,0.03744918890237605,0.8236548990410554,0.7555010525737522,0.09976435733158584,-0.029224422796724103,0
2026-09-01 00:00:00+00:00,102.99818420410156,104.29521942138672,98.51537322998048,99.98687744140624,3212628309,91.57456741333007,81.68855865478515,63.355365430814906,7.122128824001521,6.529791914714094,0.5923369092874271,115.64425053982015,91.57456741333007,67.50488428684,-0.029224422796724103,-0.018550035489668493,-0.08443837678581267,1.091862951316018,1.2240009995028747,1.1210207270313468,0.045573090618784264,0.038422437518506394,0.8398289853734198,0.674749081320849,0.06468091653930341,0.003987950078898406,1
2026-09-02 00:00:00+00:00,99.98672485351562,100.5806884765625,97.4508819580078,100.3856201171875,2681164773,92.78498229980468,82.1410221862793,63.78965084094374,6.736882501591637,6.571210032089604,0.16567246950203351,116.01458332960921,92.78498229980468,69.55538127000015,0.003987950078898406,-0.02535301825702363,-0.03593049537636228,1.0819166812235175,1.222113110420432,1.1295815395307234,0.03952308995725337,0.03847571268996826,0.6878459890828613,0.6635981136230211,0.051794576477776966,0.03578934200270201,1
2026-09-03 00:00:00+00:00,100.38726043701172,105.50759887695312,99.4423828125,103.97835540771484,4006843685,94.21753463745117,82.67530792236329,67.52422858421801,6.644877713744577,6.585943568420599,0.05893414532397845,116.42538217149773,94.21753463745117,72.0096871034046,0.03578934200270201,0.03992001819086388,-0.015841323764505755,1.1035987707365014,1.2576712203522278,1.1396091167380553,0.03061831141797718,0.038254521163907894,0.9915082132681504,0.719760621899522,0.05495733889117882,-0.01951242276289855,0
2026-09-04 00:00:00+00:00,103.9779052734375,104.58451080322266,100.56633758544922,101.9494857788086,3323635657,95.55139389038087,83.20885818481446,63.538917663703,6.33522193846737,6.535799242429953,-0.2005773039625831,116.1115644180088,95.55139389038087,74.99122336275293,-0.01951242276289855,0.015578582468240842,0.0007145113426896277,1.066959691825823,1.2252239485412657,1.148331992227949,0.026115268181457683,0.03893519828849908,0.7963453571614262,0.6555943293327803,0.05533904190161132,0.01214468039186345,1
2026-09-05 00:00:00+00:00,101.94972229003906,104.2466049194336,101.6900405883789,103.18762969970705,2183017785,96.98382453918457,83.77237884521485,64.9003831176953,6.119187191544455,6.452476832252854,-0.33328964070839895,115.24322938023599,96.98382453918457,78.72441969813315,0.01214468039186345,-0.007604714509161448,0.0018517764060914654,1.0639674212684398,1.231761961664781,1.157706464542213,0.02585379800873775,0.03847897607003802,0.5142544599513494,0.6698797199176741,0.009985520439032003,0.031592954947386565,1
2026-09-06 00:00:00+00:00,103.18824005126952,107.116455078125,103.17562103271484,106.4476318359375,3636915298,98.50900268554688,84.39211334228516,68.26087924718033,6.140252022440393,6.390031870290363,-0.24977984784996998,114.29738497964001,98.50900268554688,82.72062039145374,0.031592954947386565,0.04412132167972049,0.06461602322082083,1.0805878542464968,1.2613457303077313,1.1672773531100609,0.02414807157649709,0.03861510913117168,0.8344453091216268,0.7514073007137875,-0.025278425680112404,-0.02425040337423845,0
2026-09-07 00:00:00+00:00,106.44831848144533,106.84940338134766,103.1121063232422,103.8662338256836,3048619480,99.85075416564942,84.94233276367187,63.108468975677226,5.880857937310807,6.2881970836944525,-0.4073391463836451,112.1234880135969,99.85075416564942,87.57802031770194,-0.02425040337423845,0.006576409671889882,0.03467243320739488,1.040214815537323,1.2227852761550846,1.175512267169022,0.02661277656732964,0.03974037201997179,0.687512569303791,0.6635935281325168,-0.0025038598700128922,-0.005209654358340421,0
2026-09-08 00:00:00+00:00,103.8661880493164,104.650146484375,101.84962463378906,103.32512664794922,2815722796,100.74828643798828,85.45299697875977,62.051161071685,5.567445384215517,6.1440467437986666,-0.5766013595831492,111.02695605385863,100.74828643798828,90.46961682211794,-0.005209654358340421,-0.029333721512948663,-0.006282353257119899,1.0255770127817212,1.2091457327544843,1.178990673235607,0.023337707821914782,0.033437088280694756,0.6475399572090088,0.6253489170418648,-0.022024156229676572,-0.01661806725540238,0
2026-09-09 00:00:00+00:00,103.3249053955078,104.9839324951172,100.69060516357422,101.60806274414062,2975874780,101.44684257507325,85.92298614501954,58.69090416962765,5.121473808874484,5.93953215681383,-0.8180583479393464,109.6663915382851,101.44684257507325,93.2272936118614,-0.01661806725540238,-0.021741147227238522,-0.003348943175728425,1.0015892083476927,1.1825480852428483,1.1806717518389407,0.024734780280562217,0.0337137041861632,0.6955338658025445,0.5098071177499488,-0.0026368246909238557,-0.028719687952490025,0
2026-09-10 00:00:00+00:00,101.60813903808594,102.10133361816406,98.68991088867188,98.68991088867188,2724393615,101.69865760803222,86.33865905761719,53.39844747775066,4.48091446298443,5.64780861804795,-1.1668941550635203,109.18918025466006,101.69865760803222,94.20813496140438,-0.028719687952490025,-0.04486048950194388,-0.04358777136488423,0.9704150793124853,1.143055868203978,1.1779040665915914,0.021898158989825903,0.03144110441391804,0.6715772814707247,0.29916309840443145,-0.041816709765400306,0.037555378677751605,1
2026-09-11 00:00:00+00:00,98.6902847290039,105.48805236816406,98.62586975097656,102.39624786376952,4430290675,102.12284355163574,86.8693879699707,58.51522935271371,4.223649384155465,5.362976771269453,-1.1393273871139886,108.65659115454703,102.12284355163574,95.58909594872445,0.037555378677751605,0.007757111968698993,-0.038059878855850715,1.002677210138548,1.1787379910995366,1.175590687791399,0.02666517993003958,0.03237100997807794,1.1530494364837305,0.520922472733103,0.024096866349038626,-0.00596366323005959,0
2026-09-12 00:00:00+00:00,102.3957061767578,102.50067138671876,101.27464294433594,101.78559112548828,1515467936,102.44001159667968,87.42750152587891,57.39702081436672,3.9252423104048546,5.075429879096534,-1.1501875686916794,108.17536929498849,102.44001159667968,96.70465389837088,-0.00596366323005959,0.031367747816780644,-0.020031945162151676,0.9936116712504101,1.164228524766424,1.1717138178351922,0.026271097257981924,0.03233871346364181,0.4115379763313659,0.4429485913856453,0.013945931764594244,-0.024952626221203977,0
2026-09-13 00:00:00+00:00,101.78558349609376,102.26318359375,99.23538970947266,99.24577331542967,1810208961,102.47421684265137,87.92384567260743,52.87152830119801,3.444108939451354,4.749165691167499,-1.3050567517161449,108.11963920611377,102.47421684265137,96.82879447918897,-0.024952626221203977,-0.030767480391774793,-0.03948074843807137,0.96849506513254,1.1287697046939973,1.16548833889982,0.02280770957815614,0.03218896441811686,0.5200454067179858,0.21406536841986978,-0.04551506968664776,0.032739760378379,1
2026-09-14 00:00:00+00:00,99.25003814697266,104.66559600830078,99.07793426513672,102.49505615234376,3056074624,102.76879272460937,88.44170349121094,57.48941446006644,3.287105539632492,4.456753660860498,-1.1696481212280059,107.6931968535221,102.76879272460937,97.84438859569664,0.032739760378379,0.006970191153881533,0.008729557322991965,0.9973363842757291,1.1588996152989002,1.1619947227138405,0.026617033432745265,0.03255580656500025,0.9241469537815031,0.47220612229422726,0.005351379355839514,-0.05470204772405296,0
2026-09-15 00:00:00+00:00,102.49525451660156,102.74225616455078,96.3935317993164,96.88836669921876,3727168281,102.50483932495118,88.89663391113281,48.6340925840798,2.679380007449538,4.101278930178306,-1.4218989227287677,108.08696666761979,102.50483932495118,96.92271198228256,-0.05470204772405296,-0.02375321928036611,-0.018254593334118607,0.9452077320181187,1.0898991608172144,1.1530789729048916,0.033436788923520235,0.03241178418101355,1.1244775210321547,-0.0030763614797240353,-0.06104668765839638,0.018098088784372468,1
2026-09-16 00:00:00+00:00,96.88912200927734,98.7246322631836,96.22552490234376,98.64186096191406,3172832119,101.97652015686035,89.39548858642578,51.167516184790465,2.312587409088735,3.743540625960392,-1.4309532168716568,106.84132896079737,101.97652015686035,97.11171135292332,0.018098088784372468,-0.03759396145607741,-0.03666527807591524,0.9672997353722513,1.1034322035898834,1.1407345244080351,0.03461457001526074,0.028275358907132172,1.0184259049296758,0.15726718876931103,-0.0733296808899806,0.030023081112763084,1
2026-09-17 00:00:00+00:00,98.63709259033205,101.83881378173828,98.4560317993164,101.6033935546875,2985379034,101.85034217834473,89.95561233520507,55.18753878962567,2.2351076324849686,3.4418540272653075,-1.206746394780339,106.61007848650175,101.85034217834473,97.09060587018772,0.030023081112763084,0.04866453028469464,-0.001790013387810041,0.9975753775748263,1.129483652182577,1.1322288797147628,0.034660412173577744,0.02748440142148312,1.0070897961876508,0.47405858143506574,-0.021786101099937505,0.10822302618537005,1
2026-09-18 00:00:00+00:00,101.60353088378906,114.05921173095705,100.9478530883789,112.5992202758789,6481095369,102.19770202636718,90.71823669433594,66.28529342879875,3.0260927581185513,3.358701773435956,-0.33260901531740483,108.78771200627108,102.19770202636718,95.60769204646328,0.10822302618537005,0.14149529599156518,0.13454927614910517,1.1017783966104062,1.2411971878958392,1.1265397757973394,0.05185596955763221,0.036688121699132555,2.0343540515543292,1.289188353373587,0.08975642158686625,-0.014070096733397097,0
2026-09-19 00:00:00+00:00,112.5978546142578,113.73841857910156,110.13224029541016,111.0149383544922,2988170676,102.6546142578125,91.48274185180664,63.832464843626084,3.4849435977707657,3.3839501383029185,0.10099345946784721,110.32889576622607,102.6546142578125,94.98033274939893,-0.014070096733397097,0.09263022100476381,0.08312481130294613,1.0814412888999136,1.2135068987583022,1.1221199996836915,0.05248317707106648,0.03576733603643405,0.936023424689381,1.0446975125628375,0.0925800114311699,0.0010626797563044743,1
2026-09-20 00:00:00+00:00,111.01461029052734,111.24195098876952,107.53234100341795,111.1329116821289,3209670387,103.06141471862793,92.2680744934082,63.939473307044025,3.81413863961437,3.469987838565209,0.3441508010491612,111.62331278516885,103.06141471862793,94.49951665208701,0.0010626797563044743,-0.013022368984060506,0.1470201786673837,1.0783173507324473,1.2044568209784028,1.1169780586023914,0.050166247418786745,0.035747142262401665,1.0032544023279353,0.9713614259812094,0.12608179175978274,0.05162369074665141,1
